cod_ibge,municipio,ano,idade_mae,nascimentos
2300101,Abaiara - CE,2014,Total,125.0
2300101,Abaiara - CE,2014,Menos de 15 anos,2.0
2300101,Abaiara - CE,2014,15 a 19 anos,32.0
2300101,Abaiara - CE,2014,20 a 24 anos,35.0
2300101,Abaiara - CE,2014,25 a 29 anos,28.0
2300101,Abaiara - CE,2014,30 a 34 anos,16.0
2300101,Abaiara - CE,2014,35 a 39 anos,9.0
2300101,Abaiara - CE,2014,40 a 44 anos,3.0
2300101,Abaiara - CE,2014,45 a 49 anos,
2300101,Abaiara - CE,2014,50 anos ou mais,
2300101,Abaiara - CE,2014,Ignorada,
2300101,Abaiara - CE,2015,Total,132.0
2300101,Abaiara - CE,2015,Menos de 15 anos,3.0
2300101,Abaiara - CE,2015,15 a 19 anos,22.0
2300101,Abaiara - CE,2015,20 a 24 anos,44.0
2300101,Abaiara - CE,2015,25 a 29 anos,30.0
2300101,Abaiara - CE,2015,30 a 34 anos,25.0
2300101,Abaiara - CE,2015,35 a 39 anos,8.0
2300101,Abaiara - CE,2015,40 a 44 anos,
2300101,Abaiara - CE,2015,45 a 49 anos,
2300101,Abaiara - CE,2015,50 anos ou mais,
2300101,Abaiara - CE,2015,Ignorada,
2300101,Abaiara - CE,2016,Total,105.0
2300101,Abaiara - CE,2016,Menos de 15 anos,1.0
2300101,Abaiara - CE,2016,15 a 19 anos,19.0
2300101,Abaiara - CE,2016,20 a 24 anos,26.0
2300101,Abaiara - CE,2016,25 a 29 anos,31.0
2300101,Abaiara - CE,2016,30 a 34 anos,16.0
2300101,Abaiara - CE,2016,35 a 39 anos,9.0
2300101,Abaiara - CE,2016,40 a 44 anos,3.0
2300101,Abaiara - CE,2016,45 a 49 anos,
2300101,Abaiara - CE,2016,50 anos ou mais,
2300101,Abaiara - CE,2016,Ignorada,
2300101,Abaiara - CE,2017,Total,117.0
2300101,Abaiara - CE,2017,Menos de 15 anos,3.0
2300101,Abaiara - CE,2017,15 a 19 anos,27.0
2300101,Abaiara - CE,2017,20 a 24 anos,26.0
2300101,Abaiara - CE,2017,25 a 29 anos,32.0
2300101,Abaiara - CE,2017,30 a 34 anos,19.0
2300101,Abaiara - CE,2017,35 a 39 anos,6.0
2300101,Abaiara - CE,2017,40 a 44 anos,4.0
2300101,Abaiara - CE,2017,45 a 49 anos,
2300101,Abaiara - CE,2017,50 anos ou mais,
2300101,Abaiara - CE,2017,Ignorada,
2300101,Abaiara - CE,2018,Total,144.0
2300101,Abaiara - CE,2018,Menos de 15 anos,
2300101,Abaiara - CE,2018,15 a 19 anos,34.0
2300101,Abaiara - CE,2018,20 a 24 anos,49.0
2300101,Abaiara - CE,2018,25 a 29 anos,27.0
2300101,Abaiara - CE,2018,30 a 34 anos,19.0
2300101,Abaiara - CE,2018,35 a 39 anos,14.0
2300101,Abaiara - CE,2018,40 a 44 anos,1.0
2300101,Abaiara - CE,2018,45 a 49 anos,
2300101,Abaiara - CE,2018,50 anos ou mais,
2300101,Abaiara - CE,2018,Ignorada,
2300101,Abaiara - CE,2019,Total,137.0
2300101,Abaiara - CE,2019,Menos de 15 anos,1.0
2300101,Abaiara - CE,2019,15 a 19 anos,20.0
2300101,Abaiara - CE,2019,20 a 24 anos,40.0
2300101,Abaiara - CE,2019,25 a 29 anos,29.0
2300101,Abaiara - CE,2019,30 a 34 anos,28.0
2300101,Abaiara - CE,2019,35 a 39 anos,14.0
2300101,Abaiara - CE,2019,40 a 44 anos,4.0
2300101,Abaiara - CE,2019,45 a 49 anos,1.0
2300101,Abaiara - CE,2019,50 anos ou mais,
2300101,Abaiara - CE,2019,Ignorada,
2300150,Acarape - CE,2014,Total,243.0
2300150,Acarape - CE,2014,Menos de 15 anos,6.0
2300150,Acarape - CE,2014,15 a 19 anos,41.0
2300150,Acarape - CE,2014,20 a 24 anos,72.0
2300150,Acarape - CE,2014,25 a 29 anos,55.0
2300150,Acarape - CE,2014,30 a 34 anos,45.0
2300150,Acarape - CE,2014,35 a 39 anos,19.0
2300150,Acarape - CE,2014,40 a 44 anos,5.0
2300150,Acarape - CE,2014,45 a 49 anos,
2300150,Acarape - CE,2014,50 anos ou mais,
2300150,Acarape - CE,2014,Ignorada,
2300150,Acarape - CE,2015,Total,234.0
2300150,Acarape - CE,2015,Menos de 15 anos,1.0
2300150,Acarape - CE,2015,15 a 19 anos,57.0
2300150,Acarape - CE,2015,20 a 24 anos,63.0
2300150,Acarape - CE,2015,25 a 29 anos,59.0
2300150,Acarape - CE,2015,30 a 34 anos,31.0
2300150,Acarape - CE,2015,35 a 39 anos,19.0
2300150,Acarape - CE,2015,40 a 44 anos,3.0
2300150,Acarape - CE,2015,45 a 49 anos,1.0
2300150,Acarape - CE,2015,50 anos ou mais,
2300150,Acarape - CE,2015,Ignorada,
2300150,Acarape - CE,2016,Total,220.0
2300150,Acarape - CE,2016,Menos de 15 anos,
2300150,Acarape - CE,2016,15 a 19 anos,37.0
2300150,Acarape - CE,2016,20 a 24 anos,69.0
2300150,Acarape - CE,2016,25 a 29 anos,54.0
2300150,Acarape - CE,2016,30 a 34 anos,31.0
2300150,Acarape - CE,2016,35 a 39 anos,25.0
2300150,Acarape - CE,2016,40 a 44 anos,3.0
2300150,Acarape - CE,2016,45 a 49 anos,
2300150,Acarape - CE,2016,50 anos ou mais,
2300150,Acarape - CE,2016,Ignorada,1.0
2300150,Acarape - CE,2017,Total,204.0
2300150,Acarape - CE,2017,Menos de 15 anos,2.0
2300150,Acarape - CE,2017,15 a 19 anos,33.0
2300150,Acarape - CE,2017,20 a 24 anos,61.0
2300150,Acarape - CE,2017,25 a 29 anos,45.0
2300150,Acarape - CE,2017,30 a 34 anos,35.0
2300150,Acarape - CE,2017,35 a 39 anos,24.0
2300150,Acarape - CE,2017,40 a 44 anos,4.0
2300150,Acarape - CE,2017,45 a 49 anos,
2300150,Acarape - CE,2017,50 anos ou mais,
2300150,Acarape - CE,2017,Ignorada,
2300150,Acarape - CE,2018,Total,211.0
2300150,Acarape - CE,2018,Menos de 15 anos,2.0
2300150,Acarape - CE,2018,15 a 19 anos,31.0
2300150,Acarape - CE,2018,20 a 24 anos,74.0
2300150,Acarape - CE,2018,25 a 29 anos,46.0
2300150,Acarape - CE,2018,30 a 34 anos,37.0
2300150,Acarape - CE,2018,35 a 39 anos,13.0
2300150,Acarape - CE,2018,40 a 44 anos,8.0
2300150,Acarape - CE,2018,45 a 49 anos,
2300150,Acarape - CE,2018,50 anos ou mais,
2300150,Acarape - CE,2018,Ignorada,
2300150,Acarape - CE,2019,Total,239.0
2300150,Acarape - CE,2019,Menos de 15 anos,4.0
2300150,Acarape - CE,2019,15 a 19 anos,38.0
2300150,Acarape - CE,2019,20 a 24 anos,73.0
2300150,Acarape - CE,2019,25 a 29 anos,63.0
2300150,Acarape - CE,2019,30 a 34 anos,39.0
2300150,Acarape - CE,2019,35 a 39 anos,17.0
2300150,Acarape - CE,2019,40 a 44 anos,5.0
2300150,Acarape - CE,2019,45 a 49 anos,
2300150,Acarape - CE,2019,50 anos ou mais,
2300150,Acarape - CE,2019,Ignorada,
2300200,Acaraú - CE,2014,Total,947.0
2300200,Acaraú - CE,2014,Menos de 15 anos,8.0
2300200,Acaraú - CE,2014,15 a 19 anos,209.0
2300200,Acaraú - CE,2014,20 a 24 anos,256.0
2300200,Acaraú - CE,2014,25 a 29 anos,219.0
2300200,Acaraú - CE,2014,30 a 34 anos,158.0
2300200,Acaraú - CE,2014,35 a 39 anos,80.0
2300200,Acaraú - CE,2014,40 a 44 anos,14.0
2300200,Acaraú - CE,2014,45 a 49 anos,3.0
2300200,Acaraú - CE,2014,50 anos ou mais,
2300200,Acaraú - CE,2014,Ignorada,
2300200,Acaraú - CE,2015,Total,1029.0
2300200,Acaraú - CE,2015,Menos de 15 anos,19.0
2300200,Acaraú - CE,2015,15 a 19 anos,201.0
2300200,Acaraú - CE,2015,20 a 24 anos,246.0
2300200,Acaraú - CE,2015,25 a 29 anos,246.0
2300200,Acaraú - CE,2015,30 a 34 anos,188.0
2300200,Acaraú - CE,2015,35 a 39 anos,98.0
2300200,Acaraú - CE,2015,40 a 44 anos,28.0
2300200,Acaraú - CE,2015,45 a 49 anos,3.0
2300200,Acaraú - CE,2015,50 anos ou mais,
2300200,Acaraú - CE,2015,Ignorada,
2300200,Acaraú - CE,2016,Total,960.0
2300200,Acaraú - CE,2016,Menos de 15 anos,4.0
2300200,Acaraú - CE,2016,15 a 19 anos,170.0
2300200,Acaraú - CE,2016,20 a 24 anos,259.0
2300200,Acaraú - CE,2016,25 a 29 anos,233.0
2300200,Acaraú - CE,2016,30 a 34 anos,168.0
2300200,Acaraú - CE,2016,35 a 39 anos,101.0
2300200,Acaraú - CE,2016,40 a 44 anos,23.0
2300200,Acaraú - CE,2016,45 a 49 anos,2.0
2300200,Acaraú - CE,2016,50 anos ou mais,
2300200,Acaraú - CE,2016,Ignorada,
2300200,Acaraú - CE,2017,Total,1004.0
2300200,Acaraú - CE,2017,Menos de 15 anos,5.0
2300200,Acaraú - CE,2017,15 a 19 anos,168.0
2300200,Acaraú - CE,2017,20 a 24 anos,309.0
2300200,Acaraú - CE,2017,25 a 29 anos,218.0
2300200,Acaraú - CE,2017,30 a 34 anos,177.0
2300200,Acaraú - CE,2017,35 a 39 anos,89.0
2300200,Acaraú - CE,2017,40 a 44 anos,35.0
2300200,Acaraú - CE,2017,45 a 49 anos,3.0
2300200,Acaraú - CE,2017,50 anos ou mais,
2300200,Acaraú - CE,2017,Ignorada,
2300200,Acaraú - CE,2018,Total,1026.0
2300200,Acaraú - CE,2018,Menos de 15 anos,10.0
2300200,Acaraú - CE,2018,15 a 19 anos,155.0
2300200,Acaraú - CE,2018,20 a 24 anos,287.0
2300200,Acaraú - CE,2018,25 a 29 anos,232.0
2300200,Acaraú - CE,2018,30 a 34 anos,198.0
2300200,Acaraú - CE,2018,35 a 39 anos,104.0
2300200,Acaraú - CE,2018,40 a 44 anos,38.0
2300200,Acaraú - CE,2018,45 a 49 anos,2.0
2300200,Acaraú - CE,2018,50 anos ou mais,
2300200,Acaraú - CE,2018,Ignorada,
2300200,Acaraú - CE,2019,Total,1034.0
2300200,Acaraú - CE,2019,Menos de 15 anos,8.0
2300200,Acaraú - CE,2019,15 a 19 anos,153.0
2300200,Acaraú - CE,2019,20 a 24 anos,270.0
2300200,Acaraú - CE,2019,25 a 29 anos,240.0
2300200,Acaraú - CE,2019,30 a 34 anos,221.0
2300200,Acaraú - CE,2019,35 a 39 anos,106.0
2300200,Acaraú - CE,2019,40 a 44 anos,35.0
2300200,Acaraú - CE,2019,45 a 49 anos,
2300200,Acaraú - CE,2019,50 anos ou mais,1.0
2300200,Acaraú - CE,2019,Ignorada,
2300309,Acopiara - CE,2014,Total,578.0
2300309,Acopiara - CE,2014,Menos de 15 anos,6.0
2300309,Acopiara - CE,2014,15 a 19 anos,115.0
2300309,Acopiara - CE,2014,20 a 24 anos,153.0
2300309,Acopiara - CE,2014,25 a 29 anos,141.0
2300309,Acopiara - CE,2014,30 a 34 anos,100.0
2300309,Acopiara - CE,2014,35 a 39 anos,45.0
2300309,Acopiara - CE,2014,40 a 44 anos,14.0
2300309,Acopiara - CE,2014,45 a 49 anos,1.0
2300309,Acopiara - CE,2014,50 anos ou mais,1.0
2300309,Acopiara - CE,2014,Ignorada,2.0
2300309,Acopiara - CE,2015,Total,645.0
2300309,Acopiara - CE,2015,Menos de 15 anos,4.0
2300309,Acopiara - CE,2015,15 a 19 anos,120.0
2300309,Acopiara - CE,2015,20 a 24 anos,185.0
2300309,Acopiara - CE,2015,25 a 29 anos,169.0
2300309,Acopiara - CE,2015,30 a 34 anos,102.0
2300309,Acopiara - CE,2015,35 a 39 anos,50.0
2300309,Acopiara - CE,2015,40 a 44 anos,9.0
2300309,Acopiara - CE,2015,45 a 49 anos,1.0
2300309,Acopiara - CE,2015,50 anos ou mais,
2300309,Acopiara - CE,2015,Ignorada,5.0
2300309,Acopiara - CE,2016,Total,570.0
2300309,Acopiara - CE,2016,Menos de 15 anos,1.0
2300309,Acopiara - CE,2016,15 a 19 anos,112.0
2300309,Acopiara - CE,2016,20 a 24 anos,153.0
2300309,Acopiara - CE,2016,25 a 29 anos,138.0
2300309,Acopiara - CE,2016,30 a 34 anos,107.0
2300309,Acopiara - CE,2016,35 a 39 anos,42.0
2300309,Acopiara - CE,2016,40 a 44 anos,14.0
2300309,Acopiara - CE,2016,45 a 49 anos,1.0
2300309,Acopiara - CE,2016,50 anos ou mais,
2300309,Acopiara - CE,2016,Ignorada,2.0
2300309,Acopiara - CE,2017,Total,565.0
2300309,Acopiara - CE,2017,Menos de 15 anos,5.0
2300309,Acopiara - CE,2017,15 a 19 anos,103.0
2300309,Acopiara - CE,2017,20 a 24 anos,175.0
2300309,Acopiara - CE,2017,25 a 29 anos,114.0
2300309,Acopiara - CE,2017,30 a 34 anos,95.0
2300309,Acopiara - CE,2017,35 a 39 anos,53.0
2300309,Acopiara - CE,2017,40 a 44 anos,16.0
2300309,Acopiara - CE,2017,45 a 49 anos,
2300309,Acopiara - CE,2017,50 anos ou mais,1.0
2300309,Acopiara - CE,2017,Ignorada,3.0
2300309,Acopiara - CE,2018,Total,587.0
2300309,Acopiara - CE,2018,Menos de 15 anos,2.0
2300309,Acopiara - CE,2018,15 a 19 anos,101.0
2300309,Acopiara - CE,2018,20 a 24 anos,141.0
2300309,Acopiara - CE,2018,25 a 29 anos,147.0
2300309,Acopiara - CE,2018,30 a 34 anos,119.0
2300309,Acopiara - CE,2018,35 a 39 anos,54.0
2300309,Acopiara - CE,2018,40 a 44 anos,13.0
2300309,Acopiara - CE,2018,45 a 49 anos,
2300309,Acopiara - CE,2018,50 anos ou mais,1.0
2300309,Acopiara - CE,2018,Ignorada,9.0
2300309,Acopiara - CE,2019,Total,620.0
2300309,Acopiara - CE,2019,Menos de 15 anos,7.0
2300309,Acopiara - CE,2019,15 a 19 anos,101.0
2300309,Acopiara - CE,2019,20 a 24 anos,143.0
2300309,Acopiara - CE,2019,25 a 29 anos,143.0
2300309,Acopiara - CE,2019,30 a 34 anos,122.0
2300309,Acopiara - CE,2019,35 a 39 anos,75.0
2300309,Acopiara - CE,2019,40 a 44 anos,22.0
2300309,Acopiara - CE,2019,45 a 49 anos,2.0
2300309,Acopiara - CE,2019,50 anos ou mais,
2300309,Acopiara - CE,2019,Ignorada,5.0
2300408,Aiuaba - CE,2014,Total,147.0
2300408,Aiuaba - CE,2014,Menos de 15 anos,3.0
2300408,Aiuaba - CE,2014,15 a 19 anos,38.0
2300408,Aiuaba - CE,2014,20 a 24 anos,33.0
2300408,Aiuaba - CE,2014,25 a 29 anos,33.0
2300408,Aiuaba - CE,2014,30 a 34 anos,21.0
2300408,Aiuaba - CE,2014,35 a 39 anos,14.0
2300408,Aiuaba - CE,2014,40 a 44 anos,4.0
2300408,Aiuaba - CE,2014,45 a 49 anos,1.0
2300408,Aiuaba - CE,2014,50 anos ou mais,
2300408,Aiuaba - CE,2014,Ignorada,
2300408,Aiuaba - CE,2015,Total,166.0
2300408,Aiuaba - CE,2015,Menos de 15 anos,3.0
2300408,Aiuaba - CE,2015,15 a 19 anos,31.0
2300408,Aiuaba - CE,2015,20 a 24 anos,38.0
2300408,Aiuaba - CE,2015,25 a 29 anos,48.0
2300408,Aiuaba - CE,2015,30 a 34 anos,28.0
2300408,Aiuaba - CE,2015,35 a 39 anos,16.0
2300408,Aiuaba - CE,2015,40 a 44 anos,2.0
2300408,Aiuaba - CE,2015,45 a 49 anos,
2300408,Aiuaba - CE,2015,50 anos ou mais,
2300408,Aiuaba - CE,2015,Ignorada,
2300408,Aiuaba - CE,2016,Total,178.0
2300408,Aiuaba - CE,2016,Menos de 15 anos,
2300408,Aiuaba - CE,2016,15 a 19 anos,30.0
2300408,Aiuaba - CE,2016,20 a 24 anos,41.0
2300408,Aiuaba - CE,2016,25 a 29 anos,47.0
2300408,Aiuaba - CE,2016,30 a 34 anos,26.0
2300408,Aiuaba - CE,2016,35 a 39 anos,28.0
2300408,Aiuaba - CE,2016,40 a 44 anos,5.0
2300408,Aiuaba - CE,2016,45 a 49 anos,1.0
2300408,Aiuaba - CE,2016,50 anos ou mais,
2300408,Aiuaba - CE,2016,Ignorada,
2300408,Aiuaba - CE,2017,Total,180.0
2300408,Aiuaba - CE,2017,Menos de 15 anos,
2300408,Aiuaba - CE,2017,15 a 19 anos,37.0
2300408,Aiuaba - CE,2017,20 a 24 anos,58.0
2300408,Aiuaba - CE,2017,25 a 29 anos,48.0
2300408,Aiuaba - CE,2017,30 a 34 anos,23.0
2300408,Aiuaba - CE,2017,35 a 39 anos,12.0
2300408,Aiuaba - CE,2017,40 a 44 anos,2.0
2300408,Aiuaba - CE,2017,45 a 49 anos,
2300408,Aiuaba - CE,2017,50 anos ou mais,
2300408,Aiuaba - CE,2017,Ignorada,
2300408,Aiuaba - CE,2018,Total,195.0
2300408,Aiuaba - CE,2018,Menos de 15 anos,3.0
2300408,Aiuaba - CE,2018,15 a 19 anos,35.0
2300408,Aiuaba - CE,2018,20 a 24 anos,50.0
2300408,Aiuaba - CE,2018,25 a 29 anos,41.0
2300408,Aiuaba - CE,2018,30 a 34 anos,36.0
2300408,Aiuaba - CE,2018,35 a 39 anos,24.0
2300408,Aiuaba - CE,2018,40 a 44 anos,6.0
2300408,Aiuaba - CE,2018,45 a 49 anos,
2300408,Aiuaba - CE,2018,50 anos ou mais,
2300408,Aiuaba - CE,2018,Ignorada,
2300408,Aiuaba - CE,2019,Total,170.0
2300408,Aiuaba - CE,2019,Menos de 15 anos,
2300408,Aiuaba - CE,2019,15 a 19 anos,34.0
2300408,Aiuaba - CE,2019,20 a 24 anos,35.0
2300408,Aiuaba - CE,2019,25 a 29 anos,33.0
2300408,Aiuaba - CE,2019,30 a 34 anos,38.0
2300408,Aiuaba - CE,2019,35 a 39 anos,19.0
2300408,Aiuaba - CE,2019,40 a 44 anos,10.0
2300408,Aiuaba - CE,2019,45 a 49 anos,1.0
2300408,Aiuaba - CE,2019,50 anos ou mais,
2300408,Aiuaba - CE,2019,Ignorada,
2300507,Alcântaras - CE,2014,Total,150.0
2300507,Alcântaras - CE,2014,Menos de 15 anos,2.0
2300507,Alcântaras - CE,2014,15 a 19 anos,22.0
2300507,Alcântaras - CE,2014,20 a 24 anos,33.0
2300507,Alcântaras - CE,2014,25 a 29 anos,43.0
2300507,Alcântaras - CE,2014,30 a 34 anos,32.0
2300507,Alcântaras - CE,2014,35 a 39 anos,13.0
2300507,Alcântaras - CE,2014,40 a 44 anos,4.0
2300507,Alcântaras - CE,2014,45 a 49 anos,1.0
2300507,Alcântaras - CE,2014,50 anos ou mais,
2300507,Alcântaras - CE,2014,Ignorada,
2300507,Alcântaras - CE,2015,Total,170.0
2300507,Alcântaras - CE,2015,Menos de 15 anos,4.0
2300507,Alcântaras - CE,2015,15 a 19 anos,34.0
2300507,Alcântaras - CE,2015,20 a 24 anos,35.0
2300507,Alcântaras - CE,2015,25 a 29 anos,43.0
2300507,Alcântaras - CE,2015,30 a 34 anos,37.0
2300507,Alcântaras - CE,2015,35 a 39 anos,14.0
2300507,Alcântaras - CE,2015,40 a 44 anos,3.0
2300507,Alcântaras - CE,2015,45 a 49 anos,
2300507,Alcântaras - CE,2015,50 anos ou mais,
2300507,Alcântaras - CE,2015,Ignorada,
2300507,Alcântaras - CE,2016,Total,152.0
2300507,Alcântaras - CE,2016,Menos de 15 anos,
2300507,Alcântaras - CE,2016,15 a 19 anos,27.0
2300507,Alcântaras - CE,2016,20 a 24 anos,38.0
2300507,Alcântaras - CE,2016,25 a 29 anos,43.0
2300507,Alcântaras - CE,2016,30 a 34 anos,31.0
2300507,Alcântaras - CE,2016,35 a 39 anos,11.0
2300507,Alcântaras - CE,2016,40 a 44 anos,2.0
2300507,Alcântaras - CE,2016,45 a 49 anos,
2300507,Alcântaras - CE,2016,50 anos ou mais,
2300507,Alcântaras - CE,2016,Ignorada,
2300507,Alcântaras - CE,2017,Total,135.0
2300507,Alcântaras - CE,2017,Menos de 15 anos,
2300507,Alcântaras - CE,2017,15 a 19 anos,19.0
2300507,Alcântaras - CE,2017,20 a 24 anos,30.0
2300507,Alcântaras - CE,2017,25 a 29 anos,34.0
2300507,Alcântaras - CE,2017,30 a 34 anos,36.0
2300507,Alcântaras - CE,2017,35 a 39 anos,14.0
2300507,Alcântaras - CE,2017,40 a 44 anos,1.0
2300507,Alcântaras - CE,2017,45 a 49 anos,1.0
2300507,Alcântaras - CE,2017,50 anos ou mais,
2300507,Alcântaras - CE,2017,Ignorada,
2300507,Alcântaras - CE,2018,Total,145.0
2300507,Alcântaras - CE,2018,Menos de 15 anos,3.0
2300507,Alcântaras - CE,2018,15 a 19 anos,21.0
2300507,Alcântaras - CE,2018,20 a 24 anos,32.0
2300507,Alcântaras - CE,2018,25 a 29 anos,32.0
2300507,Alcântaras - CE,2018,30 a 34 anos,32.0
2300507,Alcântaras - CE,2018,35 a 39 anos,17.0
2300507,Alcântaras - CE,2018,40 a 44 anos,8.0
2300507,Alcântaras - CE,2018,45 a 49 anos,
2300507,Alcântaras - CE,2018,50 anos ou mais,
2300507,Alcântaras - CE,2018,Ignorada,
2300507,Alcântaras - CE,2019,Total,155.0
2300507,Alcântaras - CE,2019,Menos de 15 anos,2.0
2300507,Alcântaras - CE,2019,15 a 19 anos,16.0
2300507,Alcântaras - CE,2019,20 a 24 anos,33.0
2300507,Alcântaras - CE,2019,25 a 29 anos,42.0
2300507,Alcântaras - CE,2019,30 a 34 anos,35.0
2300507,Alcântaras - CE,2019,35 a 39 anos,21.0
2300507,Alcântaras - CE,2019,40 a 44 anos,6.0
2300507,Alcântaras - CE,2019,45 a 49 anos,
2300507,Alcântaras - CE,2019,50 anos ou mais,
2300507,Alcântaras - CE,2019,Ignorada,
2300606,Altaneira - CE,2014,Total,92.0
2300606,Altaneira - CE,2014,Menos de 15 anos,
2300606,Altaneira - CE,2014,15 a 19 anos,29.0
2300606,Altaneira - CE,2014,20 a 24 anos,26.0
2300606,Altaneira - CE,2014,25 a 29 anos,15.0
2300606,Altaneira - CE,2014,30 a 34 anos,10.0
2300606,Altaneira - CE,2014,35 a 39 anos,10.0
2300606,Altaneira - CE,2014,40 a 44 anos,2.0
2300606,Altaneira - CE,2014,45 a 49 anos,
2300606,Altaneira - CE,2014,50 anos ou mais,
2300606,Altaneira - CE,2014,Ignorada,
2300606,Altaneira - CE,2015,Total,48.0
2300606,Altaneira - CE,2015,Menos de 15 anos,
2300606,Altaneira - CE,2015,15 a 19 anos,8.0
2300606,Altaneira - CE,2015,20 a 24 anos,18.0
2300606,Altaneira - CE,2015,25 a 29 anos,13.0
2300606,Altaneira - CE,2015,30 a 34 anos,5.0
2300606,Altaneira - CE,2015,35 a 39 anos,3.0
2300606,Altaneira - CE,2015,40 a 44 anos,1.0
2300606,Altaneira - CE,2015,45 a 49 anos,
2300606,Altaneira - CE,2015,50 anos ou mais,
2300606,Altaneira - CE,2015,Ignorada,
2300606,Altaneira - CE,2016,Total,107.0
2300606,Altaneira - CE,2016,Menos de 15 anos,1.0
2300606,Altaneira - CE,2016,15 a 19 anos,23.0
2300606,Altaneira - CE,2016,20 a 24 anos,36.0
2300606,Altaneira - CE,2016,25 a 29 anos,20.0
2300606,Altaneira - CE,2016,30 a 34 anos,13.0
2300606,Altaneira - CE,2016,35 a 39 anos,8.0
2300606,Altaneira - CE,2016,40 a 44 anos,5.0
2300606,Altaneira - CE,2016,45 a 49 anos,
2300606,Altaneira - CE,2016,50 anos ou mais,
2300606,Altaneira - CE,2016,Ignorada,1.0
2300606,Altaneira - CE,2017,Total,124.0
2300606,Altaneira - CE,2017,Menos de 15 anos,3.0
2300606,Altaneira - CE,2017,15 a 19 anos,20.0
2300606,Altaneira - CE,2017,20 a 24 anos,34.0
2300606,Altaneira - CE,2017,25 a 29 anos,30.0
2300606,Altaneira - CE,2017,30 a 34 anos,21.0
2300606,Altaneira - CE,2017,35 a 39 anos,9.0
2300606,Altaneira - CE,2017,40 a 44 anos,6.0
2300606,Altaneira - CE,2017,45 a 49 anos,
2300606,Altaneira - CE,2017,50 anos ou mais,
2300606,Altaneira - CE,2017,Ignorada,1.0
2300606,Altaneira - CE,2018,Total,124.0
2300606,Altaneira - CE,2018,Menos de 15 anos,1.0
2300606,Altaneira - CE,2018,15 a 19 anos,20.0
2300606,Altaneira - CE,2018,20 a 24 anos,33.0
2300606,Altaneira - CE,2018,25 a 29 anos,27.0
2300606,Altaneira - CE,2018,30 a 34 anos,23.0
2300606,Altaneira - CE,2018,35 a 39 anos,18.0
2300606,Altaneira - CE,2018,40 a 44 anos,2.0
2300606,Altaneira - CE,2018,45 a 49 anos,
2300606,Altaneira - CE,2018,50 anos ou mais,
2300606,Altaneira - CE,2018,Ignorada,
2300606,Altaneira - CE,2019,Total,132.0
2300606,Altaneira - CE,2019,Menos de 15 anos,3.0
2300606,Altaneira - CE,2019,15 a 19 anos,15.0
2300606,Altaneira - CE,2019,20 a 24 anos,34.0
2300606,Altaneira - CE,2019,25 a 29 anos,30.0
2300606,Altaneira - CE,2019,30 a 34 anos,30.0
2300606,Altaneira - CE,2019,35 a 39 anos,15.0
2300606,Altaneira - CE,2019,40 a 44 anos,4.0
2300606,Altaneira - CE,2019,45 a 49 anos,1.0
2300606,Altaneira - CE,2019,50 anos ou mais,
2300606,Altaneira - CE,2019,Ignorada,
2300705,Alto Santo - CE,2014,Total,189.0
2300705,Alto Santo - CE,2014,Menos de 15 anos,
2300705,Alto Santo - CE,2014,15 a 19 anos,40.0
2300705,Alto Santo - CE,2014,20 a 24 anos,61.0
2300705,Alto Santo - CE,2014,25 a 29 anos,37.0
2300705,Alto Santo - CE,2014,30 a 34 anos,39.0
2300705,Alto Santo - CE,2014,35 a 39 anos,10.0
2300705,Alto Santo - CE,2014,40 a 44 anos,2.0
2300705,Alto Santo - CE,2014,45 a 49 anos,
2300705,Alto Santo - CE,2014,50 anos ou mais,
2300705,Alto Santo - CE,2014,Ignorada,
2300705,Alto Santo - CE,2015,Total,212.0
2300705,Alto Santo - CE,2015,Menos de 15 anos,3.0
2300705,Alto Santo - CE,2015,15 a 19 anos,30.0
2300705,Alto Santo - CE,2015,20 a 24 anos,71.0
2300705,Alto Santo - CE,2015,25 a 29 anos,48.0
2300705,Alto Santo - CE,2015,30 a 34 anos,36.0
2300705,Alto Santo - CE,2015,35 a 39 anos,24.0
2300705,Alto Santo - CE,2015,40 a 44 anos,
2300705,Alto Santo - CE,2015,45 a 49 anos,
2300705,Alto Santo - CE,2015,50 anos ou mais,
2300705,Alto Santo - CE,2015,Ignorada,
2300705,Alto Santo - CE,2016,Total,213.0
2300705,Alto Santo - CE,2016,Menos de 15 anos,2.0
2300705,Alto Santo - CE,2016,15 a 19 anos,37.0
2300705,Alto Santo - CE,2016,20 a 24 anos,62.0
2300705,Alto Santo - CE,2016,25 a 29 anos,57.0
2300705,Alto Santo - CE,2016,30 a 34 anos,35.0
2300705,Alto Santo - CE,2016,35 a 39 anos,14.0
2300705,Alto Santo - CE,2016,40 a 44 anos,4.0
2300705,Alto Santo - CE,2016,45 a 49 anos,2.0
2300705,Alto Santo - CE,2016,50 anos ou mais,
2300705,Alto Santo - CE,2016,Ignorada,
2300705,Alto Santo - CE,2017,Total,186.0
2300705,Alto Santo - CE,2017,Menos de 15 anos,1.0
2300705,Alto Santo - CE,2017,15 a 19 anos,35.0
2300705,Alto Santo - CE,2017,20 a 24 anos,54.0
2300705,Alto Santo - CE,2017,25 a 29 anos,45.0
2300705,Alto Santo - CE,2017,30 a 34 anos,34.0
2300705,Alto Santo - CE,2017,35 a 39 anos,11.0
2300705,Alto Santo - CE,2017,40 a 44 anos,6.0
2300705,Alto Santo - CE,2017,45 a 49 anos,
2300705,Alto Santo - CE,2017,50 anos ou mais,
2300705,Alto Santo - CE,2017,Ignorada,
2300705,Alto Santo - CE,2018,Total,190.0
2300705,Alto Santo - CE,2018,Menos de 15 anos,2.0
2300705,Alto Santo - CE,2018,15 a 19 anos,35.0
2300705,Alto Santo - CE,2018,20 a 24 anos,49.0
2300705,Alto Santo - CE,2018,25 a 29 anos,52.0
2300705,Alto Santo - CE,2018,30 a 34 anos,27.0
2300705,Alto Santo - CE,2018,35 a 39 anos,20.0
2300705,Alto Santo - CE,2018,40 a 44 anos,4.0
2300705,Alto Santo - CE,2018,45 a 49 anos,1.0
2300705,Alto Santo - CE,2018,50 anos ou mais,
2300705,Alto Santo - CE,2018,Ignorada,
2300705,Alto Santo - CE,2019,Total,179.0
2300705,Alto Santo - CE,2019,Menos de 15 anos,
2300705,Alto Santo - CE,2019,15 a 19 anos,27.0
2300705,Alto Santo - CE,2019,20 a 24 anos,49.0
2300705,Alto Santo - CE,2019,25 a 29 anos,45.0
2300705,Alto Santo - CE,2019,30 a 34 anos,31.0
2300705,Alto Santo - CE,2019,35 a 39 anos,26.0
2300705,Alto Santo - CE,2019,40 a 44 anos,1.0
2300705,Alto Santo - CE,2019,45 a 49 anos,
2300705,Alto Santo - CE,2019,50 anos ou mais,
2300705,Alto Santo - CE,2019,Ignorada,
2300754,Amontada - CE,2014,Total,620.0
2300754,Amontada - CE,2014,Menos de 15 anos,10.0
2300754,Amontada - CE,2014,15 a 19 anos,130.0
2300754,Amontada - CE,2014,20 a 24 anos,163.0
2300754,Amontada - CE,2014,25 a 29 anos,138.0
2300754,Amontada - CE,2014,30 a 34 anos,104.0
2300754,Amontada - CE,2014,35 a 39 anos,60.0
2300754,Amontada - CE,2014,40 a 44 anos,11.0
2300754,Amontada - CE,2014,45 a 49 anos,2.0
2300754,Amontada - CE,2014,50 anos ou mais,
2300754,Amontada - CE,2014,Ignorada,2.0
2300754,Amontada - CE,2015,Total,543.0
2300754,Amontada - CE,2015,Menos de 15 anos,9.0
2300754,Amontada - CE,2015,15 a 19 anos,124.0
2300754,Amontada - CE,2015,20 a 24 anos,134.0
2300754,Amontada - CE,2015,25 a 29 anos,119.0
2300754,Amontada - CE,2015,30 a 34 anos,91.0
2300754,Amontada - CE,2015,35 a 39 anos,50.0
2300754,Amontada - CE,2015,40 a 44 anos,14.0
2300754,Amontada - CE,2015,45 a 49 anos,1.0
2300754,Amontada - CE,2015,50 anos ou mais,
2300754,Amontada - CE,2015,Ignorada,1.0
2300754,Amontada - CE,2016,Total,582.0
2300754,Amontada - CE,2016,Menos de 15 anos,5.0
2300754,Amontada - CE,2016,15 a 19 anos,131.0
2300754,Amontada - CE,2016,20 a 24 anos,160.0
2300754,Amontada - CE,2016,25 a 29 anos,141.0
2300754,Amontada - CE,2016,30 a 34 anos,86.0
2300754,Amontada - CE,2016,35 a 39 anos,45.0
2300754,Amontada - CE,2016,40 a 44 anos,13.0
2300754,Amontada - CE,2016,45 a 49 anos,1.0
2300754,Amontada - CE,2016,50 anos ou mais,
2300754,Amontada - CE,2016,Ignorada,
2300754,Amontada - CE,2017,Total,691.0
2300754,Amontada - CE,2017,Menos de 15 anos,9.0
2300754,Amontada - CE,2017,15 a 19 anos,124.0
2300754,Amontada - CE,2017,20 a 24 anos,178.0
2300754,Amontada - CE,2017,25 a 29 anos,151.0
2300754,Amontada - CE,2017,30 a 34 anos,141.0
2300754,Amontada - CE,2017,35 a 39 anos,72.0
2300754,Amontada - CE,2017,40 a 44 anos,15.0
2300754,Amontada - CE,2017,45 a 49 anos,1.0
2300754,Amontada - CE,2017,50 anos ou mais,
2300754,Amontada - CE,2017,Ignorada,
2300754,Amontada - CE,2018,Total,733.0
2300754,Amontada - CE,2018,Menos de 15 anos,9.0
2300754,Amontada - CE,2018,15 a 19 anos,135.0
2300754,Amontada - CE,2018,20 a 24 anos,197.0
2300754,Amontada - CE,2018,25 a 29 anos,150.0
2300754,Amontada - CE,2018,30 a 34 anos,144.0
2300754,Amontada - CE,2018,35 a 39 anos,72.0
2300754,Amontada - CE,2018,40 a 44 anos,26.0
2300754,Amontada - CE,2018,45 a 49 anos,
2300754,Amontada - CE,2018,50 anos ou mais,
2300754,Amontada - CE,2018,Ignorada,
2300754,Amontada - CE,2019,Total,663.0
2300754,Amontada - CE,2019,Menos de 15 anos,6.0
2300754,Amontada - CE,2019,15 a 19 anos,113.0
2300754,Amontada - CE,2019,20 a 24 anos,190.0
2300754,Amontada - CE,2019,25 a 29 anos,145.0
2300754,Amontada - CE,2019,30 a 34 anos,139.0
2300754,Amontada - CE,2019,35 a 39 anos,48.0
2300754,Amontada - CE,2019,40 a 44 anos,19.0
2300754,Amontada - CE,2019,45 a 49 anos,3.0
2300754,Amontada - CE,2019,50 anos ou mais,
2300754,Amontada - CE,2019,Ignorada,
2300804,Antonina do Norte - CE,2014,Total,99.0
2300804,Antonina do Norte - CE,2014,Menos de 15 anos,
2300804,Antonina do Norte - CE,2014,15 a 19 anos,21.0
2300804,Antonina do Norte - CE,2014,20 a 24 anos,25.0
2300804,Antonina do Norte - CE,2014,25 a 29 anos,26.0
2300804,Antonina do Norte - CE,2014,30 a 34 anos,14.0
2300804,Antonina do Norte - CE,2014,35 a 39 anos,9.0
2300804,Antonina do Norte - CE,2014,40 a 44 anos,4.0
2300804,Antonina do Norte - CE,2014,45 a 49 anos,
2300804,Antonina do Norte - CE,2014,50 anos ou mais,
2300804,Antonina do Norte - CE,2014,Ignorada,
2300804,Antonina do Norte - CE,2015,Total,75.0
2300804,Antonina do Norte - CE,2015,Menos de 15 anos,
2300804,Antonina do Norte - CE,2015,15 a 19 anos,17.0
2300804,Antonina do Norte - CE,2015,20 a 24 anos,22.0
2300804,Antonina do Norte - CE,2015,25 a 29 anos,22.0
2300804,Antonina do Norte - CE,2015,30 a 34 anos,6.0
2300804,Antonina do Norte - CE,2015,35 a 39 anos,6.0
2300804,Antonina do Norte - CE,2015,40 a 44 anos,2.0
2300804,Antonina do Norte - CE,2015,45 a 49 anos,
2300804,Antonina do Norte - CE,2015,50 anos ou mais,
2300804,Antonina do Norte - CE,2015,Ignorada,
2300804,Antonina do Norte - CE,2016,Total,90.0
2300804,Antonina do Norte - CE,2016,Menos de 15 anos,1.0
2300804,Antonina do Norte - CE,2016,15 a 19 anos,15.0
2300804,Antonina do Norte - CE,2016,20 a 24 anos,23.0
2300804,Antonina do Norte - CE,2016,25 a 29 anos,25.0
2300804,Antonina do Norte - CE,2016,30 a 34 anos,16.0
2300804,Antonina do Norte - CE,2016,35 a 39 anos,9.0
2300804,Antonina do Norte - CE,2016,40 a 44 anos,
2300804,Antonina do Norte - CE,2016,45 a 49 anos,1.0
2300804,Antonina do Norte - CE,2016,50 anos ou mais,
2300804,Antonina do Norte - CE,2016,Ignorada,
2300804,Antonina do Norte - CE,2017,Total,94.0
2300804,Antonina do Norte - CE,2017,Menos de 15 anos,1.0
2300804,Antonina do Norte - CE,2017,15 a 19 anos,14.0
2300804,Antonina do Norte - CE,2017,20 a 24 anos,28.0
2300804,Antonina do Norte - CE,2017,25 a 29 anos,18.0
2300804,Antonina do Norte - CE,2017,30 a 34 anos,15.0
2300804,Antonina do Norte - CE,2017,35 a 39 anos,12.0
2300804,Antonina do Norte - CE,2017,40 a 44 anos,5.0
2300804,Antonina do Norte - CE,2017,45 a 49 anos,1.0
2300804,Antonina do Norte - CE,2017,50 anos ou mais,
2300804,Antonina do Norte - CE,2017,Ignorada,
2300804,Antonina do Norte - CE,2018,Total,98.0
2300804,Antonina do Norte - CE,2018,Menos de 15 anos,
2300804,Antonina do Norte - CE,2018,15 a 19 anos,19.0
2300804,Antonina do Norte - CE,2018,20 a 24 anos,22.0
2300804,Antonina do Norte - CE,2018,25 a 29 anos,24.0
2300804,Antonina do Norte - CE,2018,30 a 34 anos,21.0
2300804,Antonina do Norte - CE,2018,35 a 39 anos,9.0
2300804,Antonina do Norte - CE,2018,40 a 44 anos,3.0
2300804,Antonina do Norte - CE,2018,45 a 49 anos,
2300804,Antonina do Norte - CE,2018,50 anos ou mais,
2300804,Antonina do Norte - CE,2018,Ignorada,
2300804,Antonina do Norte - CE,2019,Total,105.0
2300804,Antonina do Norte - CE,2019,Menos de 15 anos,1.0
2300804,Antonina do Norte - CE,2019,15 a 19 anos,14.0
2300804,Antonina do Norte - CE,2019,20 a 24 anos,27.0
2300804,Antonina do Norte - CE,2019,25 a 29 anos,20.0
2300804,Antonina do Norte - CE,2019,30 a 34 anos,19.0
2300804,Antonina do Norte - CE,2019,35 a 39 anos,17.0
2300804,Antonina do Norte - CE,2019,40 a 44 anos,7.0
2300804,Antonina do Norte - CE,2019,45 a 49 anos,
2300804,Antonina do Norte - CE,2019,50 anos ou mais,
2300804,Antonina do Norte - CE,2019,Ignorada,
2300903,Apuiarés - CE,2014,Total,148.0
2300903,Apuiarés - CE,2014,Menos de 15 anos,1.0
2300903,Apuiarés - CE,2014,15 a 19 anos,38.0
2300903,Apuiarés - CE,2014,20 a 24 anos,44.0
2300903,Apuiarés - CE,2014,25 a 29 anos,28.0
2300903,Apuiarés - CE,2014,30 a 34 anos,22.0
2300903,Apuiarés - CE,2014,35 a 39 anos,11.0
2300903,Apuiarés - CE,2014,40 a 44 anos,4.0
2300903,Apuiarés - CE,2014,45 a 49 anos,
2300903,Apuiarés - CE,2014,50 anos ou mais,
2300903,Apuiarés - CE,2014,Ignorada,
2300903,Apuiarés - CE,2015,Total,159.0
2300903,Apuiarés - CE,2015,Menos de 15 anos,
2300903,Apuiarés - CE,2015,15 a 19 anos,35.0
2300903,Apuiarés - CE,2015,20 a 24 anos,41.0
2300903,Apuiarés - CE,2015,25 a 29 anos,41.0
2300903,Apuiarés - CE,2015,30 a 34 anos,22.0
2300903,Apuiarés - CE,2015,35 a 39 anos,16.0
2300903,Apuiarés - CE,2015,40 a 44 anos,4.0
2300903,Apuiarés - CE,2015,45 a 49 anos,
2300903,Apuiarés - CE,2015,50 anos ou mais,
2300903,Apuiarés - CE,2015,Ignorada,
2300903,Apuiarés - CE,2016,Total,139.0
2300903,Apuiarés - CE,2016,Menos de 15 anos,3.0
2300903,Apuiarés - CE,2016,15 a 19 anos,27.0
2300903,Apuiarés - CE,2016,20 a 24 anos,39.0
2300903,Apuiarés - CE,2016,25 a 29 anos,36.0
2300903,Apuiarés - CE,2016,30 a 34 anos,22.0
2300903,Apuiarés - CE,2016,35 a 39 anos,8.0
2300903,Apuiarés - CE,2016,40 a 44 anos,4.0
2300903,Apuiarés - CE,2016,45 a 49 anos,
2300903,Apuiarés - CE,2016,50 anos ou mais,
2300903,Apuiarés - CE,2016,Ignorada,
2300903,Apuiarés - CE,2017,Total,160.0
2300903,Apuiarés - CE,2017,Menos de 15 anos,3.0
2300903,Apuiarés - CE,2017,15 a 19 anos,33.0
2300903,Apuiarés - CE,2017,20 a 24 anos,39.0
2300903,Apuiarés - CE,2017,25 a 29 anos,30.0
2300903,Apuiarés - CE,2017,30 a 34 anos,34.0
2300903,Apuiarés - CE,2017,35 a 39 anos,16.0
2300903,Apuiarés - CE,2017,40 a 44 anos,4.0
2300903,Apuiarés - CE,2017,45 a 49 anos,1.0
2300903,Apuiarés - CE,2017,50 anos ou mais,
2300903,Apuiarés - CE,2017,Ignorada,
2300903,Apuiarés - CE,2018,Total,138.0
2300903,Apuiarés - CE,2018,Menos de 15 anos,2.0
2300903,Apuiarés - CE,2018,15 a 19 anos,23.0
2300903,Apuiarés - CE,2018,20 a 24 anos,39.0
2300903,Apuiarés - CE,2018,25 a 29 anos,27.0
2300903,Apuiarés - CE,2018,30 a 34 anos,30.0
2300903,Apuiarés - CE,2018,35 a 39 anos,12.0
2300903,Apuiarés - CE,2018,40 a 44 anos,5.0
2300903,Apuiarés - CE,2018,45 a 49 anos,
2300903,Apuiarés - CE,2018,50 anos ou mais,
2300903,Apuiarés - CE,2018,Ignorada,
2300903,Apuiarés - CE,2019,Total,180.0
2300903,Apuiarés - CE,2019,Menos de 15 anos,2.0
2300903,Apuiarés - CE,2019,15 a 19 anos,25.0
2300903,Apuiarés - CE,2019,20 a 24 anos,46.0
2300903,Apuiarés - CE,2019,25 a 29 anos,44.0
2300903,Apuiarés - CE,2019,30 a 34 anos,33.0
2300903,Apuiarés - CE,2019,35 a 39 anos,25.0
2300903,Apuiarés - CE,2019,40 a 44 anos,5.0
2300903,Apuiarés - CE,2019,45 a 49 anos,
2300903,Apuiarés - CE,2019,50 anos ou mais,
2300903,Apuiarés - CE,2019,Ignorada,
2301000,Aquiraz - CE,2014,Total,967.0
2301000,Aquiraz - CE,2014,Menos de 15 anos,7.0
2301000,Aquiraz - CE,2014,15 a 19 anos,194.0
2301000,Aquiraz - CE,2014,20 a 24 anos,266.0
2301000,Aquiraz - CE,2014,25 a 29 anos,236.0
2301000,Aquiraz - CE,2014,30 a 34 anos,165.0
2301000,Aquiraz - CE,2014,35 a 39 anos,74.0
2301000,Aquiraz - CE,2014,40 a 44 anos,21.0
2301000,Aquiraz - CE,2014,45 a 49 anos,3.0
2301000,Aquiraz - CE,2014,50 anos ou mais,
2301000,Aquiraz - CE,2014,Ignorada,1.0
2301000,Aquiraz - CE,2015,Total,1138.0
2301000,Aquiraz - CE,2015,Menos de 15 anos,7.0
2301000,Aquiraz - CE,2015,15 a 19 anos,208.0
2301000,Aquiraz - CE,2015,20 a 24 anos,298.0
2301000,Aquiraz - CE,2015,25 a 29 anos,293.0
2301000,Aquiraz - CE,2015,30 a 34 anos,226.0
2301000,Aquiraz - CE,2015,35 a 39 anos,81.0
2301000,Aquiraz - CE,2015,40 a 44 anos,23.0
2301000,Aquiraz - CE,2015,45 a 49 anos,2.0
2301000,Aquiraz - CE,2015,50 anos ou mais,
2301000,Aquiraz - CE,2015,Ignorada,
2301000,Aquiraz - CE,2016,Total,1025.0
2301000,Aquiraz - CE,2016,Menos de 15 anos,17.0
2301000,Aquiraz - CE,2016,15 a 19 anos,199.0
2301000,Aquiraz - CE,2016,20 a 24 anos,281.0
2301000,Aquiraz - CE,2016,25 a 29 anos,216.0
2301000,Aquiraz - CE,2016,30 a 34 anos,177.0
2301000,Aquiraz - CE,2016,35 a 39 anos,101.0
2301000,Aquiraz - CE,2016,40 a 44 anos,30.0
2301000,Aquiraz - CE,2016,45 a 49 anos,2.0
2301000,Aquiraz - CE,2016,50 anos ou mais,
2301000,Aquiraz - CE,2016,Ignorada,2.0
2301000,Aquiraz - CE,2017,Total,1005.0
2301000,Aquiraz - CE,2017,Menos de 15 anos,5.0
2301000,Aquiraz - CE,2017,15 a 19 anos,173.0
2301000,Aquiraz - CE,2017,20 a 24 anos,268.0
2301000,Aquiraz - CE,2017,25 a 29 anos,244.0
2301000,Aquiraz - CE,2017,30 a 34 anos,189.0
2301000,Aquiraz - CE,2017,35 a 39 anos,104.0
2301000,Aquiraz - CE,2017,40 a 44 anos,20.0
2301000,Aquiraz - CE,2017,45 a 49 anos,2.0
2301000,Aquiraz - CE,2017,50 anos ou mais,
2301000,Aquiraz - CE,2017,Ignorada,
2301000,Aquiraz - CE,2018,Total,1130.0
2301000,Aquiraz - CE,2018,Menos de 15 anos,7.0
2301000,Aquiraz - CE,2018,15 a 19 anos,177.0
2301000,Aquiraz - CE,2018,20 a 24 anos,281.0
2301000,Aquiraz - CE,2018,25 a 29 anos,294.0
2301000,Aquiraz - CE,2018,30 a 34 anos,209.0
2301000,Aquiraz - CE,2018,35 a 39 anos,129.0
2301000,Aquiraz - CE,2018,40 a 44 anos,30.0
2301000,Aquiraz - CE,2018,45 a 49 anos,2.0
2301000,Aquiraz - CE,2018,50 anos ou mais,
2301000,Aquiraz - CE,2018,Ignorada,1.0
2301000,Aquiraz - CE,2019,Total,1099.0
2301000,Aquiraz - CE,2019,Menos de 15 anos,5.0
2301000,Aquiraz - CE,2019,15 a 19 anos,153.0
2301000,Aquiraz - CE,2019,20 a 24 anos,303.0
2301000,Aquiraz - CE,2019,25 a 29 anos,250.0
2301000,Aquiraz - CE,2019,30 a 34 anos,229.0
2301000,Aquiraz - CE,2019,35 a 39 anos,123.0
2301000,Aquiraz - CE,2019,40 a 44 anos,34.0
2301000,Aquiraz - CE,2019,45 a 49 anos,1.0
2301000,Aquiraz - CE,2019,50 anos ou mais,
2301000,Aquiraz - CE,2019,Ignorada,1.0
2301109,Aracati - CE,2014,Total,995.0
2301109,Aracati - CE,2014,Menos de 15 anos,8.0
2301109,Aracati - CE,2014,15 a 19 anos,192.0
2301109,Aracati - CE,2014,20 a 24 anos,266.0
2301109,Aracati - CE,2014,25 a 29 anos,253.0
2301109,Aracati - CE,2014,30 a 34 anos,161.0
2301109,Aracati - CE,2014,35 a 39 anos,90.0
2301109,Aracati - CE,2014,40 a 44 anos,22.0
2301109,Aracati - CE,2014,45 a 49 anos,2.0
2301109,Aracati - CE,2014,50 anos ou mais,1.0
2301109,Aracati - CE,2014,Ignorada,
2301109,Aracati - CE,2015,Total,1164.0
2301109,Aracati - CE,2015,Menos de 15 anos,8.0
2301109,Aracati - CE,2015,15 a 19 anos,216.0
2301109,Aracati - CE,2015,20 a 24 anos,332.0
2301109,Aracati - CE,2015,25 a 29 anos,273.0
2301109,Aracati - CE,2015,30 a 34 anos,207.0
2301109,Aracati - CE,2015,35 a 39 anos,101.0
2301109,Aracati - CE,2015,40 a 44 anos,20.0
2301109,Aracati - CE,2015,45 a 49 anos,1.0
2301109,Aracati - CE,2015,50 anos ou mais,
2301109,Aracati - CE,2015,Ignorada,6.0
2301109,Aracati - CE,2016,Total,1024.0
2301109,Aracati - CE,2016,Menos de 15 anos,8.0
2301109,Aracati - CE,2016,15 a 19 anos,179.0
2301109,Aracati - CE,2016,20 a 24 anos,272.0
2301109,Aracati - CE,2016,25 a 29 anos,254.0
2301109,Aracati - CE,2016,30 a 34 anos,196.0
2301109,Aracati - CE,2016,35 a 39 anos,90.0
2301109,Aracati - CE,2016,40 a 44 anos,20.0
2301109,Aracati - CE,2016,45 a 49 anos,
2301109,Aracati - CE,2016,50 anos ou mais,
2301109,Aracati - CE,2016,Ignorada,5.0
2301109,Aracati - CE,2017,Total,1003.0
2301109,Aracati - CE,2017,Menos de 15 anos,6.0
2301109,Aracati - CE,2017,15 a 19 anos,160.0
2301109,Aracati - CE,2017,20 a 24 anos,259.0
2301109,Aracati - CE,2017,25 a 29 anos,258.0
2301109,Aracati - CE,2017,30 a 34 anos,187.0
2301109,Aracati - CE,2017,35 a 39 anos,100.0
2301109,Aracati - CE,2017,40 a 44 anos,33.0
2301109,Aracati - CE,2017,45 a 49 anos,
2301109,Aracati - CE,2017,50 anos ou mais,
2301109,Aracati - CE,2017,Ignorada,
2301109,Aracati - CE,2018,Total,985.0
2301109,Aracati - CE,2018,Menos de 15 anos,5.0
2301109,Aracati - CE,2018,15 a 19 anos,149.0
2301109,Aracati - CE,2018,20 a 24 anos,265.0
2301109,Aracati - CE,2018,25 a 29 anos,235.0
2301109,Aracati - CE,2018,30 a 34 anos,188.0
2301109,Aracati - CE,2018,35 a 39 anos,112.0
2301109,Aracati - CE,2018,40 a 44 anos,29.0
2301109,Aracati - CE,2018,45 a 49 anos,2.0
2301109,Aracati - CE,2018,50 anos ou mais,
2301109,Aracati - CE,2018,Ignorada,
2301109,Aracati - CE,2019,Total,1015.0
2301109,Aracati - CE,2019,Menos de 15 anos,5.0
2301109,Aracati - CE,2019,15 a 19 anos,138.0
2301109,Aracati - CE,2019,20 a 24 anos,247.0
2301109,Aracati - CE,2019,25 a 29 anos,275.0
2301109,Aracati - CE,2019,30 a 34 anos,232.0
2301109,Aracati - CE,2019,35 a 39 anos,90.0
2301109,Aracati - CE,2019,40 a 44 anos,24.0
2301109,Aracati - CE,2019,45 a 49 anos,3.0
2301109,Aracati - CE,2019,50 anos ou mais,
2301109,Aracati - CE,2019,Ignorada,1.0
2301208,Aracoiaba - CE,2014,Total,360.0
2301208,Aracoiaba - CE,2014,Menos de 15 anos,1.0
2301208,Aracoiaba - CE,2014,15 a 19 anos,71.0
2301208,Aracoiaba - CE,2014,20 a 24 anos,95.0
2301208,Aracoiaba - CE,2014,25 a 29 anos,89.0
2301208,Aracoiaba - CE,2014,30 a 34 anos,59.0
2301208,Aracoiaba - CE,2014,35 a 39 anos,33.0
2301208,Aracoiaba - CE,2014,40 a 44 anos,10.0
2301208,Aracoiaba - CE,2014,45 a 49 anos,1.0
2301208,Aracoiaba - CE,2014,50 anos ou mais,
2301208,Aracoiaba - CE,2014,Ignorada,1.0
2301208,Aracoiaba - CE,2015,Total,354.0
2301208,Aracoiaba - CE,2015,Menos de 15 anos,3.0
2301208,Aracoiaba - CE,2015,15 a 19 anos,74.0
2301208,Aracoiaba - CE,2015,20 a 24 anos,96.0
2301208,Aracoiaba - CE,2015,25 a 29 anos,73.0
2301208,Aracoiaba - CE,2015,30 a 34 anos,66.0
2301208,Aracoiaba - CE,2015,35 a 39 anos,32.0
2301208,Aracoiaba - CE,2015,40 a 44 anos,10.0
2301208,Aracoiaba - CE,2015,45 a 49 anos,
2301208,Aracoiaba - CE,2015,50 anos ou mais,
2301208,Aracoiaba - CE,2015,Ignorada,
2301208,Aracoiaba - CE,2016,Total,298.0
2301208,Aracoiaba - CE,2016,Menos de 15 anos,3.0
2301208,Aracoiaba - CE,2016,15 a 19 anos,67.0
2301208,Aracoiaba - CE,2016,20 a 24 anos,72.0
2301208,Aracoiaba - CE,2016,25 a 29 anos,65.0
2301208,Aracoiaba - CE,2016,30 a 34 anos,51.0
2301208,Aracoiaba - CE,2016,35 a 39 anos,31.0
2301208,Aracoiaba - CE,2016,40 a 44 anos,7.0
2301208,Aracoiaba - CE,2016,45 a 49 anos,
2301208,Aracoiaba - CE,2016,50 anos ou mais,
2301208,Aracoiaba - CE,2016,Ignorada,2.0
2301208,Aracoiaba - CE,2017,Total,312.0
2301208,Aracoiaba - CE,2017,Menos de 15 anos,6.0
2301208,Aracoiaba - CE,2017,15 a 19 anos,56.0
2301208,Aracoiaba - CE,2017,20 a 24 anos,86.0
2301208,Aracoiaba - CE,2017,25 a 29 anos,64.0
2301208,Aracoiaba - CE,2017,30 a 34 anos,58.0
2301208,Aracoiaba - CE,2017,35 a 39 anos,31.0
2301208,Aracoiaba - CE,2017,40 a 44 anos,8.0
2301208,Aracoiaba - CE,2017,45 a 49 anos,2.0
2301208,Aracoiaba - CE,2017,50 anos ou mais,1.0
2301208,Aracoiaba - CE,2017,Ignorada,
2301208,Aracoiaba - CE,2018,Total,406.0
2301208,Aracoiaba - CE,2018,Menos de 15 anos,1.0
2301208,Aracoiaba - CE,2018,15 a 19 anos,59.0
2301208,Aracoiaba - CE,2018,20 a 24 anos,106.0
2301208,Aracoiaba - CE,2018,25 a 29 anos,103.0
2301208,Aracoiaba - CE,2018,30 a 34 anos,72.0
2301208,Aracoiaba - CE,2018,35 a 39 anos,48.0
2301208,Aracoiaba - CE,2018,40 a 44 anos,15.0
2301208,Aracoiaba - CE,2018,45 a 49 anos,2.0
2301208,Aracoiaba - CE,2018,50 anos ou mais,
2301208,Aracoiaba - CE,2018,Ignorada,
2301208,Aracoiaba - CE,2019,Total,347.0
2301208,Aracoiaba - CE,2019,Menos de 15 anos,2.0
2301208,Aracoiaba - CE,2019,15 a 19 anos,48.0
2301208,Aracoiaba - CE,2019,20 a 24 anos,108.0
2301208,Aracoiaba - CE,2019,25 a 29 anos,76.0
2301208,Aracoiaba - CE,2019,30 a 34 anos,66.0
2301208,Aracoiaba - CE,2019,35 a 39 anos,36.0
2301208,Aracoiaba - CE,2019,40 a 44 anos,8.0
2301208,Aracoiaba - CE,2019,45 a 49 anos,3.0
2301208,Aracoiaba - CE,2019,50 anos ou mais,
2301208,Aracoiaba - CE,2019,Ignorada,
2301257,Ararendá - CE,2014,Total,136.0
2301257,Ararendá - CE,2014,Menos de 15 anos,1.0
2301257,Ararendá - CE,2014,15 a 19 anos,30.0
2301257,Ararendá - CE,2014,20 a 24 anos,29.0
2301257,Ararendá - CE,2014,25 a 29 anos,32.0
2301257,Ararendá - CE,2014,30 a 34 anos,26.0
2301257,Ararendá - CE,2014,35 a 39 anos,16.0
2301257,Ararendá - CE,2014,40 a 44 anos,2.0
2301257,Ararendá - CE,2014,45 a 49 anos,
2301257,Ararendá - CE,2014,50 anos ou mais,
2301257,Ararendá - CE,2014,Ignorada,
2301257,Ararendá - CE,2015,Total,103.0
2301257,Ararendá - CE,2015,Menos de 15 anos,
2301257,Ararendá - CE,2015,15 a 19 anos,18.0
2301257,Ararendá - CE,2015,20 a 24 anos,21.0
2301257,Ararendá - CE,2015,25 a 29 anos,21.0
2301257,Ararendá - CE,2015,30 a 34 anos,25.0
2301257,Ararendá - CE,2015,35 a 39 anos,16.0
2301257,Ararendá - CE,2015,40 a 44 anos,2.0
2301257,Ararendá - CE,2015,45 a 49 anos,
2301257,Ararendá - CE,2015,50 anos ou mais,
2301257,Ararendá - CE,2015,Ignorada,
2301257,Ararendá - CE,2016,Total,116.0
2301257,Ararendá - CE,2016,Menos de 15 anos,2.0
2301257,Ararendá - CE,2016,15 a 19 anos,23.0
2301257,Ararendá - CE,2016,20 a 24 anos,30.0
2301257,Ararendá - CE,2016,25 a 29 anos,19.0
2301257,Ararendá - CE,2016,30 a 34 anos,29.0
2301257,Ararendá - CE,2016,35 a 39 anos,8.0
2301257,Ararendá - CE,2016,40 a 44 anos,4.0
2301257,Ararendá - CE,2016,45 a 49 anos,1.0
2301257,Ararendá - CE,2016,50 anos ou mais,
2301257,Ararendá - CE,2016,Ignorada,
2301257,Ararendá - CE,2017,Total,129.0
2301257,Ararendá - CE,2017,Menos de 15 anos,
2301257,Ararendá - CE,2017,15 a 19 anos,23.0
2301257,Ararendá - CE,2017,20 a 24 anos,32.0
2301257,Ararendá - CE,2017,25 a 29 anos,31.0
2301257,Ararendá - CE,2017,30 a 34 anos,23.0
2301257,Ararendá - CE,2017,35 a 39 anos,12.0
2301257,Ararendá - CE,2017,40 a 44 anos,8.0
2301257,Ararendá - CE,2017,45 a 49 anos,
2301257,Ararendá - CE,2017,50 anos ou mais,
2301257,Ararendá - CE,2017,Ignorada,
2301257,Ararendá - CE,2018,Total,161.0
2301257,Ararendá - CE,2018,Menos de 15 anos,1.0
2301257,Ararendá - CE,2018,15 a 19 anos,40.0
2301257,Ararendá - CE,2018,20 a 24 anos,37.0
2301257,Ararendá - CE,2018,25 a 29 anos,35.0
2301257,Ararendá - CE,2018,30 a 34 anos,20.0
2301257,Ararendá - CE,2018,35 a 39 anos,20.0
2301257,Ararendá - CE,2018,40 a 44 anos,8.0
2301257,Ararendá - CE,2018,45 a 49 anos,
2301257,Ararendá - CE,2018,50 anos ou mais,
2301257,Ararendá - CE,2018,Ignorada,
2301257,Ararendá - CE,2019,Total,152.0
2301257,Ararendá - CE,2019,Menos de 15 anos,4.0
2301257,Ararendá - CE,2019,15 a 19 anos,17.0
2301257,Ararendá - CE,2019,20 a 24 anos,43.0
2301257,Ararendá - CE,2019,25 a 29 anos,34.0
2301257,Ararendá - CE,2019,30 a 34 anos,30.0
2301257,Ararendá - CE,2019,35 a 39 anos,16.0
2301257,Ararendá - CE,2019,40 a 44 anos,8.0
2301257,Ararendá - CE,2019,45 a 49 anos,
2301257,Ararendá - CE,2019,50 anos ou mais,
2301257,Ararendá - CE,2019,Ignorada,
2301307,Araripe - CE,2014,Total,362.0
2301307,Araripe - CE,2014,Menos de 15 anos,1.0
2301307,Araripe - CE,2014,15 a 19 anos,85.0
2301307,Araripe - CE,2014,20 a 24 anos,83.0
2301307,Araripe - CE,2014,25 a 29 anos,92.0
2301307,Araripe - CE,2014,30 a 34 anos,46.0
2301307,Araripe - CE,2014,35 a 39 anos,44.0
2301307,Araripe - CE,2014,40 a 44 anos,9.0
2301307,Araripe - CE,2014,45 a 49 anos,1.0
2301307,Araripe - CE,2014,50 anos ou mais,1.0
2301307,Araripe - CE,2014,Ignorada,
2301307,Araripe - CE,2015,Total,355.0
2301307,Araripe - CE,2015,Menos de 15 anos,11.0
2301307,Araripe - CE,2015,15 a 19 anos,82.0
2301307,Araripe - CE,2015,20 a 24 anos,77.0
2301307,Araripe - CE,2015,25 a 29 anos,83.0
2301307,Araripe - CE,2015,30 a 34 anos,56.0
2301307,Araripe - CE,2015,35 a 39 anos,35.0
2301307,Araripe - CE,2015,40 a 44 anos,10.0
2301307,Araripe - CE,2015,45 a 49 anos,1.0
2301307,Araripe - CE,2015,50 anos ou mais,
2301307,Araripe - CE,2015,Ignorada,
2301307,Araripe - CE,2016,Total,354.0
2301307,Araripe - CE,2016,Menos de 15 anos,3.0
2301307,Araripe - CE,2016,15 a 19 anos,81.0
2301307,Araripe - CE,2016,20 a 24 anos,109.0
2301307,Araripe - CE,2016,25 a 29 anos,83.0
2301307,Araripe - CE,2016,30 a 34 anos,44.0
2301307,Araripe - CE,2016,35 a 39 anos,25.0
2301307,Araripe - CE,2016,40 a 44 anos,9.0
2301307,Araripe - CE,2016,45 a 49 anos,
2301307,Araripe - CE,2016,50 anos ou mais,
2301307,Araripe - CE,2016,Ignorada,
2301307,Araripe - CE,2017,Total,389.0
2301307,Araripe - CE,2017,Menos de 15 anos,5.0
2301307,Araripe - CE,2017,15 a 19 anos,82.0
2301307,Araripe - CE,2017,20 a 24 anos,96.0
2301307,Araripe - CE,2017,25 a 29 anos,91.0
2301307,Araripe - CE,2017,30 a 34 anos,66.0
2301307,Araripe - CE,2017,35 a 39 anos,38.0
2301307,Araripe - CE,2017,40 a 44 anos,11.0
2301307,Araripe - CE,2017,45 a 49 anos,
2301307,Araripe - CE,2017,50 anos ou mais,
2301307,Araripe - CE,2017,Ignorada,
2301307,Araripe - CE,2018,Total,372.0
2301307,Araripe - CE,2018,Menos de 15 anos,2.0
2301307,Araripe - CE,2018,15 a 19 anos,73.0
2301307,Araripe - CE,2018,20 a 24 anos,102.0
2301307,Araripe - CE,2018,25 a 29 anos,81.0
2301307,Araripe - CE,2018,30 a 34 anos,58.0
2301307,Araripe - CE,2018,35 a 39 anos,40.0
2301307,Araripe - CE,2018,40 a 44 anos,14.0
2301307,Araripe - CE,2018,45 a 49 anos,
2301307,Araripe - CE,2018,50 anos ou mais,
2301307,Araripe - CE,2018,Ignorada,2.0
2301307,Araripe - CE,2019,Total,355.0
2301307,Araripe - CE,2019,Menos de 15 anos,
2301307,Araripe - CE,2019,15 a 19 anos,69.0
2301307,Araripe - CE,2019,20 a 24 anos,98.0
2301307,Araripe - CE,2019,25 a 29 anos,73.0
2301307,Araripe - CE,2019,30 a 34 anos,72.0
2301307,Araripe - CE,2019,35 a 39 anos,27.0
2301307,Araripe - CE,2019,40 a 44 anos,16.0
2301307,Araripe - CE,2019,45 a 49 anos,
2301307,Araripe - CE,2019,50 anos ou mais,
2301307,Araripe - CE,2019,Ignorada,
2301406,Aratuba - CE,2014,Total,108.0
2301406,Aratuba - CE,2014,Menos de 15 anos,
2301406,Aratuba - CE,2014,15 a 19 anos,21.0
2301406,Aratuba - CE,2014,20 a 24 anos,34.0
2301406,Aratuba - CE,2014,25 a 29 anos,25.0
2301406,Aratuba - CE,2014,30 a 34 anos,17.0
2301406,Aratuba - CE,2014,35 a 39 anos,6.0
2301406,Aratuba - CE,2014,40 a 44 anos,3.0
2301406,Aratuba - CE,2014,45 a 49 anos,
2301406,Aratuba - CE,2014,50 anos ou mais,
2301406,Aratuba - CE,2014,Ignorada,2.0
2301406,Aratuba - CE,2015,Total,96.0
2301406,Aratuba - CE,2015,Menos de 15 anos,1.0
2301406,Aratuba - CE,2015,15 a 19 anos,20.0
2301406,Aratuba - CE,2015,20 a 24 anos,25.0
2301406,Aratuba - CE,2015,25 a 29 anos,25.0
2301406,Aratuba - CE,2015,30 a 34 anos,19.0
2301406,Aratuba - CE,2015,35 a 39 anos,4.0
2301406,Aratuba - CE,2015,40 a 44 anos,2.0
2301406,Aratuba - CE,2015,45 a 49 anos,
2301406,Aratuba - CE,2015,50 anos ou mais,
2301406,Aratuba - CE,2015,Ignorada,
2301406,Aratuba - CE,2016,Total,108.0
2301406,Aratuba - CE,2016,Menos de 15 anos,
2301406,Aratuba - CE,2016,15 a 19 anos,26.0
2301406,Aratuba - CE,2016,20 a 24 anos,37.0
2301406,Aratuba - CE,2016,25 a 29 anos,19.0
2301406,Aratuba - CE,2016,30 a 34 anos,16.0
2301406,Aratuba - CE,2016,35 a 39 anos,7.0
2301406,Aratuba - CE,2016,40 a 44 anos,3.0
2301406,Aratuba - CE,2016,45 a 49 anos,
2301406,Aratuba - CE,2016,50 anos ou mais,
2301406,Aratuba - CE,2016,Ignorada,
2301406,Aratuba - CE,2017,Total,174.0
2301406,Aratuba - CE,2017,Menos de 15 anos,2.0
2301406,Aratuba - CE,2017,15 a 19 anos,40.0
2301406,Aratuba - CE,2017,20 a 24 anos,42.0
2301406,Aratuba - CE,2017,25 a 29 anos,35.0
2301406,Aratuba - CE,2017,30 a 34 anos,38.0
2301406,Aratuba - CE,2017,35 a 39 anos,10.0
2301406,Aratuba - CE,2017,40 a 44 anos,6.0
2301406,Aratuba - CE,2017,45 a 49 anos,1.0
2301406,Aratuba - CE,2017,50 anos ou mais,
2301406,Aratuba - CE,2017,Ignorada,
2301406,Aratuba - CE,2018,Total,183.0
2301406,Aratuba - CE,2018,Menos de 15 anos,1.0
2301406,Aratuba - CE,2018,15 a 19 anos,35.0
2301406,Aratuba - CE,2018,20 a 24 anos,50.0
2301406,Aratuba - CE,2018,25 a 29 anos,47.0
2301406,Aratuba - CE,2018,30 a 34 anos,32.0
2301406,Aratuba - CE,2018,35 a 39 anos,16.0
2301406,Aratuba - CE,2018,40 a 44 anos,2.0
2301406,Aratuba - CE,2018,45 a 49 anos,
2301406,Aratuba - CE,2018,50 anos ou mais,
2301406,Aratuba - CE,2018,Ignorada,
2301406,Aratuba - CE,2019,Total,180.0
2301406,Aratuba - CE,2019,Menos de 15 anos,
2301406,Aratuba - CE,2019,15 a 19 anos,34.0
2301406,Aratuba - CE,2019,20 a 24 anos,49.0
2301406,Aratuba - CE,2019,25 a 29 anos,38.0
2301406,Aratuba - CE,2019,30 a 34 anos,37.0
2301406,Aratuba - CE,2019,35 a 39 anos,19.0
2301406,Aratuba - CE,2019,40 a 44 anos,3.0
2301406,Aratuba - CE,2019,45 a 49 anos,
2301406,Aratuba - CE,2019,50 anos ou mais,
2301406,Aratuba - CE,2019,Ignorada,
2301505,Arneiroz - CE,2014,Total,84.0
2301505,Arneiroz - CE,2014,Menos de 15 anos,
2301505,Arneiroz - CE,2014,15 a 19 anos,25.0
2301505,Arneiroz - CE,2014,20 a 24 anos,14.0
2301505,Arneiroz - CE,2014,25 a 29 anos,16.0
2301505,Arneiroz - CE,2014,30 a 34 anos,14.0
2301505,Arneiroz - CE,2014,35 a 39 anos,11.0
2301505,Arneiroz - CE,2014,40 a 44 anos,4.0
2301505,Arneiroz - CE,2014,45 a 49 anos,
2301505,Arneiroz - CE,2014,50 anos ou mais,
2301505,Arneiroz - CE,2014,Ignorada,
2301505,Arneiroz - CE,2015,Total,99.0
2301505,Arneiroz - CE,2015,Menos de 15 anos,1.0
2301505,Arneiroz - CE,2015,15 a 19 anos,21.0
2301505,Arneiroz - CE,2015,20 a 24 anos,22.0
2301505,Arneiroz - CE,2015,25 a 29 anos,25.0
2301505,Arneiroz - CE,2015,30 a 34 anos,17.0
2301505,Arneiroz - CE,2015,35 a 39 anos,10.0
2301505,Arneiroz - CE,2015,40 a 44 anos,3.0
2301505,Arneiroz - CE,2015,45 a 49 anos,
2301505,Arneiroz - CE,2015,50 anos ou mais,
2301505,Arneiroz - CE,2015,Ignorada,
2301505,Arneiroz - CE,2016,Total,69.0
2301505,Arneiroz - CE,2016,Menos de 15 anos,1.0
2301505,Arneiroz - CE,2016,15 a 19 anos,14.0
2301505,Arneiroz - CE,2016,20 a 24 anos,12.0
2301505,Arneiroz - CE,2016,25 a 29 anos,18.0
2301505,Arneiroz - CE,2016,30 a 34 anos,15.0
2301505,Arneiroz - CE,2016,35 a 39 anos,7.0
2301505,Arneiroz - CE,2016,40 a 44 anos,2.0
2301505,Arneiroz - CE,2016,45 a 49 anos,
2301505,Arneiroz - CE,2016,50 anos ou mais,
2301505,Arneiroz - CE,2016,Ignorada,
2301505,Arneiroz - CE,2017,Total,86.0
2301505,Arneiroz - CE,2017,Menos de 15 anos,1.0
2301505,Arneiroz - CE,2017,15 a 19 anos,20.0
2301505,Arneiroz - CE,2017,20 a 24 anos,19.0
2301505,Arneiroz - CE,2017,25 a 29 anos,15.0
2301505,Arneiroz - CE,2017,30 a 34 anos,18.0
2301505,Arneiroz - CE,2017,35 a 39 anos,11.0
2301505,Arneiroz - CE,2017,40 a 44 anos,2.0
2301505,Arneiroz - CE,2017,45 a 49 anos,
2301505,Arneiroz - CE,2017,50 anos ou mais,
2301505,Arneiroz - CE,2017,Ignorada,
2301505,Arneiroz - CE,2018,Total,90.0
2301505,Arneiroz - CE,2018,Menos de 15 anos,
2301505,Arneiroz - CE,2018,15 a 19 anos,20.0
2301505,Arneiroz - CE,2018,20 a 24 anos,25.0
2301505,Arneiroz - CE,2018,25 a 29 anos,19.0
2301505,Arneiroz - CE,2018,30 a 34 anos,16.0
2301505,Arneiroz - CE,2018,35 a 39 anos,8.0
2301505,Arneiroz - CE,2018,40 a 44 anos,2.0
2301505,Arneiroz - CE,2018,45 a 49 anos,
2301505,Arneiroz - CE,2018,50 anos ou mais,
2301505,Arneiroz - CE,2018,Ignorada,
2301505,Arneiroz - CE,2019,Total,117.0
2301505,Arneiroz - CE,2019,Menos de 15 anos,1.0
2301505,Arneiroz - CE,2019,15 a 19 anos,20.0
2301505,Arneiroz - CE,2019,20 a 24 anos,31.0
2301505,Arneiroz - CE,2019,25 a 29 anos,19.0
2301505,Arneiroz - CE,2019,30 a 34 anos,23.0
2301505,Arneiroz - CE,2019,35 a 39 anos,18.0
2301505,Arneiroz - CE,2019,40 a 44 anos,4.0
2301505,Arneiroz - CE,2019,45 a 49 anos,1.0
2301505,Arneiroz - CE,2019,50 anos ou mais,
2301505,Arneiroz - CE,2019,Ignorada,
2301604,Assaré - CE,2014,Total,263.0
2301604,Assaré - CE,2014,Menos de 15 anos,7.0
2301604,Assaré - CE,2014,15 a 19 anos,54.0
2301604,Assaré - CE,2014,20 a 24 anos,75.0
2301604,Assaré - CE,2014,25 a 29 anos,52.0
2301604,Assaré - CE,2014,30 a 34 anos,48.0
2301604,Assaré - CE,2014,35 a 39 anos,23.0
2301604,Assaré - CE,2014,40 a 44 anos,3.0
2301604,Assaré - CE,2014,45 a 49 anos,1.0
2301604,Assaré - CE,2014,50 anos ou mais,
2301604,Assaré - CE,2014,Ignorada,
2301604,Assaré - CE,2015,Total,235.0
2301604,Assaré - CE,2015,Menos de 15 anos,3.0
2301604,Assaré - CE,2015,15 a 19 anos,62.0
2301604,Assaré - CE,2015,20 a 24 anos,60.0
2301604,Assaré - CE,2015,25 a 29 anos,55.0
2301604,Assaré - CE,2015,30 a 34 anos,29.0
2301604,Assaré - CE,2015,35 a 39 anos,20.0
2301604,Assaré - CE,2015,40 a 44 anos,6.0
2301604,Assaré - CE,2015,45 a 49 anos,
2301604,Assaré - CE,2015,50 anos ou mais,
2301604,Assaré - CE,2015,Ignorada,
2301604,Assaré - CE,2016,Total,242.0
2301604,Assaré - CE,2016,Menos de 15 anos,2.0
2301604,Assaré - CE,2016,15 a 19 anos,55.0
2301604,Assaré - CE,2016,20 a 24 anos,70.0
2301604,Assaré - CE,2016,25 a 29 anos,58.0
2301604,Assaré - CE,2016,30 a 34 anos,29.0
2301604,Assaré - CE,2016,35 a 39 anos,20.0
2301604,Assaré - CE,2016,40 a 44 anos,7.0
2301604,Assaré - CE,2016,45 a 49 anos,1.0
2301604,Assaré - CE,2016,50 anos ou mais,
2301604,Assaré - CE,2016,Ignorada,
2301604,Assaré - CE,2017,Total,253.0
2301604,Assaré - CE,2017,Menos de 15 anos,1.0
2301604,Assaré - CE,2017,15 a 19 anos,43.0
2301604,Assaré - CE,2017,20 a 24 anos,83.0
2301604,Assaré - CE,2017,25 a 29 anos,54.0
2301604,Assaré - CE,2017,30 a 34 anos,38.0
2301604,Assaré - CE,2017,35 a 39 anos,22.0
2301604,Assaré - CE,2017,40 a 44 anos,12.0
2301604,Assaré - CE,2017,45 a 49 anos,
2301604,Assaré - CE,2017,50 anos ou mais,
2301604,Assaré - CE,2017,Ignorada,
2301604,Assaré - CE,2018,Total,284.0
2301604,Assaré - CE,2018,Menos de 15 anos,
2301604,Assaré - CE,2018,15 a 19 anos,65.0
2301604,Assaré - CE,2018,20 a 24 anos,82.0
2301604,Assaré - CE,2018,25 a 29 anos,62.0
2301604,Assaré - CE,2018,30 a 34 anos,35.0
2301604,Assaré - CE,2018,35 a 39 anos,27.0
2301604,Assaré - CE,2018,40 a 44 anos,11.0
2301604,Assaré - CE,2018,45 a 49 anos,2.0
2301604,Assaré - CE,2018,50 anos ou mais,
2301604,Assaré - CE,2018,Ignorada,
2301604,Assaré - CE,2019,Total,291.0
2301604,Assaré - CE,2019,Menos de 15 anos,
2301604,Assaré - CE,2019,15 a 19 anos,58.0
2301604,Assaré - CE,2019,20 a 24 anos,93.0
2301604,Assaré - CE,2019,25 a 29 anos,73.0
2301604,Assaré - CE,2019,30 a 34 anos,44.0
2301604,Assaré - CE,2019,35 a 39 anos,20.0
2301604,Assaré - CE,2019,40 a 44 anos,2.0
2301604,Assaré - CE,2019,45 a 49 anos,1.0
2301604,Assaré - CE,2019,50 anos ou mais,
2301604,Assaré - CE,2019,Ignorada,
2301703,Aurora - CE,2014,Total,288.0
2301703,Aurora - CE,2014,Menos de 15 anos,4.0
2301703,Aurora - CE,2014,15 a 19 anos,68.0
2301703,Aurora - CE,2014,20 a 24 anos,81.0
2301703,Aurora - CE,2014,25 a 29 anos,65.0
2301703,Aurora - CE,2014,30 a 34 anos,43.0
2301703,Aurora - CE,2014,35 a 39 anos,24.0
2301703,Aurora - CE,2014,40 a 44 anos,3.0
2301703,Aurora - CE,2014,45 a 49 anos,
2301703,Aurora - CE,2014,50 anos ou mais,
2301703,Aurora - CE,2014,Ignorada,
2301703,Aurora - CE,2015,Total,351.0
2301703,Aurora - CE,2015,Menos de 15 anos,4.0
2301703,Aurora - CE,2015,15 a 19 anos,65.0
2301703,Aurora - CE,2015,20 a 24 anos,99.0
2301703,Aurora - CE,2015,25 a 29 anos,89.0
2301703,Aurora - CE,2015,30 a 34 anos,64.0
2301703,Aurora - CE,2015,35 a 39 anos,20.0
2301703,Aurora - CE,2015,40 a 44 anos,9.0
2301703,Aurora - CE,2015,45 a 49 anos,
2301703,Aurora - CE,2015,50 anos ou mais,1.0
2301703,Aurora - CE,2015,Ignorada,
2301703,Aurora - CE,2016,Total,307.0
2301703,Aurora - CE,2016,Menos de 15 anos,3.0
2301703,Aurora - CE,2016,15 a 19 anos,69.0
2301703,Aurora - CE,2016,20 a 24 anos,92.0
2301703,Aurora - CE,2016,25 a 29 anos,57.0
2301703,Aurora - CE,2016,30 a 34 anos,50.0
2301703,Aurora - CE,2016,35 a 39 anos,28.0
2301703,Aurora - CE,2016,40 a 44 anos,7.0
2301703,Aurora - CE,2016,45 a 49 anos,1.0
2301703,Aurora - CE,2016,50 anos ou mais,
2301703,Aurora - CE,2016,Ignorada,
2301703,Aurora - CE,2017,Total,311.0
2301703,Aurora - CE,2017,Menos de 15 anos,3.0
2301703,Aurora - CE,2017,15 a 19 anos,59.0
2301703,Aurora - CE,2017,20 a 24 anos,96.0
2301703,Aurora - CE,2017,25 a 29 anos,69.0
2301703,Aurora - CE,2017,30 a 34 anos,57.0
2301703,Aurora - CE,2017,35 a 39 anos,19.0
2301703,Aurora - CE,2017,40 a 44 anos,8.0
2301703,Aurora - CE,2017,45 a 49 anos,
2301703,Aurora - CE,2017,50 anos ou mais,
2301703,Aurora - CE,2017,Ignorada,
2301703,Aurora - CE,2018,Total,303.0
2301703,Aurora - CE,2018,Menos de 15 anos,6.0
2301703,Aurora - CE,2018,15 a 19 anos,47.0
2301703,Aurora - CE,2018,20 a 24 anos,103.0
2301703,Aurora - CE,2018,25 a 29 anos,60.0
2301703,Aurora - CE,2018,30 a 34 anos,47.0
2301703,Aurora - CE,2018,35 a 39 anos,34.0
2301703,Aurora - CE,2018,40 a 44 anos,6.0
2301703,Aurora - CE,2018,45 a 49 anos,
2301703,Aurora - CE,2018,50 anos ou mais,
2301703,Aurora - CE,2018,Ignorada,
2301703,Aurora - CE,2019,Total,300.0
2301703,Aurora - CE,2019,Menos de 15 anos,1.0
2301703,Aurora - CE,2019,15 a 19 anos,58.0
2301703,Aurora - CE,2019,20 a 24 anos,95.0
2301703,Aurora - CE,2019,25 a 29 anos,67.0
2301703,Aurora - CE,2019,30 a 34 anos,48.0
2301703,Aurora - CE,2019,35 a 39 anos,29.0
2301703,Aurora - CE,2019,40 a 44 anos,2.0
2301703,Aurora - CE,2019,45 a 49 anos,
2301703,Aurora - CE,2019,50 anos ou mais,
2301703,Aurora - CE,2019,Ignorada,
2301802,Baixio - CE,2014,Total,61.0
2301802,Baixio - CE,2014,Menos de 15 anos,
2301802,Baixio - CE,2014,15 a 19 anos,14.0
2301802,Baixio - CE,2014,20 a 24 anos,12.0
2301802,Baixio - CE,2014,25 a 29 anos,13.0
2301802,Baixio - CE,2014,30 a 34 anos,13.0
2301802,Baixio - CE,2014,35 a 39 anos,9.0
2301802,Baixio - CE,2014,40 a 44 anos,
2301802,Baixio - CE,2014,45 a 49 anos,
2301802,Baixio - CE,2014,50 anos ou mais,
2301802,Baixio - CE,2014,Ignorada,
2301802,Baixio - CE,2015,Total,80.0
2301802,Baixio - CE,2015,Menos de 15 anos,1.0
2301802,Baixio - CE,2015,15 a 19 anos,15.0
2301802,Baixio - CE,2015,20 a 24 anos,23.0
2301802,Baixio - CE,2015,25 a 29 anos,21.0
2301802,Baixio - CE,2015,30 a 34 anos,13.0
2301802,Baixio - CE,2015,35 a 39 anos,7.0
2301802,Baixio - CE,2015,40 a 44 anos,
2301802,Baixio - CE,2015,45 a 49 anos,
2301802,Baixio - CE,2015,50 anos ou mais,
2301802,Baixio - CE,2015,Ignorada,
2301802,Baixio - CE,2016,Total,52.0
2301802,Baixio - CE,2016,Menos de 15 anos,2.0
2301802,Baixio - CE,2016,15 a 19 anos,6.0
2301802,Baixio - CE,2016,20 a 24 anos,15.0
2301802,Baixio - CE,2016,25 a 29 anos,11.0
2301802,Baixio - CE,2016,30 a 34 anos,10.0
2301802,Baixio - CE,2016,35 a 39 anos,4.0
2301802,Baixio - CE,2016,40 a 44 anos,3.0
2301802,Baixio - CE,2016,45 a 49 anos,1.0
2301802,Baixio - CE,2016,50 anos ou mais,
2301802,Baixio - CE,2016,Ignorada,
2301802,Baixio - CE,2017,Total,77.0
2301802,Baixio - CE,2017,Menos de 15 anos,1.0
2301802,Baixio - CE,2017,15 a 19 anos,12.0
2301802,Baixio - CE,2017,20 a 24 anos,23.0
2301802,Baixio - CE,2017,25 a 29 anos,15.0
2301802,Baixio - CE,2017,30 a 34 anos,11.0
2301802,Baixio - CE,2017,35 a 39 anos,13.0
2301802,Baixio - CE,2017,40 a 44 anos,2.0
2301802,Baixio - CE,2017,45 a 49 anos,
2301802,Baixio - CE,2017,50 anos ou mais,
2301802,Baixio - CE,2017,Ignorada,
2301802,Baixio - CE,2018,Total,83.0
2301802,Baixio - CE,2018,Menos de 15 anos,1.0
2301802,Baixio - CE,2018,15 a 19 anos,9.0
2301802,Baixio - CE,2018,20 a 24 anos,30.0
2301802,Baixio - CE,2018,25 a 29 anos,18.0
2301802,Baixio - CE,2018,30 a 34 anos,15.0
2301802,Baixio - CE,2018,35 a 39 anos,9.0
2301802,Baixio - CE,2018,40 a 44 anos,1.0
2301802,Baixio - CE,2018,45 a 49 anos,
2301802,Baixio - CE,2018,50 anos ou mais,
2301802,Baixio - CE,2018,Ignorada,
2301802,Baixio - CE,2019,Total,67.0
2301802,Baixio - CE,2019,Menos de 15 anos,1.0
2301802,Baixio - CE,2019,15 a 19 anos,10.0
2301802,Baixio - CE,2019,20 a 24 anos,17.0
2301802,Baixio - CE,2019,25 a 29 anos,15.0
2301802,Baixio - CE,2019,30 a 34 anos,14.0
2301802,Baixio - CE,2019,35 a 39 anos,7.0
2301802,Baixio - CE,2019,40 a 44 anos,3.0
2301802,Baixio - CE,2019,45 a 49 anos,
2301802,Baixio - CE,2019,50 anos ou mais,
2301802,Baixio - CE,2019,Ignorada,
2301851,Banabuiú - CE,2014,Total,214.0
2301851,Banabuiú - CE,2014,Menos de 15 anos,3.0
2301851,Banabuiú - CE,2014,15 a 19 anos,44.0
2301851,Banabuiú - CE,2014,20 a 24 anos,60.0
2301851,Banabuiú - CE,2014,25 a 29 anos,49.0
2301851,Banabuiú - CE,2014,30 a 34 anos,34.0
2301851,Banabuiú - CE,2014,35 a 39 anos,17.0
2301851,Banabuiú - CE,2014,40 a 44 anos,7.0
2301851,Banabuiú - CE,2014,45 a 49 anos,
2301851,Banabuiú - CE,2014,50 anos ou mais,
2301851,Banabuiú - CE,2014,Ignorada,
2301851,Banabuiú - CE,2015,Total,235.0
2301851,Banabuiú - CE,2015,Menos de 15 anos,2.0
2301851,Banabuiú - CE,2015,15 a 19 anos,55.0
2301851,Banabuiú - CE,2015,20 a 24 anos,55.0
2301851,Banabuiú - CE,2015,25 a 29 anos,50.0
2301851,Banabuiú - CE,2015,30 a 34 anos,34.0
2301851,Banabuiú - CE,2015,35 a 39 anos,32.0
2301851,Banabuiú - CE,2015,40 a 44 anos,6.0
2301851,Banabuiú - CE,2015,45 a 49 anos,1.0
2301851,Banabuiú - CE,2015,50 anos ou mais,
2301851,Banabuiú - CE,2015,Ignorada,
2301851,Banabuiú - CE,2016,Total,261.0
2301851,Banabuiú - CE,2016,Menos de 15 anos,4.0
2301851,Banabuiú - CE,2016,15 a 19 anos,63.0
2301851,Banabuiú - CE,2016,20 a 24 anos,77.0
2301851,Banabuiú - CE,2016,25 a 29 anos,48.0
2301851,Banabuiú - CE,2016,30 a 34 anos,47.0
2301851,Banabuiú - CE,2016,35 a 39 anos,16.0
2301851,Banabuiú - CE,2016,40 a 44 anos,6.0
2301851,Banabuiú - CE,2016,45 a 49 anos,
2301851,Banabuiú - CE,2016,50 anos ou mais,
2301851,Banabuiú - CE,2016,Ignorada,
2301851,Banabuiú - CE,2017,Total,238.0
2301851,Banabuiú - CE,2017,Menos de 15 anos,1.0
2301851,Banabuiú - CE,2017,15 a 19 anos,59.0
2301851,Banabuiú - CE,2017,20 a 24 anos,71.0
2301851,Banabuiú - CE,2017,25 a 29 anos,49.0
2301851,Banabuiú - CE,2017,30 a 34 anos,28.0
2301851,Banabuiú - CE,2017,35 a 39 anos,25.0
2301851,Banabuiú - CE,2017,40 a 44 anos,5.0
2301851,Banabuiú - CE,2017,45 a 49 anos,
2301851,Banabuiú - CE,2017,50 anos ou mais,
2301851,Banabuiú - CE,2017,Ignorada,
2301851,Banabuiú - CE,2018,Total,266.0
2301851,Banabuiú - CE,2018,Menos de 15 anos,3.0
2301851,Banabuiú - CE,2018,15 a 19 anos,49.0
2301851,Banabuiú - CE,2018,20 a 24 anos,75.0
2301851,Banabuiú - CE,2018,25 a 29 anos,56.0
2301851,Banabuiú - CE,2018,30 a 34 anos,49.0
2301851,Banabuiú - CE,2018,35 a 39 anos,28.0
2301851,Banabuiú - CE,2018,40 a 44 anos,5.0
2301851,Banabuiú - CE,2018,45 a 49 anos,1.0
2301851,Banabuiú - CE,2018,50 anos ou mais,
2301851,Banabuiú - CE,2018,Ignorada,
2301851,Banabuiú - CE,2019,Total,240.0
2301851,Banabuiú - CE,2019,Menos de 15 anos,1.0
2301851,Banabuiú - CE,2019,15 a 19 anos,48.0
2301851,Banabuiú - CE,2019,20 a 24 anos,66.0
2301851,Banabuiú - CE,2019,25 a 29 anos,50.0
2301851,Banabuiú - CE,2019,30 a 34 anos,42.0
2301851,Banabuiú - CE,2019,35 a 39 anos,25.0
2301851,Banabuiú - CE,2019,40 a 44 anos,7.0
2301851,Banabuiú - CE,2019,45 a 49 anos,1.0
2301851,Banabuiú - CE,2019,50 anos ou mais,
2301851,Banabuiú - CE,2019,Ignorada,
2301901,Barbalha - CE,2014,Total,1777.0
2301901,Barbalha - CE,2014,Menos de 15 anos,9.0
2301901,Barbalha - CE,2014,15 a 19 anos,247.0
2301901,Barbalha - CE,2014,20 a 24 anos,431.0
2301901,Barbalha - CE,2014,25 a 29 anos,462.0
2301901,Barbalha - CE,2014,30 a 34 anos,388.0
2301901,Barbalha - CE,2014,35 a 39 anos,188.0
2301901,Barbalha - CE,2014,40 a 44 anos,48.0
2301901,Barbalha - CE,2014,45 a 49 anos,4.0
2301901,Barbalha - CE,2014,50 anos ou mais,
2301901,Barbalha - CE,2014,Ignorada,
2301901,Barbalha - CE,2015,Total,1385.0
2301901,Barbalha - CE,2015,Menos de 15 anos,7.0
2301901,Barbalha - CE,2015,15 a 19 anos,196.0
2301901,Barbalha - CE,2015,20 a 24 anos,314.0
2301901,Barbalha - CE,2015,25 a 29 anos,390.0
2301901,Barbalha - CE,2015,30 a 34 anos,316.0
2301901,Barbalha - CE,2015,35 a 39 anos,127.0
2301901,Barbalha - CE,2015,40 a 44 anos,34.0
2301901,Barbalha - CE,2015,45 a 49 anos,
2301901,Barbalha - CE,2015,50 anos ou mais,
2301901,Barbalha - CE,2015,Ignorada,1.0
2301901,Barbalha - CE,2016,Total,1376.0
2301901,Barbalha - CE,2016,Menos de 15 anos,12.0
2301901,Barbalha - CE,2016,15 a 19 anos,203.0
2301901,Barbalha - CE,2016,20 a 24 anos,299.0
2301901,Barbalha - CE,2016,25 a 29 anos,385.0
2301901,Barbalha - CE,2016,30 a 34 anos,290.0
2301901,Barbalha - CE,2016,35 a 39 anos,152.0
2301901,Barbalha - CE,2016,40 a 44 anos,31.0
2301901,Barbalha - CE,2016,45 a 49 anos,3.0
2301901,Barbalha - CE,2016,50 anos ou mais,1.0
2301901,Barbalha - CE,2016,Ignorada,
2301901,Barbalha - CE,2017,Total,1170.0
2301901,Barbalha - CE,2017,Menos de 15 anos,4.0
2301901,Barbalha - CE,2017,15 a 19 anos,189.0
2301901,Barbalha - CE,2017,20 a 24 anos,291.0
2301901,Barbalha - CE,2017,25 a 29 anos,329.0
2301901,Barbalha - CE,2017,30 a 34 anos,232.0
2301901,Barbalha - CE,2017,35 a 39 anos,101.0
2301901,Barbalha - CE,2017,40 a 44 anos,23.0
2301901,Barbalha - CE,2017,45 a 49 anos,1.0
2301901,Barbalha - CE,2017,50 anos ou mais,
2301901,Barbalha - CE,2017,Ignorada,
2301901,Barbalha - CE,2018,Total,1190.0
2301901,Barbalha - CE,2018,Menos de 15 anos,7.0
2301901,Barbalha - CE,2018,15 a 19 anos,172.0
2301901,Barbalha - CE,2018,20 a 24 anos,278.0
2301901,Barbalha - CE,2018,25 a 29 anos,316.0
2301901,Barbalha - CE,2018,30 a 34 anos,266.0
2301901,Barbalha - CE,2018,35 a 39 anos,120.0
2301901,Barbalha - CE,2018,40 a 44 anos,29.0
2301901,Barbalha - CE,2018,45 a 49 anos,1.0
2301901,Barbalha - CE,2018,50 anos ou mais,
2301901,Barbalha - CE,2018,Ignorada,1.0
2301901,Barbalha - CE,2019,Total,1240.0
2301901,Barbalha - CE,2019,Menos de 15 anos,13.0
2301901,Barbalha - CE,2019,15 a 19 anos,168.0
2301901,Barbalha - CE,2019,20 a 24 anos,319.0
2301901,Barbalha - CE,2019,25 a 29 anos,300.0
2301901,Barbalha - CE,2019,30 a 34 anos,278.0
2301901,Barbalha - CE,2019,35 a 39 anos,138.0
2301901,Barbalha - CE,2019,40 a 44 anos,22.0
2301901,Barbalha - CE,2019,45 a 49 anos,2.0
2301901,Barbalha - CE,2019,50 anos ou mais,
2301901,Barbalha - CE,2019,Ignorada,
2301950,Barreira - CE,2014,Total,324.0
2301950,Barreira - CE,2014,Menos de 15 anos,2.0
2301950,Barreira - CE,2014,15 a 19 anos,83.0
2301950,Barreira - CE,2014,20 a 24 anos,79.0
2301950,Barreira - CE,2014,25 a 29 anos,80.0
2301950,Barreira - CE,2014,30 a 34 anos,54.0
2301950,Barreira - CE,2014,35 a 39 anos,20.0
2301950,Barreira - CE,2014,40 a 44 anos,6.0
2301950,Barreira - CE,2014,45 a 49 anos,
2301950,Barreira - CE,2014,50 anos ou mais,
2301950,Barreira - CE,2014,Ignorada,
2301950,Barreira - CE,2015,Total,339.0
2301950,Barreira - CE,2015,Menos de 15 anos,1.0
2301950,Barreira - CE,2015,15 a 19 anos,75.0
2301950,Barreira - CE,2015,20 a 24 anos,100.0
2301950,Barreira - CE,2015,25 a 29 anos,78.0
2301950,Barreira - CE,2015,30 a 34 anos,56.0
2301950,Barreira - CE,2015,35 a 39 anos,23.0
2301950,Barreira - CE,2015,40 a 44 anos,4.0
2301950,Barreira - CE,2015,45 a 49 anos,2.0
2301950,Barreira - CE,2015,50 anos ou mais,
2301950,Barreira - CE,2015,Ignorada,
2301950,Barreira - CE,2016,Total,310.0
2301950,Barreira - CE,2016,Menos de 15 anos,3.0
2301950,Barreira - CE,2016,15 a 19 anos,67.0
2301950,Barreira - CE,2016,20 a 24 anos,86.0
2301950,Barreira - CE,2016,25 a 29 anos,67.0
2301950,Barreira - CE,2016,30 a 34 anos,54.0
2301950,Barreira - CE,2016,35 a 39 anos,30.0
2301950,Barreira - CE,2016,40 a 44 anos,2.0
2301950,Barreira - CE,2016,45 a 49 anos,1.0
2301950,Barreira - CE,2016,50 anos ou mais,
2301950,Barreira - CE,2016,Ignorada,
2301950,Barreira - CE,2017,Total,322.0
2301950,Barreira - CE,2017,Menos de 15 anos,1.0
2301950,Barreira - CE,2017,15 a 19 anos,65.0
2301950,Barreira - CE,2017,20 a 24 anos,94.0
2301950,Barreira - CE,2017,25 a 29 anos,77.0
2301950,Barreira - CE,2017,30 a 34 anos,47.0
2301950,Barreira - CE,2017,35 a 39 anos,36.0
2301950,Barreira - CE,2017,40 a 44 anos,2.0
2301950,Barreira - CE,2017,45 a 49 anos,
2301950,Barreira - CE,2017,50 anos ou mais,
2301950,Barreira - CE,2017,Ignorada,
2301950,Barreira - CE,2018,Total,353.0
2301950,Barreira - CE,2018,Menos de 15 anos,
2301950,Barreira - CE,2018,15 a 19 anos,55.0
2301950,Barreira - CE,2018,20 a 24 anos,113.0
2301950,Barreira - CE,2018,25 a 29 anos,77.0
2301950,Barreira - CE,2018,30 a 34 anos,68.0
2301950,Barreira - CE,2018,35 a 39 anos,30.0
2301950,Barreira - CE,2018,40 a 44 anos,9.0
2301950,Barreira - CE,2018,45 a 49 anos,1.0
2301950,Barreira - CE,2018,50 anos ou mais,
2301950,Barreira - CE,2018,Ignorada,
2301950,Barreira - CE,2019,Total,356.0
2301950,Barreira - CE,2019,Menos de 15 anos,4.0
2301950,Barreira - CE,2019,15 a 19 anos,45.0
2301950,Barreira - CE,2019,20 a 24 anos,107.0
2301950,Barreira - CE,2019,25 a 29 anos,80.0
2301950,Barreira - CE,2019,30 a 34 anos,72.0
2301950,Barreira - CE,2019,35 a 39 anos,37.0
2301950,Barreira - CE,2019,40 a 44 anos,10.0
2301950,Barreira - CE,2019,45 a 49 anos,1.0
2301950,Barreira - CE,2019,50 anos ou mais,
2301950,Barreira - CE,2019,Ignorada,
2302008,Barro - CE,2014,Total,263.0
2302008,Barro - CE,2014,Menos de 15 anos,2.0
2302008,Barro - CE,2014,15 a 19 anos,60.0
2302008,Barro - CE,2014,20 a 24 anos,76.0
2302008,Barro - CE,2014,25 a 29 anos,55.0
2302008,Barro - CE,2014,30 a 34 anos,41.0
2302008,Barro - CE,2014,35 a 39 anos,20.0
2302008,Barro - CE,2014,40 a 44 anos,9.0
2302008,Barro - CE,2014,45 a 49 anos,
2302008,Barro - CE,2014,50 anos ou mais,
2302008,Barro - CE,2014,Ignorada,
2302008,Barro - CE,2015,Total,232.0
2302008,Barro - CE,2015,Menos de 15 anos,2.0
2302008,Barro - CE,2015,15 a 19 anos,40.0
2302008,Barro - CE,2015,20 a 24 anos,67.0
2302008,Barro - CE,2015,25 a 29 anos,51.0
2302008,Barro - CE,2015,30 a 34 anos,38.0
2302008,Barro - CE,2015,35 a 39 anos,27.0
2302008,Barro - CE,2015,40 a 44 anos,6.0
2302008,Barro - CE,2015,45 a 49 anos,1.0
2302008,Barro - CE,2015,50 anos ou mais,
2302008,Barro - CE,2015,Ignorada,
2302008,Barro - CE,2016,Total,219.0
2302008,Barro - CE,2016,Menos de 15 anos,3.0
2302008,Barro - CE,2016,15 a 19 anos,44.0
2302008,Barro - CE,2016,20 a 24 anos,57.0
2302008,Barro - CE,2016,25 a 29 anos,60.0
2302008,Barro - CE,2016,30 a 34 anos,32.0
2302008,Barro - CE,2016,35 a 39 anos,18.0
2302008,Barro - CE,2016,40 a 44 anos,4.0
2302008,Barro - CE,2016,45 a 49 anos,1.0
2302008,Barro - CE,2016,50 anos ou mais,
2302008,Barro - CE,2016,Ignorada,
2302008,Barro - CE,2017,Total,265.0
2302008,Barro - CE,2017,Menos de 15 anos,3.0
2302008,Barro - CE,2017,15 a 19 anos,44.0
2302008,Barro - CE,2017,20 a 24 anos,71.0
2302008,Barro - CE,2017,25 a 29 anos,66.0
2302008,Barro - CE,2017,30 a 34 anos,47.0
2302008,Barro - CE,2017,35 a 39 anos,28.0
2302008,Barro - CE,2017,40 a 44 anos,5.0
2302008,Barro - CE,2017,45 a 49 anos,1.0
2302008,Barro - CE,2017,50 anos ou mais,
2302008,Barro - CE,2017,Ignorada,
2302008,Barro - CE,2018,Total,246.0
2302008,Barro - CE,2018,Menos de 15 anos,1.0
2302008,Barro - CE,2018,15 a 19 anos,40.0
2302008,Barro - CE,2018,20 a 24 anos,76.0
2302008,Barro - CE,2018,25 a 29 anos,60.0
2302008,Barro - CE,2018,30 a 34 anos,43.0
2302008,Barro - CE,2018,35 a 39 anos,22.0
2302008,Barro - CE,2018,40 a 44 anos,4.0
2302008,Barro - CE,2018,45 a 49 anos,
2302008,Barro - CE,2018,50 anos ou mais,
2302008,Barro - CE,2018,Ignorada,
2302008,Barro - CE,2019,Total,231.0
2302008,Barro - CE,2019,Menos de 15 anos,
2302008,Barro - CE,2019,15 a 19 anos,27.0
2302008,Barro - CE,2019,20 a 24 anos,60.0
2302008,Barro - CE,2019,25 a 29 anos,64.0
2302008,Barro - CE,2019,30 a 34 anos,49.0
2302008,Barro - CE,2019,35 a 39 anos,23.0
2302008,Barro - CE,2019,40 a 44 anos,8.0
2302008,Barro - CE,2019,45 a 49 anos,
2302008,Barro - CE,2019,50 anos ou mais,
2302008,Barro - CE,2019,Ignorada,
2302057,Barroquinha - CE,2014,Total,197.0
2302057,Barroquinha - CE,2014,Menos de 15 anos,2.0
2302057,Barroquinha - CE,2014,15 a 19 anos,42.0
2302057,Barroquinha - CE,2014,20 a 24 anos,59.0
2302057,Barroquinha - CE,2014,25 a 29 anos,44.0
2302057,Barroquinha - CE,2014,30 a 34 anos,30.0
2302057,Barroquinha - CE,2014,35 a 39 anos,18.0
2302057,Barroquinha - CE,2014,40 a 44 anos,2.0
2302057,Barroquinha - CE,2014,45 a 49 anos,
2302057,Barroquinha - CE,2014,50 anos ou mais,
2302057,Barroquinha - CE,2014,Ignorada,
2302057,Barroquinha - CE,2015,Total,193.0
2302057,Barroquinha - CE,2015,Menos de 15 anos,1.0
2302057,Barroquinha - CE,2015,15 a 19 anos,40.0
2302057,Barroquinha - CE,2015,20 a 24 anos,57.0
2302057,Barroquinha - CE,2015,25 a 29 anos,43.0
2302057,Barroquinha - CE,2015,30 a 34 anos,33.0
2302057,Barroquinha - CE,2015,35 a 39 anos,16.0
2302057,Barroquinha - CE,2015,40 a 44 anos,3.0
2302057,Barroquinha - CE,2015,45 a 49 anos,
2302057,Barroquinha - CE,2015,50 anos ou mais,
2302057,Barroquinha - CE,2015,Ignorada,
2302057,Barroquinha - CE,2016,Total,231.0
2302057,Barroquinha - CE,2016,Menos de 15 anos,2.0
2302057,Barroquinha - CE,2016,15 a 19 anos,45.0
2302057,Barroquinha - CE,2016,20 a 24 anos,73.0
2302057,Barroquinha - CE,2016,25 a 29 anos,51.0
2302057,Barroquinha - CE,2016,30 a 34 anos,35.0
2302057,Barroquinha - CE,2016,35 a 39 anos,20.0
2302057,Barroquinha - CE,2016,40 a 44 anos,5.0
2302057,Barroquinha - CE,2016,45 a 49 anos,
2302057,Barroquinha - CE,2016,50 anos ou mais,
2302057,Barroquinha - CE,2016,Ignorada,
2302057,Barroquinha - CE,2017,Total,216.0
2302057,Barroquinha - CE,2017,Menos de 15 anos,1.0
2302057,Barroquinha - CE,2017,15 a 19 anos,45.0
2302057,Barroquinha - CE,2017,20 a 24 anos,65.0
2302057,Barroquinha - CE,2017,25 a 29 anos,47.0
2302057,Barroquinha - CE,2017,30 a 34 anos,30.0
2302057,Barroquinha - CE,2017,35 a 39 anos,21.0
2302057,Barroquinha - CE,2017,40 a 44 anos,7.0
2302057,Barroquinha - CE,2017,45 a 49 anos,
2302057,Barroquinha - CE,2017,50 anos ou mais,
2302057,Barroquinha - CE,2017,Ignorada,
2302057,Barroquinha - CE,2018,Total,224.0
2302057,Barroquinha - CE,2018,Menos de 15 anos,4.0
2302057,Barroquinha - CE,2018,15 a 19 anos,33.0
2302057,Barroquinha - CE,2018,20 a 24 anos,55.0
2302057,Barroquinha - CE,2018,25 a 29 anos,45.0
2302057,Barroquinha - CE,2018,30 a 34 anos,48.0
2302057,Barroquinha - CE,2018,35 a 39 anos,27.0
2302057,Barroquinha - CE,2018,40 a 44 anos,10.0
2302057,Barroquinha - CE,2018,45 a 49 anos,2.0
2302057,Barroquinha - CE,2018,50 anos ou mais,
2302057,Barroquinha - CE,2018,Ignorada,
2302057,Barroquinha - CE,2019,Total,224.0
2302057,Barroquinha - CE,2019,Menos de 15 anos,
2302057,Barroquinha - CE,2019,15 a 19 anos,46.0
2302057,Barroquinha - CE,2019,20 a 24 anos,48.0
2302057,Barroquinha - CE,2019,25 a 29 anos,56.0
2302057,Barroquinha - CE,2019,30 a 34 anos,39.0
2302057,Barroquinha - CE,2019,35 a 39 anos,27.0
2302057,Barroquinha - CE,2019,40 a 44 anos,8.0
2302057,Barroquinha - CE,2019,45 a 49 anos,
2302057,Barroquinha - CE,2019,50 anos ou mais,
2302057,Barroquinha - CE,2019,Ignorada,
2302107,Baturité - CE,2014,Total,606.0
2302107,Baturité - CE,2014,Menos de 15 anos,8.0
2302107,Baturité - CE,2014,15 a 19 anos,112.0
2302107,Baturité - CE,2014,20 a 24 anos,153.0
2302107,Baturité - CE,2014,25 a 29 anos,154.0
2302107,Baturité - CE,2014,30 a 34 anos,114.0
2302107,Baturité - CE,2014,35 a 39 anos,46.0
2302107,Baturité - CE,2014,40 a 44 anos,17.0
2302107,Baturité - CE,2014,45 a 49 anos,1.0
2302107,Baturité - CE,2014,50 anos ou mais,
2302107,Baturité - CE,2014,Ignorada,1.0
2302107,Baturité - CE,2015,Total,570.0
2302107,Baturité - CE,2015,Menos de 15 anos,2.0
2302107,Baturité - CE,2015,15 a 19 anos,118.0
2302107,Baturité - CE,2015,20 a 24 anos,139.0
2302107,Baturité - CE,2015,25 a 29 anos,133.0
2302107,Baturité - CE,2015,30 a 34 anos,100.0
2302107,Baturité - CE,2015,35 a 39 anos,57.0
2302107,Baturité - CE,2015,40 a 44 anos,21.0
2302107,Baturité - CE,2015,45 a 49 anos,
2302107,Baturité - CE,2015,50 anos ou mais,
2302107,Baturité - CE,2015,Ignorada,
2302107,Baturité - CE,2016,Total,516.0
2302107,Baturité - CE,2016,Menos de 15 anos,3.0
2302107,Baturité - CE,2016,15 a 19 anos,96.0
2302107,Baturité - CE,2016,20 a 24 anos,167.0
2302107,Baturité - CE,2016,25 a 29 anos,101.0
2302107,Baturité - CE,2016,30 a 34 anos,86.0
2302107,Baturité - CE,2016,35 a 39 anos,54.0
2302107,Baturité - CE,2016,40 a 44 anos,9.0
2302107,Baturité - CE,2016,45 a 49 anos,
2302107,Baturité - CE,2016,50 anos ou mais,
2302107,Baturité - CE,2016,Ignorada,
2302107,Baturité - CE,2017,Total,453.0
2302107,Baturité - CE,2017,Menos de 15 anos,5.0
2302107,Baturité - CE,2017,15 a 19 anos,85.0
2302107,Baturité - CE,2017,20 a 24 anos,131.0
2302107,Baturité - CE,2017,25 a 29 anos,91.0
2302107,Baturité - CE,2017,30 a 34 anos,70.0
2302107,Baturité - CE,2017,35 a 39 anos,51.0
2302107,Baturité - CE,2017,40 a 44 anos,20.0
2302107,Baturité - CE,2017,45 a 49 anos,
2302107,Baturité - CE,2017,50 anos ou mais,
2302107,Baturité - CE,2017,Ignorada,
2302107,Baturité - CE,2018,Total,531.0
2302107,Baturité - CE,2018,Menos de 15 anos,3.0
2302107,Baturité - CE,2018,15 a 19 anos,89.0
2302107,Baturité - CE,2018,20 a 24 anos,143.0
2302107,Baturité - CE,2018,25 a 29 anos,122.0
2302107,Baturité - CE,2018,30 a 34 anos,96.0
2302107,Baturité - CE,2018,35 a 39 anos,61.0
2302107,Baturité - CE,2018,40 a 44 anos,14.0
2302107,Baturité - CE,2018,45 a 49 anos,
2302107,Baturité - CE,2018,50 anos ou mais,1.0
2302107,Baturité - CE,2018,Ignorada,2.0
2302107,Baturité - CE,2019,Total,522.0
2302107,Baturité - CE,2019,Menos de 15 anos,3.0
2302107,Baturité - CE,2019,15 a 19 anos,79.0
2302107,Baturité - CE,2019,20 a 24 anos,134.0
2302107,Baturité - CE,2019,25 a 29 anos,113.0
2302107,Baturité - CE,2019,30 a 34 anos,113.0
2302107,Baturité - CE,2019,35 a 39 anos,54.0
2302107,Baturité - CE,2019,40 a 44 anos,22.0
2302107,Baturité - CE,2019,45 a 49 anos,3.0
2302107,Baturité - CE,2019,50 anos ou mais,
2302107,Baturité - CE,2019,Ignorada,1.0
2302206,Beberibe - CE,2014,Total,607.0
2302206,Beberibe - CE,2014,Menos de 15 anos,2.0
2302206,Beberibe - CE,2014,15 a 19 anos,104.0
2302206,Beberibe - CE,2014,20 a 24 anos,163.0
2302206,Beberibe - CE,2014,25 a 29 anos,141.0
2302206,Beberibe - CE,2014,30 a 34 anos,120.0
2302206,Beberibe - CE,2014,35 a 39 anos,64.0
2302206,Beberibe - CE,2014,40 a 44 anos,13.0
2302206,Beberibe - CE,2014,45 a 49 anos,
2302206,Beberibe - CE,2014,50 anos ou mais,
2302206,Beberibe - CE,2014,Ignorada,
2302206,Beberibe - CE,2015,Total,613.0
2302206,Beberibe - CE,2015,Menos de 15 anos,6.0
2302206,Beberibe - CE,2015,15 a 19 anos,108.0
2302206,Beberibe - CE,2015,20 a 24 anos,158.0
2302206,Beberibe - CE,2015,25 a 29 anos,135.0
2302206,Beberibe - CE,2015,30 a 34 anos,118.0
2302206,Beberibe - CE,2015,35 a 39 anos,67.0
2302206,Beberibe - CE,2015,40 a 44 anos,18.0
2302206,Beberibe - CE,2015,45 a 49 anos,3.0
2302206,Beberibe - CE,2015,50 anos ou mais,
2302206,Beberibe - CE,2015,Ignorada,
2302206,Beberibe - CE,2016,Total,650.0
2302206,Beberibe - CE,2016,Menos de 15 anos,4.0
2302206,Beberibe - CE,2016,15 a 19 anos,106.0
2302206,Beberibe - CE,2016,20 a 24 anos,179.0
2302206,Beberibe - CE,2016,25 a 29 anos,148.0
2302206,Beberibe - CE,2016,30 a 34 anos,132.0
2302206,Beberibe - CE,2016,35 a 39 anos,68.0
2302206,Beberibe - CE,2016,40 a 44 anos,13.0
2302206,Beberibe - CE,2016,45 a 49 anos,
2302206,Beberibe - CE,2016,50 anos ou mais,
2302206,Beberibe - CE,2016,Ignorada,
2302206,Beberibe - CE,2017,Total,576.0
2302206,Beberibe - CE,2017,Menos de 15 anos,3.0
2302206,Beberibe - CE,2017,15 a 19 anos,92.0
2302206,Beberibe - CE,2017,20 a 24 anos,152.0
2302206,Beberibe - CE,2017,25 a 29 anos,143.0
2302206,Beberibe - CE,2017,30 a 34 anos,115.0
2302206,Beberibe - CE,2017,35 a 39 anos,59.0
2302206,Beberibe - CE,2017,40 a 44 anos,11.0
2302206,Beberibe - CE,2017,45 a 49 anos,1.0
2302206,Beberibe - CE,2017,50 anos ou mais,
2302206,Beberibe - CE,2017,Ignorada,
2302206,Beberibe - CE,2018,Total,630.0
2302206,Beberibe - CE,2018,Menos de 15 anos,7.0
2302206,Beberibe - CE,2018,15 a 19 anos,95.0
2302206,Beberibe - CE,2018,20 a 24 anos,148.0
2302206,Beberibe - CE,2018,25 a 29 anos,155.0
2302206,Beberibe - CE,2018,30 a 34 anos,130.0
2302206,Beberibe - CE,2018,35 a 39 anos,66.0
2302206,Beberibe - CE,2018,40 a 44 anos,25.0
2302206,Beberibe - CE,2018,45 a 49 anos,4.0
2302206,Beberibe - CE,2018,50 anos ou mais,
2302206,Beberibe - CE,2018,Ignorada,
2302206,Beberibe - CE,2019,Total,648.0
2302206,Beberibe - CE,2019,Menos de 15 anos,4.0
2302206,Beberibe - CE,2019,15 a 19 anos,85.0
2302206,Beberibe - CE,2019,20 a 24 anos,169.0
2302206,Beberibe - CE,2019,25 a 29 anos,147.0
2302206,Beberibe - CE,2019,30 a 34 anos,122.0
2302206,Beberibe - CE,2019,35 a 39 anos,92.0
2302206,Beberibe - CE,2019,40 a 44 anos,29.0
2302206,Beberibe - CE,2019,45 a 49 anos,
2302206,Beberibe - CE,2019,50 anos ou mais,
2302206,Beberibe - CE,2019,Ignorada,
2302305,Bela Cruz - CE,2014,Total,385.0
2302305,Bela Cruz - CE,2014,Menos de 15 anos,5.0
2302305,Bela Cruz - CE,2014,15 a 19 anos,74.0
2302305,Bela Cruz - CE,2014,20 a 24 anos,101.0
2302305,Bela Cruz - CE,2014,25 a 29 anos,93.0
2302305,Bela Cruz - CE,2014,30 a 34 anos,65.0
2302305,Bela Cruz - CE,2014,35 a 39 anos,36.0
2302305,Bela Cruz - CE,2014,40 a 44 anos,11.0
2302305,Bela Cruz - CE,2014,45 a 49 anos,
2302305,Bela Cruz - CE,2014,50 anos ou mais,
2302305,Bela Cruz - CE,2014,Ignorada,
2302305,Bela Cruz - CE,2015,Total,453.0
2302305,Bela Cruz - CE,2015,Menos de 15 anos,2.0
2302305,Bela Cruz - CE,2015,15 a 19 anos,70.0
2302305,Bela Cruz - CE,2015,20 a 24 anos,121.0
2302305,Bela Cruz - CE,2015,25 a 29 anos,136.0
2302305,Bela Cruz - CE,2015,30 a 34 anos,75.0
2302305,Bela Cruz - CE,2015,35 a 39 anos,36.0
2302305,Bela Cruz - CE,2015,40 a 44 anos,9.0
2302305,Bela Cruz - CE,2015,45 a 49 anos,2.0
2302305,Bela Cruz - CE,2015,50 anos ou mais,
2302305,Bela Cruz - CE,2015,Ignorada,2.0
2302305,Bela Cruz - CE,2016,Total,401.0
2302305,Bela Cruz - CE,2016,Menos de 15 anos,1.0
2302305,Bela Cruz - CE,2016,15 a 19 anos,83.0
2302305,Bela Cruz - CE,2016,20 a 24 anos,94.0
2302305,Bela Cruz - CE,2016,25 a 29 anos,99.0
2302305,Bela Cruz - CE,2016,30 a 34 anos,77.0
2302305,Bela Cruz - CE,2016,35 a 39 anos,37.0
2302305,Bela Cruz - CE,2016,40 a 44 anos,10.0
2302305,Bela Cruz - CE,2016,45 a 49 anos,
2302305,Bela Cruz - CE,2016,50 anos ou mais,
2302305,Bela Cruz - CE,2016,Ignorada,
2302305,Bela Cruz - CE,2017,Total,389.0
2302305,Bela Cruz - CE,2017,Menos de 15 anos,6.0
2302305,Bela Cruz - CE,2017,15 a 19 anos,51.0
2302305,Bela Cruz - CE,2017,20 a 24 anos,96.0
2302305,Bela Cruz - CE,2017,25 a 29 anos,104.0
2302305,Bela Cruz - CE,2017,30 a 34 anos,81.0
2302305,Bela Cruz - CE,2017,35 a 39 anos,40.0
2302305,Bela Cruz - CE,2017,40 a 44 anos,10.0
2302305,Bela Cruz - CE,2017,45 a 49 anos,1.0
2302305,Bela Cruz - CE,2017,50 anos ou mais,
2302305,Bela Cruz - CE,2017,Ignorada,
2302305,Bela Cruz - CE,2018,Total,400.0
2302305,Bela Cruz - CE,2018,Menos de 15 anos,4.0
2302305,Bela Cruz - CE,2018,15 a 19 anos,67.0
2302305,Bela Cruz - CE,2018,20 a 24 anos,101.0
2302305,Bela Cruz - CE,2018,25 a 29 anos,101.0
2302305,Bela Cruz - CE,2018,30 a 34 anos,80.0
2302305,Bela Cruz - CE,2018,35 a 39 anos,40.0
2302305,Bela Cruz - CE,2018,40 a 44 anos,7.0
2302305,Bela Cruz - CE,2018,45 a 49 anos,
2302305,Bela Cruz - CE,2018,50 anos ou mais,
2302305,Bela Cruz - CE,2018,Ignorada,
2302305,Bela Cruz - CE,2019,Total,408.0
2302305,Bela Cruz - CE,2019,Menos de 15 anos,2.0
2302305,Bela Cruz - CE,2019,15 a 19 anos,52.0
2302305,Bela Cruz - CE,2019,20 a 24 anos,96.0
2302305,Bela Cruz - CE,2019,25 a 29 anos,103.0
2302305,Bela Cruz - CE,2019,30 a 34 anos,81.0
2302305,Bela Cruz - CE,2019,35 a 39 anos,61.0
2302305,Bela Cruz - CE,2019,40 a 44 anos,13.0
2302305,Bela Cruz - CE,2019,45 a 49 anos,
2302305,Bela Cruz - CE,2019,50 anos ou mais,
2302305,Bela Cruz - CE,2019,Ignorada,
2302404,Boa Viagem - CE,2014,Total,657.0
2302404,Boa Viagem - CE,2014,Menos de 15 anos,3.0
2302404,Boa Viagem - CE,2014,15 a 19 anos,159.0
2302404,Boa Viagem - CE,2014,20 a 24 anos,180.0
2302404,Boa Viagem - CE,2014,25 a 29 anos,146.0
2302404,Boa Viagem - CE,2014,30 a 34 anos,93.0
2302404,Boa Viagem - CE,2014,35 a 39 anos,61.0
2302404,Boa Viagem - CE,2014,40 a 44 anos,15.0
2302404,Boa Viagem - CE,2014,45 a 49 anos,
2302404,Boa Viagem - CE,2014,50 anos ou mais,
2302404,Boa Viagem - CE,2014,Ignorada,
2302404,Boa Viagem - CE,2015,Total,651.0
2302404,Boa Viagem - CE,2015,Menos de 15 anos,11.0
2302404,Boa Viagem - CE,2015,15 a 19 anos,139.0
2302404,Boa Viagem - CE,2015,20 a 24 anos,194.0
2302404,Boa Viagem - CE,2015,25 a 29 anos,148.0
2302404,Boa Viagem - CE,2015,30 a 34 anos,98.0
2302404,Boa Viagem - CE,2015,35 a 39 anos,42.0
2302404,Boa Viagem - CE,2015,40 a 44 anos,16.0
2302404,Boa Viagem - CE,2015,45 a 49 anos,3.0
2302404,Boa Viagem - CE,2015,50 anos ou mais,
2302404,Boa Viagem - CE,2015,Ignorada,
2302404,Boa Viagem - CE,2016,Total,596.0
2302404,Boa Viagem - CE,2016,Menos de 15 anos,3.0
2302404,Boa Viagem - CE,2016,15 a 19 anos,135.0
2302404,Boa Viagem - CE,2016,20 a 24 anos,165.0
2302404,Boa Viagem - CE,2016,25 a 29 anos,133.0
2302404,Boa Viagem - CE,2016,30 a 34 anos,88.0
2302404,Boa Viagem - CE,2016,35 a 39 anos,49.0
2302404,Boa Viagem - CE,2016,40 a 44 anos,20.0
2302404,Boa Viagem - CE,2016,45 a 49 anos,3.0
2302404,Boa Viagem - CE,2016,50 anos ou mais,
2302404,Boa Viagem - CE,2016,Ignorada,
2302404,Boa Viagem - CE,2017,Total,638.0
2302404,Boa Viagem - CE,2017,Menos de 15 anos,3.0
2302404,Boa Viagem - CE,2017,15 a 19 anos,124.0
2302404,Boa Viagem - CE,2017,20 a 24 anos,202.0
2302404,Boa Viagem - CE,2017,25 a 29 anos,156.0
2302404,Boa Viagem - CE,2017,30 a 34 anos,101.0
2302404,Boa Viagem - CE,2017,35 a 39 anos,40.0
2302404,Boa Viagem - CE,2017,40 a 44 anos,11.0
2302404,Boa Viagem - CE,2017,45 a 49 anos,1.0
2302404,Boa Viagem - CE,2017,50 anos ou mais,
2302404,Boa Viagem - CE,2017,Ignorada,
2302404,Boa Viagem - CE,2018,Total,722.0
2302404,Boa Viagem - CE,2018,Menos de 15 anos,5.0
2302404,Boa Viagem - CE,2018,15 a 19 anos,146.0
2302404,Boa Viagem - CE,2018,20 a 24 anos,190.0
2302404,Boa Viagem - CE,2018,25 a 29 anos,174.0
2302404,Boa Viagem - CE,2018,30 a 34 anos,117.0
2302404,Boa Viagem - CE,2018,35 a 39 anos,70.0
2302404,Boa Viagem - CE,2018,40 a 44 anos,17.0
2302404,Boa Viagem - CE,2018,45 a 49 anos,3.0
2302404,Boa Viagem - CE,2018,50 anos ou mais,
2302404,Boa Viagem - CE,2018,Ignorada,
2302404,Boa Viagem - CE,2019,Total,571.0
2302404,Boa Viagem - CE,2019,Menos de 15 anos,6.0
2302404,Boa Viagem - CE,2019,15 a 19 anos,110.0
2302404,Boa Viagem - CE,2019,20 a 24 anos,174.0
2302404,Boa Viagem - CE,2019,25 a 29 anos,121.0
2302404,Boa Viagem - CE,2019,30 a 34 anos,95.0
2302404,Boa Viagem - CE,2019,35 a 39 anos,49.0
2302404,Boa Viagem - CE,2019,40 a 44 anos,15.0
2302404,Boa Viagem - CE,2019,45 a 49 anos,1.0
2302404,Boa Viagem - CE,2019,50 anos ou mais,
2302404,Boa Viagem - CE,2019,Ignorada,
2302503,Brejo Santo - CE,2014,Total,794.0
2302503,Brejo Santo - CE,2014,Menos de 15 anos,9.0
2302503,Brejo Santo - CE,2014,15 a 19 anos,159.0
2302503,Brejo Santo - CE,2014,20 a 24 anos,190.0
2302503,Brejo Santo - CE,2014,25 a 29 anos,230.0
2302503,Brejo Santo - CE,2014,30 a 34 anos,135.0
2302503,Brejo Santo - CE,2014,35 a 39 anos,59.0
2302503,Brejo Santo - CE,2014,40 a 44 anos,8.0
2302503,Brejo Santo - CE,2014,45 a 49 anos,2.0
2302503,Brejo Santo - CE,2014,50 anos ou mais,
2302503,Brejo Santo - CE,2014,Ignorada,2.0
2302503,Brejo Santo - CE,2015,Total,911.0
2302503,Brejo Santo - CE,2015,Menos de 15 anos,9.0
2302503,Brejo Santo - CE,2015,15 a 19 anos,161.0
2302503,Brejo Santo - CE,2015,20 a 24 anos,257.0
2302503,Brejo Santo - CE,2015,25 a 29 anos,243.0
2302503,Brejo Santo - CE,2015,30 a 34 anos,139.0
2302503,Brejo Santo - CE,2015,35 a 39 anos,80.0
2302503,Brejo Santo - CE,2015,40 a 44 anos,20.0
2302503,Brejo Santo - CE,2015,45 a 49 anos,1.0
2302503,Brejo Santo - CE,2015,50 anos ou mais,
2302503,Brejo Santo - CE,2015,Ignorada,1.0
2302503,Brejo Santo - CE,2016,Total,764.0
2302503,Brejo Santo - CE,2016,Menos de 15 anos,8.0
2302503,Brejo Santo - CE,2016,15 a 19 anos,138.0
2302503,Brejo Santo - CE,2016,20 a 24 anos,233.0
2302503,Brejo Santo - CE,2016,25 a 29 anos,194.0
2302503,Brejo Santo - CE,2016,30 a 34 anos,129.0
2302503,Brejo Santo - CE,2016,35 a 39 anos,47.0
2302503,Brejo Santo - CE,2016,40 a 44 anos,14.0
2302503,Brejo Santo - CE,2016,45 a 49 anos,
2302503,Brejo Santo - CE,2016,50 anos ou mais,
2302503,Brejo Santo - CE,2016,Ignorada,1.0
2302503,Brejo Santo - CE,2017,Total,778.0
2302503,Brejo Santo - CE,2017,Menos de 15 anos,6.0
2302503,Brejo Santo - CE,2017,15 a 19 anos,134.0
2302503,Brejo Santo - CE,2017,20 a 24 anos,210.0
2302503,Brejo Santo - CE,2017,25 a 29 anos,214.0
2302503,Brejo Santo - CE,2017,30 a 34 anos,133.0
2302503,Brejo Santo - CE,2017,35 a 39 anos,56.0
2302503,Brejo Santo - CE,2017,40 a 44 anos,23.0
2302503,Brejo Santo - CE,2017,45 a 49 anos,2.0
2302503,Brejo Santo - CE,2017,50 anos ou mais,
2302503,Brejo Santo - CE,2017,Ignorada,
2302503,Brejo Santo - CE,2018,Total,877.0
2302503,Brejo Santo - CE,2018,Menos de 15 anos,12.0
2302503,Brejo Santo - CE,2018,15 a 19 anos,142.0
2302503,Brejo Santo - CE,2018,20 a 24 anos,235.0
2302503,Brejo Santo - CE,2018,25 a 29 anos,206.0
2302503,Brejo Santo - CE,2018,30 a 34 anos,170.0
2302503,Brejo Santo - CE,2018,35 a 39 anos,83.0
2302503,Brejo Santo - CE,2018,40 a 44 anos,28.0
2302503,Brejo Santo - CE,2018,45 a 49 anos,1.0
2302503,Brejo Santo - CE,2018,50 anos ou mais,
2302503,Brejo Santo - CE,2018,Ignorada,
2302503,Brejo Santo - CE,2019,Total,833.0
2302503,Brejo Santo - CE,2019,Menos de 15 anos,5.0
2302503,Brejo Santo - CE,2019,15 a 19 anos,118.0
2302503,Brejo Santo - CE,2019,20 a 24 anos,225.0
2302503,Brejo Santo - CE,2019,25 a 29 anos,202.0
2302503,Brejo Santo - CE,2019,30 a 34 anos,184.0
2302503,Brejo Santo - CE,2019,35 a 39 anos,85.0
2302503,Brejo Santo - CE,2019,40 a 44 anos,13.0
2302503,Brejo Santo - CE,2019,45 a 49 anos,1.0
2302503,Brejo Santo - CE,2019,50 anos ou mais,
2302503,Brejo Santo - CE,2019,Ignorada,
2302602,Camocim - CE,2014,Total,902.0
2302602,Camocim - CE,2014,Menos de 15 anos,14.0
2302602,Camocim - CE,2014,15 a 19 anos,162.0
2302602,Camocim - CE,2014,20 a 24 anos,271.0
2302602,Camocim - CE,2014,25 a 29 anos,219.0
2302602,Camocim - CE,2014,30 a 34 anos,145.0
2302602,Camocim - CE,2014,35 a 39 anos,74.0
2302602,Camocim - CE,2014,40 a 44 anos,15.0
2302602,Camocim - CE,2014,45 a 49 anos,2.0
2302602,Camocim - CE,2014,50 anos ou mais,
2302602,Camocim - CE,2014,Ignorada,
2302602,Camocim - CE,2015,Total,884.0
2302602,Camocim - CE,2015,Menos de 15 anos,11.0
2302602,Camocim - CE,2015,15 a 19 anos,174.0
2302602,Camocim - CE,2015,20 a 24 anos,253.0
2302602,Camocim - CE,2015,25 a 29 anos,203.0
2302602,Camocim - CE,2015,30 a 34 anos,144.0
2302602,Camocim - CE,2015,35 a 39 anos,74.0
2302602,Camocim - CE,2015,40 a 44 anos,25.0
2302602,Camocim - CE,2015,45 a 49 anos,
2302602,Camocim - CE,2015,50 anos ou mais,
2302602,Camocim - CE,2015,Ignorada,
2302602,Camocim - CE,2016,Total,908.0
2302602,Camocim - CE,2016,Menos de 15 anos,13.0
2302602,Camocim - CE,2016,15 a 19 anos,197.0
2302602,Camocim - CE,2016,20 a 24 anos,236.0
2302602,Camocim - CE,2016,25 a 29 anos,199.0
2302602,Camocim - CE,2016,30 a 34 anos,164.0
2302602,Camocim - CE,2016,35 a 39 anos,77.0
2302602,Camocim - CE,2016,40 a 44 anos,19.0
2302602,Camocim - CE,2016,45 a 49 anos,3.0
2302602,Camocim - CE,2016,50 anos ou mais,
2302602,Camocim - CE,2016,Ignorada,
2302602,Camocim - CE,2017,Total,957.0
2302602,Camocim - CE,2017,Menos de 15 anos,14.0
2302602,Camocim - CE,2017,15 a 19 anos,190.0
2302602,Camocim - CE,2017,20 a 24 anos,282.0
2302602,Camocim - CE,2017,25 a 29 anos,205.0
2302602,Camocim - CE,2017,30 a 34 anos,166.0
2302602,Camocim - CE,2017,35 a 39 anos,79.0
2302602,Camocim - CE,2017,40 a 44 anos,20.0
2302602,Camocim - CE,2017,45 a 49 anos,1.0
2302602,Camocim - CE,2017,50 anos ou mais,
2302602,Camocim - CE,2017,Ignorada,
2302602,Camocim - CE,2018,Total,960.0
2302602,Camocim - CE,2018,Menos de 15 anos,10.0
2302602,Camocim - CE,2018,15 a 19 anos,173.0
2302602,Camocim - CE,2018,20 a 24 anos,272.0
2302602,Camocim - CE,2018,25 a 29 anos,218.0
2302602,Camocim - CE,2018,30 a 34 anos,174.0
2302602,Camocim - CE,2018,35 a 39 anos,88.0
2302602,Camocim - CE,2018,40 a 44 anos,25.0
2302602,Camocim - CE,2018,45 a 49 anos,
2302602,Camocim - CE,2018,50 anos ou mais,
2302602,Camocim - CE,2018,Ignorada,
2302602,Camocim - CE,2019,Total,984.0
2302602,Camocim - CE,2019,Menos de 15 anos,12.0
2302602,Camocim - CE,2019,15 a 19 anos,180.0
2302602,Camocim - CE,2019,20 a 24 anos,279.0
2302602,Camocim - CE,2019,25 a 29 anos,232.0
2302602,Camocim - CE,2019,30 a 34 anos,168.0
2302602,Camocim - CE,2019,35 a 39 anos,86.0
2302602,Camocim - CE,2019,40 a 44 anos,24.0
2302602,Camocim - CE,2019,45 a 49 anos,2.0
2302602,Camocim - CE,2019,50 anos ou mais,1.0
2302602,Camocim - CE,2019,Ignorada,
2302701,Campos Sales - CE,2014,Total,353.0
2302701,Campos Sales - CE,2014,Menos de 15 anos,11.0
2302701,Campos Sales - CE,2014,15 a 19 anos,80.0
2302701,Campos Sales - CE,2014,20 a 24 anos,80.0
2302701,Campos Sales - CE,2014,25 a 29 anos,79.0
2302701,Campos Sales - CE,2014,30 a 34 anos,48.0
2302701,Campos Sales - CE,2014,35 a 39 anos,25.0
2302701,Campos Sales - CE,2014,40 a 44 anos,7.0
2302701,Campos Sales - CE,2014,45 a 49 anos,
2302701,Campos Sales - CE,2014,50 anos ou mais,
2302701,Campos Sales - CE,2014,Ignorada,23.0
2302701,Campos Sales - CE,2015,Total,361.0
2302701,Campos Sales - CE,2015,Menos de 15 anos,5.0
2302701,Campos Sales - CE,2015,15 a 19 anos,75.0
2302701,Campos Sales - CE,2015,20 a 24 anos,90.0
2302701,Campos Sales - CE,2015,25 a 29 anos,81.0
2302701,Campos Sales - CE,2015,30 a 34 anos,54.0
2302701,Campos Sales - CE,2015,35 a 39 anos,32.0
2302701,Campos Sales - CE,2015,40 a 44 anos,1.0
2302701,Campos Sales - CE,2015,45 a 49 anos,
2302701,Campos Sales - CE,2015,50 anos ou mais,
2302701,Campos Sales - CE,2015,Ignorada,23.0
2302701,Campos Sales - CE,2016,Total,349.0
2302701,Campos Sales - CE,2016,Menos de 15 anos,7.0
2302701,Campos Sales - CE,2016,15 a 19 anos,83.0
2302701,Campos Sales - CE,2016,20 a 24 anos,85.0
2302701,Campos Sales - CE,2016,25 a 29 anos,76.0
2302701,Campos Sales - CE,2016,30 a 34 anos,42.0
2302701,Campos Sales - CE,2016,35 a 39 anos,23.0
2302701,Campos Sales - CE,2016,40 a 44 anos,13.0
2302701,Campos Sales - CE,2016,45 a 49 anos,
2302701,Campos Sales - CE,2016,50 anos ou mais,
2302701,Campos Sales - CE,2016,Ignorada,20.0
2302701,Campos Sales - CE,2017,Total,356.0
2302701,Campos Sales - CE,2017,Menos de 15 anos,1.0
2302701,Campos Sales - CE,2017,15 a 19 anos,77.0
2302701,Campos Sales - CE,2017,20 a 24 anos,102.0
2302701,Campos Sales - CE,2017,25 a 29 anos,79.0
2302701,Campos Sales - CE,2017,30 a 34 anos,49.0
2302701,Campos Sales - CE,2017,35 a 39 anos,26.0
2302701,Campos Sales - CE,2017,40 a 44 anos,9.0
2302701,Campos Sales - CE,2017,45 a 49 anos,3.0
2302701,Campos Sales - CE,2017,50 anos ou mais,
2302701,Campos Sales - CE,2017,Ignorada,10.0
2302701,Campos Sales - CE,2018,Total,365.0
2302701,Campos Sales - CE,2018,Menos de 15 anos,1.0
2302701,Campos Sales - CE,2018,15 a 19 anos,66.0
2302701,Campos Sales - CE,2018,20 a 24 anos,87.0
2302701,Campos Sales - CE,2018,25 a 29 anos,96.0
2302701,Campos Sales - CE,2018,30 a 34 anos,76.0
2302701,Campos Sales - CE,2018,35 a 39 anos,32.0
2302701,Campos Sales - CE,2018,40 a 44 anos,7.0
2302701,Campos Sales - CE,2018,45 a 49 anos,
2302701,Campos Sales - CE,2018,50 anos ou mais,
2302701,Campos Sales - CE,2018,Ignorada,
2302701,Campos Sales - CE,2019,Total,420.0
2302701,Campos Sales - CE,2019,Menos de 15 anos,10.0
2302701,Campos Sales - CE,2019,15 a 19 anos,90.0
2302701,Campos Sales - CE,2019,20 a 24 anos,114.0
2302701,Campos Sales - CE,2019,25 a 29 anos,86.0
2302701,Campos Sales - CE,2019,30 a 34 anos,71.0
2302701,Campos Sales - CE,2019,35 a 39 anos,34.0
2302701,Campos Sales - CE,2019,40 a 44 anos,12.0
2302701,Campos Sales - CE,2019,45 a 49 anos,1.0
2302701,Campos Sales - CE,2019,50 anos ou mais,
2302701,Campos Sales - CE,2019,Ignorada,2.0
2302800,Canindé - CE,2014,Total,1199.0
2302800,Canindé - CE,2014,Menos de 15 anos,17.0
2302800,Canindé - CE,2014,15 a 19 anos,268.0
2302800,Canindé - CE,2014,20 a 24 anos,293.0
2302800,Canindé - CE,2014,25 a 29 anos,271.0
2302800,Canindé - CE,2014,30 a 34 anos,193.0
2302800,Canindé - CE,2014,35 a 39 anos,117.0
2302800,Canindé - CE,2014,40 a 44 anos,31.0
2302800,Canindé - CE,2014,45 a 49 anos,9.0
2302800,Canindé - CE,2014,50 anos ou mais,
2302800,Canindé - CE,2014,Ignorada,
2302800,Canindé - CE,2015,Total,1211.0
2302800,Canindé - CE,2015,Menos de 15 anos,12.0
2302800,Canindé - CE,2015,15 a 19 anos,250.0
2302800,Canindé - CE,2015,20 a 24 anos,350.0
2302800,Canindé - CE,2015,25 a 29 anos,288.0
2302800,Canindé - CE,2015,30 a 34 anos,176.0
2302800,Canindé - CE,2015,35 a 39 anos,107.0
2302800,Canindé - CE,2015,40 a 44 anos,23.0
2302800,Canindé - CE,2015,45 a 49 anos,4.0
2302800,Canindé - CE,2015,50 anos ou mais,
2302800,Canindé - CE,2015,Ignorada,1.0
2302800,Canindé - CE,2016,Total,1096.0
2302800,Canindé - CE,2016,Menos de 15 anos,14.0
2302800,Canindé - CE,2016,15 a 19 anos,205.0
2302800,Canindé - CE,2016,20 a 24 anos,298.0
2302800,Canindé - CE,2016,25 a 29 anos,243.0
2302800,Canindé - CE,2016,30 a 34 anos,186.0
2302800,Canindé - CE,2016,35 a 39 anos,103.0
2302800,Canindé - CE,2016,40 a 44 anos,35.0
2302800,Canindé - CE,2016,45 a 49 anos,2.0
2302800,Canindé - CE,2016,50 anos ou mais,
2302800,Canindé - CE,2016,Ignorada,10.0
2302800,Canindé - CE,2017,Total,1159.0
2302800,Canindé - CE,2017,Menos de 15 anos,10.0
2302800,Canindé - CE,2017,15 a 19 anos,207.0
2302800,Canindé - CE,2017,20 a 24 anos,313.0
2302800,Canindé - CE,2017,25 a 29 anos,291.0
2302800,Canindé - CE,2017,30 a 34 anos,209.0
2302800,Canindé - CE,2017,35 a 39 anos,99.0
2302800,Canindé - CE,2017,40 a 44 anos,26.0
2302800,Canindé - CE,2017,45 a 49 anos,1.0
2302800,Canindé - CE,2017,50 anos ou mais,
2302800,Canindé - CE,2017,Ignorada,3.0
2302800,Canindé - CE,2018,Total,1102.0
2302800,Canindé - CE,2018,Menos de 15 anos,7.0
2302800,Canindé - CE,2018,15 a 19 anos,185.0
2302800,Canindé - CE,2018,20 a 24 anos,332.0
2302800,Canindé - CE,2018,25 a 29 anos,243.0
2302800,Canindé - CE,2018,30 a 34 anos,205.0
2302800,Canindé - CE,2018,35 a 39 anos,94.0
2302800,Canindé - CE,2018,40 a 44 anos,33.0
2302800,Canindé - CE,2018,45 a 49 anos,3.0
2302800,Canindé - CE,2018,50 anos ou mais,
2302800,Canindé - CE,2018,Ignorada,
2302800,Canindé - CE,2019,Total,821.0
2302800,Canindé - CE,2019,Menos de 15 anos,3.0
2302800,Canindé - CE,2019,15 a 19 anos,108.0
2302800,Canindé - CE,2019,20 a 24 anos,219.0
2302800,Canindé - CE,2019,25 a 29 anos,208.0
2302800,Canindé - CE,2019,30 a 34 anos,172.0
2302800,Canindé - CE,2019,35 a 39 anos,82.0
2302800,Canindé - CE,2019,40 a 44 anos,29.0
2302800,Canindé - CE,2019,45 a 49 anos,
2302800,Canindé - CE,2019,50 anos ou mais,
2302800,Canindé - CE,2019,Ignorada,
2302909,Capistrano - CE,2014,Total,268.0
2302909,Capistrano - CE,2014,Menos de 15 anos,
2302909,Capistrano - CE,2014,15 a 19 anos,56.0
2302909,Capistrano - CE,2014,20 a 24 anos,57.0
2302909,Capistrano - CE,2014,25 a 29 anos,60.0
2302909,Capistrano - CE,2014,30 a 34 anos,51.0
2302909,Capistrano - CE,2014,35 a 39 anos,31.0
2302909,Capistrano - CE,2014,40 a 44 anos,13.0
2302909,Capistrano - CE,2014,45 a 49 anos,
2302909,Capistrano - CE,2014,50 anos ou mais,
2302909,Capistrano - CE,2014,Ignorada,
2302909,Capistrano - CE,2015,Total,310.0
2302909,Capistrano - CE,2015,Menos de 15 anos,4.0
2302909,Capistrano - CE,2015,15 a 19 anos,56.0
2302909,Capistrano - CE,2015,20 a 24 anos,79.0
2302909,Capistrano - CE,2015,25 a 29 anos,80.0
2302909,Capistrano - CE,2015,30 a 34 anos,52.0
2302909,Capistrano - CE,2015,35 a 39 anos,31.0
2302909,Capistrano - CE,2015,40 a 44 anos,8.0
2302909,Capistrano - CE,2015,45 a 49 anos,
2302909,Capistrano - CE,2015,50 anos ou mais,
2302909,Capistrano - CE,2015,Ignorada,
2302909,Capistrano - CE,2016,Total,247.0
2302909,Capistrano - CE,2016,Menos de 15 anos,4.0
2302909,Capistrano - CE,2016,15 a 19 anos,48.0
2302909,Capistrano - CE,2016,20 a 24 anos,61.0
2302909,Capistrano - CE,2016,25 a 29 anos,56.0
2302909,Capistrano - CE,2016,30 a 34 anos,41.0
2302909,Capistrano - CE,2016,35 a 39 anos,25.0
2302909,Capistrano - CE,2016,40 a 44 anos,11.0
2302909,Capistrano - CE,2016,45 a 49 anos,1.0
2302909,Capistrano - CE,2016,50 anos ou mais,
2302909,Capistrano - CE,2016,Ignorada,
2302909,Capistrano - CE,2017,Total,250.0
2302909,Capistrano - CE,2017,Menos de 15 anos,1.0
2302909,Capistrano - CE,2017,15 a 19 anos,38.0
2302909,Capistrano - CE,2017,20 a 24 anos,74.0
2302909,Capistrano - CE,2017,25 a 29 anos,53.0
2302909,Capistrano - CE,2017,30 a 34 anos,46.0
2302909,Capistrano - CE,2017,35 a 39 anos,28.0
2302909,Capistrano - CE,2017,40 a 44 anos,9.0
2302909,Capistrano - CE,2017,45 a 49 anos,1.0
2302909,Capistrano - CE,2017,50 anos ou mais,
2302909,Capistrano - CE,2017,Ignorada,
2302909,Capistrano - CE,2018,Total,277.0
2302909,Capistrano - CE,2018,Menos de 15 anos,1.0
2302909,Capistrano - CE,2018,15 a 19 anos,34.0
2302909,Capistrano - CE,2018,20 a 24 anos,85.0
2302909,Capistrano - CE,2018,25 a 29 anos,58.0
2302909,Capistrano - CE,2018,30 a 34 anos,50.0
2302909,Capistrano - CE,2018,35 a 39 anos,38.0
2302909,Capistrano - CE,2018,40 a 44 anos,10.0
2302909,Capistrano - CE,2018,45 a 49 anos,1.0
2302909,Capistrano - CE,2018,50 anos ou mais,
2302909,Capistrano - CE,2018,Ignorada,
2302909,Capistrano - CE,2019,Total,250.0
2302909,Capistrano - CE,2019,Menos de 15 anos,1.0
2302909,Capistrano - CE,2019,15 a 19 anos,36.0
2302909,Capistrano - CE,2019,20 a 24 anos,64.0
2302909,Capistrano - CE,2019,25 a 29 anos,55.0
2302909,Capistrano - CE,2019,30 a 34 anos,50.0
2302909,Capistrano - CE,2019,35 a 39 anos,40.0
2302909,Capistrano - CE,2019,40 a 44 anos,4.0
2302909,Capistrano - CE,2019,45 a 49 anos,
2302909,Capistrano - CE,2019,50 anos ou mais,
2302909,Capistrano - CE,2019,Ignorada,
2303006,Caridade - CE,2014,Total,272.0
2303006,Caridade - CE,2014,Menos de 15 anos,6.0
2303006,Caridade - CE,2014,15 a 19 anos,71.0
2303006,Caridade - CE,2014,20 a 24 anos,65.0
2303006,Caridade - CE,2014,25 a 29 anos,69.0
2303006,Caridade - CE,2014,30 a 34 anos,34.0
2303006,Caridade - CE,2014,35 a 39 anos,20.0
2303006,Caridade - CE,2014,40 a 44 anos,6.0
2303006,Caridade - CE,2014,45 a 49 anos,1.0
2303006,Caridade - CE,2014,50 anos ou mais,
2303006,Caridade - CE,2014,Ignorada,
2303006,Caridade - CE,2015,Total,263.0
2303006,Caridade - CE,2015,Menos de 15 anos,4.0
2303006,Caridade - CE,2015,15 a 19 anos,56.0
2303006,Caridade - CE,2015,20 a 24 anos,67.0
2303006,Caridade - CE,2015,25 a 29 anos,66.0
2303006,Caridade - CE,2015,30 a 34 anos,34.0
2303006,Caridade - CE,2015,35 a 39 anos,26.0
2303006,Caridade - CE,2015,40 a 44 anos,10.0
2303006,Caridade - CE,2015,45 a 49 anos,
2303006,Caridade - CE,2015,50 anos ou mais,
2303006,Caridade - CE,2015,Ignorada,
2303006,Caridade - CE,2016,Total,263.0
2303006,Caridade - CE,2016,Menos de 15 anos,4.0
2303006,Caridade - CE,2016,15 a 19 anos,71.0
2303006,Caridade - CE,2016,20 a 24 anos,59.0
2303006,Caridade - CE,2016,25 a 29 anos,55.0
2303006,Caridade - CE,2016,30 a 34 anos,34.0
2303006,Caridade - CE,2016,35 a 39 anos,29.0
2303006,Caridade - CE,2016,40 a 44 anos,10.0
2303006,Caridade - CE,2016,45 a 49 anos,
2303006,Caridade - CE,2016,50 anos ou mais,
2303006,Caridade - CE,2016,Ignorada,1.0
2303006,Caridade - CE,2017,Total,259.0
2303006,Caridade - CE,2017,Menos de 15 anos,3.0
2303006,Caridade - CE,2017,15 a 19 anos,59.0
2303006,Caridade - CE,2017,20 a 24 anos,85.0
2303006,Caridade - CE,2017,25 a 29 anos,45.0
2303006,Caridade - CE,2017,30 a 34 anos,50.0
2303006,Caridade - CE,2017,35 a 39 anos,11.0
2303006,Caridade - CE,2017,40 a 44 anos,5.0
2303006,Caridade - CE,2017,45 a 49 anos,1.0
2303006,Caridade - CE,2017,50 anos ou mais,
2303006,Caridade - CE,2017,Ignorada,
2303006,Caridade - CE,2018,Total,263.0
2303006,Caridade - CE,2018,Menos de 15 anos,3.0
2303006,Caridade - CE,2018,15 a 19 anos,45.0
2303006,Caridade - CE,2018,20 a 24 anos,85.0
2303006,Caridade - CE,2018,25 a 29 anos,64.0
2303006,Caridade - CE,2018,30 a 34 anos,31.0
2303006,Caridade - CE,2018,35 a 39 anos,28.0
2303006,Caridade - CE,2018,40 a 44 anos,7.0
2303006,Caridade - CE,2018,45 a 49 anos,
2303006,Caridade - CE,2018,50 anos ou mais,
2303006,Caridade - CE,2018,Ignorada,
2303006,Caridade - CE,2019,Total,301.0
2303006,Caridade - CE,2019,Menos de 15 anos,2.0
2303006,Caridade - CE,2019,15 a 19 anos,65.0
2303006,Caridade - CE,2019,20 a 24 anos,83.0
2303006,Caridade - CE,2019,25 a 29 anos,59.0
2303006,Caridade - CE,2019,30 a 34 anos,55.0
2303006,Caridade - CE,2019,35 a 39 anos,29.0
2303006,Caridade - CE,2019,40 a 44 anos,8.0
2303006,Caridade - CE,2019,45 a 49 anos,
2303006,Caridade - CE,2019,50 anos ou mais,
2303006,Caridade - CE,2019,Ignorada,
2303105,Cariré - CE,2014,Total,150.0
2303105,Cariré - CE,2014,Menos de 15 anos,1.0
2303105,Cariré - CE,2014,15 a 19 anos,37.0
2303105,Cariré - CE,2014,20 a 24 anos,37.0
2303105,Cariré - CE,2014,25 a 29 anos,29.0
2303105,Cariré - CE,2014,30 a 34 anos,19.0
2303105,Cariré - CE,2014,35 a 39 anos,15.0
2303105,Cariré - CE,2014,40 a 44 anos,1.0
2303105,Cariré - CE,2014,45 a 49 anos,1.0
2303105,Cariré - CE,2014,50 anos ou mais,
2303105,Cariré - CE,2014,Ignorada,10.0
2303105,Cariré - CE,2015,Total,222.0
2303105,Cariré - CE,2015,Menos de 15 anos,3.0
2303105,Cariré - CE,2015,15 a 19 anos,46.0
2303105,Cariré - CE,2015,20 a 24 anos,53.0
2303105,Cariré - CE,2015,25 a 29 anos,44.0
2303105,Cariré - CE,2015,30 a 34 anos,37.0
2303105,Cariré - CE,2015,35 a 39 anos,18.0
2303105,Cariré - CE,2015,40 a 44 anos,14.0
2303105,Cariré - CE,2015,45 a 49 anos,
2303105,Cariré - CE,2015,50 anos ou mais,
2303105,Cariré - CE,2015,Ignorada,7.0
2303105,Cariré - CE,2016,Total,224.0
2303105,Cariré - CE,2016,Menos de 15 anos,4.0
2303105,Cariré - CE,2016,15 a 19 anos,54.0
2303105,Cariré - CE,2016,20 a 24 anos,60.0
2303105,Cariré - CE,2016,25 a 29 anos,46.0
2303105,Cariré - CE,2016,30 a 34 anos,35.0
2303105,Cariré - CE,2016,35 a 39 anos,23.0
2303105,Cariré - CE,2016,40 a 44 anos,2.0
2303105,Cariré - CE,2016,45 a 49 anos,
2303105,Cariré - CE,2016,50 anos ou mais,
2303105,Cariré - CE,2016,Ignorada,
2303105,Cariré - CE,2017,Total,209.0
2303105,Cariré - CE,2017,Menos de 15 anos,5.0
2303105,Cariré - CE,2017,15 a 19 anos,40.0
2303105,Cariré - CE,2017,20 a 24 anos,69.0
2303105,Cariré - CE,2017,25 a 29 anos,39.0
2303105,Cariré - CE,2017,30 a 34 anos,39.0
2303105,Cariré - CE,2017,35 a 39 anos,11.0
2303105,Cariré - CE,2017,40 a 44 anos,4.0
2303105,Cariré - CE,2017,45 a 49 anos,
2303105,Cariré - CE,2017,50 anos ou mais,
2303105,Cariré - CE,2017,Ignorada,2.0
2303105,Cariré - CE,2018,Total,225.0
2303105,Cariré - CE,2018,Menos de 15 anos,3.0
2303105,Cariré - CE,2018,15 a 19 anos,37.0
2303105,Cariré - CE,2018,20 a 24 anos,63.0
2303105,Cariré - CE,2018,25 a 29 anos,50.0
2303105,Cariré - CE,2018,30 a 34 anos,44.0
2303105,Cariré - CE,2018,35 a 39 anos,26.0
2303105,Cariré - CE,2018,40 a 44 anos,2.0
2303105,Cariré - CE,2018,45 a 49 anos,
2303105,Cariré - CE,2018,50 anos ou mais,
2303105,Cariré - CE,2018,Ignorada,
2303105,Cariré - CE,2019,Total,241.0
2303105,Cariré - CE,2019,Menos de 15 anos,4.0
2303105,Cariré - CE,2019,15 a 19 anos,34.0
2303105,Cariré - CE,2019,20 a 24 anos,66.0
2303105,Cariré - CE,2019,25 a 29 anos,50.0
2303105,Cariré - CE,2019,30 a 34 anos,49.0
2303105,Cariré - CE,2019,35 a 39 anos,26.0
2303105,Cariré - CE,2019,40 a 44 anos,10.0
2303105,Cariré - CE,2019,45 a 49 anos,
2303105,Cariré - CE,2019,50 anos ou mais,
2303105,Cariré - CE,2019,Ignorada,2.0
2303204,Caririaçu - CE,2014,Total,375.0
2303204,Caririaçu - CE,2014,Menos de 15 anos,3.0
2303204,Caririaçu - CE,2014,15 a 19 anos,69.0
2303204,Caririaçu - CE,2014,20 a 24 anos,77.0
2303204,Caririaçu - CE,2014,25 a 29 anos,101.0
2303204,Caririaçu - CE,2014,30 a 34 anos,64.0
2303204,Caririaçu - CE,2014,35 a 39 anos,45.0
2303204,Caririaçu - CE,2014,40 a 44 anos,10.0
2303204,Caririaçu - CE,2014,45 a 49 anos,5.0
2303204,Caririaçu - CE,2014,50 anos ou mais,1.0
2303204,Caririaçu - CE,2014,Ignorada,
2303204,Caririaçu - CE,2015,Total,332.0
2303204,Caririaçu - CE,2015,Menos de 15 anos,2.0
2303204,Caririaçu - CE,2015,15 a 19 anos,72.0
2303204,Caririaçu - CE,2015,20 a 24 anos,79.0
2303204,Caririaçu - CE,2015,25 a 29 anos,82.0
2303204,Caririaçu - CE,2015,30 a 34 anos,53.0
2303204,Caririaçu - CE,2015,35 a 39 anos,32.0
2303204,Caririaçu - CE,2015,40 a 44 anos,12.0
2303204,Caririaçu - CE,2015,45 a 49 anos,
2303204,Caririaçu - CE,2015,50 anos ou mais,
2303204,Caririaçu - CE,2015,Ignorada,
2303204,Caririaçu - CE,2016,Total,351.0
2303204,Caririaçu - CE,2016,Menos de 15 anos,1.0
2303204,Caririaçu - CE,2016,15 a 19 anos,81.0
2303204,Caririaçu - CE,2016,20 a 24 anos,92.0
2303204,Caririaçu - CE,2016,25 a 29 anos,73.0
2303204,Caririaçu - CE,2016,30 a 34 anos,60.0
2303204,Caririaçu - CE,2016,35 a 39 anos,33.0
2303204,Caririaçu - CE,2016,40 a 44 anos,11.0
2303204,Caririaçu - CE,2016,45 a 49 anos,
2303204,Caririaçu - CE,2016,50 anos ou mais,
2303204,Caririaçu - CE,2016,Ignorada,
2303204,Caririaçu - CE,2017,Total,414.0
2303204,Caririaçu - CE,2017,Menos de 15 anos,8.0
2303204,Caririaçu - CE,2017,15 a 19 anos,75.0
2303204,Caririaçu - CE,2017,20 a 24 anos,99.0
2303204,Caririaçu - CE,2017,25 a 29 anos,94.0
2303204,Caririaçu - CE,2017,30 a 34 anos,85.0
2303204,Caririaçu - CE,2017,35 a 39 anos,39.0
2303204,Caririaçu - CE,2017,40 a 44 anos,14.0
2303204,Caririaçu - CE,2017,45 a 49 anos,
2303204,Caririaçu - CE,2017,50 anos ou mais,
2303204,Caririaçu - CE,2017,Ignorada,
2303204,Caririaçu - CE,2018,Total,450.0
2303204,Caririaçu - CE,2018,Menos de 15 anos,2.0
2303204,Caririaçu - CE,2018,15 a 19 anos,81.0
2303204,Caririaçu - CE,2018,20 a 24 anos,108.0
2303204,Caririaçu - CE,2018,25 a 29 anos,103.0
2303204,Caririaçu - CE,2018,30 a 34 anos,92.0
2303204,Caririaçu - CE,2018,35 a 39 anos,48.0
2303204,Caririaçu - CE,2018,40 a 44 anos,16.0
2303204,Caririaçu - CE,2018,45 a 49 anos,
2303204,Caririaçu - CE,2018,50 anos ou mais,
2303204,Caririaçu - CE,2018,Ignorada,
2303204,Caririaçu - CE,2019,Total,465.0
2303204,Caririaçu - CE,2019,Menos de 15 anos,2.0
2303204,Caririaçu - CE,2019,15 a 19 anos,77.0
2303204,Caririaçu - CE,2019,20 a 24 anos,126.0
2303204,Caririaçu - CE,2019,25 a 29 anos,111.0
2303204,Caririaçu - CE,2019,30 a 34 anos,88.0
2303204,Caririaçu - CE,2019,35 a 39 anos,47.0
2303204,Caririaçu - CE,2019,40 a 44 anos,13.0
2303204,Caririaçu - CE,2019,45 a 49 anos,1.0
2303204,Caririaçu - CE,2019,50 anos ou mais,
2303204,Caririaçu - CE,2019,Ignorada,
2303303,Cariús - CE,2014,Total,178.0
2303303,Cariús - CE,2014,Menos de 15 anos,1.0
2303303,Cariús - CE,2014,15 a 19 anos,37.0
2303303,Cariús - CE,2014,20 a 24 anos,45.0
2303303,Cariús - CE,2014,25 a 29 anos,51.0
2303303,Cariús - CE,2014,30 a 34 anos,27.0
2303303,Cariús - CE,2014,35 a 39 anos,11.0
2303303,Cariús - CE,2014,40 a 44 anos,5.0
2303303,Cariús - CE,2014,45 a 49 anos,
2303303,Cariús - CE,2014,50 anos ou mais,
2303303,Cariús - CE,2014,Ignorada,1.0
2303303,Cariús - CE,2015,Total,204.0
2303303,Cariús - CE,2015,Menos de 15 anos,1.0
2303303,Cariús - CE,2015,15 a 19 anos,43.0
2303303,Cariús - CE,2015,20 a 24 anos,56.0
2303303,Cariús - CE,2015,25 a 29 anos,43.0
2303303,Cariús - CE,2015,30 a 34 anos,43.0
2303303,Cariús - CE,2015,35 a 39 anos,16.0
2303303,Cariús - CE,2015,40 a 44 anos,2.0
2303303,Cariús - CE,2015,45 a 49 anos,
2303303,Cariús - CE,2015,50 anos ou mais,
2303303,Cariús - CE,2015,Ignorada,
2303303,Cariús - CE,2016,Total,203.0
2303303,Cariús - CE,2016,Menos de 15 anos,3.0
2303303,Cariús - CE,2016,15 a 19 anos,39.0
2303303,Cariús - CE,2016,20 a 24 anos,60.0
2303303,Cariús - CE,2016,25 a 29 anos,45.0
2303303,Cariús - CE,2016,30 a 34 anos,41.0
2303303,Cariús - CE,2016,35 a 39 anos,10.0
2303303,Cariús - CE,2016,40 a 44 anos,5.0
2303303,Cariús - CE,2016,45 a 49 anos,
2303303,Cariús - CE,2016,50 anos ou mais,
2303303,Cariús - CE,2016,Ignorada,
2303303,Cariús - CE,2017,Total,215.0
2303303,Cariús - CE,2017,Menos de 15 anos,3.0
2303303,Cariús - CE,2017,15 a 19 anos,40.0
2303303,Cariús - CE,2017,20 a 24 anos,63.0
2303303,Cariús - CE,2017,25 a 29 anos,49.0
2303303,Cariús - CE,2017,30 a 34 anos,37.0
2303303,Cariús - CE,2017,35 a 39 anos,21.0
2303303,Cariús - CE,2017,40 a 44 anos,2.0
2303303,Cariús - CE,2017,45 a 49 anos,
2303303,Cariús - CE,2017,50 anos ou mais,
2303303,Cariús - CE,2017,Ignorada,
2303303,Cariús - CE,2018,Total,196.0
2303303,Cariús - CE,2018,Menos de 15 anos,
2303303,Cariús - CE,2018,15 a 19 anos,29.0
2303303,Cariús - CE,2018,20 a 24 anos,59.0
2303303,Cariús - CE,2018,25 a 29 anos,49.0
2303303,Cariús - CE,2018,30 a 34 anos,42.0
2303303,Cariús - CE,2018,35 a 39 anos,14.0
2303303,Cariús - CE,2018,40 a 44 anos,3.0
2303303,Cariús - CE,2018,45 a 49 anos,
2303303,Cariús - CE,2018,50 anos ou mais,
2303303,Cariús - CE,2018,Ignorada,
2303303,Cariús - CE,2019,Total,195.0
2303303,Cariús - CE,2019,Menos de 15 anos,2.0
2303303,Cariús - CE,2019,15 a 19 anos,34.0
2303303,Cariús - CE,2019,20 a 24 anos,49.0
2303303,Cariús - CE,2019,25 a 29 anos,46.0
2303303,Cariús - CE,2019,30 a 34 anos,41.0
2303303,Cariús - CE,2019,35 a 39 anos,23.0
2303303,Cariús - CE,2019,40 a 44 anos,
2303303,Cariús - CE,2019,45 a 49 anos,
2303303,Cariús - CE,2019,50 anos ou mais,
2303303,Cariús - CE,2019,Ignorada,
2303402,Carnaubal - CE,2014,Total,229.0
2303402,Carnaubal - CE,2014,Menos de 15 anos,1.0
2303402,Carnaubal - CE,2014,15 a 19 anos,54.0
2303402,Carnaubal - CE,2014,20 a 24 anos,53.0
2303402,Carnaubal - CE,2014,25 a 29 anos,48.0
2303402,Carnaubal - CE,2014,30 a 34 anos,40.0
2303402,Carnaubal - CE,2014,35 a 39 anos,25.0
2303402,Carnaubal - CE,2014,40 a 44 anos,7.0
2303402,Carnaubal - CE,2014,45 a 49 anos,1.0
2303402,Carnaubal - CE,2014,50 anos ou mais,
2303402,Carnaubal - CE,2014,Ignorada,
2303402,Carnaubal - CE,2015,Total,240.0
2303402,Carnaubal - CE,2015,Menos de 15 anos,6.0
2303402,Carnaubal - CE,2015,15 a 19 anos,54.0
2303402,Carnaubal - CE,2015,20 a 24 anos,59.0
2303402,Carnaubal - CE,2015,25 a 29 anos,48.0
2303402,Carnaubal - CE,2015,30 a 34 anos,37.0
2303402,Carnaubal - CE,2015,35 a 39 anos,30.0
2303402,Carnaubal - CE,2015,40 a 44 anos,6.0
2303402,Carnaubal - CE,2015,45 a 49 anos,
2303402,Carnaubal - CE,2015,50 anos ou mais,
2303402,Carnaubal - CE,2015,Ignorada,
2303402,Carnaubal - CE,2016,Total,224.0
2303402,Carnaubal - CE,2016,Menos de 15 anos,4.0
2303402,Carnaubal - CE,2016,15 a 19 anos,54.0
2303402,Carnaubal - CE,2016,20 a 24 anos,53.0
2303402,Carnaubal - CE,2016,25 a 29 anos,46.0
2303402,Carnaubal - CE,2016,30 a 34 anos,37.0
2303402,Carnaubal - CE,2016,35 a 39 anos,18.0
2303402,Carnaubal - CE,2016,40 a 44 anos,11.0
2303402,Carnaubal - CE,2016,45 a 49 anos,1.0
2303402,Carnaubal - CE,2016,50 anos ou mais,
2303402,Carnaubal - CE,2016,Ignorada,
2303402,Carnaubal - CE,2017,Total,269.0
2303402,Carnaubal - CE,2017,Menos de 15 anos,8.0
2303402,Carnaubal - CE,2017,15 a 19 anos,57.0
2303402,Carnaubal - CE,2017,20 a 24 anos,73.0
2303402,Carnaubal - CE,2017,25 a 29 anos,48.0
2303402,Carnaubal - CE,2017,30 a 34 anos,55.0
2303402,Carnaubal - CE,2017,35 a 39 anos,20.0
2303402,Carnaubal - CE,2017,40 a 44 anos,8.0
2303402,Carnaubal - CE,2017,45 a 49 anos,
2303402,Carnaubal - CE,2017,50 anos ou mais,
2303402,Carnaubal - CE,2017,Ignorada,
2303402,Carnaubal - CE,2018,Total,229.0
2303402,Carnaubal - CE,2018,Menos de 15 anos,2.0
2303402,Carnaubal - CE,2018,15 a 19 anos,61.0
2303402,Carnaubal - CE,2018,20 a 24 anos,32.0
2303402,Carnaubal - CE,2018,25 a 29 anos,54.0
2303402,Carnaubal - CE,2018,30 a 34 anos,50.0
2303402,Carnaubal - CE,2018,35 a 39 anos,24.0
2303402,Carnaubal - CE,2018,40 a 44 anos,6.0
2303402,Carnaubal - CE,2018,45 a 49 anos,
2303402,Carnaubal - CE,2018,50 anos ou mais,
2303402,Carnaubal - CE,2018,Ignorada,
2303402,Carnaubal - CE,2019,Total,265.0
2303402,Carnaubal - CE,2019,Menos de 15 anos,2.0
2303402,Carnaubal - CE,2019,15 a 19 anos,38.0
2303402,Carnaubal - CE,2019,20 a 24 anos,60.0
2303402,Carnaubal - CE,2019,25 a 29 anos,58.0
2303402,Carnaubal - CE,2019,30 a 34 anos,66.0
2303402,Carnaubal - CE,2019,35 a 39 anos,28.0
2303402,Carnaubal - CE,2019,40 a 44 anos,13.0
2303402,Carnaubal - CE,2019,45 a 49 anos,
2303402,Carnaubal - CE,2019,50 anos ou mais,
2303402,Carnaubal - CE,2019,Ignorada,
2303501,Cascavel - CE,2014,Total,973.0
2303501,Cascavel - CE,2014,Menos de 15 anos,6.0
2303501,Cascavel - CE,2014,15 a 19 anos,183.0
2303501,Cascavel - CE,2014,20 a 24 anos,249.0
2303501,Cascavel - CE,2014,25 a 29 anos,240.0
2303501,Cascavel - CE,2014,30 a 34 anos,176.0
2303501,Cascavel - CE,2014,35 a 39 anos,90.0
2303501,Cascavel - CE,2014,40 a 44 anos,26.0
2303501,Cascavel - CE,2014,45 a 49 anos,3.0
2303501,Cascavel - CE,2014,50 anos ou mais,
2303501,Cascavel - CE,2014,Ignorada,
2303501,Cascavel - CE,2015,Total,975.0
2303501,Cascavel - CE,2015,Menos de 15 anos,12.0
2303501,Cascavel - CE,2015,15 a 19 anos,149.0
2303501,Cascavel - CE,2015,20 a 24 anos,263.0
2303501,Cascavel - CE,2015,25 a 29 anos,233.0
2303501,Cascavel - CE,2015,30 a 34 anos,189.0
2303501,Cascavel - CE,2015,35 a 39 anos,97.0
2303501,Cascavel - CE,2015,40 a 44 anos,29.0
2303501,Cascavel - CE,2015,45 a 49 anos,3.0
2303501,Cascavel - CE,2015,50 anos ou mais,
2303501,Cascavel - CE,2015,Ignorada,
2303501,Cascavel - CE,2016,Total,960.0
2303501,Cascavel - CE,2016,Menos de 15 anos,5.0
2303501,Cascavel - CE,2016,15 a 19 anos,146.0
2303501,Cascavel - CE,2016,20 a 24 anos,266.0
2303501,Cascavel - CE,2016,25 a 29 anos,234.0
2303501,Cascavel - CE,2016,30 a 34 anos,182.0
2303501,Cascavel - CE,2016,35 a 39 anos,95.0
2303501,Cascavel - CE,2016,40 a 44 anos,31.0
2303501,Cascavel - CE,2016,45 a 49 anos,1.0
2303501,Cascavel - CE,2016,50 anos ou mais,
2303501,Cascavel - CE,2016,Ignorada,
2303501,Cascavel - CE,2017,Total,985.0
2303501,Cascavel - CE,2017,Menos de 15 anos,15.0
2303501,Cascavel - CE,2017,15 a 19 anos,146.0
2303501,Cascavel - CE,2017,20 a 24 anos,265.0
2303501,Cascavel - CE,2017,25 a 29 anos,242.0
2303501,Cascavel - CE,2017,30 a 34 anos,207.0
2303501,Cascavel - CE,2017,35 a 39 anos,79.0
2303501,Cascavel - CE,2017,40 a 44 anos,27.0
2303501,Cascavel - CE,2017,45 a 49 anos,4.0
2303501,Cascavel - CE,2017,50 anos ou mais,
2303501,Cascavel - CE,2017,Ignorada,
2303501,Cascavel - CE,2018,Total,992.0
2303501,Cascavel - CE,2018,Menos de 15 anos,11.0
2303501,Cascavel - CE,2018,15 a 19 anos,135.0
2303501,Cascavel - CE,2018,20 a 24 anos,255.0
2303501,Cascavel - CE,2018,25 a 29 anos,251.0
2303501,Cascavel - CE,2018,30 a 34 anos,200.0
2303501,Cascavel - CE,2018,35 a 39 anos,100.0
2303501,Cascavel - CE,2018,40 a 44 anos,37.0
2303501,Cascavel - CE,2018,45 a 49 anos,1.0
2303501,Cascavel - CE,2018,50 anos ou mais,1.0
2303501,Cascavel - CE,2018,Ignorada,1.0
2303501,Cascavel - CE,2019,Total,1027.0
2303501,Cascavel - CE,2019,Menos de 15 anos,6.0
2303501,Cascavel - CE,2019,15 a 19 anos,147.0
2303501,Cascavel - CE,2019,20 a 24 anos,245.0
2303501,Cascavel - CE,2019,25 a 29 anos,266.0
2303501,Cascavel - CE,2019,30 a 34 anos,209.0
2303501,Cascavel - CE,2019,35 a 39 anos,105.0
2303501,Cascavel - CE,2019,40 a 44 anos,44.0
2303501,Cascavel - CE,2019,45 a 49 anos,4.0
2303501,Cascavel - CE,2019,50 anos ou mais,
2303501,Cascavel - CE,2019,Ignorada,1.0
2303600,Catarina - CE,2014,Total,151.0
2303600,Catarina - CE,2014,Menos de 15 anos,2.0
2303600,Catarina - CE,2014,15 a 19 anos,36.0
2303600,Catarina - CE,2014,20 a 24 anos,43.0
2303600,Catarina - CE,2014,25 a 29 anos,33.0
2303600,Catarina - CE,2014,30 a 34 anos,19.0
2303600,Catarina - CE,2014,35 a 39 anos,14.0
2303600,Catarina - CE,2014,40 a 44 anos,4.0
2303600,Catarina - CE,2014,45 a 49 anos,
2303600,Catarina - CE,2014,50 anos ou mais,
2303600,Catarina - CE,2014,Ignorada,
2303600,Catarina - CE,2015,Total,129.0
2303600,Catarina - CE,2015,Menos de 15 anos,
2303600,Catarina - CE,2015,15 a 19 anos,28.0
2303600,Catarina - CE,2015,20 a 24 anos,35.0
2303600,Catarina - CE,2015,25 a 29 anos,36.0
2303600,Catarina - CE,2015,30 a 34 anos,20.0
2303600,Catarina - CE,2015,35 a 39 anos,9.0
2303600,Catarina - CE,2015,40 a 44 anos,
2303600,Catarina - CE,2015,45 a 49 anos,1.0
2303600,Catarina - CE,2015,50 anos ou mais,
2303600,Catarina - CE,2015,Ignorada,
2303600,Catarina - CE,2016,Total,129.0
2303600,Catarina - CE,2016,Menos de 15 anos,1.0
2303600,Catarina - CE,2016,15 a 19 anos,38.0
2303600,Catarina - CE,2016,20 a 24 anos,31.0
2303600,Catarina - CE,2016,25 a 29 anos,20.0
2303600,Catarina - CE,2016,30 a 34 anos,23.0
2303600,Catarina - CE,2016,35 a 39 anos,11.0
2303600,Catarina - CE,2016,40 a 44 anos,5.0
2303600,Catarina - CE,2016,45 a 49 anos,
2303600,Catarina - CE,2016,50 anos ou mais,
2303600,Catarina - CE,2016,Ignorada,
2303600,Catarina - CE,2017,Total,125.0
2303600,Catarina - CE,2017,Menos de 15 anos,
2303600,Catarina - CE,2017,15 a 19 anos,30.0
2303600,Catarina - CE,2017,20 a 24 anos,30.0
2303600,Catarina - CE,2017,25 a 29 anos,28.0
2303600,Catarina - CE,2017,30 a 34 anos,23.0
2303600,Catarina - CE,2017,35 a 39 anos,9.0
2303600,Catarina - CE,2017,40 a 44 anos,5.0
2303600,Catarina - CE,2017,45 a 49 anos,
2303600,Catarina - CE,2017,50 anos ou mais,
2303600,Catarina - CE,2017,Ignorada,
2303600,Catarina - CE,2018,Total,150.0
2303600,Catarina - CE,2018,Menos de 15 anos,1.0
2303600,Catarina - CE,2018,15 a 19 anos,35.0
2303600,Catarina - CE,2018,20 a 24 anos,37.0
2303600,Catarina - CE,2018,25 a 29 anos,28.0
2303600,Catarina - CE,2018,30 a 34 anos,23.0
2303600,Catarina - CE,2018,35 a 39 anos,19.0
2303600,Catarina - CE,2018,40 a 44 anos,6.0
2303600,Catarina - CE,2018,45 a 49 anos,1.0
2303600,Catarina - CE,2018,50 anos ou mais,
2303600,Catarina - CE,2018,Ignorada,
2303600,Catarina - CE,2019,Total,134.0
2303600,Catarina - CE,2019,Menos de 15 anos,1.0
2303600,Catarina - CE,2019,15 a 19 anos,17.0
2303600,Catarina - CE,2019,20 a 24 anos,35.0
2303600,Catarina - CE,2019,25 a 29 anos,24.0
2303600,Catarina - CE,2019,30 a 34 anos,30.0
2303600,Catarina - CE,2019,35 a 39 anos,16.0
2303600,Catarina - CE,2019,40 a 44 anos,11.0
2303600,Catarina - CE,2019,45 a 49 anos,
2303600,Catarina - CE,2019,50 anos ou mais,
2303600,Catarina - CE,2019,Ignorada,
2303659,Catunda - CE,2014,Total,123.0
2303659,Catunda - CE,2014,Menos de 15 anos,1.0
2303659,Catunda - CE,2014,15 a 19 anos,21.0
2303659,Catunda - CE,2014,20 a 24 anos,33.0
2303659,Catunda - CE,2014,25 a 29 anos,33.0
2303659,Catunda - CE,2014,30 a 34 anos,20.0
2303659,Catunda - CE,2014,35 a 39 anos,13.0
2303659,Catunda - CE,2014,40 a 44 anos,2.0
2303659,Catunda - CE,2014,45 a 49 anos,
2303659,Catunda - CE,2014,50 anos ou mais,
2303659,Catunda - CE,2014,Ignorada,
2303659,Catunda - CE,2015,Total,112.0
2303659,Catunda - CE,2015,Menos de 15 anos,1.0
2303659,Catunda - CE,2015,15 a 19 anos,25.0
2303659,Catunda - CE,2015,20 a 24 anos,26.0
2303659,Catunda - CE,2015,25 a 29 anos,30.0
2303659,Catunda - CE,2015,30 a 34 anos,18.0
2303659,Catunda - CE,2015,35 a 39 anos,9.0
2303659,Catunda - CE,2015,40 a 44 anos,3.0
2303659,Catunda - CE,2015,45 a 49 anos,
2303659,Catunda - CE,2015,50 anos ou mais,
2303659,Catunda - CE,2015,Ignorada,
2303659,Catunda - CE,2016,Total,100.0
2303659,Catunda - CE,2016,Menos de 15 anos,3.0
2303659,Catunda - CE,2016,15 a 19 anos,21.0
2303659,Catunda - CE,2016,20 a 24 anos,26.0
2303659,Catunda - CE,2016,25 a 29 anos,23.0
2303659,Catunda - CE,2016,30 a 34 anos,21.0
2303659,Catunda - CE,2016,35 a 39 anos,5.0
2303659,Catunda - CE,2016,40 a 44 anos,1.0
2303659,Catunda - CE,2016,45 a 49 anos,
2303659,Catunda - CE,2016,50 anos ou mais,
2303659,Catunda - CE,2016,Ignorada,
2303659,Catunda - CE,2017,Total,125.0
2303659,Catunda - CE,2017,Menos de 15 anos,1.0
2303659,Catunda - CE,2017,15 a 19 anos,26.0
2303659,Catunda - CE,2017,20 a 24 anos,46.0
2303659,Catunda - CE,2017,25 a 29 anos,20.0
2303659,Catunda - CE,2017,30 a 34 anos,13.0
2303659,Catunda - CE,2017,35 a 39 anos,14.0
2303659,Catunda - CE,2017,40 a 44 anos,4.0
2303659,Catunda - CE,2017,45 a 49 anos,1.0
2303659,Catunda - CE,2017,50 anos ou mais,
2303659,Catunda - CE,2017,Ignorada,
2303659,Catunda - CE,2018,Total,103.0
2303659,Catunda - CE,2018,Menos de 15 anos,3.0
2303659,Catunda - CE,2018,15 a 19 anos,16.0
2303659,Catunda - CE,2018,20 a 24 anos,34.0
2303659,Catunda - CE,2018,25 a 29 anos,17.0
2303659,Catunda - CE,2018,30 a 34 anos,15.0
2303659,Catunda - CE,2018,35 a 39 anos,14.0
2303659,Catunda - CE,2018,40 a 44 anos,4.0
2303659,Catunda - CE,2018,45 a 49 anos,
2303659,Catunda - CE,2018,50 anos ou mais,
2303659,Catunda - CE,2018,Ignorada,
2303659,Catunda - CE,2019,Total,109.0
2303659,Catunda - CE,2019,Menos de 15 anos,1.0
2303659,Catunda - CE,2019,15 a 19 anos,22.0
2303659,Catunda - CE,2019,20 a 24 anos,26.0
2303659,Catunda - CE,2019,25 a 29 anos,28.0
2303659,Catunda - CE,2019,30 a 34 anos,20.0
2303659,Catunda - CE,2019,35 a 39 anos,10.0
2303659,Catunda - CE,2019,40 a 44 anos,2.0
2303659,Catunda - CE,2019,45 a 49 anos,
2303659,Catunda - CE,2019,50 anos ou mais,
2303659,Catunda - CE,2019,Ignorada,
2303709,Caucaia - CE,2014,Total,3666.0
2303709,Caucaia - CE,2014,Menos de 15 anos,62.0
2303709,Caucaia - CE,2014,15 a 19 anos,799.0
2303709,Caucaia - CE,2014,20 a 24 anos,986.0
2303709,Caucaia - CE,2014,25 a 29 anos,844.0
2303709,Caucaia - CE,2014,30 a 34 anos,610.0
2303709,Caucaia - CE,2014,35 a 39 anos,287.0
2303709,Caucaia - CE,2014,40 a 44 anos,69.0
2303709,Caucaia - CE,2014,45 a 49 anos,4.0
2303709,Caucaia - CE,2014,50 anos ou mais,2.0
2303709,Caucaia - CE,2014,Ignorada,3.0
2303709,Caucaia - CE,2015,Total,5128.0
2303709,Caucaia - CE,2015,Menos de 15 anos,36.0
2303709,Caucaia - CE,2015,15 a 19 anos,979.0
2303709,Caucaia - CE,2015,20 a 24 anos,1392.0
2303709,Caucaia - CE,2015,25 a 29 anos,1265.0
2303709,Caucaia - CE,2015,30 a 34 anos,898.0
2303709,Caucaia - CE,2015,35 a 39 anos,440.0
2303709,Caucaia - CE,2015,40 a 44 anos,105.0
2303709,Caucaia - CE,2015,45 a 49 anos,9.0
2303709,Caucaia - CE,2015,50 anos ou mais,2.0
2303709,Caucaia - CE,2015,Ignorada,2.0
2303709,Caucaia - CE,2016,Total,4761.0
2303709,Caucaia - CE,2016,Menos de 15 anos,48.0
2303709,Caucaia - CE,2016,15 a 19 anos,886.0
2303709,Caucaia - CE,2016,20 a 24 anos,1331.0
2303709,Caucaia - CE,2016,25 a 29 anos,1131.0
2303709,Caucaia - CE,2016,30 a 34 anos,841.0
2303709,Caucaia - CE,2016,35 a 39 anos,437.0
2303709,Caucaia - CE,2016,40 a 44 anos,74.0
2303709,Caucaia - CE,2016,45 a 49 anos,8.0
2303709,Caucaia - CE,2016,50 anos ou mais,
2303709,Caucaia - CE,2016,Ignorada,5.0
2303709,Caucaia - CE,2017,Total,5019.0
2303709,Caucaia - CE,2017,Menos de 15 anos,39.0
2303709,Caucaia - CE,2017,15 a 19 anos,854.0
2303709,Caucaia - CE,2017,20 a 24 anos,1384.0
2303709,Caucaia - CE,2017,25 a 29 anos,1216.0
2303709,Caucaia - CE,2017,30 a 34 anos,920.0
2303709,Caucaia - CE,2017,35 a 39 anos,467.0
2303709,Caucaia - CE,2017,40 a 44 anos,124.0
2303709,Caucaia - CE,2017,45 a 49 anos,9.0
2303709,Caucaia - CE,2017,50 anos ou mais,1.0
2303709,Caucaia - CE,2017,Ignorada,5.0
2303709,Caucaia - CE,2018,Total,5409.0
2303709,Caucaia - CE,2018,Menos de 15 anos,47.0
2303709,Caucaia - CE,2018,15 a 19 anos,845.0
2303709,Caucaia - CE,2018,20 a 24 anos,1400.0
2303709,Caucaia - CE,2018,25 a 29 anos,1320.0
2303709,Caucaia - CE,2018,30 a 34 anos,1076.0
2303709,Caucaia - CE,2018,35 a 39 anos,560.0
2303709,Caucaia - CE,2018,40 a 44 anos,108.0
2303709,Caucaia - CE,2018,45 a 49 anos,9.0
2303709,Caucaia - CE,2018,50 anos ou mais,
2303709,Caucaia - CE,2018,Ignorada,44.0
2303709,Caucaia - CE,2019,Total,5236.0
2303709,Caucaia - CE,2019,Menos de 15 anos,35.0
2303709,Caucaia - CE,2019,15 a 19 anos,730.0
2303709,Caucaia - CE,2019,20 a 24 anos,1329.0
2303709,Caucaia - CE,2019,25 a 29 anos,1335.0
2303709,Caucaia - CE,2019,30 a 34 anos,1077.0
2303709,Caucaia - CE,2019,35 a 39 anos,569.0
2303709,Caucaia - CE,2019,40 a 44 anos,151.0
2303709,Caucaia - CE,2019,45 a 49 anos,5.0
2303709,Caucaia - CE,2019,50 anos ou mais,1.0
2303709,Caucaia - CE,2019,Ignorada,4.0
2303808,Cedro - CE,2014,Total,306.0
2303808,Cedro - CE,2014,Menos de 15 anos,6.0
2303808,Cedro - CE,2014,15 a 19 anos,57.0
2303808,Cedro - CE,2014,20 a 24 anos,61.0
2303808,Cedro - CE,2014,25 a 29 anos,94.0
2303808,Cedro - CE,2014,30 a 34 anos,52.0
2303808,Cedro - CE,2014,35 a 39 anos,29.0
2303808,Cedro - CE,2014,40 a 44 anos,6.0
2303808,Cedro - CE,2014,45 a 49 anos,1.0
2303808,Cedro - CE,2014,50 anos ou mais,
2303808,Cedro - CE,2014,Ignorada,
2303808,Cedro - CE,2015,Total,282.0
2303808,Cedro - CE,2015,Menos de 15 anos,3.0
2303808,Cedro - CE,2015,15 a 19 anos,48.0
2303808,Cedro - CE,2015,20 a 24 anos,61.0
2303808,Cedro - CE,2015,25 a 29 anos,87.0
2303808,Cedro - CE,2015,30 a 34 anos,45.0
2303808,Cedro - CE,2015,35 a 39 anos,33.0
2303808,Cedro - CE,2015,40 a 44 anos,4.0
2303808,Cedro - CE,2015,45 a 49 anos,1.0
2303808,Cedro - CE,2015,50 anos ou mais,
2303808,Cedro - CE,2015,Ignorada,
2303808,Cedro - CE,2016,Total,265.0
2303808,Cedro - CE,2016,Menos de 15 anos,1.0
2303808,Cedro - CE,2016,15 a 19 anos,51.0
2303808,Cedro - CE,2016,20 a 24 anos,67.0
2303808,Cedro - CE,2016,25 a 29 anos,70.0
2303808,Cedro - CE,2016,30 a 34 anos,40.0
2303808,Cedro - CE,2016,35 a 39 anos,26.0
2303808,Cedro - CE,2016,40 a 44 anos,10.0
2303808,Cedro - CE,2016,45 a 49 anos,
2303808,Cedro - CE,2016,50 anos ou mais,
2303808,Cedro - CE,2016,Ignorada,
2303808,Cedro - CE,2017,Total,284.0
2303808,Cedro - CE,2017,Menos de 15 anos,2.0
2303808,Cedro - CE,2017,15 a 19 anos,49.0
2303808,Cedro - CE,2017,20 a 24 anos,70.0
2303808,Cedro - CE,2017,25 a 29 anos,74.0
2303808,Cedro - CE,2017,30 a 34 anos,52.0
2303808,Cedro - CE,2017,35 a 39 anos,30.0
2303808,Cedro - CE,2017,40 a 44 anos,7.0
2303808,Cedro - CE,2017,45 a 49 anos,
2303808,Cedro - CE,2017,50 anos ou mais,
2303808,Cedro - CE,2017,Ignorada,
2303808,Cedro - CE,2018,Total,318.0
2303808,Cedro - CE,2018,Menos de 15 anos,2.0
2303808,Cedro - CE,2018,15 a 19 anos,61.0
2303808,Cedro - CE,2018,20 a 24 anos,93.0
2303808,Cedro - CE,2018,25 a 29 anos,69.0
2303808,Cedro - CE,2018,30 a 34 anos,49.0
2303808,Cedro - CE,2018,35 a 39 anos,35.0
2303808,Cedro - CE,2018,40 a 44 anos,8.0
2303808,Cedro - CE,2018,45 a 49 anos,
2303808,Cedro - CE,2018,50 anos ou mais,1.0
2303808,Cedro - CE,2018,Ignorada,
2303808,Cedro - CE,2019,Total,318.0
2303808,Cedro - CE,2019,Menos de 15 anos,3.0
2303808,Cedro - CE,2019,15 a 19 anos,62.0
2303808,Cedro - CE,2019,20 a 24 anos,72.0
2303808,Cedro - CE,2019,25 a 29 anos,72.0
2303808,Cedro - CE,2019,30 a 34 anos,63.0
2303808,Cedro - CE,2019,35 a 39 anos,38.0
2303808,Cedro - CE,2019,40 a 44 anos,7.0
2303808,Cedro - CE,2019,45 a 49 anos,1.0
2303808,Cedro - CE,2019,50 anos ou mais,
2303808,Cedro - CE,2019,Ignorada,
2303907,Chaval - CE,2014,Total,177.0
2303907,Chaval - CE,2014,Menos de 15 anos,3.0
2303907,Chaval - CE,2014,15 a 19 anos,35.0
2303907,Chaval - CE,2014,20 a 24 anos,56.0
2303907,Chaval - CE,2014,25 a 29 anos,46.0
2303907,Chaval - CE,2014,30 a 34 anos,23.0
2303907,Chaval - CE,2014,35 a 39 anos,11.0
2303907,Chaval - CE,2014,40 a 44 anos,3.0
2303907,Chaval - CE,2014,45 a 49 anos,
2303907,Chaval - CE,2014,50 anos ou mais,
2303907,Chaval - CE,2014,Ignorada,
2303907,Chaval - CE,2015,Total,206.0
2303907,Chaval - CE,2015,Menos de 15 anos,2.0
2303907,Chaval - CE,2015,15 a 19 anos,51.0
2303907,Chaval - CE,2015,20 a 24 anos,51.0
2303907,Chaval - CE,2015,25 a 29 anos,55.0
2303907,Chaval - CE,2015,30 a 34 anos,27.0
2303907,Chaval - CE,2015,35 a 39 anos,15.0
2303907,Chaval - CE,2015,40 a 44 anos,4.0
2303907,Chaval - CE,2015,45 a 49 anos,1.0
2303907,Chaval - CE,2015,50 anos ou mais,
2303907,Chaval - CE,2015,Ignorada,
2303907,Chaval - CE,2016,Total,199.0
2303907,Chaval - CE,2016,Menos de 15 anos,5.0
2303907,Chaval - CE,2016,15 a 19 anos,38.0
2303907,Chaval - CE,2016,20 a 24 anos,60.0
2303907,Chaval - CE,2016,25 a 29 anos,52.0
2303907,Chaval - CE,2016,30 a 34 anos,25.0
2303907,Chaval - CE,2016,35 a 39 anos,15.0
2303907,Chaval - CE,2016,40 a 44 anos,3.0
2303907,Chaval - CE,2016,45 a 49 anos,1.0
2303907,Chaval - CE,2016,50 anos ou mais,
2303907,Chaval - CE,2016,Ignorada,
2303907,Chaval - CE,2017,Total,197.0
2303907,Chaval - CE,2017,Menos de 15 anos,1.0
2303907,Chaval - CE,2017,15 a 19 anos,38.0
2303907,Chaval - CE,2017,20 a 24 anos,43.0
2303907,Chaval - CE,2017,25 a 29 anos,58.0
2303907,Chaval - CE,2017,30 a 34 anos,32.0
2303907,Chaval - CE,2017,35 a 39 anos,23.0
2303907,Chaval - CE,2017,40 a 44 anos,1.0
2303907,Chaval - CE,2017,45 a 49 anos,1.0
2303907,Chaval - CE,2017,50 anos ou mais,
2303907,Chaval - CE,2017,Ignorada,
2303907,Chaval - CE,2018,Total,201.0
2303907,Chaval - CE,2018,Menos de 15 anos,3.0
2303907,Chaval - CE,2018,15 a 19 anos,35.0
2303907,Chaval - CE,2018,20 a 24 anos,51.0
2303907,Chaval - CE,2018,25 a 29 anos,53.0
2303907,Chaval - CE,2018,30 a 34 anos,38.0
2303907,Chaval - CE,2018,35 a 39 anos,15.0
2303907,Chaval - CE,2018,40 a 44 anos,6.0
2303907,Chaval - CE,2018,45 a 49 anos,
2303907,Chaval - CE,2018,50 anos ou mais,
2303907,Chaval - CE,2018,Ignorada,
2303907,Chaval - CE,2019,Total,214.0
2303907,Chaval - CE,2019,Menos de 15 anos,3.0
2303907,Chaval - CE,2019,15 a 19 anos,36.0
2303907,Chaval - CE,2019,20 a 24 anos,59.0
2303907,Chaval - CE,2019,25 a 29 anos,48.0
2303907,Chaval - CE,2019,30 a 34 anos,51.0
2303907,Chaval - CE,2019,35 a 39 anos,11.0
2303907,Chaval - CE,2019,40 a 44 anos,4.0
2303907,Chaval - CE,2019,45 a 49 anos,2.0
2303907,Chaval - CE,2019,50 anos ou mais,
2303907,Chaval - CE,2019,Ignorada,
2303931,Choró - CE,2014,Total,172.0
2303931,Choró - CE,2014,Menos de 15 anos,1.0
2303931,Choró - CE,2014,15 a 19 anos,28.0
2303931,Choró - CE,2014,20 a 24 anos,57.0
2303931,Choró - CE,2014,25 a 29 anos,40.0
2303931,Choró - CE,2014,30 a 34 anos,22.0
2303931,Choró - CE,2014,35 a 39 anos,18.0
2303931,Choró - CE,2014,40 a 44 anos,6.0
2303931,Choró - CE,2014,45 a 49 anos,
2303931,Choró - CE,2014,50 anos ou mais,
2303931,Choró - CE,2014,Ignorada,
2303931,Choró - CE,2015,Total,196.0
2303931,Choró - CE,2015,Menos de 15 anos,
2303931,Choró - CE,2015,15 a 19 anos,38.0
2303931,Choró - CE,2015,20 a 24 anos,48.0
2303931,Choró - CE,2015,25 a 29 anos,42.0
2303931,Choró - CE,2015,30 a 34 anos,36.0
2303931,Choró - CE,2015,35 a 39 anos,23.0
2303931,Choró - CE,2015,40 a 44 anos,8.0
2303931,Choró - CE,2015,45 a 49 anos,
2303931,Choró - CE,2015,50 anos ou mais,
2303931,Choró - CE,2015,Ignorada,1.0
2303931,Choró - CE,2016,Total,193.0
2303931,Choró - CE,2016,Menos de 15 anos,2.0
2303931,Choró - CE,2016,15 a 19 anos,35.0
2303931,Choró - CE,2016,20 a 24 anos,61.0
2303931,Choró - CE,2016,25 a 29 anos,44.0
2303931,Choró - CE,2016,30 a 34 anos,28.0
2303931,Choró - CE,2016,35 a 39 anos,14.0
2303931,Choró - CE,2016,40 a 44 anos,9.0
2303931,Choró - CE,2016,45 a 49 anos,
2303931,Choró - CE,2016,50 anos ou mais,
2303931,Choró - CE,2016,Ignorada,
2303931,Choró - CE,2017,Total,165.0
2303931,Choró - CE,2017,Menos de 15 anos,
2303931,Choró - CE,2017,15 a 19 anos,25.0
2303931,Choró - CE,2017,20 a 24 anos,48.0
2303931,Choró - CE,2017,25 a 29 anos,37.0
2303931,Choró - CE,2017,30 a 34 anos,33.0
2303931,Choró - CE,2017,35 a 39 anos,15.0
2303931,Choró - CE,2017,40 a 44 anos,7.0
2303931,Choró - CE,2017,45 a 49 anos,
2303931,Choró - CE,2017,50 anos ou mais,
2303931,Choró - CE,2017,Ignorada,
2303931,Choró - CE,2018,Total,212.0
2303931,Choró - CE,2018,Menos de 15 anos,2.0
2303931,Choró - CE,2018,15 a 19 anos,31.0
2303931,Choró - CE,2018,20 a 24 anos,57.0
2303931,Choró - CE,2018,25 a 29 anos,50.0
2303931,Choró - CE,2018,30 a 34 anos,43.0
2303931,Choró - CE,2018,35 a 39 anos,24.0
2303931,Choró - CE,2018,40 a 44 anos,4.0
2303931,Choró - CE,2018,45 a 49 anos,1.0
2303931,Choró - CE,2018,50 anos ou mais,
2303931,Choró - CE,2018,Ignorada,
2303931,Choró - CE,2019,Total,146.0
2303931,Choró - CE,2019,Menos de 15 anos,1.0
2303931,Choró - CE,2019,15 a 19 anos,24.0
2303931,Choró - CE,2019,20 a 24 anos,49.0
2303931,Choró - CE,2019,25 a 29 anos,26.0
2303931,Choró - CE,2019,30 a 34 anos,27.0
2303931,Choró - CE,2019,35 a 39 anos,16.0
2303931,Choró - CE,2019,40 a 44 anos,3.0
2303931,Choró - CE,2019,45 a 49 anos,
2303931,Choró - CE,2019,50 anos ou mais,
2303931,Choró - CE,2019,Ignorada,
2303956,Chorozinho - CE,2014,Total,324.0
2303956,Chorozinho - CE,2014,Menos de 15 anos,5.0
2303956,Chorozinho - CE,2014,15 a 19 anos,76.0
2303956,Chorozinho - CE,2014,20 a 24 anos,82.0
2303956,Chorozinho - CE,2014,25 a 29 anos,70.0
2303956,Chorozinho - CE,2014,30 a 34 anos,56.0
2303956,Chorozinho - CE,2014,35 a 39 anos,27.0
2303956,Chorozinho - CE,2014,40 a 44 anos,8.0
2303956,Chorozinho - CE,2014,45 a 49 anos,
2303956,Chorozinho - CE,2014,50 anos ou mais,
2303956,Chorozinho - CE,2014,Ignorada,
2303956,Chorozinho - CE,2015,Total,319.0
2303956,Chorozinho - CE,2015,Menos de 15 anos,4.0
2303956,Chorozinho - CE,2015,15 a 19 anos,72.0
2303956,Chorozinho - CE,2015,20 a 24 anos,103.0
2303956,Chorozinho - CE,2015,25 a 29 anos,71.0
2303956,Chorozinho - CE,2015,30 a 34 anos,42.0
2303956,Chorozinho - CE,2015,35 a 39 anos,19.0
2303956,Chorozinho - CE,2015,40 a 44 anos,8.0
2303956,Chorozinho - CE,2015,45 a 49 anos,
2303956,Chorozinho - CE,2015,50 anos ou mais,
2303956,Chorozinho - CE,2015,Ignorada,
2303956,Chorozinho - CE,2016,Total,261.0
2303956,Chorozinho - CE,2016,Menos de 15 anos,4.0
2303956,Chorozinho - CE,2016,15 a 19 anos,65.0
2303956,Chorozinho - CE,2016,20 a 24 anos,67.0
2303956,Chorozinho - CE,2016,25 a 29 anos,52.0
2303956,Chorozinho - CE,2016,30 a 34 anos,42.0
2303956,Chorozinho - CE,2016,35 a 39 anos,27.0
2303956,Chorozinho - CE,2016,40 a 44 anos,4.0
2303956,Chorozinho - CE,2016,45 a 49 anos,
2303956,Chorozinho - CE,2016,50 anos ou mais,
2303956,Chorozinho - CE,2016,Ignorada,
2303956,Chorozinho - CE,2017,Total,226.0
2303956,Chorozinho - CE,2017,Menos de 15 anos,
2303956,Chorozinho - CE,2017,15 a 19 anos,47.0
2303956,Chorozinho - CE,2017,20 a 24 anos,68.0
2303956,Chorozinho - CE,2017,25 a 29 anos,49.0
2303956,Chorozinho - CE,2017,30 a 34 anos,34.0
2303956,Chorozinho - CE,2017,35 a 39 anos,22.0
2303956,Chorozinho - CE,2017,40 a 44 anos,6.0
2303956,Chorozinho - CE,2017,45 a 49 anos,
2303956,Chorozinho - CE,2017,50 anos ou mais,
2303956,Chorozinho - CE,2017,Ignorada,
2303956,Chorozinho - CE,2018,Total,299.0
2303956,Chorozinho - CE,2018,Menos de 15 anos,3.0
2303956,Chorozinho - CE,2018,15 a 19 anos,61.0
2303956,Chorozinho - CE,2018,20 a 24 anos,84.0
2303956,Chorozinho - CE,2018,25 a 29 anos,79.0
2303956,Chorozinho - CE,2018,30 a 34 anos,43.0
2303956,Chorozinho - CE,2018,35 a 39 anos,27.0
2303956,Chorozinho - CE,2018,40 a 44 anos,2.0
2303956,Chorozinho - CE,2018,45 a 49 anos,
2303956,Chorozinho - CE,2018,50 anos ou mais,
2303956,Chorozinho - CE,2018,Ignorada,
2303956,Chorozinho - CE,2019,Total,316.0
2303956,Chorozinho - CE,2019,Menos de 15 anos,2.0
2303956,Chorozinho - CE,2019,15 a 19 anos,47.0
2303956,Chorozinho - CE,2019,20 a 24 anos,85.0
2303956,Chorozinho - CE,2019,25 a 29 anos,75.0
2303956,Chorozinho - CE,2019,30 a 34 anos,69.0
2303956,Chorozinho - CE,2019,35 a 39 anos,30.0
2303956,Chorozinho - CE,2019,40 a 44 anos,8.0
2303956,Chorozinho - CE,2019,45 a 49 anos,
2303956,Chorozinho - CE,2019,50 anos ou mais,
2303956,Chorozinho - CE,2019,Ignorada,
2304004,Coreaú - CE,2014,Total,294.0
2304004,Coreaú - CE,2014,Menos de 15 anos,3.0
2304004,Coreaú - CE,2014,15 a 19 anos,65.0
2304004,Coreaú - CE,2014,20 a 24 anos,85.0
2304004,Coreaú - CE,2014,25 a 29 anos,63.0
2304004,Coreaú - CE,2014,30 a 34 anos,49.0
2304004,Coreaú - CE,2014,35 a 39 anos,19.0
2304004,Coreaú - CE,2014,40 a 44 anos,10.0
2304004,Coreaú - CE,2014,45 a 49 anos,
2304004,Coreaú - CE,2014,50 anos ou mais,
2304004,Coreaú - CE,2014,Ignorada,
2304004,Coreaú - CE,2015,Total,334.0
2304004,Coreaú - CE,2015,Menos de 15 anos,3.0
2304004,Coreaú - CE,2015,15 a 19 anos,70.0
2304004,Coreaú - CE,2015,20 a 24 anos,89.0
2304004,Coreaú - CE,2015,25 a 29 anos,73.0
2304004,Coreaú - CE,2015,30 a 34 anos,67.0
2304004,Coreaú - CE,2015,35 a 39 anos,23.0
2304004,Coreaú - CE,2015,40 a 44 anos,8.0
2304004,Coreaú - CE,2015,45 a 49 anos,
2304004,Coreaú - CE,2015,50 anos ou mais,
2304004,Coreaú - CE,2015,Ignorada,1.0
2304004,Coreaú - CE,2016,Total,323.0
2304004,Coreaú - CE,2016,Menos de 15 anos,5.0
2304004,Coreaú - CE,2016,15 a 19 anos,51.0
2304004,Coreaú - CE,2016,20 a 24 anos,91.0
2304004,Coreaú - CE,2016,25 a 29 anos,75.0
2304004,Coreaú - CE,2016,30 a 34 anos,62.0
2304004,Coreaú - CE,2016,35 a 39 anos,30.0
2304004,Coreaú - CE,2016,40 a 44 anos,8.0
2304004,Coreaú - CE,2016,45 a 49 anos,1.0
2304004,Coreaú - CE,2016,50 anos ou mais,
2304004,Coreaú - CE,2016,Ignorada,
2304004,Coreaú - CE,2017,Total,303.0
2304004,Coreaú - CE,2017,Menos de 15 anos,2.0
2304004,Coreaú - CE,2017,15 a 19 anos,62.0
2304004,Coreaú - CE,2017,20 a 24 anos,92.0
2304004,Coreaú - CE,2017,25 a 29 anos,68.0
2304004,Coreaú - CE,2017,30 a 34 anos,46.0
2304004,Coreaú - CE,2017,35 a 39 anos,25.0
2304004,Coreaú - CE,2017,40 a 44 anos,8.0
2304004,Coreaú - CE,2017,45 a 49 anos,
2304004,Coreaú - CE,2017,50 anos ou mais,
2304004,Coreaú - CE,2017,Ignorada,
2304004,Coreaú - CE,2018,Total,335.0
2304004,Coreaú - CE,2018,Menos de 15 anos,2.0
2304004,Coreaú - CE,2018,15 a 19 anos,55.0
2304004,Coreaú - CE,2018,20 a 24 anos,91.0
2304004,Coreaú - CE,2018,25 a 29 anos,87.0
2304004,Coreaú - CE,2018,30 a 34 anos,57.0
2304004,Coreaú - CE,2018,35 a 39 anos,36.0
2304004,Coreaú - CE,2018,40 a 44 anos,5.0
2304004,Coreaú - CE,2018,45 a 49 anos,2.0
2304004,Coreaú - CE,2018,50 anos ou mais,
2304004,Coreaú - CE,2018,Ignorada,
2304004,Coreaú - CE,2019,Total,300.0
2304004,Coreaú - CE,2019,Menos de 15 anos,
2304004,Coreaú - CE,2019,15 a 19 anos,52.0
2304004,Coreaú - CE,2019,20 a 24 anos,86.0
2304004,Coreaú - CE,2019,25 a 29 anos,64.0
2304004,Coreaú - CE,2019,30 a 34 anos,60.0
2304004,Coreaú - CE,2019,35 a 39 anos,32.0
2304004,Coreaú - CE,2019,40 a 44 anos,4.0
2304004,Coreaú - CE,2019,45 a 49 anos,
2304004,Coreaú - CE,2019,50 anos ou mais,
2304004,Coreaú - CE,2019,Ignorada,2.0
2304103,Crateús - CE,2014,Total,1024.0
2304103,Crateús - CE,2014,Menos de 15 anos,11.0
2304103,Crateús - CE,2014,15 a 19 anos,210.0
2304103,Crateús - CE,2014,20 a 24 anos,273.0
2304103,Crateús - CE,2014,25 a 29 anos,251.0
2304103,Crateús - CE,2014,30 a 34 anos,164.0
2304103,Crateús - CE,2014,35 a 39 anos,89.0
2304103,Crateús - CE,2014,40 a 44 anos,23.0
2304103,Crateús - CE,2014,45 a 49 anos,3.0
2304103,Crateús - CE,2014,50 anos ou mais,
2304103,Crateús - CE,2014,Ignorada,
2304103,Crateús - CE,2015,Total,1133.0
2304103,Crateús - CE,2015,Menos de 15 anos,14.0
2304103,Crateús - CE,2015,15 a 19 anos,241.0
2304103,Crateús - CE,2015,20 a 24 anos,316.0
2304103,Crateús - CE,2015,25 a 29 anos,258.0
2304103,Crateús - CE,2015,30 a 34 anos,178.0
2304103,Crateús - CE,2015,35 a 39 anos,95.0
2304103,Crateús - CE,2015,40 a 44 anos,23.0
2304103,Crateús - CE,2015,45 a 49 anos,3.0
2304103,Crateús - CE,2015,50 anos ou mais,
2304103,Crateús - CE,2015,Ignorada,5.0
2304103,Crateús - CE,2016,Total,981.0
2304103,Crateús - CE,2016,Menos de 15 anos,6.0
2304103,Crateús - CE,2016,15 a 19 anos,199.0
2304103,Crateús - CE,2016,20 a 24 anos,241.0
2304103,Crateús - CE,2016,25 a 29 anos,244.0
2304103,Crateús - CE,2016,30 a 34 anos,184.0
2304103,Crateús - CE,2016,35 a 39 anos,82.0
2304103,Crateús - CE,2016,40 a 44 anos,23.0
2304103,Crateús - CE,2016,45 a 49 anos,
2304103,Crateús - CE,2016,50 anos ou mais,
2304103,Crateús - CE,2016,Ignorada,2.0
2304103,Crateús - CE,2017,Total,929.0
2304103,Crateús - CE,2017,Menos de 15 anos,6.0
2304103,Crateús - CE,2017,15 a 19 anos,137.0
2304103,Crateús - CE,2017,20 a 24 anos,270.0
2304103,Crateús - CE,2017,25 a 29 anos,233.0
2304103,Crateús - CE,2017,30 a 34 anos,151.0
2304103,Crateús - CE,2017,35 a 39 anos,102.0
2304103,Crateús - CE,2017,40 a 44 anos,25.0
2304103,Crateús - CE,2017,45 a 49 anos,3.0
2304103,Crateús - CE,2017,50 anos ou mais,
2304103,Crateús - CE,2017,Ignorada,2.0
2304103,Crateús - CE,2018,Total,1088.0
2304103,Crateús - CE,2018,Menos de 15 anos,11.0
2304103,Crateús - CE,2018,15 a 19 anos,193.0
2304103,Crateús - CE,2018,20 a 24 anos,262.0
2304103,Crateús - CE,2018,25 a 29 anos,231.0
2304103,Crateús - CE,2018,30 a 34 anos,214.0
2304103,Crateús - CE,2018,35 a 39 anos,133.0
2304103,Crateús - CE,2018,40 a 44 anos,41.0
2304103,Crateús - CE,2018,45 a 49 anos,3.0
2304103,Crateús - CE,2018,50 anos ou mais,
2304103,Crateús - CE,2018,Ignorada,
2304103,Crateús - CE,2019,Total,1094.0
2304103,Crateús - CE,2019,Menos de 15 anos,6.0
2304103,Crateús - CE,2019,15 a 19 anos,167.0
2304103,Crateús - CE,2019,20 a 24 anos,271.0
2304103,Crateús - CE,2019,25 a 29 anos,255.0
2304103,Crateús - CE,2019,30 a 34 anos,239.0
2304103,Crateús - CE,2019,35 a 39 anos,118.0
2304103,Crateús - CE,2019,40 a 44 anos,35.0
2304103,Crateús - CE,2019,45 a 49 anos,2.0
2304103,Crateús - CE,2019,50 anos ou mais,
2304103,Crateús - CE,2019,Ignorada,1.0
2304202,Crato - CE,2014,Total,2214.0
2304202,Crato - CE,2014,Menos de 15 anos,16.0
2304202,Crato - CE,2014,15 a 19 anos,394.0
2304202,Crato - CE,2014,20 a 24 anos,560.0
2304202,Crato - CE,2014,25 a 29 anos,586.0
2304202,Crato - CE,2014,30 a 34 anos,380.0
2304202,Crato - CE,2014,35 a 39 anos,188.0
2304202,Crato - CE,2014,40 a 44 anos,55.0
2304202,Crato - CE,2014,45 a 49 anos,4.0
2304202,Crato - CE,2014,50 anos ou mais,
2304202,Crato - CE,2014,Ignorada,31.0
2304202,Crato - CE,2015,Total,2151.0
2304202,Crato - CE,2015,Menos de 15 anos,20.0
2304202,Crato - CE,2015,15 a 19 anos,413.0
2304202,Crato - CE,2015,20 a 24 anos,560.0
2304202,Crato - CE,2015,25 a 29 anos,556.0
2304202,Crato - CE,2015,30 a 34 anos,385.0
2304202,Crato - CE,2015,35 a 39 anos,161.0
2304202,Crato - CE,2015,40 a 44 anos,52.0
2304202,Crato - CE,2015,45 a 49 anos,2.0
2304202,Crato - CE,2015,50 anos ou mais,2.0
2304202,Crato - CE,2015,Ignorada,
2304202,Crato - CE,2016,Total,2037.0
2304202,Crato - CE,2016,Menos de 15 anos,23.0
2304202,Crato - CE,2016,15 a 19 anos,328.0
2304202,Crato - CE,2016,20 a 24 anos,531.0
2304202,Crato - CE,2016,25 a 29 anos,502.0
2304202,Crato - CE,2016,30 a 34 anos,395.0
2304202,Crato - CE,2016,35 a 39 anos,209.0
2304202,Crato - CE,2016,40 a 44 anos,45.0
2304202,Crato - CE,2016,45 a 49 anos,2.0
2304202,Crato - CE,2016,50 anos ou mais,1.0
2304202,Crato - CE,2016,Ignorada,1.0
2304202,Crato - CE,2017,Total,2067.0
2304202,Crato - CE,2017,Menos de 15 anos,34.0
2304202,Crato - CE,2017,15 a 19 anos,368.0
2304202,Crato - CE,2017,20 a 24 anos,510.0
2304202,Crato - CE,2017,25 a 29 anos,500.0
2304202,Crato - CE,2017,30 a 34 anos,389.0
2304202,Crato - CE,2017,35 a 39 anos,220.0
2304202,Crato - CE,2017,40 a 44 anos,40.0
2304202,Crato - CE,2017,45 a 49 anos,3.0
2304202,Crato - CE,2017,50 anos ou mais,1.0
2304202,Crato - CE,2017,Ignorada,2.0
2304202,Crato - CE,2018,Total,2181.0
2304202,Crato - CE,2018,Menos de 15 anos,10.0
2304202,Crato - CE,2018,15 a 19 anos,345.0
2304202,Crato - CE,2018,20 a 24 anos,564.0
2304202,Crato - CE,2018,25 a 29 anos,511.0
2304202,Crato - CE,2018,30 a 34 anos,441.0
2304202,Crato - CE,2018,35 a 39 anos,244.0
2304202,Crato - CE,2018,40 a 44 anos,61.0
2304202,Crato - CE,2018,45 a 49 anos,3.0
2304202,Crato - CE,2018,50 anos ou mais,
2304202,Crato - CE,2018,Ignorada,2.0
2304202,Crato - CE,2019,Total,2109.0
2304202,Crato - CE,2019,Menos de 15 anos,19.0
2304202,Crato - CE,2019,15 a 19 anos,305.0
2304202,Crato - CE,2019,20 a 24 anos,499.0
2304202,Crato - CE,2019,25 a 29 anos,525.0
2304202,Crato - CE,2019,30 a 34 anos,442.0
2304202,Crato - CE,2019,35 a 39 anos,244.0
2304202,Crato - CE,2019,40 a 44 anos,72.0
2304202,Crato - CE,2019,45 a 49 anos,2.0
2304202,Crato - CE,2019,50 anos ou mais,
2304202,Crato - CE,2019,Ignorada,1.0
2304236,Croatá - CE,2014,Total,223.0
2304236,Croatá - CE,2014,Menos de 15 anos,3.0
2304236,Croatá - CE,2014,15 a 19 anos,47.0
2304236,Croatá - CE,2014,20 a 24 anos,60.0
2304236,Croatá - CE,2014,25 a 29 anos,49.0
2304236,Croatá - CE,2014,30 a 34 anos,38.0
2304236,Croatá - CE,2014,35 a 39 anos,19.0
2304236,Croatá - CE,2014,40 a 44 anos,4.0
2304236,Croatá - CE,2014,45 a 49 anos,3.0
2304236,Croatá - CE,2014,50 anos ou mais,
2304236,Croatá - CE,2014,Ignorada,
2304236,Croatá - CE,2015,Total,239.0
2304236,Croatá - CE,2015,Menos de 15 anos,3.0
2304236,Croatá - CE,2015,15 a 19 anos,54.0
2304236,Croatá - CE,2015,20 a 24 anos,42.0
2304236,Croatá - CE,2015,25 a 29 anos,57.0
2304236,Croatá - CE,2015,30 a 34 anos,41.0
2304236,Croatá - CE,2015,35 a 39 anos,27.0
2304236,Croatá - CE,2015,40 a 44 anos,11.0
2304236,Croatá - CE,2015,45 a 49 anos,4.0
2304236,Croatá - CE,2015,50 anos ou mais,
2304236,Croatá - CE,2015,Ignorada,
2304236,Croatá - CE,2016,Total,187.0
2304236,Croatá - CE,2016,Menos de 15 anos,2.0
2304236,Croatá - CE,2016,15 a 19 anos,35.0
2304236,Croatá - CE,2016,20 a 24 anos,43.0
2304236,Croatá - CE,2016,25 a 29 anos,42.0
2304236,Croatá - CE,2016,30 a 34 anos,29.0
2304236,Croatá - CE,2016,35 a 39 anos,24.0
2304236,Croatá - CE,2016,40 a 44 anos,10.0
2304236,Croatá - CE,2016,45 a 49 anos,2.0
2304236,Croatá - CE,2016,50 anos ou mais,
2304236,Croatá - CE,2016,Ignorada,
2304236,Croatá - CE,2017,Total,186.0
2304236,Croatá - CE,2017,Menos de 15 anos,1.0
2304236,Croatá - CE,2017,15 a 19 anos,39.0
2304236,Croatá - CE,2017,20 a 24 anos,39.0
2304236,Croatá - CE,2017,25 a 29 anos,44.0
2304236,Croatá - CE,2017,30 a 34 anos,34.0
2304236,Croatá - CE,2017,35 a 39 anos,24.0
2304236,Croatá - CE,2017,40 a 44 anos,5.0
2304236,Croatá - CE,2017,45 a 49 anos,
2304236,Croatá - CE,2017,50 anos ou mais,
2304236,Croatá - CE,2017,Ignorada,
2304236,Croatá - CE,2018,Total,219.0
2304236,Croatá - CE,2018,Menos de 15 anos,1.0
2304236,Croatá - CE,2018,15 a 19 anos,45.0
2304236,Croatá - CE,2018,20 a 24 anos,63.0
2304236,Croatá - CE,2018,25 a 29 anos,45.0
2304236,Croatá - CE,2018,30 a 34 anos,45.0
2304236,Croatá - CE,2018,35 a 39 anos,15.0
2304236,Croatá - CE,2018,40 a 44 anos,5.0
2304236,Croatá - CE,2018,45 a 49 anos,
2304236,Croatá - CE,2018,50 anos ou mais,
2304236,Croatá - CE,2018,Ignorada,
2304236,Croatá - CE,2019,Total,275.0
2304236,Croatá - CE,2019,Menos de 15 anos,2.0
2304236,Croatá - CE,2019,15 a 19 anos,47.0
2304236,Croatá - CE,2019,20 a 24 anos,58.0
2304236,Croatá - CE,2019,25 a 29 anos,55.0
2304236,Croatá - CE,2019,30 a 34 anos,63.0
2304236,Croatá - CE,2019,35 a 39 anos,34.0
2304236,Croatá - CE,2019,40 a 44 anos,13.0
2304236,Croatá - CE,2019,45 a 49 anos,3.0
2304236,Croatá - CE,2019,50 anos ou mais,
2304236,Croatá - CE,2019,Ignorada,
2304251,Cruz - CE,2014,Total,329.0
2304251,Cruz - CE,2014,Menos de 15 anos,1.0
2304251,Cruz - CE,2014,15 a 19 anos,66.0
2304251,Cruz - CE,2014,20 a 24 anos,92.0
2304251,Cruz - CE,2014,25 a 29 anos,76.0
2304251,Cruz - CE,2014,30 a 34 anos,54.0
2304251,Cruz - CE,2014,35 a 39 anos,30.0
2304251,Cruz - CE,2014,40 a 44 anos,9.0
2304251,Cruz - CE,2014,45 a 49 anos,1.0
2304251,Cruz - CE,2014,50 anos ou mais,
2304251,Cruz - CE,2014,Ignorada,
2304251,Cruz - CE,2015,Total,373.0
2304251,Cruz - CE,2015,Menos de 15 anos,4.0
2304251,Cruz - CE,2015,15 a 19 anos,56.0
2304251,Cruz - CE,2015,20 a 24 anos,95.0
2304251,Cruz - CE,2015,25 a 29 anos,92.0
2304251,Cruz - CE,2015,30 a 34 anos,85.0
2304251,Cruz - CE,2015,35 a 39 anos,33.0
2304251,Cruz - CE,2015,40 a 44 anos,8.0
2304251,Cruz - CE,2015,45 a 49 anos,
2304251,Cruz - CE,2015,50 anos ou mais,
2304251,Cruz - CE,2015,Ignorada,
2304251,Cruz - CE,2016,Total,399.0
2304251,Cruz - CE,2016,Menos de 15 anos,4.0
2304251,Cruz - CE,2016,15 a 19 anos,57.0
2304251,Cruz - CE,2016,20 a 24 anos,103.0
2304251,Cruz - CE,2016,25 a 29 anos,113.0
2304251,Cruz - CE,2016,30 a 34 anos,82.0
2304251,Cruz - CE,2016,35 a 39 anos,32.0
2304251,Cruz - CE,2016,40 a 44 anos,8.0
2304251,Cruz - CE,2016,45 a 49 anos,
2304251,Cruz - CE,2016,50 anos ou mais,
2304251,Cruz - CE,2016,Ignorada,
2304251,Cruz - CE,2017,Total,401.0
2304251,Cruz - CE,2017,Menos de 15 anos,3.0
2304251,Cruz - CE,2017,15 a 19 anos,59.0
2304251,Cruz - CE,2017,20 a 24 anos,109.0
2304251,Cruz - CE,2017,25 a 29 anos,110.0
2304251,Cruz - CE,2017,30 a 34 anos,68.0
2304251,Cruz - CE,2017,35 a 39 anos,46.0
2304251,Cruz - CE,2017,40 a 44 anos,6.0
2304251,Cruz - CE,2017,45 a 49 anos,
2304251,Cruz - CE,2017,50 anos ou mais,
2304251,Cruz - CE,2017,Ignorada,
2304251,Cruz - CE,2018,Total,464.0
2304251,Cruz - CE,2018,Menos de 15 anos,2.0
2304251,Cruz - CE,2018,15 a 19 anos,68.0
2304251,Cruz - CE,2018,20 a 24 anos,129.0
2304251,Cruz - CE,2018,25 a 29 anos,112.0
2304251,Cruz - CE,2018,30 a 34 anos,91.0
2304251,Cruz - CE,2018,35 a 39 anos,50.0
2304251,Cruz - CE,2018,40 a 44 anos,11.0
2304251,Cruz - CE,2018,45 a 49 anos,1.0
2304251,Cruz - CE,2018,50 anos ou mais,
2304251,Cruz - CE,2018,Ignorada,
2304251,Cruz - CE,2019,Total,476.0
2304251,Cruz - CE,2019,Menos de 15 anos,3.0
2304251,Cruz - CE,2019,15 a 19 anos,62.0
2304251,Cruz - CE,2019,20 a 24 anos,116.0
2304251,Cruz - CE,2019,25 a 29 anos,103.0
2304251,Cruz - CE,2019,30 a 34 anos,109.0
2304251,Cruz - CE,2019,35 a 39 anos,62.0
2304251,Cruz - CE,2019,40 a 44 anos,20.0
2304251,Cruz - CE,2019,45 a 49 anos,1.0
2304251,Cruz - CE,2019,50 anos ou mais,
2304251,Cruz - CE,2019,Ignorada,
2304269,Deputado Irapuan Pinheiro - CE,2014,Total,83.0
2304269,Deputado Irapuan Pinheiro - CE,2014,Menos de 15 anos,
2304269,Deputado Irapuan Pinheiro - CE,2014,15 a 19 anos,16.0
2304269,Deputado Irapuan Pinheiro - CE,2014,20 a 24 anos,19.0
2304269,Deputado Irapuan Pinheiro - CE,2014,25 a 29 anos,25.0
2304269,Deputado Irapuan Pinheiro - CE,2014,30 a 34 anos,15.0
2304269,Deputado Irapuan Pinheiro - CE,2014,35 a 39 anos,5.0
2304269,Deputado Irapuan Pinheiro - CE,2014,40 a 44 anos,3.0
2304269,Deputado Irapuan Pinheiro - CE,2014,45 a 49 anos,
2304269,Deputado Irapuan Pinheiro - CE,2014,50 anos ou mais,
2304269,Deputado Irapuan Pinheiro - CE,2014,Ignorada,
2304269,Deputado Irapuan Pinheiro - CE,2015,Total,88.0
2304269,Deputado Irapuan Pinheiro - CE,2015,Menos de 15 anos,4.0
2304269,Deputado Irapuan Pinheiro - CE,2015,15 a 19 anos,15.0
2304269,Deputado Irapuan Pinheiro - CE,2015,20 a 24 anos,26.0
2304269,Deputado Irapuan Pinheiro - CE,2015,25 a 29 anos,21.0
2304269,Deputado Irapuan Pinheiro - CE,2015,30 a 34 anos,11.0
2304269,Deputado Irapuan Pinheiro - CE,2015,35 a 39 anos,9.0
2304269,Deputado Irapuan Pinheiro - CE,2015,40 a 44 anos,2.0
2304269,Deputado Irapuan Pinheiro - CE,2015,45 a 49 anos,
2304269,Deputado Irapuan Pinheiro - CE,2015,50 anos ou mais,
2304269,Deputado Irapuan Pinheiro - CE,2015,Ignorada,
2304269,Deputado Irapuan Pinheiro - CE,2016,Total,76.0
2304269,Deputado Irapuan Pinheiro - CE,2016,Menos de 15 anos,1.0
2304269,Deputado Irapuan Pinheiro - CE,2016,15 a 19 anos,8.0
2304269,Deputado Irapuan Pinheiro - CE,2016,20 a 24 anos,21.0
2304269,Deputado Irapuan Pinheiro - CE,2016,25 a 29 anos,21.0
2304269,Deputado Irapuan Pinheiro - CE,2016,30 a 34 anos,13.0
2304269,Deputado Irapuan Pinheiro - CE,2016,35 a 39 anos,10.0
2304269,Deputado Irapuan Pinheiro - CE,2016,40 a 44 anos,2.0
2304269,Deputado Irapuan Pinheiro - CE,2016,45 a 49 anos,
2304269,Deputado Irapuan Pinheiro - CE,2016,50 anos ou mais,
2304269,Deputado Irapuan Pinheiro - CE,2016,Ignorada,
2304269,Deputado Irapuan Pinheiro - CE,2017,Total,85.0
2304269,Deputado Irapuan Pinheiro - CE,2017,Menos de 15 anos,
2304269,Deputado Irapuan Pinheiro - CE,2017,15 a 19 anos,16.0
2304269,Deputado Irapuan Pinheiro - CE,2017,20 a 24 anos,22.0
2304269,Deputado Irapuan Pinheiro - CE,2017,25 a 29 anos,17.0
2304269,Deputado Irapuan Pinheiro - CE,2017,30 a 34 anos,19.0
2304269,Deputado Irapuan Pinheiro - CE,2017,35 a 39 anos,10.0
2304269,Deputado Irapuan Pinheiro - CE,2017,40 a 44 anos,1.0
2304269,Deputado Irapuan Pinheiro - CE,2017,45 a 49 anos,
2304269,Deputado Irapuan Pinheiro - CE,2017,50 anos ou mais,
2304269,Deputado Irapuan Pinheiro - CE,2017,Ignorada,
2304269,Deputado Irapuan Pinheiro - CE,2018,Total,98.0
2304269,Deputado Irapuan Pinheiro - CE,2018,Menos de 15 anos,2.0
2304269,Deputado Irapuan Pinheiro - CE,2018,15 a 19 anos,13.0
2304269,Deputado Irapuan Pinheiro - CE,2018,20 a 24 anos,20.0
2304269,Deputado Irapuan Pinheiro - CE,2018,25 a 29 anos,23.0
2304269,Deputado Irapuan Pinheiro - CE,2018,30 a 34 anos,24.0
2304269,Deputado Irapuan Pinheiro - CE,2018,35 a 39 anos,13.0
2304269,Deputado Irapuan Pinheiro - CE,2018,40 a 44 anos,3.0
2304269,Deputado Irapuan Pinheiro - CE,2018,45 a 49 anos,
2304269,Deputado Irapuan Pinheiro - CE,2018,50 anos ou mais,
2304269,Deputado Irapuan Pinheiro - CE,2018,Ignorada,
2304269,Deputado Irapuan Pinheiro - CE,2019,Total,86.0
2304269,Deputado Irapuan Pinheiro - CE,2019,Menos de 15 anos,
2304269,Deputado Irapuan Pinheiro - CE,2019,15 a 19 anos,18.0
2304269,Deputado Irapuan Pinheiro - CE,2019,20 a 24 anos,15.0
2304269,Deputado Irapuan Pinheiro - CE,2019,25 a 29 anos,20.0
2304269,Deputado Irapuan Pinheiro - CE,2019,30 a 34 anos,21.0
2304269,Deputado Irapuan Pinheiro - CE,2019,35 a 39 anos,11.0
2304269,Deputado Irapuan Pinheiro - CE,2019,40 a 44 anos,1.0
2304269,Deputado Irapuan Pinheiro - CE,2019,45 a 49 anos,
2304269,Deputado Irapuan Pinheiro - CE,2019,50 anos ou mais,
2304269,Deputado Irapuan Pinheiro - CE,2019,Ignorada,
2304277,Ereré - CE,2014,Total,91.0
2304277,Ereré - CE,2014,Menos de 15 anos,
2304277,Ereré - CE,2014,15 a 19 anos,21.0
2304277,Ereré - CE,2014,20 a 24 anos,18.0
2304277,Ereré - CE,2014,25 a 29 anos,29.0
2304277,Ereré - CE,2014,30 a 34 anos,15.0
2304277,Ereré - CE,2014,35 a 39 anos,6.0
2304277,Ereré - CE,2014,40 a 44 anos,2.0
2304277,Ereré - CE,2014,45 a 49 anos,
2304277,Ereré - CE,2014,50 anos ou mais,
2304277,Ereré - CE,2014,Ignorada,
2304277,Ereré - CE,2015,Total,80.0
2304277,Ereré - CE,2015,Menos de 15 anos,
2304277,Ereré - CE,2015,15 a 19 anos,17.0
2304277,Ereré - CE,2015,20 a 24 anos,23.0
2304277,Ereré - CE,2015,25 a 29 anos,17.0
2304277,Ereré - CE,2015,30 a 34 anos,13.0
2304277,Ereré - CE,2015,35 a 39 anos,7.0
2304277,Ereré - CE,2015,40 a 44 anos,2.0
2304277,Ereré - CE,2015,45 a 49 anos,
2304277,Ereré - CE,2015,50 anos ou mais,1.0
2304277,Ereré - CE,2015,Ignorada,
2304277,Ereré - CE,2016,Total,76.0
2304277,Ereré - CE,2016,Menos de 15 anos,
2304277,Ereré - CE,2016,15 a 19 anos,11.0
2304277,Ereré - CE,2016,20 a 24 anos,20.0
2304277,Ereré - CE,2016,25 a 29 anos,25.0
2304277,Ereré - CE,2016,30 a 34 anos,13.0
2304277,Ereré - CE,2016,35 a 39 anos,7.0
2304277,Ereré - CE,2016,40 a 44 anos,
2304277,Ereré - CE,2016,45 a 49 anos,
2304277,Ereré - CE,2016,50 anos ou mais,
2304277,Ereré - CE,2016,Ignorada,
2304277,Ereré - CE,2017,Total,68.0
2304277,Ereré - CE,2017,Menos de 15 anos,
2304277,Ereré - CE,2017,15 a 19 anos,5.0
2304277,Ereré - CE,2017,20 a 24 anos,25.0
2304277,Ereré - CE,2017,25 a 29 anos,18.0
2304277,Ereré - CE,2017,30 a 34 anos,10.0
2304277,Ereré - CE,2017,35 a 39 anos,7.0
2304277,Ereré - CE,2017,40 a 44 anos,3.0
2304277,Ereré - CE,2017,45 a 49 anos,
2304277,Ereré - CE,2017,50 anos ou mais,
2304277,Ereré - CE,2017,Ignorada,
2304277,Ereré - CE,2018,Total,100.0
2304277,Ereré - CE,2018,Menos de 15 anos,1.0
2304277,Ereré - CE,2018,15 a 19 anos,16.0
2304277,Ereré - CE,2018,20 a 24 anos,13.0
2304277,Ereré - CE,2018,25 a 29 anos,30.0
2304277,Ereré - CE,2018,30 a 34 anos,24.0
2304277,Ereré - CE,2018,35 a 39 anos,11.0
2304277,Ereré - CE,2018,40 a 44 anos,4.0
2304277,Ereré - CE,2018,45 a 49 anos,
2304277,Ereré - CE,2018,50 anos ou mais,
2304277,Ereré - CE,2018,Ignorada,1.0
2304277,Ereré - CE,2019,Total,74.0
2304277,Ereré - CE,2019,Menos de 15 anos,1.0
2304277,Ereré - CE,2019,15 a 19 anos,12.0
2304277,Ereré - CE,2019,20 a 24 anos,15.0
2304277,Ereré - CE,2019,25 a 29 anos,23.0
2304277,Ereré - CE,2019,30 a 34 anos,18.0
2304277,Ereré - CE,2019,35 a 39 anos,3.0
2304277,Ereré - CE,2019,40 a 44 anos,2.0
2304277,Ereré - CE,2019,45 a 49 anos,
2304277,Ereré - CE,2019,50 anos ou mais,
2304277,Ereré - CE,2019,Ignorada,
2304285,Eusébio - CE,2014,Total,950.0
2304285,Eusébio - CE,2014,Menos de 15 anos,9.0
2304285,Eusébio - CE,2014,15 a 19 anos,165.0
2304285,Eusébio - CE,2014,20 a 24 anos,243.0
2304285,Eusébio - CE,2014,25 a 29 anos,241.0
2304285,Eusébio - CE,2014,30 a 34 anos,178.0
2304285,Eusébio - CE,2014,35 a 39 anos,92.0
2304285,Eusébio - CE,2014,40 a 44 anos,13.0
2304285,Eusébio - CE,2014,45 a 49 anos,4.0
2304285,Eusébio - CE,2014,50 anos ou mais,1.0
2304285,Eusébio - CE,2014,Ignorada,4.0
2304285,Eusébio - CE,2015,Total,1190.0
2304285,Eusébio - CE,2015,Menos de 15 anos,8.0
2304285,Eusébio - CE,2015,15 a 19 anos,214.0
2304285,Eusébio - CE,2015,20 a 24 anos,298.0
2304285,Eusébio - CE,2015,25 a 29 anos,307.0
2304285,Eusébio - CE,2015,30 a 34 anos,231.0
2304285,Eusébio - CE,2015,35 a 39 anos,111.0
2304285,Eusébio - CE,2015,40 a 44 anos,18.0
2304285,Eusébio - CE,2015,45 a 49 anos,2.0
2304285,Eusébio - CE,2015,50 anos ou mais,
2304285,Eusébio - CE,2015,Ignorada,1.0
2304285,Eusébio - CE,2016,Total,1207.0
2304285,Eusébio - CE,2016,Menos de 15 anos,7.0
2304285,Eusébio - CE,2016,15 a 19 anos,189.0
2304285,Eusébio - CE,2016,20 a 24 anos,319.0
2304285,Eusébio - CE,2016,25 a 29 anos,278.0
2304285,Eusébio - CE,2016,30 a 34 anos,267.0
2304285,Eusébio - CE,2016,35 a 39 anos,120.0
2304285,Eusébio - CE,2016,40 a 44 anos,24.0
2304285,Eusébio - CE,2016,45 a 49 anos,2.0
2304285,Eusébio - CE,2016,50 anos ou mais,
2304285,Eusébio - CE,2016,Ignorada,1.0
2304285,Eusébio - CE,2017,Total,1279.0
2304285,Eusébio - CE,2017,Menos de 15 anos,16.0
2304285,Eusébio - CE,2017,15 a 19 anos,193.0
2304285,Eusébio - CE,2017,20 a 24 anos,341.0
2304285,Eusébio - CE,2017,25 a 29 anos,304.0
2304285,Eusébio - CE,2017,30 a 34 anos,268.0
2304285,Eusébio - CE,2017,35 a 39 anos,127.0
2304285,Eusébio - CE,2017,40 a 44 anos,26.0
2304285,Eusébio - CE,2017,45 a 49 anos,2.0
2304285,Eusébio - CE,2017,50 anos ou mais,1.0
2304285,Eusébio - CE,2017,Ignorada,1.0
2304285,Eusébio - CE,2018,Total,1349.0
2304285,Eusébio - CE,2018,Menos de 15 anos,16.0
2304285,Eusébio - CE,2018,15 a 19 anos,171.0
2304285,Eusébio - CE,2018,20 a 24 anos,330.0
2304285,Eusébio - CE,2018,25 a 29 anos,302.0
2304285,Eusébio - CE,2018,30 a 34 anos,312.0
2304285,Eusébio - CE,2018,35 a 39 anos,179.0
2304285,Eusébio - CE,2018,40 a 44 anos,38.0
2304285,Eusébio - CE,2018,45 a 49 anos,1.0
2304285,Eusébio - CE,2018,50 anos ou mais,
2304285,Eusébio - CE,2018,Ignorada,
2304285,Eusébio - CE,2019,Total,1332.0
2304285,Eusébio - CE,2019,Menos de 15 anos,4.0
2304285,Eusébio - CE,2019,15 a 19 anos,152.0
2304285,Eusébio - CE,2019,20 a 24 anos,300.0
2304285,Eusébio - CE,2019,25 a 29 anos,343.0
2304285,Eusébio - CE,2019,30 a 34 anos,305.0
2304285,Eusébio - CE,2019,35 a 39 anos,191.0
2304285,Eusébio - CE,2019,40 a 44 anos,33.0
2304285,Eusébio - CE,2019,45 a 49 anos,2.0
2304285,Eusébio - CE,2019,50 anos ou mais,1.0
2304285,Eusébio - CE,2019,Ignorada,1.0
2304301,Farias Brito - CE,2014,Total,241.0
2304301,Farias Brito - CE,2014,Menos de 15 anos,3.0
2304301,Farias Brito - CE,2014,15 a 19 anos,52.0
2304301,Farias Brito - CE,2014,20 a 24 anos,65.0
2304301,Farias Brito - CE,2014,25 a 29 anos,66.0
2304301,Farias Brito - CE,2014,30 a 34 anos,33.0
2304301,Farias Brito - CE,2014,35 a 39 anos,17.0
2304301,Farias Brito - CE,2014,40 a 44 anos,4.0
2304301,Farias Brito - CE,2014,45 a 49 anos,1.0
2304301,Farias Brito - CE,2014,50 anos ou mais,
2304301,Farias Brito - CE,2014,Ignorada,
2304301,Farias Brito - CE,2015,Total,289.0
2304301,Farias Brito - CE,2015,Menos de 15 anos,1.0
2304301,Farias Brito - CE,2015,15 a 19 anos,50.0
2304301,Farias Brito - CE,2015,20 a 24 anos,82.0
2304301,Farias Brito - CE,2015,25 a 29 anos,67.0
2304301,Farias Brito - CE,2015,30 a 34 anos,60.0
2304301,Farias Brito - CE,2015,35 a 39 anos,19.0
2304301,Farias Brito - CE,2015,40 a 44 anos,10.0
2304301,Farias Brito - CE,2015,45 a 49 anos,
2304301,Farias Brito - CE,2015,50 anos ou mais,
2304301,Farias Brito - CE,2015,Ignorada,
2304301,Farias Brito - CE,2016,Total,206.0
2304301,Farias Brito - CE,2016,Menos de 15 anos,2.0
2304301,Farias Brito - CE,2016,15 a 19 anos,49.0
2304301,Farias Brito - CE,2016,20 a 24 anos,64.0
2304301,Farias Brito - CE,2016,25 a 29 anos,43.0
2304301,Farias Brito - CE,2016,30 a 34 anos,24.0
2304301,Farias Brito - CE,2016,35 a 39 anos,16.0
2304301,Farias Brito - CE,2016,40 a 44 anos,5.0
2304301,Farias Brito - CE,2016,45 a 49 anos,3.0
2304301,Farias Brito - CE,2016,50 anos ou mais,
2304301,Farias Brito - CE,2016,Ignorada,
2304301,Farias Brito - CE,2017,Total,258.0
2304301,Farias Brito - CE,2017,Menos de 15 anos,2.0
2304301,Farias Brito - CE,2017,15 a 19 anos,51.0
2304301,Farias Brito - CE,2017,20 a 24 anos,69.0
2304301,Farias Brito - CE,2017,25 a 29 anos,54.0
2304301,Farias Brito - CE,2017,30 a 34 anos,47.0
2304301,Farias Brito - CE,2017,35 a 39 anos,30.0
2304301,Farias Brito - CE,2017,40 a 44 anos,5.0
2304301,Farias Brito - CE,2017,45 a 49 anos,
2304301,Farias Brito - CE,2017,50 anos ou mais,
2304301,Farias Brito - CE,2017,Ignorada,
2304301,Farias Brito - CE,2018,Total,275.0
2304301,Farias Brito - CE,2018,Menos de 15 anos,1.0
2304301,Farias Brito - CE,2018,15 a 19 anos,43.0
2304301,Farias Brito - CE,2018,20 a 24 anos,73.0
2304301,Farias Brito - CE,2018,25 a 29 anos,66.0
2304301,Farias Brito - CE,2018,30 a 34 anos,60.0
2304301,Farias Brito - CE,2018,35 a 39 anos,26.0
2304301,Farias Brito - CE,2018,40 a 44 anos,6.0
2304301,Farias Brito - CE,2018,45 a 49 anos,
2304301,Farias Brito - CE,2018,50 anos ou mais,
2304301,Farias Brito - CE,2018,Ignorada,
2304301,Farias Brito - CE,2019,Total,259.0
2304301,Farias Brito - CE,2019,Menos de 15 anos,2.0
2304301,Farias Brito - CE,2019,15 a 19 anos,49.0
2304301,Farias Brito - CE,2019,20 a 24 anos,67.0
2304301,Farias Brito - CE,2019,25 a 29 anos,58.0
2304301,Farias Brito - CE,2019,30 a 34 anos,53.0
2304301,Farias Brito - CE,2019,35 a 39 anos,16.0
2304301,Farias Brito - CE,2019,40 a 44 anos,11.0
2304301,Farias Brito - CE,2019,45 a 49 anos,3.0
2304301,Farias Brito - CE,2019,50 anos ou mais,
2304301,Farias Brito - CE,2019,Ignorada,
2304350,Forquilha - CE,2014,Total,320.0
2304350,Forquilha - CE,2014,Menos de 15 anos,4.0
2304350,Forquilha - CE,2014,15 a 19 anos,55.0
2304350,Forquilha - CE,2014,20 a 24 anos,94.0
2304350,Forquilha - CE,2014,25 a 29 anos,87.0
2304350,Forquilha - CE,2014,30 a 34 anos,45.0
2304350,Forquilha - CE,2014,35 a 39 anos,24.0
2304350,Forquilha - CE,2014,40 a 44 anos,10.0
2304350,Forquilha - CE,2014,45 a 49 anos,1.0
2304350,Forquilha - CE,2014,50 anos ou mais,
2304350,Forquilha - CE,2014,Ignorada,
2304350,Forquilha - CE,2015,Total,331.0
2304350,Forquilha - CE,2015,Menos de 15 anos,4.0
2304350,Forquilha - CE,2015,15 a 19 anos,77.0
2304350,Forquilha - CE,2015,20 a 24 anos,74.0
2304350,Forquilha - CE,2015,25 a 29 anos,75.0
2304350,Forquilha - CE,2015,30 a 34 anos,60.0
2304350,Forquilha - CE,2015,35 a 39 anos,31.0
2304350,Forquilha - CE,2015,40 a 44 anos,9.0
2304350,Forquilha - CE,2015,45 a 49 anos,1.0
2304350,Forquilha - CE,2015,50 anos ou mais,
2304350,Forquilha - CE,2015,Ignorada,
2304350,Forquilha - CE,2016,Total,311.0
2304350,Forquilha - CE,2016,Menos de 15 anos,4.0
2304350,Forquilha - CE,2016,15 a 19 anos,42.0
2304350,Forquilha - CE,2016,20 a 24 anos,93.0
2304350,Forquilha - CE,2016,25 a 29 anos,86.0
2304350,Forquilha - CE,2016,30 a 34 anos,56.0
2304350,Forquilha - CE,2016,35 a 39 anos,27.0
2304350,Forquilha - CE,2016,40 a 44 anos,3.0
2304350,Forquilha - CE,2016,45 a 49 anos,
2304350,Forquilha - CE,2016,50 anos ou mais,
2304350,Forquilha - CE,2016,Ignorada,
2304350,Forquilha - CE,2017,Total,315.0
2304350,Forquilha - CE,2017,Menos de 15 anos,2.0
2304350,Forquilha - CE,2017,15 a 19 anos,62.0
2304350,Forquilha - CE,2017,20 a 24 anos,105.0
2304350,Forquilha - CE,2017,25 a 29 anos,61.0
2304350,Forquilha - CE,2017,30 a 34 anos,53.0
2304350,Forquilha - CE,2017,35 a 39 anos,28.0
2304350,Forquilha - CE,2017,40 a 44 anos,4.0
2304350,Forquilha - CE,2017,45 a 49 anos,
2304350,Forquilha - CE,2017,50 anos ou mais,
2304350,Forquilha - CE,2017,Ignorada,
2304350,Forquilha - CE,2018,Total,327.0
2304350,Forquilha - CE,2018,Menos de 15 anos,3.0
2304350,Forquilha - CE,2018,15 a 19 anos,52.0
2304350,Forquilha - CE,2018,20 a 24 anos,79.0
2304350,Forquilha - CE,2018,25 a 29 anos,73.0
2304350,Forquilha - CE,2018,30 a 34 anos,76.0
2304350,Forquilha - CE,2018,35 a 39 anos,35.0
2304350,Forquilha - CE,2018,40 a 44 anos,8.0
2304350,Forquilha - CE,2018,45 a 49 anos,1.0
2304350,Forquilha - CE,2018,50 anos ou mais,
2304350,Forquilha - CE,2018,Ignorada,
2304350,Forquilha - CE,2019,Total,323.0
2304350,Forquilha - CE,2019,Menos de 15 anos,2.0
2304350,Forquilha - CE,2019,15 a 19 anos,42.0
2304350,Forquilha - CE,2019,20 a 24 anos,77.0
2304350,Forquilha - CE,2019,25 a 29 anos,82.0
2304350,Forquilha - CE,2019,30 a 34 anos,75.0
2304350,Forquilha - CE,2019,35 a 39 anos,36.0
2304350,Forquilha - CE,2019,40 a 44 anos,7.0
2304350,Forquilha - CE,2019,45 a 49 anos,2.0
2304350,Forquilha - CE,2019,50 anos ou mais,
2304350,Forquilha - CE,2019,Ignorada,
2304400,Fortaleza - CE,2014,Total,37027.0
2304400,Fortaleza - CE,2014,Menos de 15 anos,272.0
2304400,Fortaleza - CE,2014,15 a 19 anos,5698.0
2304400,Fortaleza - CE,2014,20 a 24 anos,8705.0
2304400,Fortaleza - CE,2014,25 a 29 anos,9559.0
2304400,Fortaleza - CE,2014,30 a 34 anos,7757.0
2304400,Fortaleza - CE,2014,35 a 39 anos,3810.0
2304400,Fortaleza - CE,2014,40 a 44 anos,940.0
2304400,Fortaleza - CE,2014,45 a 49 anos,61.0
2304400,Fortaleza - CE,2014,50 anos ou mais,5.0
2304400,Fortaleza - CE,2014,Ignorada,220.0
2304400,Fortaleza - CE,2015,Total,38352.0
2304400,Fortaleza - CE,2015,Menos de 15 anos,307.0
2304400,Fortaleza - CE,2015,15 a 19 anos,5690.0
2304400,Fortaleza - CE,2015,20 a 24 anos,9112.0
2304400,Fortaleza - CE,2015,25 a 29 anos,9613.0
2304400,Fortaleza - CE,2015,30 a 34 anos,8325.0
2304400,Fortaleza - CE,2015,35 a 39 anos,4165.0
2304400,Fortaleza - CE,2015,40 a 44 anos,961.0
2304400,Fortaleza - CE,2015,45 a 49 anos,70.0
2304400,Fortaleza - CE,2015,50 anos ou mais,9.0
2304400,Fortaleza - CE,2015,Ignorada,100.0
2304400,Fortaleza - CE,2016,Total,36268.0
2304400,Fortaleza - CE,2016,Menos de 15 anos,262.0
2304400,Fortaleza - CE,2016,15 a 19 anos,5231.0
2304400,Fortaleza - CE,2016,20 a 24 anos,9104.0
2304400,Fortaleza - CE,2016,25 a 29 anos,8683.0
2304400,Fortaleza - CE,2016,30 a 34 anos,7727.0
2304400,Fortaleza - CE,2016,35 a 39 anos,4129.0
2304400,Fortaleza - CE,2016,40 a 44 anos,963.0
2304400,Fortaleza - CE,2016,45 a 49 anos,60.0
2304400,Fortaleza - CE,2016,50 anos ou mais,11.0
2304400,Fortaleza - CE,2016,Ignorada,98.0
2304400,Fortaleza - CE,2017,Total,35362.0
2304400,Fortaleza - CE,2017,Menos de 15 anos,219.0
2304400,Fortaleza - CE,2017,15 a 19 anos,4711.0
2304400,Fortaleza - CE,2017,20 a 24 anos,8427.0
2304400,Fortaleza - CE,2017,25 a 29 anos,8437.0
2304400,Fortaleza - CE,2017,30 a 34 anos,7981.0
2304400,Fortaleza - CE,2017,35 a 39 anos,4398.0
2304400,Fortaleza - CE,2017,40 a 44 anos,1020.0
2304400,Fortaleza - CE,2017,45 a 49 anos,66.0
2304400,Fortaleza - CE,2017,50 anos ou mais,8.0
2304400,Fortaleza - CE,2017,Ignorada,95.0
2304400,Fortaleza - CE,2018,Total,34650.0
2304400,Fortaleza - CE,2018,Menos de 15 anos,214.0
2304400,Fortaleza - CE,2018,15 a 19 anos,4143.0
2304400,Fortaleza - CE,2018,20 a 24 anos,8208.0
2304400,Fortaleza - CE,2018,25 a 29 anos,8306.0
2304400,Fortaleza - CE,2018,30 a 34 anos,7876.0
2304400,Fortaleza - CE,2018,35 a 39 anos,4656.0
2304400,Fortaleza - CE,2018,40 a 44 anos,1085.0
2304400,Fortaleza - CE,2018,45 a 49 anos,73.0
2304400,Fortaleza - CE,2018,50 anos ou mais,4.0
2304400,Fortaleza - CE,2018,Ignorada,85.0
2304400,Fortaleza - CE,2019,Total,33524.0
2304400,Fortaleza - CE,2019,Menos de 15 anos,179.0
2304400,Fortaleza - CE,2019,15 a 19 anos,3854.0
2304400,Fortaleza - CE,2019,20 a 24 anos,7667.0
2304400,Fortaleza - CE,2019,25 a 29 anos,7815.0
2304400,Fortaleza - CE,2019,30 a 34 anos,7831.0
2304400,Fortaleza - CE,2019,35 a 39 anos,4805.0
2304400,Fortaleza - CE,2019,40 a 44 anos,1184.0
2304400,Fortaleza - CE,2019,45 a 49 anos,70.0
2304400,Fortaleza - CE,2019,50 anos ou mais,47.0
2304400,Fortaleza - CE,2019,Ignorada,72.0
2304459,Fortim - CE,2014,Total,166.0
2304459,Fortim - CE,2014,Menos de 15 anos,1.0
2304459,Fortim - CE,2014,15 a 19 anos,35.0
2304459,Fortim - CE,2014,20 a 24 anos,36.0
2304459,Fortim - CE,2014,25 a 29 anos,43.0
2304459,Fortim - CE,2014,30 a 34 anos,35.0
2304459,Fortim - CE,2014,35 a 39 anos,11.0
2304459,Fortim - CE,2014,40 a 44 anos,5.0
2304459,Fortim - CE,2014,45 a 49 anos,
2304459,Fortim - CE,2014,50 anos ou mais,
2304459,Fortim - CE,2014,Ignorada,
2304459,Fortim - CE,2015,Total,150.0
2304459,Fortim - CE,2015,Menos de 15 anos,2.0
2304459,Fortim - CE,2015,15 a 19 anos,25.0
2304459,Fortim - CE,2015,20 a 24 anos,29.0
2304459,Fortim - CE,2015,25 a 29 anos,46.0
2304459,Fortim - CE,2015,30 a 34 anos,31.0
2304459,Fortim - CE,2015,35 a 39 anos,15.0
2304459,Fortim - CE,2015,40 a 44 anos,2.0
2304459,Fortim - CE,2015,45 a 49 anos,
2304459,Fortim - CE,2015,50 anos ou mais,
2304459,Fortim - CE,2015,Ignorada,
2304459,Fortim - CE,2016,Total,181.0
2304459,Fortim - CE,2016,Menos de 15 anos,2.0
2304459,Fortim - CE,2016,15 a 19 anos,39.0
2304459,Fortim - CE,2016,20 a 24 anos,43.0
2304459,Fortim - CE,2016,25 a 29 anos,50.0
2304459,Fortim - CE,2016,30 a 34 anos,28.0
2304459,Fortim - CE,2016,35 a 39 anos,11.0
2304459,Fortim - CE,2016,40 a 44 anos,8.0
2304459,Fortim - CE,2016,45 a 49 anos,
2304459,Fortim - CE,2016,50 anos ou mais,
2304459,Fortim - CE,2016,Ignorada,
2304459,Fortim - CE,2017,Total,193.0
2304459,Fortim - CE,2017,Menos de 15 anos,
2304459,Fortim - CE,2017,15 a 19 anos,35.0
2304459,Fortim - CE,2017,20 a 24 anos,55.0
2304459,Fortim - CE,2017,25 a 29 anos,46.0
2304459,Fortim - CE,2017,30 a 34 anos,41.0
2304459,Fortim - CE,2017,35 a 39 anos,14.0
2304459,Fortim - CE,2017,40 a 44 anos,2.0
2304459,Fortim - CE,2017,45 a 49 anos,
2304459,Fortim - CE,2017,50 anos ou mais,
2304459,Fortim - CE,2017,Ignorada,
2304459,Fortim - CE,2018,Total,189.0
2304459,Fortim - CE,2018,Menos de 15 anos,1.0
2304459,Fortim - CE,2018,15 a 19 anos,30.0
2304459,Fortim - CE,2018,20 a 24 anos,49.0
2304459,Fortim - CE,2018,25 a 29 anos,58.0
2304459,Fortim - CE,2018,30 a 34 anos,28.0
2304459,Fortim - CE,2018,35 a 39 anos,16.0
2304459,Fortim - CE,2018,40 a 44 anos,7.0
2304459,Fortim - CE,2018,45 a 49 anos,
2304459,Fortim - CE,2018,50 anos ou mais,
2304459,Fortim - CE,2018,Ignorada,
2304459,Fortim - CE,2019,Total,216.0
2304459,Fortim - CE,2019,Menos de 15 anos,
2304459,Fortim - CE,2019,15 a 19 anos,34.0
2304459,Fortim - CE,2019,20 a 24 anos,54.0
2304459,Fortim - CE,2019,25 a 29 anos,47.0
2304459,Fortim - CE,2019,30 a 34 anos,41.0
2304459,Fortim - CE,2019,35 a 39 anos,30.0
2304459,Fortim - CE,2019,40 a 44 anos,10.0
2304459,Fortim - CE,2019,45 a 49 anos,
2304459,Fortim - CE,2019,50 anos ou mais,
2304459,Fortim - CE,2019,Ignorada,
2304509,Frecheirinha - CE,2014,Total,279.0
2304509,Frecheirinha - CE,2014,Menos de 15 anos,4.0
2304509,Frecheirinha - CE,2014,15 a 19 anos,82.0
2304509,Frecheirinha - CE,2014,20 a 24 anos,73.0
2304509,Frecheirinha - CE,2014,25 a 29 anos,59.0
2304509,Frecheirinha - CE,2014,30 a 34 anos,42.0
2304509,Frecheirinha - CE,2014,35 a 39 anos,16.0
2304509,Frecheirinha - CE,2014,40 a 44 anos,3.0
2304509,Frecheirinha - CE,2014,45 a 49 anos,
2304509,Frecheirinha - CE,2014,50 anos ou mais,
2304509,Frecheirinha - CE,2014,Ignorada,
2304509,Frecheirinha - CE,2015,Total,260.0
2304509,Frecheirinha - CE,2015,Menos de 15 anos,1.0
2304509,Frecheirinha - CE,2015,15 a 19 anos,69.0
2304509,Frecheirinha - CE,2015,20 a 24 anos,74.0
2304509,Frecheirinha - CE,2015,25 a 29 anos,53.0
2304509,Frecheirinha - CE,2015,30 a 34 anos,44.0
2304509,Frecheirinha - CE,2015,35 a 39 anos,16.0
2304509,Frecheirinha - CE,2015,40 a 44 anos,3.0
2304509,Frecheirinha - CE,2015,45 a 49 anos,
2304509,Frecheirinha - CE,2015,50 anos ou mais,
2304509,Frecheirinha - CE,2015,Ignorada,
2304509,Frecheirinha - CE,2016,Total,230.0
2304509,Frecheirinha - CE,2016,Menos de 15 anos,3.0
2304509,Frecheirinha - CE,2016,15 a 19 anos,47.0
2304509,Frecheirinha - CE,2016,20 a 24 anos,75.0
2304509,Frecheirinha - CE,2016,25 a 29 anos,58.0
2304509,Frecheirinha - CE,2016,30 a 34 anos,28.0
2304509,Frecheirinha - CE,2016,35 a 39 anos,14.0
2304509,Frecheirinha - CE,2016,40 a 44 anos,5.0
2304509,Frecheirinha - CE,2016,45 a 49 anos,
2304509,Frecheirinha - CE,2016,50 anos ou mais,
2304509,Frecheirinha - CE,2016,Ignorada,
2304509,Frecheirinha - CE,2017,Total,271.0
2304509,Frecheirinha - CE,2017,Menos de 15 anos,3.0
2304509,Frecheirinha - CE,2017,15 a 19 anos,53.0
2304509,Frecheirinha - CE,2017,20 a 24 anos,65.0
2304509,Frecheirinha - CE,2017,25 a 29 anos,67.0
2304509,Frecheirinha - CE,2017,30 a 34 anos,52.0
2304509,Frecheirinha - CE,2017,35 a 39 anos,20.0
2304509,Frecheirinha - CE,2017,40 a 44 anos,10.0
2304509,Frecheirinha - CE,2017,45 a 49 anos,1.0
2304509,Frecheirinha - CE,2017,50 anos ou mais,
2304509,Frecheirinha - CE,2017,Ignorada,
2304509,Frecheirinha - CE,2018,Total,271.0
2304509,Frecheirinha - CE,2018,Menos de 15 anos,1.0
2304509,Frecheirinha - CE,2018,15 a 19 anos,43.0
2304509,Frecheirinha - CE,2018,20 a 24 anos,83.0
2304509,Frecheirinha - CE,2018,25 a 29 anos,75.0
2304509,Frecheirinha - CE,2018,30 a 34 anos,43.0
2304509,Frecheirinha - CE,2018,35 a 39 anos,20.0
2304509,Frecheirinha - CE,2018,40 a 44 anos,4.0
2304509,Frecheirinha - CE,2018,45 a 49 anos,1.0
2304509,Frecheirinha - CE,2018,50 anos ou mais,
2304509,Frecheirinha - CE,2018,Ignorada,1.0
2304509,Frecheirinha - CE,2019,Total,266.0
2304509,Frecheirinha - CE,2019,Menos de 15 anos,3.0
2304509,Frecheirinha - CE,2019,15 a 19 anos,46.0
2304509,Frecheirinha - CE,2019,20 a 24 anos,74.0
2304509,Frecheirinha - CE,2019,25 a 29 anos,62.0
2304509,Frecheirinha - CE,2019,30 a 34 anos,52.0
2304509,Frecheirinha - CE,2019,35 a 39 anos,25.0
2304509,Frecheirinha - CE,2019,40 a 44 anos,4.0
2304509,Frecheirinha - CE,2019,45 a 49 anos,
2304509,Frecheirinha - CE,2019,50 anos ou mais,
2304509,Frecheirinha - CE,2019,Ignorada,
2304608,General Sampaio - CE,2014,Total,96.0
2304608,General Sampaio - CE,2014,Menos de 15 anos,
2304608,General Sampaio - CE,2014,15 a 19 anos,21.0
2304608,General Sampaio - CE,2014,20 a 24 anos,27.0
2304608,General Sampaio - CE,2014,25 a 29 anos,18.0
2304608,General Sampaio - CE,2014,30 a 34 anos,21.0
2304608,General Sampaio - CE,2014,35 a 39 anos,7.0
2304608,General Sampaio - CE,2014,40 a 44 anos,2.0
2304608,General Sampaio - CE,2014,45 a 49 anos,
2304608,General Sampaio - CE,2014,50 anos ou mais,
2304608,General Sampaio - CE,2014,Ignorada,
2304608,General Sampaio - CE,2015,Total,99.0
2304608,General Sampaio - CE,2015,Menos de 15 anos,3.0
2304608,General Sampaio - CE,2015,15 a 19 anos,22.0
2304608,General Sampaio - CE,2015,20 a 24 anos,25.0
2304608,General Sampaio - CE,2015,25 a 29 anos,26.0
2304608,General Sampaio - CE,2015,30 a 34 anos,10.0
2304608,General Sampaio - CE,2015,35 a 39 anos,12.0
2304608,General Sampaio - CE,2015,40 a 44 anos,1.0
2304608,General Sampaio - CE,2015,45 a 49 anos,
2304608,General Sampaio - CE,2015,50 anos ou mais,
2304608,General Sampaio - CE,2015,Ignorada,
2304608,General Sampaio - CE,2016,Total,104.0
2304608,General Sampaio - CE,2016,Menos de 15 anos,1.0
2304608,General Sampaio - CE,2016,15 a 19 anos,26.0
2304608,General Sampaio - CE,2016,20 a 24 anos,26.0
2304608,General Sampaio - CE,2016,25 a 29 anos,22.0
2304608,General Sampaio - CE,2016,30 a 34 anos,18.0
2304608,General Sampaio - CE,2016,35 a 39 anos,9.0
2304608,General Sampaio - CE,2016,40 a 44 anos,2.0
2304608,General Sampaio - CE,2016,45 a 49 anos,
2304608,General Sampaio - CE,2016,50 anos ou mais,
2304608,General Sampaio - CE,2016,Ignorada,
2304608,General Sampaio - CE,2017,Total,119.0
2304608,General Sampaio - CE,2017,Menos de 15 anos,1.0
2304608,General Sampaio - CE,2017,15 a 19 anos,25.0
2304608,General Sampaio - CE,2017,20 a 24 anos,33.0
2304608,General Sampaio - CE,2017,25 a 29 anos,31.0
2304608,General Sampaio - CE,2017,30 a 34 anos,12.0
2304608,General Sampaio - CE,2017,35 a 39 anos,14.0
2304608,General Sampaio - CE,2017,40 a 44 anos,3.0
2304608,General Sampaio - CE,2017,45 a 49 anos,
2304608,General Sampaio - CE,2017,50 anos ou mais,
2304608,General Sampaio - CE,2017,Ignorada,
2304608,General Sampaio - CE,2018,Total,136.0
2304608,General Sampaio - CE,2018,Menos de 15 anos,1.0
2304608,General Sampaio - CE,2018,15 a 19 anos,26.0
2304608,General Sampaio - CE,2018,20 a 24 anos,33.0
2304608,General Sampaio - CE,2018,25 a 29 anos,21.0
2304608,General Sampaio - CE,2018,30 a 34 anos,30.0
2304608,General Sampaio - CE,2018,35 a 39 anos,17.0
2304608,General Sampaio - CE,2018,40 a 44 anos,6.0
2304608,General Sampaio - CE,2018,45 a 49 anos,1.0
2304608,General Sampaio - CE,2018,50 anos ou mais,1.0
2304608,General Sampaio - CE,2018,Ignorada,
2304608,General Sampaio - CE,2019,Total,127.0
2304608,General Sampaio - CE,2019,Menos de 15 anos,2.0
2304608,General Sampaio - CE,2019,15 a 19 anos,20.0
2304608,General Sampaio - CE,2019,20 a 24 anos,36.0
2304608,General Sampaio - CE,2019,25 a 29 anos,25.0
2304608,General Sampaio - CE,2019,30 a 34 anos,24.0
2304608,General Sampaio - CE,2019,35 a 39 anos,17.0
2304608,General Sampaio - CE,2019,40 a 44 anos,3.0
2304608,General Sampaio - CE,2019,45 a 49 anos,
2304608,General Sampaio - CE,2019,50 anos ou mais,
2304608,General Sampaio - CE,2019,Ignorada,
2304657,Graça - CE,2014,Total,143.0
2304657,Graça - CE,2014,Menos de 15 anos,2.0
2304657,Graça - CE,2014,15 a 19 anos,24.0
2304657,Graça - CE,2014,20 a 24 anos,27.0
2304657,Graça - CE,2014,25 a 29 anos,38.0
2304657,Graça - CE,2014,30 a 34 anos,27.0
2304657,Graça - CE,2014,35 a 39 anos,15.0
2304657,Graça - CE,2014,40 a 44 anos,8.0
2304657,Graça - CE,2014,45 a 49 anos,2.0
2304657,Graça - CE,2014,50 anos ou mais,
2304657,Graça - CE,2014,Ignorada,
2304657,Graça - CE,2015,Total,167.0
2304657,Graça - CE,2015,Menos de 15 anos,2.0
2304657,Graça - CE,2015,15 a 19 anos,34.0
2304657,Graça - CE,2015,20 a 24 anos,40.0
2304657,Graça - CE,2015,25 a 29 anos,35.0
2304657,Graça - CE,2015,30 a 34 anos,33.0
2304657,Graça - CE,2015,35 a 39 anos,19.0
2304657,Graça - CE,2015,40 a 44 anos,4.0
2304657,Graça - CE,2015,45 a 49 anos,
2304657,Graça - CE,2015,50 anos ou mais,
2304657,Graça - CE,2015,Ignorada,
2304657,Graça - CE,2016,Total,192.0
2304657,Graça - CE,2016,Menos de 15 anos,3.0
2304657,Graça - CE,2016,15 a 19 anos,40.0
2304657,Graça - CE,2016,20 a 24 anos,48.0
2304657,Graça - CE,2016,25 a 29 anos,44.0
2304657,Graça - CE,2016,30 a 34 anos,31.0
2304657,Graça - CE,2016,35 a 39 anos,21.0
2304657,Graça - CE,2016,40 a 44 anos,5.0
2304657,Graça - CE,2016,45 a 49 anos,
2304657,Graça - CE,2016,50 anos ou mais,
2304657,Graça - CE,2016,Ignorada,
2304657,Graça - CE,2017,Total,166.0
2304657,Graça - CE,2017,Menos de 15 anos,1.0
2304657,Graça - CE,2017,15 a 19 anos,38.0
2304657,Graça - CE,2017,20 a 24 anos,36.0
2304657,Graça - CE,2017,25 a 29 anos,25.0
2304657,Graça - CE,2017,30 a 34 anos,35.0
2304657,Graça - CE,2017,35 a 39 anos,24.0
2304657,Graça - CE,2017,40 a 44 anos,6.0
2304657,Graça - CE,2017,45 a 49 anos,
2304657,Graça - CE,2017,50 anos ou mais,
2304657,Graça - CE,2017,Ignorada,1.0
2304657,Graça - CE,2018,Total,169.0
2304657,Graça - CE,2018,Menos de 15 anos,2.0
2304657,Graça - CE,2018,15 a 19 anos,23.0
2304657,Graça - CE,2018,20 a 24 anos,41.0
2304657,Graça - CE,2018,25 a 29 anos,41.0
2304657,Graça - CE,2018,30 a 34 anos,38.0
2304657,Graça - CE,2018,35 a 39 anos,17.0
2304657,Graça - CE,2018,40 a 44 anos,6.0
2304657,Graça - CE,2018,45 a 49 anos,1.0
2304657,Graça - CE,2018,50 anos ou mais,
2304657,Graça - CE,2018,Ignorada,
2304657,Graça - CE,2019,Total,181.0
2304657,Graça - CE,2019,Menos de 15 anos,
2304657,Graça - CE,2019,15 a 19 anos,37.0
2304657,Graça - CE,2019,20 a 24 anos,42.0
2304657,Graça - CE,2019,25 a 29 anos,32.0
2304657,Graça - CE,2019,30 a 34 anos,41.0
2304657,Graça - CE,2019,35 a 39 anos,19.0
2304657,Graça - CE,2019,40 a 44 anos,10.0
2304657,Graça - CE,2019,45 a 49 anos,
2304657,Graça - CE,2019,50 anos ou mais,
2304657,Graça - CE,2019,Ignorada,
2304707,Granja - CE,2014,Total,664.0
2304707,Granja - CE,2014,Menos de 15 anos,7.0
2304707,Granja - CE,2014,15 a 19 anos,137.0
2304707,Granja - CE,2014,20 a 24 anos,188.0
2304707,Granja - CE,2014,25 a 29 anos,173.0
2304707,Granja - CE,2014,30 a 34 anos,99.0
2304707,Granja - CE,2014,35 a 39 anos,43.0
2304707,Granja - CE,2014,40 a 44 anos,14.0
2304707,Granja - CE,2014,45 a 49 anos,3.0
2304707,Granja - CE,2014,50 anos ou mais,
2304707,Granja - CE,2014,Ignorada,
2304707,Granja - CE,2015,Total,791.0
2304707,Granja - CE,2015,Menos de 15 anos,10.0
2304707,Granja - CE,2015,15 a 19 anos,158.0
2304707,Granja - CE,2015,20 a 24 anos,208.0
2304707,Granja - CE,2015,25 a 29 anos,193.0
2304707,Granja - CE,2015,30 a 34 anos,142.0
2304707,Granja - CE,2015,35 a 39 anos,63.0
2304707,Granja - CE,2015,40 a 44 anos,14.0
2304707,Granja - CE,2015,45 a 49 anos,2.0
2304707,Granja - CE,2015,50 anos ou mais,
2304707,Granja - CE,2015,Ignorada,1.0
2304707,Granja - CE,2016,Total,748.0
2304707,Granja - CE,2016,Menos de 15 anos,9.0
2304707,Granja - CE,2016,15 a 19 anos,170.0
2304707,Granja - CE,2016,20 a 24 anos,215.0
2304707,Granja - CE,2016,25 a 29 anos,178.0
2304707,Granja - CE,2016,30 a 34 anos,111.0
2304707,Granja - CE,2016,35 a 39 anos,51.0
2304707,Granja - CE,2016,40 a 44 anos,14.0
2304707,Granja - CE,2016,45 a 49 anos,
2304707,Granja - CE,2016,50 anos ou mais,
2304707,Granja - CE,2016,Ignorada,
2304707,Granja - CE,2017,Total,789.0
2304707,Granja - CE,2017,Menos de 15 anos,11.0
2304707,Granja - CE,2017,15 a 19 anos,167.0
2304707,Granja - CE,2017,20 a 24 anos,227.0
2304707,Granja - CE,2017,25 a 29 anos,174.0
2304707,Granja - CE,2017,30 a 34 anos,124.0
2304707,Granja - CE,2017,35 a 39 anos,69.0
2304707,Granja - CE,2017,40 a 44 anos,16.0
2304707,Granja - CE,2017,45 a 49 anos,1.0
2304707,Granja - CE,2017,50 anos ou mais,
2304707,Granja - CE,2017,Ignorada,
2304707,Granja - CE,2018,Total,842.0
2304707,Granja - CE,2018,Menos de 15 anos,4.0
2304707,Granja - CE,2018,15 a 19 anos,155.0
2304707,Granja - CE,2018,20 a 24 anos,267.0
2304707,Granja - CE,2018,25 a 29 anos,201.0
2304707,Granja - CE,2018,30 a 34 anos,136.0
2304707,Granja - CE,2018,35 a 39 anos,54.0
2304707,Granja - CE,2018,40 a 44 anos,24.0
2304707,Granja - CE,2018,45 a 49 anos,1.0
2304707,Granja - CE,2018,50 anos ou mais,
2304707,Granja - CE,2018,Ignorada,
2304707,Granja - CE,2019,Total,771.0
2304707,Granja - CE,2019,Menos de 15 anos,5.0
2304707,Granja - CE,2019,15 a 19 anos,131.0
2304707,Granja - CE,2019,20 a 24 anos,237.0
2304707,Granja - CE,2019,25 a 29 anos,198.0
2304707,Granja - CE,2019,30 a 34 anos,112.0
2304707,Granja - CE,2019,35 a 39 anos,58.0
2304707,Granja - CE,2019,40 a 44 anos,22.0
2304707,Granja - CE,2019,45 a 49 anos,1.0
2304707,Granja - CE,2019,50 anos ou mais,
2304707,Granja - CE,2019,Ignorada,7.0
2304806,Granjeiro - CE,2014,Total,53.0
2304806,Granjeiro - CE,2014,Menos de 15 anos,
2304806,Granjeiro - CE,2014,15 a 19 anos,9.0
2304806,Granjeiro - CE,2014,20 a 24 anos,16.0
2304806,Granjeiro - CE,2014,25 a 29 anos,14.0
2304806,Granjeiro - CE,2014,30 a 34 anos,10.0
2304806,Granjeiro - CE,2014,35 a 39 anos,3.0
2304806,Granjeiro - CE,2014,40 a 44 anos,1.0
2304806,Granjeiro - CE,2014,45 a 49 anos,
2304806,Granjeiro - CE,2014,50 anos ou mais,
2304806,Granjeiro - CE,2014,Ignorada,
2304806,Granjeiro - CE,2015,Total,70.0
2304806,Granjeiro - CE,2015,Menos de 15 anos,
2304806,Granjeiro - CE,2015,15 a 19 anos,17.0
2304806,Granjeiro - CE,2015,20 a 24 anos,11.0
2304806,Granjeiro - CE,2015,25 a 29 anos,15.0
2304806,Granjeiro - CE,2015,30 a 34 anos,15.0
2304806,Granjeiro - CE,2015,35 a 39 anos,10.0
2304806,Granjeiro - CE,2015,40 a 44 anos,2.0
2304806,Granjeiro - CE,2015,45 a 49 anos,
2304806,Granjeiro - CE,2015,50 anos ou mais,
2304806,Granjeiro - CE,2015,Ignorada,
2304806,Granjeiro - CE,2016,Total,71.0
2304806,Granjeiro - CE,2016,Menos de 15 anos,
2304806,Granjeiro - CE,2016,15 a 19 anos,10.0
2304806,Granjeiro - CE,2016,20 a 24 anos,14.0
2304806,Granjeiro - CE,2016,25 a 29 anos,22.0
2304806,Granjeiro - CE,2016,30 a 34 anos,18.0
2304806,Granjeiro - CE,2016,35 a 39 anos,4.0
2304806,Granjeiro - CE,2016,40 a 44 anos,3.0
2304806,Granjeiro - CE,2016,45 a 49 anos,
2304806,Granjeiro - CE,2016,50 anos ou mais,
2304806,Granjeiro - CE,2016,Ignorada,
2304806,Granjeiro - CE,2017,Total,80.0
2304806,Granjeiro - CE,2017,Menos de 15 anos,1.0
2304806,Granjeiro - CE,2017,15 a 19 anos,8.0
2304806,Granjeiro - CE,2017,20 a 24 anos,23.0
2304806,Granjeiro - CE,2017,25 a 29 anos,13.0
2304806,Granjeiro - CE,2017,30 a 34 anos,19.0
2304806,Granjeiro - CE,2017,35 a 39 anos,16.0
2304806,Granjeiro - CE,2017,40 a 44 anos,
2304806,Granjeiro - CE,2017,45 a 49 anos,
2304806,Granjeiro - CE,2017,50 anos ou mais,
2304806,Granjeiro - CE,2017,Ignorada,
2304806,Granjeiro - CE,2018,Total,83.0
2304806,Granjeiro - CE,2018,Menos de 15 anos,1.0
2304806,Granjeiro - CE,2018,15 a 19 anos,13.0
2304806,Granjeiro - CE,2018,20 a 24 anos,16.0
2304806,Granjeiro - CE,2018,25 a 29 anos,20.0
2304806,Granjeiro - CE,2018,30 a 34 anos,18.0
2304806,Granjeiro - CE,2018,35 a 39 anos,10.0
2304806,Granjeiro - CE,2018,40 a 44 anos,5.0
2304806,Granjeiro - CE,2018,45 a 49 anos,
2304806,Granjeiro - CE,2018,50 anos ou mais,
2304806,Granjeiro - CE,2018,Ignorada,
2304806,Granjeiro - CE,2019,Total,79.0
2304806,Granjeiro - CE,2019,Menos de 15 anos,
2304806,Granjeiro - CE,2019,15 a 19 anos,12.0
2304806,Granjeiro - CE,2019,20 a 24 anos,18.0
2304806,Granjeiro - CE,2019,25 a 29 anos,21.0
2304806,Granjeiro - CE,2019,30 a 34 anos,16.0
2304806,Granjeiro - CE,2019,35 a 39 anos,6.0
2304806,Granjeiro - CE,2019,40 a 44 anos,5.0
2304806,Granjeiro - CE,2019,45 a 49 anos,1.0
2304806,Granjeiro - CE,2019,50 anos ou mais,
2304806,Granjeiro - CE,2019,Ignorada,
2304905,Groaíras - CE,2014,Total,143.0
2304905,Groaíras - CE,2014,Menos de 15 anos,2.0
2304905,Groaíras - CE,2014,15 a 19 anos,30.0
2304905,Groaíras - CE,2014,20 a 24 anos,56.0
2304905,Groaíras - CE,2014,25 a 29 anos,21.0
2304905,Groaíras - CE,2014,30 a 34 anos,19.0
2304905,Groaíras - CE,2014,35 a 39 anos,12.0
2304905,Groaíras - CE,2014,40 a 44 anos,3.0
2304905,Groaíras - CE,2014,45 a 49 anos,
2304905,Groaíras - CE,2014,50 anos ou mais,
2304905,Groaíras - CE,2014,Ignorada,
2304905,Groaíras - CE,2015,Total,129.0
2304905,Groaíras - CE,2015,Menos de 15 anos,
2304905,Groaíras - CE,2015,15 a 19 anos,20.0
2304905,Groaíras - CE,2015,20 a 24 anos,32.0
2304905,Groaíras - CE,2015,25 a 29 anos,36.0
2304905,Groaíras - CE,2015,30 a 34 anos,24.0
2304905,Groaíras - CE,2015,35 a 39 anos,14.0
2304905,Groaíras - CE,2015,40 a 44 anos,2.0
2304905,Groaíras - CE,2015,45 a 49 anos,1.0
2304905,Groaíras - CE,2015,50 anos ou mais,
2304905,Groaíras - CE,2015,Ignorada,
2304905,Groaíras - CE,2016,Total,124.0
2304905,Groaíras - CE,2016,Menos de 15 anos,1.0
2304905,Groaíras - CE,2016,15 a 19 anos,20.0
2304905,Groaíras - CE,2016,20 a 24 anos,34.0
2304905,Groaíras - CE,2016,25 a 29 anos,38.0
2304905,Groaíras - CE,2016,30 a 34 anos,18.0
2304905,Groaíras - CE,2016,35 a 39 anos,9.0
2304905,Groaíras - CE,2016,40 a 44 anos,4.0
2304905,Groaíras - CE,2016,45 a 49 anos,
2304905,Groaíras - CE,2016,50 anos ou mais,
2304905,Groaíras - CE,2016,Ignorada,
2304905,Groaíras - CE,2017,Total,129.0
2304905,Groaíras - CE,2017,Menos de 15 anos,3.0
2304905,Groaíras - CE,2017,15 a 19 anos,25.0
2304905,Groaíras - CE,2017,20 a 24 anos,41.0
2304905,Groaíras - CE,2017,25 a 29 anos,22.0
2304905,Groaíras - CE,2017,30 a 34 anos,23.0
2304905,Groaíras - CE,2017,35 a 39 anos,14.0
2304905,Groaíras - CE,2017,40 a 44 anos,1.0
2304905,Groaíras - CE,2017,45 a 49 anos,
2304905,Groaíras - CE,2017,50 anos ou mais,
2304905,Groaíras - CE,2017,Ignorada,
2304905,Groaíras - CE,2018,Total,129.0
2304905,Groaíras - CE,2018,Menos de 15 anos,
2304905,Groaíras - CE,2018,15 a 19 anos,16.0
2304905,Groaíras - CE,2018,20 a 24 anos,36.0
2304905,Groaíras - CE,2018,25 a 29 anos,33.0
2304905,Groaíras - CE,2018,30 a 34 anos,27.0
2304905,Groaíras - CE,2018,35 a 39 anos,13.0
2304905,Groaíras - CE,2018,40 a 44 anos,4.0
2304905,Groaíras - CE,2018,45 a 49 anos,
2304905,Groaíras - CE,2018,50 anos ou mais,
2304905,Groaíras - CE,2018,Ignorada,
2304905,Groaíras - CE,2019,Total,158.0
2304905,Groaíras - CE,2019,Menos de 15 anos,1.0
2304905,Groaíras - CE,2019,15 a 19 anos,27.0
2304905,Groaíras - CE,2019,20 a 24 anos,39.0
2304905,Groaíras - CE,2019,25 a 29 anos,35.0
2304905,Groaíras - CE,2019,30 a 34 anos,32.0
2304905,Groaíras - CE,2019,35 a 39 anos,19.0
2304905,Groaíras - CE,2019,40 a 44 anos,5.0
2304905,Groaíras - CE,2019,45 a 49 anos,
2304905,Groaíras - CE,2019,50 anos ou mais,
2304905,Groaíras - CE,2019,Ignorada,
2304954,Guaiúba - CE,2014,Total,326.0
2304954,Guaiúba - CE,2014,Menos de 15 anos,4.0
2304954,Guaiúba - CE,2014,15 a 19 anos,63.0
2304954,Guaiúba - CE,2014,20 a 24 anos,102.0
2304954,Guaiúba - CE,2014,25 a 29 anos,77.0
2304954,Guaiúba - CE,2014,30 a 34 anos,45.0
2304954,Guaiúba - CE,2014,35 a 39 anos,26.0
2304954,Guaiúba - CE,2014,40 a 44 anos,7.0
2304954,Guaiúba - CE,2014,45 a 49 anos,
2304954,Guaiúba - CE,2014,50 anos ou mais,
2304954,Guaiúba - CE,2014,Ignorada,2.0
2304954,Guaiúba - CE,2015,Total,311.0
2304954,Guaiúba - CE,2015,Menos de 15 anos,6.0
2304954,Guaiúba - CE,2015,15 a 19 anos,65.0
2304954,Guaiúba - CE,2015,20 a 24 anos,96.0
2304954,Guaiúba - CE,2015,25 a 29 anos,73.0
2304954,Guaiúba - CE,2015,30 a 34 anos,44.0
2304954,Guaiúba - CE,2015,35 a 39 anos,22.0
2304954,Guaiúba - CE,2015,40 a 44 anos,3.0
2304954,Guaiúba - CE,2015,45 a 49 anos,1.0
2304954,Guaiúba - CE,2015,50 anos ou mais,
2304954,Guaiúba - CE,2015,Ignorada,1.0
2304954,Guaiúba - CE,2016,Total,359.0
2304954,Guaiúba - CE,2016,Menos de 15 anos,6.0
2304954,Guaiúba - CE,2016,15 a 19 anos,80.0
2304954,Guaiúba - CE,2016,20 a 24 anos,98.0
2304954,Guaiúba - CE,2016,25 a 29 anos,87.0
2304954,Guaiúba - CE,2016,30 a 34 anos,53.0
2304954,Guaiúba - CE,2016,35 a 39 anos,30.0
2304954,Guaiúba - CE,2016,40 a 44 anos,5.0
2304954,Guaiúba - CE,2016,45 a 49 anos,
2304954,Guaiúba - CE,2016,50 anos ou mais,
2304954,Guaiúba - CE,2016,Ignorada,
2304954,Guaiúba - CE,2017,Total,343.0
2304954,Guaiúba - CE,2017,Menos de 15 anos,4.0
2304954,Guaiúba - CE,2017,15 a 19 anos,70.0
2304954,Guaiúba - CE,2017,20 a 24 anos,106.0
2304954,Guaiúba - CE,2017,25 a 29 anos,79.0
2304954,Guaiúba - CE,2017,30 a 34 anos,55.0
2304954,Guaiúba - CE,2017,35 a 39 anos,26.0
2304954,Guaiúba - CE,2017,40 a 44 anos,3.0
2304954,Guaiúba - CE,2017,45 a 49 anos,
2304954,Guaiúba - CE,2017,50 anos ou mais,
2304954,Guaiúba - CE,2017,Ignorada,
2304954,Guaiúba - CE,2018,Total,352.0
2304954,Guaiúba - CE,2018,Menos de 15 anos,4.0
2304954,Guaiúba - CE,2018,15 a 19 anos,67.0
2304954,Guaiúba - CE,2018,20 a 24 anos,98.0
2304954,Guaiúba - CE,2018,25 a 29 anos,88.0
2304954,Guaiúba - CE,2018,30 a 34 anos,49.0
2304954,Guaiúba - CE,2018,35 a 39 anos,38.0
2304954,Guaiúba - CE,2018,40 a 44 anos,7.0
2304954,Guaiúba - CE,2018,45 a 49 anos,
2304954,Guaiúba - CE,2018,50 anos ou mais,1.0
2304954,Guaiúba - CE,2018,Ignorada,
2304954,Guaiúba - CE,2019,Total,353.0
2304954,Guaiúba - CE,2019,Menos de 15 anos,5.0
2304954,Guaiúba - CE,2019,15 a 19 anos,47.0
2304954,Guaiúba - CE,2019,20 a 24 anos,103.0
2304954,Guaiúba - CE,2019,25 a 29 anos,92.0
2304954,Guaiúba - CE,2019,30 a 34 anos,64.0
2304954,Guaiúba - CE,2019,35 a 39 anos,36.0
2304954,Guaiúba - CE,2019,40 a 44 anos,4.0
2304954,Guaiúba - CE,2019,45 a 49 anos,
2304954,Guaiúba - CE,2019,50 anos ou mais,
2304954,Guaiúba - CE,2019,Ignorada,2.0
2305001,Guaraciaba do Norte - CE,2014,Total,649.0
2305001,Guaraciaba do Norte - CE,2014,Menos de 15 anos,8.0
2305001,Guaraciaba do Norte - CE,2014,15 a 19 anos,118.0
2305001,Guaraciaba do Norte - CE,2014,20 a 24 anos,163.0
2305001,Guaraciaba do Norte - CE,2014,25 a 29 anos,147.0
2305001,Guaraciaba do Norte - CE,2014,30 a 34 anos,116.0
2305001,Guaraciaba do Norte - CE,2014,35 a 39 anos,71.0
2305001,Guaraciaba do Norte - CE,2014,40 a 44 anos,24.0
2305001,Guaraciaba do Norte - CE,2014,45 a 49 anos,1.0
2305001,Guaraciaba do Norte - CE,2014,50 anos ou mais,
2305001,Guaraciaba do Norte - CE,2014,Ignorada,1.0
2305001,Guaraciaba do Norte - CE,2015,Total,638.0
2305001,Guaraciaba do Norte - CE,2015,Menos de 15 anos,6.0
2305001,Guaraciaba do Norte - CE,2015,15 a 19 anos,146.0
2305001,Guaraciaba do Norte - CE,2015,20 a 24 anos,160.0
2305001,Guaraciaba do Norte - CE,2015,25 a 29 anos,149.0
2305001,Guaraciaba do Norte - CE,2015,30 a 34 anos,102.0
2305001,Guaraciaba do Norte - CE,2015,35 a 39 anos,57.0
2305001,Guaraciaba do Norte - CE,2015,40 a 44 anos,17.0
2305001,Guaraciaba do Norte - CE,2015,45 a 49 anos,1.0
2305001,Guaraciaba do Norte - CE,2015,50 anos ou mais,
2305001,Guaraciaba do Norte - CE,2015,Ignorada,
2305001,Guaraciaba do Norte - CE,2016,Total,638.0
2305001,Guaraciaba do Norte - CE,2016,Menos de 15 anos,9.0
2305001,Guaraciaba do Norte - CE,2016,15 a 19 anos,139.0
2305001,Guaraciaba do Norte - CE,2016,20 a 24 anos,163.0
2305001,Guaraciaba do Norte - CE,2016,25 a 29 anos,136.0
2305001,Guaraciaba do Norte - CE,2016,30 a 34 anos,118.0
2305001,Guaraciaba do Norte - CE,2016,35 a 39 anos,53.0
2305001,Guaraciaba do Norte - CE,2016,40 a 44 anos,18.0
2305001,Guaraciaba do Norte - CE,2016,45 a 49 anos,2.0
2305001,Guaraciaba do Norte - CE,2016,50 anos ou mais,
2305001,Guaraciaba do Norte - CE,2016,Ignorada,
2305001,Guaraciaba do Norte - CE,2017,Total,675.0
2305001,Guaraciaba do Norte - CE,2017,Menos de 15 anos,7.0
2305001,Guaraciaba do Norte - CE,2017,15 a 19 anos,134.0
2305001,Guaraciaba do Norte - CE,2017,20 a 24 anos,174.0
2305001,Guaraciaba do Norte - CE,2017,25 a 29 anos,148.0
2305001,Guaraciaba do Norte - CE,2017,30 a 34 anos,130.0
2305001,Guaraciaba do Norte - CE,2017,35 a 39 anos,61.0
2305001,Guaraciaba do Norte - CE,2017,40 a 44 anos,20.0
2305001,Guaraciaba do Norte - CE,2017,45 a 49 anos,1.0
2305001,Guaraciaba do Norte - CE,2017,50 anos ou mais,
2305001,Guaraciaba do Norte - CE,2017,Ignorada,
2305001,Guaraciaba do Norte - CE,2018,Total,614.0
2305001,Guaraciaba do Norte - CE,2018,Menos de 15 anos,8.0
2305001,Guaraciaba do Norte - CE,2018,15 a 19 anos,118.0
2305001,Guaraciaba do Norte - CE,2018,20 a 24 anos,151.0
2305001,Guaraciaba do Norte - CE,2018,25 a 29 anos,134.0
2305001,Guaraciaba do Norte - CE,2018,30 a 34 anos,134.0
2305001,Guaraciaba do Norte - CE,2018,35 a 39 anos,54.0
2305001,Guaraciaba do Norte - CE,2018,40 a 44 anos,12.0
2305001,Guaraciaba do Norte - CE,2018,45 a 49 anos,3.0
2305001,Guaraciaba do Norte - CE,2018,50 anos ou mais,
2305001,Guaraciaba do Norte - CE,2018,Ignorada,
2305001,Guaraciaba do Norte - CE,2019,Total,713.0
2305001,Guaraciaba do Norte - CE,2019,Menos de 15 anos,6.0
2305001,Guaraciaba do Norte - CE,2019,15 a 19 anos,121.0
2305001,Guaraciaba do Norte - CE,2019,20 a 24 anos,178.0
2305001,Guaraciaba do Norte - CE,2019,25 a 29 anos,165.0
2305001,Guaraciaba do Norte - CE,2019,30 a 34 anos,124.0
2305001,Guaraciaba do Norte - CE,2019,35 a 39 anos,91.0
2305001,Guaraciaba do Norte - CE,2019,40 a 44 anos,25.0
2305001,Guaraciaba do Norte - CE,2019,45 a 49 anos,3.0
2305001,Guaraciaba do Norte - CE,2019,50 anos ou mais,
2305001,Guaraciaba do Norte - CE,2019,Ignorada,
2305100,Guaramiranga - CE,2014,Total,79.0
2305100,Guaramiranga - CE,2014,Menos de 15 anos,
2305100,Guaramiranga - CE,2014,15 a 19 anos,13.0
2305100,Guaramiranga - CE,2014,20 a 24 anos,25.0
2305100,Guaramiranga - CE,2014,25 a 29 anos,17.0
2305100,Guaramiranga - CE,2014,30 a 34 anos,10.0
2305100,Guaramiranga - CE,2014,35 a 39 anos,10.0
2305100,Guaramiranga - CE,2014,40 a 44 anos,4.0
2305100,Guaramiranga - CE,2014,45 a 49 anos,
2305100,Guaramiranga - CE,2014,50 anos ou mais,
2305100,Guaramiranga - CE,2014,Ignorada,
2305100,Guaramiranga - CE,2015,Total,74.0
2305100,Guaramiranga - CE,2015,Menos de 15 anos,
2305100,Guaramiranga - CE,2015,15 a 19 anos,11.0
2305100,Guaramiranga - CE,2015,20 a 24 anos,10.0
2305100,Guaramiranga - CE,2015,25 a 29 anos,24.0
2305100,Guaramiranga - CE,2015,30 a 34 anos,11.0
2305100,Guaramiranga - CE,2015,35 a 39 anos,12.0
2305100,Guaramiranga - CE,2015,40 a 44 anos,6.0
2305100,Guaramiranga - CE,2015,45 a 49 anos,
2305100,Guaramiranga - CE,2015,50 anos ou mais,
2305100,Guaramiranga - CE,2015,Ignorada,
2305100,Guaramiranga - CE,2016,Total,72.0
2305100,Guaramiranga - CE,2016,Menos de 15 anos,
2305100,Guaramiranga - CE,2016,15 a 19 anos,15.0
2305100,Guaramiranga - CE,2016,20 a 24 anos,19.0
2305100,Guaramiranga - CE,2016,25 a 29 anos,11.0
2305100,Guaramiranga - CE,2016,30 a 34 anos,11.0
2305100,Guaramiranga - CE,2016,35 a 39 anos,14.0
2305100,Guaramiranga - CE,2016,40 a 44 anos,2.0
2305100,Guaramiranga - CE,2016,45 a 49 anos,
2305100,Guaramiranga - CE,2016,50 anos ou mais,
2305100,Guaramiranga - CE,2016,Ignorada,
2305100,Guaramiranga - CE,2017,Total,75.0
2305100,Guaramiranga - CE,2017,Menos de 15 anos,2.0
2305100,Guaramiranga - CE,2017,15 a 19 anos,16.0
2305100,Guaramiranga - CE,2017,20 a 24 anos,24.0
2305100,Guaramiranga - CE,2017,25 a 29 anos,16.0
2305100,Guaramiranga - CE,2017,30 a 34 anos,12.0
2305100,Guaramiranga - CE,2017,35 a 39 anos,2.0
2305100,Guaramiranga - CE,2017,40 a 44 anos,3.0
2305100,Guaramiranga - CE,2017,45 a 49 anos,
2305100,Guaramiranga - CE,2017,50 anos ou mais,
2305100,Guaramiranga - CE,2017,Ignorada,
2305100,Guaramiranga - CE,2018,Total,79.0
2305100,Guaramiranga - CE,2018,Menos de 15 anos,
2305100,Guaramiranga - CE,2018,15 a 19 anos,8.0
2305100,Guaramiranga - CE,2018,20 a 24 anos,24.0
2305100,Guaramiranga - CE,2018,25 a 29 anos,19.0
2305100,Guaramiranga - CE,2018,30 a 34 anos,19.0
2305100,Guaramiranga - CE,2018,35 a 39 anos,8.0
2305100,Guaramiranga - CE,2018,40 a 44 anos,1.0
2305100,Guaramiranga - CE,2018,45 a 49 anos,
2305100,Guaramiranga - CE,2018,50 anos ou mais,
2305100,Guaramiranga - CE,2018,Ignorada,
2305100,Guaramiranga - CE,2019,Total,71.0
2305100,Guaramiranga - CE,2019,Menos de 15 anos,
2305100,Guaramiranga - CE,2019,15 a 19 anos,14.0
2305100,Guaramiranga - CE,2019,20 a 24 anos,13.0
2305100,Guaramiranga - CE,2019,25 a 29 anos,20.0
2305100,Guaramiranga - CE,2019,30 a 34 anos,17.0
2305100,Guaramiranga - CE,2019,35 a 39 anos,6.0
2305100,Guaramiranga - CE,2019,40 a 44 anos,1.0
2305100,Guaramiranga - CE,2019,45 a 49 anos,
2305100,Guaramiranga - CE,2019,50 anos ou mais,
2305100,Guaramiranga - CE,2019,Ignorada,
2305209,Hidrolândia - CE,2014,Total,248.0
2305209,Hidrolândia - CE,2014,Menos de 15 anos,4.0
2305209,Hidrolândia - CE,2014,15 a 19 anos,53.0
2305209,Hidrolândia - CE,2014,20 a 24 anos,49.0
2305209,Hidrolândia - CE,2014,25 a 29 anos,68.0
2305209,Hidrolândia - CE,2014,30 a 34 anos,36.0
2305209,Hidrolândia - CE,2014,35 a 39 anos,27.0
2305209,Hidrolândia - CE,2014,40 a 44 anos,7.0
2305209,Hidrolândia - CE,2014,45 a 49 anos,
2305209,Hidrolândia - CE,2014,50 anos ou mais,
2305209,Hidrolândia - CE,2014,Ignorada,4.0
2305209,Hidrolândia - CE,2015,Total,227.0
2305209,Hidrolândia - CE,2015,Menos de 15 anos,1.0
2305209,Hidrolândia - CE,2015,15 a 19 anos,48.0
2305209,Hidrolândia - CE,2015,20 a 24 anos,49.0
2305209,Hidrolândia - CE,2015,25 a 29 anos,47.0
2305209,Hidrolândia - CE,2015,30 a 34 anos,51.0
2305209,Hidrolândia - CE,2015,35 a 39 anos,24.0
2305209,Hidrolândia - CE,2015,40 a 44 anos,5.0
2305209,Hidrolândia - CE,2015,45 a 49 anos,
2305209,Hidrolândia - CE,2015,50 anos ou mais,
2305209,Hidrolândia - CE,2015,Ignorada,2.0
2305209,Hidrolândia - CE,2016,Total,222.0
2305209,Hidrolândia - CE,2016,Menos de 15 anos,1.0
2305209,Hidrolândia - CE,2016,15 a 19 anos,51.0
2305209,Hidrolândia - CE,2016,20 a 24 anos,50.0
2305209,Hidrolândia - CE,2016,25 a 29 anos,51.0
2305209,Hidrolândia - CE,2016,30 a 34 anos,43.0
2305209,Hidrolândia - CE,2016,35 a 39 anos,20.0
2305209,Hidrolândia - CE,2016,40 a 44 anos,6.0
2305209,Hidrolândia - CE,2016,45 a 49 anos,
2305209,Hidrolândia - CE,2016,50 anos ou mais,
2305209,Hidrolândia - CE,2016,Ignorada,
2305209,Hidrolândia - CE,2017,Total,209.0
2305209,Hidrolândia - CE,2017,Menos de 15 anos,3.0
2305209,Hidrolândia - CE,2017,15 a 19 anos,50.0
2305209,Hidrolândia - CE,2017,20 a 24 anos,53.0
2305209,Hidrolândia - CE,2017,25 a 29 anos,43.0
2305209,Hidrolândia - CE,2017,30 a 34 anos,33.0
2305209,Hidrolândia - CE,2017,35 a 39 anos,21.0
2305209,Hidrolândia - CE,2017,40 a 44 anos,6.0
2305209,Hidrolândia - CE,2017,45 a 49 anos,
2305209,Hidrolândia - CE,2017,50 anos ou mais,
2305209,Hidrolândia - CE,2017,Ignorada,
2305209,Hidrolândia - CE,2018,Total,263.0
2305209,Hidrolândia - CE,2018,Menos de 15 anos,1.0
2305209,Hidrolândia - CE,2018,15 a 19 anos,62.0
2305209,Hidrolândia - CE,2018,20 a 24 anos,64.0
2305209,Hidrolândia - CE,2018,25 a 29 anos,53.0
2305209,Hidrolândia - CE,2018,30 a 34 anos,38.0
2305209,Hidrolândia - CE,2018,35 a 39 anos,33.0
2305209,Hidrolândia - CE,2018,40 a 44 anos,12.0
2305209,Hidrolândia - CE,2018,45 a 49 anos,
2305209,Hidrolândia - CE,2018,50 anos ou mais,
2305209,Hidrolândia - CE,2018,Ignorada,
2305209,Hidrolândia - CE,2019,Total,239.0
2305209,Hidrolândia - CE,2019,Menos de 15 anos,1.0
2305209,Hidrolândia - CE,2019,15 a 19 anos,36.0
2305209,Hidrolândia - CE,2019,20 a 24 anos,63.0
2305209,Hidrolândia - CE,2019,25 a 29 anos,63.0
2305209,Hidrolândia - CE,2019,30 a 34 anos,40.0
2305209,Hidrolândia - CE,2019,35 a 39 anos,32.0
2305209,Hidrolândia - CE,2019,40 a 44 anos,4.0
2305209,Hidrolândia - CE,2019,45 a 49 anos,
2305209,Hidrolândia - CE,2019,50 anos ou mais,
2305209,Hidrolândia - CE,2019,Ignorada,
2305233,Horizonte - CE,2014,Total,1083.0
2305233,Horizonte - CE,2014,Menos de 15 anos,15.0
2305233,Horizonte - CE,2014,15 a 19 anos,233.0
2305233,Horizonte - CE,2014,20 a 24 anos,254.0
2305233,Horizonte - CE,2014,25 a 29 anos,292.0
2305233,Horizonte - CE,2014,30 a 34 anos,184.0
2305233,Horizonte - CE,2014,35 a 39 anos,80.0
2305233,Horizonte - CE,2014,40 a 44 anos,24.0
2305233,Horizonte - CE,2014,45 a 49 anos,
2305233,Horizonte - CE,2014,50 anos ou mais,1.0
2305233,Horizonte - CE,2014,Ignorada,
2305233,Horizonte - CE,2015,Total,1227.0
2305233,Horizonte - CE,2015,Menos de 15 anos,7.0
2305233,Horizonte - CE,2015,15 a 19 anos,236.0
2305233,Horizonte - CE,2015,20 a 24 anos,337.0
2305233,Horizonte - CE,2015,25 a 29 anos,302.0
2305233,Horizonte - CE,2015,30 a 34 anos,213.0
2305233,Horizonte - CE,2015,35 a 39 anos,101.0
2305233,Horizonte - CE,2015,40 a 44 anos,28.0
2305233,Horizonte - CE,2015,45 a 49 anos,3.0
2305233,Horizonte - CE,2015,50 anos ou mais,
2305233,Horizonte - CE,2015,Ignorada,
2305233,Horizonte - CE,2016,Total,1168.0
2305233,Horizonte - CE,2016,Menos de 15 anos,12.0
2305233,Horizonte - CE,2016,15 a 19 anos,206.0
2305233,Horizonte - CE,2016,20 a 24 anos,327.0
2305233,Horizonte - CE,2016,25 a 29 anos,287.0
2305233,Horizonte - CE,2016,30 a 34 anos,213.0
2305233,Horizonte - CE,2016,35 a 39 anos,105.0
2305233,Horizonte - CE,2016,40 a 44 anos,17.0
2305233,Horizonte - CE,2016,45 a 49 anos,
2305233,Horizonte - CE,2016,50 anos ou mais,
2305233,Horizonte - CE,2016,Ignorada,1.0
2305233,Horizonte - CE,2017,Total,1194.0
2305233,Horizonte - CE,2017,Menos de 15 anos,7.0
2305233,Horizonte - CE,2017,15 a 19 anos,218.0
2305233,Horizonte - CE,2017,20 a 24 anos,317.0
2305233,Horizonte - CE,2017,25 a 29 anos,301.0
2305233,Horizonte - CE,2017,30 a 34 anos,211.0
2305233,Horizonte - CE,2017,35 a 39 anos,116.0
2305233,Horizonte - CE,2017,40 a 44 anos,22.0
2305233,Horizonte - CE,2017,45 a 49 anos,2.0
2305233,Horizonte - CE,2017,50 anos ou mais,
2305233,Horizonte - CE,2017,Ignorada,
2305233,Horizonte - CE,2018,Total,1304.0
2305233,Horizonte - CE,2018,Menos de 15 anos,9.0
2305233,Horizonte - CE,2018,15 a 19 anos,193.0
2305233,Horizonte - CE,2018,20 a 24 anos,343.0
2305233,Horizonte - CE,2018,25 a 29 anos,326.0
2305233,Horizonte - CE,2018,30 a 34 anos,278.0
2305233,Horizonte - CE,2018,35 a 39 anos,118.0
2305233,Horizonte - CE,2018,40 a 44 anos,36.0
2305233,Horizonte - CE,2018,45 a 49 anos,1.0
2305233,Horizonte - CE,2018,50 anos ou mais,
2305233,Horizonte - CE,2018,Ignorada,
2305233,Horizonte - CE,2019,Total,1204.0
2305233,Horizonte - CE,2019,Menos de 15 anos,5.0
2305233,Horizonte - CE,2019,15 a 19 anos,167.0
2305233,Horizonte - CE,2019,20 a 24 anos,319.0
2305233,Horizonte - CE,2019,25 a 29 anos,314.0
2305233,Horizonte - CE,2019,30 a 34 anos,240.0
2305233,Horizonte - CE,2019,35 a 39 anos,124.0
2305233,Horizonte - CE,2019,40 a 44 anos,33.0
2305233,Horizonte - CE,2019,45 a 49 anos,1.0
2305233,Horizonte - CE,2019,50 anos ou mais,1.0
2305233,Horizonte - CE,2019,Ignorada,
2305266,Ibaretama - CE,2014,Total,200.0
2305266,Ibaretama - CE,2014,Menos de 15 anos,2.0
2305266,Ibaretama - CE,2014,15 a 19 anos,40.0
2305266,Ibaretama - CE,2014,20 a 24 anos,44.0
2305266,Ibaretama - CE,2014,25 a 29 anos,64.0
2305266,Ibaretama - CE,2014,30 a 34 anos,31.0
2305266,Ibaretama - CE,2014,35 a 39 anos,13.0
2305266,Ibaretama - CE,2014,40 a 44 anos,5.0
2305266,Ibaretama - CE,2014,45 a 49 anos,
2305266,Ibaretama - CE,2014,50 anos ou mais,
2305266,Ibaretama - CE,2014,Ignorada,1.0
2305266,Ibaretama - CE,2015,Total,205.0
2305266,Ibaretama - CE,2015,Menos de 15 anos,
2305266,Ibaretama - CE,2015,15 a 19 anos,46.0
2305266,Ibaretama - CE,2015,20 a 24 anos,56.0
2305266,Ibaretama - CE,2015,25 a 29 anos,43.0
2305266,Ibaretama - CE,2015,30 a 34 anos,39.0
2305266,Ibaretama - CE,2015,35 a 39 anos,15.0
2305266,Ibaretama - CE,2015,40 a 44 anos,6.0
2305266,Ibaretama - CE,2015,45 a 49 anos,
2305266,Ibaretama - CE,2015,50 anos ou mais,
2305266,Ibaretama - CE,2015,Ignorada,
2305266,Ibaretama - CE,2016,Total,204.0
2305266,Ibaretama - CE,2016,Menos de 15 anos,4.0
2305266,Ibaretama - CE,2016,15 a 19 anos,43.0
2305266,Ibaretama - CE,2016,20 a 24 anos,57.0
2305266,Ibaretama - CE,2016,25 a 29 anos,44.0
2305266,Ibaretama - CE,2016,30 a 34 anos,25.0
2305266,Ibaretama - CE,2016,35 a 39 anos,25.0
2305266,Ibaretama - CE,2016,40 a 44 anos,6.0
2305266,Ibaretama - CE,2016,45 a 49 anos,
2305266,Ibaretama - CE,2016,50 anos ou mais,
2305266,Ibaretama - CE,2016,Ignorada,
2305266,Ibaretama - CE,2017,Total,199.0
2305266,Ibaretama - CE,2017,Menos de 15 anos,2.0
2305266,Ibaretama - CE,2017,15 a 19 anos,42.0
2305266,Ibaretama - CE,2017,20 a 24 anos,57.0
2305266,Ibaretama - CE,2017,25 a 29 anos,42.0
2305266,Ibaretama - CE,2017,30 a 34 anos,36.0
2305266,Ibaretama - CE,2017,35 a 39 anos,15.0
2305266,Ibaretama - CE,2017,40 a 44 anos,5.0
2305266,Ibaretama - CE,2017,45 a 49 anos,
2305266,Ibaretama - CE,2017,50 anos ou mais,
2305266,Ibaretama - CE,2017,Ignorada,
2305266,Ibaretama - CE,2018,Total,212.0
2305266,Ibaretama - CE,2018,Menos de 15 anos,2.0
2305266,Ibaretama - CE,2018,15 a 19 anos,46.0
2305266,Ibaretama - CE,2018,20 a 24 anos,64.0
2305266,Ibaretama - CE,2018,25 a 29 anos,51.0
2305266,Ibaretama - CE,2018,30 a 34 anos,31.0
2305266,Ibaretama - CE,2018,35 a 39 anos,14.0
2305266,Ibaretama - CE,2018,40 a 44 anos,4.0
2305266,Ibaretama - CE,2018,45 a 49 anos,
2305266,Ibaretama - CE,2018,50 anos ou mais,
2305266,Ibaretama - CE,2018,Ignorada,
2305266,Ibaretama - CE,2019,Total,195.0
2305266,Ibaretama - CE,2019,Menos de 15 anos,
2305266,Ibaretama - CE,2019,15 a 19 anos,37.0
2305266,Ibaretama - CE,2019,20 a 24 anos,53.0
2305266,Ibaretama - CE,2019,25 a 29 anos,41.0
2305266,Ibaretama - CE,2019,30 a 34 anos,37.0
2305266,Ibaretama - CE,2019,35 a 39 anos,20.0
2305266,Ibaretama - CE,2019,40 a 44 anos,6.0
2305266,Ibaretama - CE,2019,45 a 49 anos,1.0
2305266,Ibaretama - CE,2019,50 anos ou mais,
2305266,Ibaretama - CE,2019,Ignorada,
2305308,Ibiapina - CE,2014,Total,329.0
2305308,Ibiapina - CE,2014,Menos de 15 anos,4.0
2305308,Ibiapina - CE,2014,15 a 19 anos,58.0
2305308,Ibiapina - CE,2014,20 a 24 anos,85.0
2305308,Ibiapina - CE,2014,25 a 29 anos,83.0
2305308,Ibiapina - CE,2014,30 a 34 anos,61.0
2305308,Ibiapina - CE,2014,35 a 39 anos,33.0
2305308,Ibiapina - CE,2014,40 a 44 anos,4.0
2305308,Ibiapina - CE,2014,45 a 49 anos,
2305308,Ibiapina - CE,2014,50 anos ou mais,
2305308,Ibiapina - CE,2014,Ignorada,1.0
2305308,Ibiapina - CE,2015,Total,374.0
2305308,Ibiapina - CE,2015,Menos de 15 anos,5.0
2305308,Ibiapina - CE,2015,15 a 19 anos,63.0
2305308,Ibiapina - CE,2015,20 a 24 anos,99.0
2305308,Ibiapina - CE,2015,25 a 29 anos,94.0
2305308,Ibiapina - CE,2015,30 a 34 anos,65.0
2305308,Ibiapina - CE,2015,35 a 39 anos,38.0
2305308,Ibiapina - CE,2015,40 a 44 anos,10.0
2305308,Ibiapina - CE,2015,45 a 49 anos,
2305308,Ibiapina - CE,2015,50 anos ou mais,
2305308,Ibiapina - CE,2015,Ignorada,
2305308,Ibiapina - CE,2016,Total,349.0
2305308,Ibiapina - CE,2016,Menos de 15 anos,5.0
2305308,Ibiapina - CE,2016,15 a 19 anos,63.0
2305308,Ibiapina - CE,2016,20 a 24 anos,100.0
2305308,Ibiapina - CE,2016,25 a 29 anos,92.0
2305308,Ibiapina - CE,2016,30 a 34 anos,57.0
2305308,Ibiapina - CE,2016,35 a 39 anos,27.0
2305308,Ibiapina - CE,2016,40 a 44 anos,5.0
2305308,Ibiapina - CE,2016,45 a 49 anos,
2305308,Ibiapina - CE,2016,50 anos ou mais,
2305308,Ibiapina - CE,2016,Ignorada,
2305308,Ibiapina - CE,2017,Total,339.0
2305308,Ibiapina - CE,2017,Menos de 15 anos,5.0
2305308,Ibiapina - CE,2017,15 a 19 anos,70.0
2305308,Ibiapina - CE,2017,20 a 24 anos,74.0
2305308,Ibiapina - CE,2017,25 a 29 anos,80.0
2305308,Ibiapina - CE,2017,30 a 34 anos,77.0
2305308,Ibiapina - CE,2017,35 a 39 anos,25.0
2305308,Ibiapina - CE,2017,40 a 44 anos,8.0
2305308,Ibiapina - CE,2017,45 a 49 anos,
2305308,Ibiapina - CE,2017,50 anos ou mais,
2305308,Ibiapina - CE,2017,Ignorada,
2305308,Ibiapina - CE,2018,Total,384.0
2305308,Ibiapina - CE,2018,Menos de 15 anos,2.0
2305308,Ibiapina - CE,2018,15 a 19 anos,62.0
2305308,Ibiapina - CE,2018,20 a 24 anos,100.0
2305308,Ibiapina - CE,2018,25 a 29 anos,88.0
2305308,Ibiapina - CE,2018,30 a 34 anos,80.0
2305308,Ibiapina - CE,2018,35 a 39 anos,38.0
2305308,Ibiapina - CE,2018,40 a 44 anos,12.0
2305308,Ibiapina - CE,2018,45 a 49 anos,2.0
2305308,Ibiapina - CE,2018,50 anos ou mais,
2305308,Ibiapina - CE,2018,Ignorada,
2305308,Ibiapina - CE,2019,Total,363.0
2305308,Ibiapina - CE,2019,Menos de 15 anos,3.0
2305308,Ibiapina - CE,2019,15 a 19 anos,55.0
2305308,Ibiapina - CE,2019,20 a 24 anos,81.0
2305308,Ibiapina - CE,2019,25 a 29 anos,89.0
2305308,Ibiapina - CE,2019,30 a 34 anos,83.0
2305308,Ibiapina - CE,2019,35 a 39 anos,39.0
2305308,Ibiapina - CE,2019,40 a 44 anos,13.0
2305308,Ibiapina - CE,2019,45 a 49 anos,
2305308,Ibiapina - CE,2019,50 anos ou mais,
2305308,Ibiapina - CE,2019,Ignorada,
2305332,Ibicuitinga - CE,2014,Total,157.0
2305332,Ibicuitinga - CE,2014,Menos de 15 anos,1.0
2305332,Ibicuitinga - CE,2014,15 a 19 anos,31.0
2305332,Ibicuitinga - CE,2014,20 a 24 anos,47.0
2305332,Ibicuitinga - CE,2014,25 a 29 anos,34.0
2305332,Ibicuitinga - CE,2014,30 a 34 anos,26.0
2305332,Ibicuitinga - CE,2014,35 a 39 anos,12.0
2305332,Ibicuitinga - CE,2014,40 a 44 anos,6.0
2305332,Ibicuitinga - CE,2014,45 a 49 anos,
2305332,Ibicuitinga - CE,2014,50 anos ou mais,
2305332,Ibicuitinga - CE,2014,Ignorada,
2305332,Ibicuitinga - CE,2015,Total,180.0
2305332,Ibicuitinga - CE,2015,Menos de 15 anos,
2305332,Ibicuitinga - CE,2015,15 a 19 anos,32.0
2305332,Ibicuitinga - CE,2015,20 a 24 anos,44.0
2305332,Ibicuitinga - CE,2015,25 a 29 anos,45.0
2305332,Ibicuitinga - CE,2015,30 a 34 anos,35.0
2305332,Ibicuitinga - CE,2015,35 a 39 anos,21.0
2305332,Ibicuitinga - CE,2015,40 a 44 anos,3.0
2305332,Ibicuitinga - CE,2015,45 a 49 anos,
2305332,Ibicuitinga - CE,2015,50 anos ou mais,
2305332,Ibicuitinga - CE,2015,Ignorada,
2305332,Ibicuitinga - CE,2016,Total,152.0
2305332,Ibicuitinga - CE,2016,Menos de 15 anos,1.0
2305332,Ibicuitinga - CE,2016,15 a 19 anos,23.0
2305332,Ibicuitinga - CE,2016,20 a 24 anos,51.0
2305332,Ibicuitinga - CE,2016,25 a 29 anos,40.0
2305332,Ibicuitinga - CE,2016,30 a 34 anos,23.0
2305332,Ibicuitinga - CE,2016,35 a 39 anos,9.0
2305332,Ibicuitinga - CE,2016,40 a 44 anos,5.0
2305332,Ibicuitinga - CE,2016,45 a 49 anos,
2305332,Ibicuitinga - CE,2016,50 anos ou mais,
2305332,Ibicuitinga - CE,2016,Ignorada,
2305332,Ibicuitinga - CE,2017,Total,171.0
2305332,Ibicuitinga - CE,2017,Menos de 15 anos,
2305332,Ibicuitinga - CE,2017,15 a 19 anos,19.0
2305332,Ibicuitinga - CE,2017,20 a 24 anos,45.0
2305332,Ibicuitinga - CE,2017,25 a 29 anos,42.0
2305332,Ibicuitinga - CE,2017,30 a 34 anos,44.0
2305332,Ibicuitinga - CE,2017,35 a 39 anos,18.0
2305332,Ibicuitinga - CE,2017,40 a 44 anos,3.0
2305332,Ibicuitinga - CE,2017,45 a 49 anos,
2305332,Ibicuitinga - CE,2017,50 anos ou mais,
2305332,Ibicuitinga - CE,2017,Ignorada,
2305332,Ibicuitinga - CE,2018,Total,156.0
2305332,Ibicuitinga - CE,2018,Menos de 15 anos,3.0
2305332,Ibicuitinga - CE,2018,15 a 19 anos,23.0
2305332,Ibicuitinga - CE,2018,20 a 24 anos,36.0
2305332,Ibicuitinga - CE,2018,25 a 29 anos,41.0
2305332,Ibicuitinga - CE,2018,30 a 34 anos,27.0
2305332,Ibicuitinga - CE,2018,35 a 39 anos,18.0
2305332,Ibicuitinga - CE,2018,40 a 44 anos,7.0
2305332,Ibicuitinga - CE,2018,45 a 49 anos,1.0
2305332,Ibicuitinga - CE,2018,50 anos ou mais,
2305332,Ibicuitinga - CE,2018,Ignorada,
2305332,Ibicuitinga - CE,2019,Total,152.0
2305332,Ibicuitinga - CE,2019,Menos de 15 anos,
2305332,Ibicuitinga - CE,2019,15 a 19 anos,22.0
2305332,Ibicuitinga - CE,2019,20 a 24 anos,39.0
2305332,Ibicuitinga - CE,2019,25 a 29 anos,33.0
2305332,Ibicuitinga - CE,2019,30 a 34 anos,37.0
2305332,Ibicuitinga - CE,2019,35 a 39 anos,20.0
2305332,Ibicuitinga - CE,2019,40 a 44 anos,1.0
2305332,Ibicuitinga - CE,2019,45 a 49 anos,
2305332,Ibicuitinga - CE,2019,50 anos ou mais,
2305332,Ibicuitinga - CE,2019,Ignorada,
2305357,Icapuí - CE,2014,Total,263.0
2305357,Icapuí - CE,2014,Menos de 15 anos,1.0
2305357,Icapuí - CE,2014,15 a 19 anos,47.0
2305357,Icapuí - CE,2014,20 a 24 anos,53.0
2305357,Icapuí - CE,2014,25 a 29 anos,71.0
2305357,Icapuí - CE,2014,30 a 34 anos,47.0
2305357,Icapuí - CE,2014,35 a 39 anos,26.0
2305357,Icapuí - CE,2014,40 a 44 anos,9.0
2305357,Icapuí - CE,2014,45 a 49 anos,2.0
2305357,Icapuí - CE,2014,50 anos ou mais,
2305357,Icapuí - CE,2014,Ignorada,7.0
2305357,Icapuí - CE,2015,Total,203.0
2305357,Icapuí - CE,2015,Menos de 15 anos,
2305357,Icapuí - CE,2015,15 a 19 anos,39.0
2305357,Icapuí - CE,2015,20 a 24 anos,52.0
2305357,Icapuí - CE,2015,25 a 29 anos,46.0
2305357,Icapuí - CE,2015,30 a 34 anos,38.0
2305357,Icapuí - CE,2015,35 a 39 anos,24.0
2305357,Icapuí - CE,2015,40 a 44 anos,3.0
2305357,Icapuí - CE,2015,45 a 49 anos,
2305357,Icapuí - CE,2015,50 anos ou mais,
2305357,Icapuí - CE,2015,Ignorada,1.0
2305357,Icapuí - CE,2016,Total,238.0
2305357,Icapuí - CE,2016,Menos de 15 anos,5.0
2305357,Icapuí - CE,2016,15 a 19 anos,33.0
2305357,Icapuí - CE,2016,20 a 24 anos,52.0
2305357,Icapuí - CE,2016,25 a 29 anos,67.0
2305357,Icapuí - CE,2016,30 a 34 anos,51.0
2305357,Icapuí - CE,2016,35 a 39 anos,22.0
2305357,Icapuí - CE,2016,40 a 44 anos,7.0
2305357,Icapuí - CE,2016,45 a 49 anos,
2305357,Icapuí - CE,2016,50 anos ou mais,
2305357,Icapuí - CE,2016,Ignorada,1.0
2305357,Icapuí - CE,2017,Total,248.0
2305357,Icapuí - CE,2017,Menos de 15 anos,1.0
2305357,Icapuí - CE,2017,15 a 19 anos,28.0
2305357,Icapuí - CE,2017,20 a 24 anos,63.0
2305357,Icapuí - CE,2017,25 a 29 anos,71.0
2305357,Icapuí - CE,2017,30 a 34 anos,55.0
2305357,Icapuí - CE,2017,35 a 39 anos,26.0
2305357,Icapuí - CE,2017,40 a 44 anos,4.0
2305357,Icapuí - CE,2017,45 a 49 anos,
2305357,Icapuí - CE,2017,50 anos ou mais,
2305357,Icapuí - CE,2017,Ignorada,
2305357,Icapuí - CE,2018,Total,236.0
2305357,Icapuí - CE,2018,Menos de 15 anos,
2305357,Icapuí - CE,2018,15 a 19 anos,25.0
2305357,Icapuí - CE,2018,20 a 24 anos,58.0
2305357,Icapuí - CE,2018,25 a 29 anos,63.0
2305357,Icapuí - CE,2018,30 a 34 anos,57.0
2305357,Icapuí - CE,2018,35 a 39 anos,27.0
2305357,Icapuí - CE,2018,40 a 44 anos,6.0
2305357,Icapuí - CE,2018,45 a 49 anos,
2305357,Icapuí - CE,2018,50 anos ou mais,
2305357,Icapuí - CE,2018,Ignorada,
2305357,Icapuí - CE,2019,Total,244.0
2305357,Icapuí - CE,2019,Menos de 15 anos,2.0
2305357,Icapuí - CE,2019,15 a 19 anos,26.0
2305357,Icapuí - CE,2019,20 a 24 anos,54.0
2305357,Icapuí - CE,2019,25 a 29 anos,56.0
2305357,Icapuí - CE,2019,30 a 34 anos,48.0
2305357,Icapuí - CE,2019,35 a 39 anos,45.0
2305357,Icapuí - CE,2019,40 a 44 anos,13.0
2305357,Icapuí - CE,2019,45 a 49 anos,
2305357,Icapuí - CE,2019,50 anos ou mais,
2305357,Icapuí - CE,2019,Ignorada,
2305407,Icó - CE,2014,Total,934.0
2305407,Icó - CE,2014,Menos de 15 anos,5.0
2305407,Icó - CE,2014,15 a 19 anos,172.0
2305407,Icó - CE,2014,20 a 24 anos,287.0
2305407,Icó - CE,2014,25 a 29 anos,220.0
2305407,Icó - CE,2014,30 a 34 anos,160.0
2305407,Icó - CE,2014,35 a 39 anos,70.0
2305407,Icó - CE,2014,40 a 44 anos,16.0
2305407,Icó - CE,2014,45 a 49 anos,1.0
2305407,Icó - CE,2014,50 anos ou mais,1.0
2305407,Icó - CE,2014,Ignorada,2.0
2305407,Icó - CE,2015,Total,894.0
2305407,Icó - CE,2015,Menos de 15 anos,8.0
2305407,Icó - CE,2015,15 a 19 anos,165.0
2305407,Icó - CE,2015,20 a 24 anos,233.0
2305407,Icó - CE,2015,25 a 29 anos,229.0
2305407,Icó - CE,2015,30 a 34 anos,143.0
2305407,Icó - CE,2015,35 a 39 anos,87.0
2305407,Icó - CE,2015,40 a 44 anos,17.0
2305407,Icó - CE,2015,45 a 49 anos,1.0
2305407,Icó - CE,2015,50 anos ou mais,
2305407,Icó - CE,2015,Ignorada,11.0
2305407,Icó - CE,2016,Total,858.0
2305407,Icó - CE,2016,Menos de 15 anos,10.0
2305407,Icó - CE,2016,15 a 19 anos,161.0
2305407,Icó - CE,2016,20 a 24 anos,256.0
2305407,Icó - CE,2016,25 a 29 anos,184.0
2305407,Icó - CE,2016,30 a 34 anos,148.0
2305407,Icó - CE,2016,35 a 39 anos,75.0
2305407,Icó - CE,2016,40 a 44 anos,21.0
2305407,Icó - CE,2016,45 a 49 anos,2.0
2305407,Icó - CE,2016,50 anos ou mais,
2305407,Icó - CE,2016,Ignorada,1.0
2305407,Icó - CE,2017,Total,929.0
2305407,Icó - CE,2017,Menos de 15 anos,5.0
2305407,Icó - CE,2017,15 a 19 anos,194.0
2305407,Icó - CE,2017,20 a 24 anos,245.0
2305407,Icó - CE,2017,25 a 29 anos,231.0
2305407,Icó - CE,2017,30 a 34 anos,164.0
2305407,Icó - CE,2017,35 a 39 anos,67.0
2305407,Icó - CE,2017,40 a 44 anos,21.0
2305407,Icó - CE,2017,45 a 49 anos,2.0
2305407,Icó - CE,2017,50 anos ou mais,
2305407,Icó - CE,2017,Ignorada,
2305407,Icó - CE,2018,Total,899.0
2305407,Icó - CE,2018,Menos de 15 anos,5.0
2305407,Icó - CE,2018,15 a 19 anos,133.0
2305407,Icó - CE,2018,20 a 24 anos,271.0
2305407,Icó - CE,2018,25 a 29 anos,206.0
2305407,Icó - CE,2018,30 a 34 anos,181.0
2305407,Icó - CE,2018,35 a 39 anos,76.0
2305407,Icó - CE,2018,40 a 44 anos,24.0
2305407,Icó - CE,2018,45 a 49 anos,1.0
2305407,Icó - CE,2018,50 anos ou mais,1.0
2305407,Icó - CE,2018,Ignorada,1.0
2305407,Icó - CE,2019,Total,900.0
2305407,Icó - CE,2019,Menos de 15 anos,5.0
2305407,Icó - CE,2019,15 a 19 anos,148.0
2305407,Icó - CE,2019,20 a 24 anos,226.0
2305407,Icó - CE,2019,25 a 29 anos,212.0
2305407,Icó - CE,2019,30 a 34 anos,204.0
2305407,Icó - CE,2019,35 a 39 anos,87.0
2305407,Icó - CE,2019,40 a 44 anos,16.0
2305407,Icó - CE,2019,45 a 49 anos,2.0
2305407,Icó - CE,2019,50 anos ou mais,
2305407,Icó - CE,2019,Ignorada,
2305506,Iguatu - CE,2014,Total,1318.0
2305506,Iguatu - CE,2014,Menos de 15 anos,10.0
2305506,Iguatu - CE,2014,15 a 19 anos,235.0
2305506,Iguatu - CE,2014,20 a 24 anos,311.0
2305506,Iguatu - CE,2014,25 a 29 anos,378.0
2305506,Iguatu - CE,2014,30 a 34 anos,243.0
2305506,Iguatu - CE,2014,35 a 39 anos,114.0
2305506,Iguatu - CE,2014,40 a 44 anos,23.0
2305506,Iguatu - CE,2014,45 a 49 anos,3.0
2305506,Iguatu - CE,2014,50 anos ou mais,
2305506,Iguatu - CE,2014,Ignorada,1.0
2305506,Iguatu - CE,2015,Total,1412.0
2305506,Iguatu - CE,2015,Menos de 15 anos,15.0
2305506,Iguatu - CE,2015,15 a 19 anos,255.0
2305506,Iguatu - CE,2015,20 a 24 anos,343.0
2305506,Iguatu - CE,2015,25 a 29 anos,332.0
2305506,Iguatu - CE,2015,30 a 34 anos,285.0
2305506,Iguatu - CE,2015,35 a 39 anos,140.0
2305506,Iguatu - CE,2015,40 a 44 anos,37.0
2305506,Iguatu - CE,2015,45 a 49 anos,3.0
2305506,Iguatu - CE,2015,50 anos ou mais,
2305506,Iguatu - CE,2015,Ignorada,2.0
2305506,Iguatu - CE,2016,Total,1242.0
2305506,Iguatu - CE,2016,Menos de 15 anos,10.0
2305506,Iguatu - CE,2016,15 a 19 anos,203.0
2305506,Iguatu - CE,2016,20 a 24 anos,300.0
2305506,Iguatu - CE,2016,25 a 29 anos,343.0
2305506,Iguatu - CE,2016,30 a 34 anos,249.0
2305506,Iguatu - CE,2016,35 a 39 anos,116.0
2305506,Iguatu - CE,2016,40 a 44 anos,20.0
2305506,Iguatu - CE,2016,45 a 49 anos,1.0
2305506,Iguatu - CE,2016,50 anos ou mais,
2305506,Iguatu - CE,2016,Ignorada,
2305506,Iguatu - CE,2017,Total,1265.0
2305506,Iguatu - CE,2017,Menos de 15 anos,9.0
2305506,Iguatu - CE,2017,15 a 19 anos,190.0
2305506,Iguatu - CE,2017,20 a 24 anos,312.0
2305506,Iguatu - CE,2017,25 a 29 anos,326.0
2305506,Iguatu - CE,2017,30 a 34 anos,277.0
2305506,Iguatu - CE,2017,35 a 39 anos,133.0
2305506,Iguatu - CE,2017,40 a 44 anos,17.0
2305506,Iguatu - CE,2017,45 a 49 anos,1.0
2305506,Iguatu - CE,2017,50 anos ou mais,
2305506,Iguatu - CE,2017,Ignorada,
2305506,Iguatu - CE,2018,Total,1364.0
2305506,Iguatu - CE,2018,Menos de 15 anos,7.0
2305506,Iguatu - CE,2018,15 a 19 anos,176.0
2305506,Iguatu - CE,2018,20 a 24 anos,278.0
2305506,Iguatu - CE,2018,25 a 29 anos,332.0
2305506,Iguatu - CE,2018,30 a 34 anos,308.0
2305506,Iguatu - CE,2018,35 a 39 anos,135.0
2305506,Iguatu - CE,2018,40 a 44 anos,34.0
2305506,Iguatu - CE,2018,45 a 49 anos,
2305506,Iguatu - CE,2018,50 anos ou mais,
2305506,Iguatu - CE,2018,Ignorada,94.0
2305506,Iguatu - CE,2019,Total,1285.0
2305506,Iguatu - CE,2019,Menos de 15 anos,9.0
2305506,Iguatu - CE,2019,15 a 19 anos,171.0
2305506,Iguatu - CE,2019,20 a 24 anos,296.0
2305506,Iguatu - CE,2019,25 a 29 anos,303.0
2305506,Iguatu - CE,2019,30 a 34 anos,321.0
2305506,Iguatu - CE,2019,35 a 39 anos,144.0
2305506,Iguatu - CE,2019,40 a 44 anos,41.0
2305506,Iguatu - CE,2019,45 a 49 anos,
2305506,Iguatu - CE,2019,50 anos ou mais,
2305506,Iguatu - CE,2019,Ignorada,
2305605,Independência - CE,2014,Total,294.0
2305605,Independência - CE,2014,Menos de 15 anos,
2305605,Independência - CE,2014,15 a 19 anos,67.0
2305605,Independência - CE,2014,20 a 24 anos,93.0
2305605,Independência - CE,2014,25 a 29 anos,61.0
2305605,Independência - CE,2014,30 a 34 anos,44.0
2305605,Independência - CE,2014,35 a 39 anos,26.0
2305605,Independência - CE,2014,40 a 44 anos,3.0
2305605,Independência - CE,2014,45 a 49 anos,
2305605,Independência - CE,2014,50 anos ou mais,
2305605,Independência - CE,2014,Ignorada,
2305605,Independência - CE,2015,Total,282.0
2305605,Independência - CE,2015,Menos de 15 anos,4.0
2305605,Independência - CE,2015,15 a 19 anos,50.0
2305605,Independência - CE,2015,20 a 24 anos,79.0
2305605,Independência - CE,2015,25 a 29 anos,69.0
2305605,Independência - CE,2015,30 a 34 anos,49.0
2305605,Independência - CE,2015,35 a 39 anos,31.0
2305605,Independência - CE,2015,40 a 44 anos,
2305605,Independência - CE,2015,45 a 49 anos,
2305605,Independência - CE,2015,50 anos ou mais,
2305605,Independência - CE,2015,Ignorada,
2305605,Independência - CE,2016,Total,267.0
2305605,Independência - CE,2016,Menos de 15 anos,2.0
2305605,Independência - CE,2016,15 a 19 anos,52.0
2305605,Independência - CE,2016,20 a 24 anos,75.0
2305605,Independência - CE,2016,25 a 29 anos,55.0
2305605,Independência - CE,2016,30 a 34 anos,49.0
2305605,Independência - CE,2016,35 a 39 anos,29.0
2305605,Independência - CE,2016,40 a 44 anos,4.0
2305605,Independência - CE,2016,45 a 49 anos,
2305605,Independência - CE,2016,50 anos ou mais,
2305605,Independência - CE,2016,Ignorada,1.0
2305605,Independência - CE,2017,Total,293.0
2305605,Independência - CE,2017,Menos de 15 anos,2.0
2305605,Independência - CE,2017,15 a 19 anos,63.0
2305605,Independência - CE,2017,20 a 24 anos,66.0
2305605,Independência - CE,2017,25 a 29 anos,58.0
2305605,Independência - CE,2017,30 a 34 anos,57.0
2305605,Independência - CE,2017,35 a 39 anos,42.0
2305605,Independência - CE,2017,40 a 44 anos,5.0
2305605,Independência - CE,2017,45 a 49 anos,
2305605,Independência - CE,2017,50 anos ou mais,
2305605,Independência - CE,2017,Ignorada,
2305605,Independência - CE,2018,Total,321.0
2305605,Independência - CE,2018,Menos de 15 anos,4.0
2305605,Independência - CE,2018,15 a 19 anos,66.0
2305605,Independência - CE,2018,20 a 24 anos,81.0
2305605,Independência - CE,2018,25 a 29 anos,76.0
2305605,Independência - CE,2018,30 a 34 anos,54.0
2305605,Independência - CE,2018,35 a 39 anos,28.0
2305605,Independência - CE,2018,40 a 44 anos,12.0
2305605,Independência - CE,2018,45 a 49 anos,
2305605,Independência - CE,2018,50 anos ou mais,
2305605,Independência - CE,2018,Ignorada,
2305605,Independência - CE,2019,Total,273.0
2305605,Independência - CE,2019,Menos de 15 anos,3.0
2305605,Independência - CE,2019,15 a 19 anos,47.0
2305605,Independência - CE,2019,20 a 24 anos,69.0
2305605,Independência - CE,2019,25 a 29 anos,68.0
2305605,Independência - CE,2019,30 a 34 anos,49.0
2305605,Independência - CE,2019,35 a 39 anos,29.0
2305605,Independência - CE,2019,40 a 44 anos,7.0
2305605,Independência - CE,2019,45 a 49 anos,1.0
2305605,Independência - CE,2019,50 anos ou mais,
2305605,Independência - CE,2019,Ignorada,
2305654,Ipaporanga - CE,2014,Total,138.0
2305654,Ipaporanga - CE,2014,Menos de 15 anos,3.0
2305654,Ipaporanga - CE,2014,15 a 19 anos,33.0
2305654,Ipaporanga - CE,2014,20 a 24 anos,34.0
2305654,Ipaporanga - CE,2014,25 a 29 anos,25.0
2305654,Ipaporanga - CE,2014,30 a 34 anos,27.0
2305654,Ipaporanga - CE,2014,35 a 39 anos,11.0
2305654,Ipaporanga - CE,2014,40 a 44 anos,3.0
2305654,Ipaporanga - CE,2014,45 a 49 anos,1.0
2305654,Ipaporanga - CE,2014,50 anos ou mais,1.0
2305654,Ipaporanga - CE,2014,Ignorada,
2305654,Ipaporanga - CE,2015,Total,158.0
2305654,Ipaporanga - CE,2015,Menos de 15 anos,
2305654,Ipaporanga - CE,2015,15 a 19 anos,30.0
2305654,Ipaporanga - CE,2015,20 a 24 anos,52.0
2305654,Ipaporanga - CE,2015,25 a 29 anos,27.0
2305654,Ipaporanga - CE,2015,30 a 34 anos,19.0
2305654,Ipaporanga - CE,2015,35 a 39 anos,25.0
2305654,Ipaporanga - CE,2015,40 a 44 anos,5.0
2305654,Ipaporanga - CE,2015,45 a 49 anos,
2305654,Ipaporanga - CE,2015,50 anos ou mais,
2305654,Ipaporanga - CE,2015,Ignorada,
2305654,Ipaporanga - CE,2016,Total,140.0
2305654,Ipaporanga - CE,2016,Menos de 15 anos,1.0
2305654,Ipaporanga - CE,2016,15 a 19 anos,36.0
2305654,Ipaporanga - CE,2016,20 a 24 anos,42.0
2305654,Ipaporanga - CE,2016,25 a 29 anos,20.0
2305654,Ipaporanga - CE,2016,30 a 34 anos,16.0
2305654,Ipaporanga - CE,2016,35 a 39 anos,16.0
2305654,Ipaporanga - CE,2016,40 a 44 anos,7.0
2305654,Ipaporanga - CE,2016,45 a 49 anos,1.0
2305654,Ipaporanga - CE,2016,50 anos ou mais,
2305654,Ipaporanga - CE,2016,Ignorada,1.0
2305654,Ipaporanga - CE,2017,Total,152.0
2305654,Ipaporanga - CE,2017,Menos de 15 anos,
2305654,Ipaporanga - CE,2017,15 a 19 anos,27.0
2305654,Ipaporanga - CE,2017,20 a 24 anos,32.0
2305654,Ipaporanga - CE,2017,25 a 29 anos,37.0
2305654,Ipaporanga - CE,2017,30 a 34 anos,31.0
2305654,Ipaporanga - CE,2017,35 a 39 anos,20.0
2305654,Ipaporanga - CE,2017,40 a 44 anos,5.0
2305654,Ipaporanga - CE,2017,45 a 49 anos,
2305654,Ipaporanga - CE,2017,50 anos ou mais,
2305654,Ipaporanga - CE,2017,Ignorada,
2305654,Ipaporanga - CE,2018,Total,145.0
2305654,Ipaporanga - CE,2018,Menos de 15 anos,
2305654,Ipaporanga - CE,2018,15 a 19 anos,29.0
2305654,Ipaporanga - CE,2018,20 a 24 anos,38.0
2305654,Ipaporanga - CE,2018,25 a 29 anos,26.0
2305654,Ipaporanga - CE,2018,30 a 34 anos,27.0
2305654,Ipaporanga - CE,2018,35 a 39 anos,20.0
2305654,Ipaporanga - CE,2018,40 a 44 anos,4.0
2305654,Ipaporanga - CE,2018,45 a 49 anos,1.0
2305654,Ipaporanga - CE,2018,50 anos ou mais,
2305654,Ipaporanga - CE,2018,Ignorada,
2305654,Ipaporanga - CE,2019,Total,147.0
2305654,Ipaporanga - CE,2019,Menos de 15 anos,1.0
2305654,Ipaporanga - CE,2019,15 a 19 anos,23.0
2305654,Ipaporanga - CE,2019,20 a 24 anos,43.0
2305654,Ipaporanga - CE,2019,25 a 29 anos,29.0
2305654,Ipaporanga - CE,2019,30 a 34 anos,28.0
2305654,Ipaporanga - CE,2019,35 a 39 anos,14.0
2305654,Ipaporanga - CE,2019,40 a 44 anos,7.0
2305654,Ipaporanga - CE,2019,45 a 49 anos,2.0
2305654,Ipaporanga - CE,2019,50 anos ou mais,
2305654,Ipaporanga - CE,2019,Ignorada,
2305704,Ipaumirim - CE,2014,Total,169.0
2305704,Ipaumirim - CE,2014,Menos de 15 anos,
2305704,Ipaumirim - CE,2014,15 a 19 anos,31.0
2305704,Ipaumirim - CE,2014,20 a 24 anos,55.0
2305704,Ipaumirim - CE,2014,25 a 29 anos,34.0
2305704,Ipaumirim - CE,2014,30 a 34 anos,32.0
2305704,Ipaumirim - CE,2014,35 a 39 anos,13.0
2305704,Ipaumirim - CE,2014,40 a 44 anos,4.0
2305704,Ipaumirim - CE,2014,45 a 49 anos,
2305704,Ipaumirim - CE,2014,50 anos ou mais,
2305704,Ipaumirim - CE,2014,Ignorada,
2305704,Ipaumirim - CE,2015,Total,151.0
2305704,Ipaumirim - CE,2015,Menos de 15 anos,1.0
2305704,Ipaumirim - CE,2015,15 a 19 anos,38.0
2305704,Ipaumirim - CE,2015,20 a 24 anos,37.0
2305704,Ipaumirim - CE,2015,25 a 29 anos,29.0
2305704,Ipaumirim - CE,2015,30 a 34 anos,24.0
2305704,Ipaumirim - CE,2015,35 a 39 anos,19.0
2305704,Ipaumirim - CE,2015,40 a 44 anos,3.0
2305704,Ipaumirim - CE,2015,45 a 49 anos,
2305704,Ipaumirim - CE,2015,50 anos ou mais,
2305704,Ipaumirim - CE,2015,Ignorada,
2305704,Ipaumirim - CE,2016,Total,134.0
2305704,Ipaumirim - CE,2016,Menos de 15 anos,3.0
2305704,Ipaumirim - CE,2016,15 a 19 anos,24.0
2305704,Ipaumirim - CE,2016,20 a 24 anos,34.0
2305704,Ipaumirim - CE,2016,25 a 29 anos,25.0
2305704,Ipaumirim - CE,2016,30 a 34 anos,32.0
2305704,Ipaumirim - CE,2016,35 a 39 anos,12.0
2305704,Ipaumirim - CE,2016,40 a 44 anos,4.0
2305704,Ipaumirim - CE,2016,45 a 49 anos,
2305704,Ipaumirim - CE,2016,50 anos ou mais,
2305704,Ipaumirim - CE,2016,Ignorada,
2305704,Ipaumirim - CE,2017,Total,170.0
2305704,Ipaumirim - CE,2017,Menos de 15 anos,1.0
2305704,Ipaumirim - CE,2017,15 a 19 anos,33.0
2305704,Ipaumirim - CE,2017,20 a 24 anos,47.0
2305704,Ipaumirim - CE,2017,25 a 29 anos,40.0
2305704,Ipaumirim - CE,2017,30 a 34 anos,29.0
2305704,Ipaumirim - CE,2017,35 a 39 anos,18.0
2305704,Ipaumirim - CE,2017,40 a 44 anos,2.0
2305704,Ipaumirim - CE,2017,45 a 49 anos,
2305704,Ipaumirim - CE,2017,50 anos ou mais,
2305704,Ipaumirim - CE,2017,Ignorada,
2305704,Ipaumirim - CE,2018,Total,146.0
2305704,Ipaumirim - CE,2018,Menos de 15 anos,2.0
2305704,Ipaumirim - CE,2018,15 a 19 anos,18.0
2305704,Ipaumirim - CE,2018,20 a 24 anos,26.0
2305704,Ipaumirim - CE,2018,25 a 29 anos,40.0
2305704,Ipaumirim - CE,2018,30 a 34 anos,34.0
2305704,Ipaumirim - CE,2018,35 a 39 anos,20.0
2305704,Ipaumirim - CE,2018,40 a 44 anos,6.0
2305704,Ipaumirim - CE,2018,45 a 49 anos,
2305704,Ipaumirim - CE,2018,50 anos ou mais,
2305704,Ipaumirim - CE,2018,Ignorada,
2305704,Ipaumirim - CE,2019,Total,157.0
2305704,Ipaumirim - CE,2019,Menos de 15 anos,
2305704,Ipaumirim - CE,2019,15 a 19 anos,25.0
2305704,Ipaumirim - CE,2019,20 a 24 anos,41.0
2305704,Ipaumirim - CE,2019,25 a 29 anos,25.0
2305704,Ipaumirim - CE,2019,30 a 34 anos,38.0
2305704,Ipaumirim - CE,2019,35 a 39 anos,21.0
2305704,Ipaumirim - CE,2019,40 a 44 anos,6.0
2305704,Ipaumirim - CE,2019,45 a 49 anos,1.0
2305704,Ipaumirim - CE,2019,50 anos ou mais,
2305704,Ipaumirim - CE,2019,Ignorada,
2305803,Ipu - CE,2014,Total,532.0
2305803,Ipu - CE,2014,Menos de 15 anos,2.0
2305803,Ipu - CE,2014,15 a 19 anos,88.0
2305803,Ipu - CE,2014,20 a 24 anos,179.0
2305803,Ipu - CE,2014,25 a 29 anos,182.0
2305803,Ipu - CE,2014,30 a 34 anos,60.0
2305803,Ipu - CE,2014,35 a 39 anos,19.0
2305803,Ipu - CE,2014,40 a 44 anos,2.0
2305803,Ipu - CE,2014,45 a 49 anos,
2305803,Ipu - CE,2014,50 anos ou mais,
2305803,Ipu - CE,2014,Ignorada,
2305803,Ipu - CE,2015,Total,565.0
2305803,Ipu - CE,2015,Menos de 15 anos,2.0
2305803,Ipu - CE,2015,15 a 19 anos,90.0
2305803,Ipu - CE,2015,20 a 24 anos,231.0
2305803,Ipu - CE,2015,25 a 29 anos,181.0
2305803,Ipu - CE,2015,30 a 34 anos,48.0
2305803,Ipu - CE,2015,35 a 39 anos,13.0
2305803,Ipu - CE,2015,40 a 44 anos,
2305803,Ipu - CE,2015,45 a 49 anos,
2305803,Ipu - CE,2015,50 anos ou mais,
2305803,Ipu - CE,2015,Ignorada,
2305803,Ipu - CE,2016,Total,547.0
2305803,Ipu - CE,2016,Menos de 15 anos,2.0
2305803,Ipu - CE,2016,15 a 19 anos,83.0
2305803,Ipu - CE,2016,20 a 24 anos,266.0
2305803,Ipu - CE,2016,25 a 29 anos,139.0
2305803,Ipu - CE,2016,30 a 34 anos,35.0
2305803,Ipu - CE,2016,35 a 39 anos,19.0
2305803,Ipu - CE,2016,40 a 44 anos,1.0
2305803,Ipu - CE,2016,45 a 49 anos,2.0
2305803,Ipu - CE,2016,50 anos ou mais,
2305803,Ipu - CE,2016,Ignorada,
2305803,Ipu - CE,2017,Total,567.0
2305803,Ipu - CE,2017,Menos de 15 anos,3.0
2305803,Ipu - CE,2017,15 a 19 anos,70.0
2305803,Ipu - CE,2017,20 a 24 anos,220.0
2305803,Ipu - CE,2017,25 a 29 anos,178.0
2305803,Ipu - CE,2017,30 a 34 anos,57.0
2305803,Ipu - CE,2017,35 a 39 anos,33.0
2305803,Ipu - CE,2017,40 a 44 anos,6.0
2305803,Ipu - CE,2017,45 a 49 anos,
2305803,Ipu - CE,2017,50 anos ou mais,
2305803,Ipu - CE,2017,Ignorada,
2305803,Ipu - CE,2018,Total,645.0
2305803,Ipu - CE,2018,Menos de 15 anos,4.0
2305803,Ipu - CE,2018,15 a 19 anos,91.0
2305803,Ipu - CE,2018,20 a 24 anos,163.0
2305803,Ipu - CE,2018,25 a 29 anos,177.0
2305803,Ipu - CE,2018,30 a 34 anos,109.0
2305803,Ipu - CE,2018,35 a 39 anos,83.0
2305803,Ipu - CE,2018,40 a 44 anos,17.0
2305803,Ipu - CE,2018,45 a 49 anos,1.0
2305803,Ipu - CE,2018,50 anos ou mais,
2305803,Ipu - CE,2018,Ignorada,
2305803,Ipu - CE,2019,Total,629.0
2305803,Ipu - CE,2019,Menos de 15 anos,3.0
2305803,Ipu - CE,2019,15 a 19 anos,113.0
2305803,Ipu - CE,2019,20 a 24 anos,144.0
2305803,Ipu - CE,2019,25 a 29 anos,129.0
2305803,Ipu - CE,2019,30 a 34 anos,126.0
2305803,Ipu - CE,2019,35 a 39 anos,85.0
2305803,Ipu - CE,2019,40 a 44 anos,27.0
2305803,Ipu - CE,2019,45 a 49 anos,2.0
2305803,Ipu - CE,2019,50 anos ou mais,
2305803,Ipu - CE,2019,Ignorada,
2305902,Ipueiras - CE,2014,Total,502.0
2305902,Ipueiras - CE,2014,Menos de 15 anos,5.0
2305902,Ipueiras - CE,2014,15 a 19 anos,124.0
2305902,Ipueiras - CE,2014,20 a 24 anos,120.0
2305902,Ipueiras - CE,2014,25 a 29 anos,109.0
2305902,Ipueiras - CE,2014,30 a 34 anos,83.0
2305902,Ipueiras - CE,2014,35 a 39 anos,41.0
2305902,Ipueiras - CE,2014,40 a 44 anos,15.0
2305902,Ipueiras - CE,2014,45 a 49 anos,2.0
2305902,Ipueiras - CE,2014,50 anos ou mais,
2305902,Ipueiras - CE,2014,Ignorada,3.0
2305902,Ipueiras - CE,2015,Total,491.0
2305902,Ipueiras - CE,2015,Menos de 15 anos,6.0
2305902,Ipueiras - CE,2015,15 a 19 anos,102.0
2305902,Ipueiras - CE,2015,20 a 24 anos,110.0
2305902,Ipueiras - CE,2015,25 a 29 anos,113.0
2305902,Ipueiras - CE,2015,30 a 34 anos,84.0
2305902,Ipueiras - CE,2015,35 a 39 anos,64.0
2305902,Ipueiras - CE,2015,40 a 44 anos,11.0
2305902,Ipueiras - CE,2015,45 a 49 anos,
2305902,Ipueiras - CE,2015,50 anos ou mais,
2305902,Ipueiras - CE,2015,Ignorada,1.0
2305902,Ipueiras - CE,2016,Total,466.0
2305902,Ipueiras - CE,2016,Menos de 15 anos,10.0
2305902,Ipueiras - CE,2016,15 a 19 anos,101.0
2305902,Ipueiras - CE,2016,20 a 24 anos,119.0
2305902,Ipueiras - CE,2016,25 a 29 anos,95.0
2305902,Ipueiras - CE,2016,30 a 34 anos,75.0
2305902,Ipueiras - CE,2016,35 a 39 anos,47.0
2305902,Ipueiras - CE,2016,40 a 44 anos,19.0
2305902,Ipueiras - CE,2016,45 a 49 anos,
2305902,Ipueiras - CE,2016,50 anos ou mais,
2305902,Ipueiras - CE,2016,Ignorada,
2305902,Ipueiras - CE,2017,Total,496.0
2305902,Ipueiras - CE,2017,Menos de 15 anos,3.0
2305902,Ipueiras - CE,2017,15 a 19 anos,97.0
2305902,Ipueiras - CE,2017,20 a 24 anos,116.0
2305902,Ipueiras - CE,2017,25 a 29 anos,121.0
2305902,Ipueiras - CE,2017,30 a 34 anos,91.0
2305902,Ipueiras - CE,2017,35 a 39 anos,47.0
2305902,Ipueiras - CE,2017,40 a 44 anos,16.0
2305902,Ipueiras - CE,2017,45 a 49 anos,4.0
2305902,Ipueiras - CE,2017,50 anos ou mais,
2305902,Ipueiras - CE,2017,Ignorada,1.0
2305902,Ipueiras - CE,2018,Total,518.0
2305902,Ipueiras - CE,2018,Menos de 15 anos,4.0
2305902,Ipueiras - CE,2018,15 a 19 anos,97.0
2305902,Ipueiras - CE,2018,20 a 24 anos,142.0
2305902,Ipueiras - CE,2018,25 a 29 anos,103.0
2305902,Ipueiras - CE,2018,30 a 34 anos,106.0
2305902,Ipueiras - CE,2018,35 a 39 anos,53.0
2305902,Ipueiras - CE,2018,40 a 44 anos,13.0
2305902,Ipueiras - CE,2018,45 a 49 anos,
2305902,Ipueiras - CE,2018,50 anos ou mais,
2305902,Ipueiras - CE,2018,Ignorada,
2305902,Ipueiras - CE,2019,Total,475.0
2305902,Ipueiras - CE,2019,Menos de 15 anos,4.0
2305902,Ipueiras - CE,2019,15 a 19 anos,76.0
2305902,Ipueiras - CE,2019,20 a 24 anos,126.0
2305902,Ipueiras - CE,2019,25 a 29 anos,103.0
2305902,Ipueiras - CE,2019,30 a 34 anos,92.0
2305902,Ipueiras - CE,2019,35 a 39 anos,53.0
2305902,Ipueiras - CE,2019,40 a 44 anos,18.0
2305902,Ipueiras - CE,2019,45 a 49 anos,3.0
2305902,Ipueiras - CE,2019,50 anos ou mais,
2305902,Ipueiras - CE,2019,Ignorada,
2306009,Iracema - CE,2014,Total,191.0
2306009,Iracema - CE,2014,Menos de 15 anos,2.0
2306009,Iracema - CE,2014,15 a 19 anos,45.0
2306009,Iracema - CE,2014,20 a 24 anos,53.0
2306009,Iracema - CE,2014,25 a 29 anos,52.0
2306009,Iracema - CE,2014,30 a 34 anos,27.0
2306009,Iracema - CE,2014,35 a 39 anos,12.0
2306009,Iracema - CE,2014,40 a 44 anos,
2306009,Iracema - CE,2014,45 a 49 anos,
2306009,Iracema - CE,2014,50 anos ou mais,
2306009,Iracema - CE,2014,Ignorada,
2306009,Iracema - CE,2015,Total,195.0
2306009,Iracema - CE,2015,Menos de 15 anos,2.0
2306009,Iracema - CE,2015,15 a 19 anos,38.0
2306009,Iracema - CE,2015,20 a 24 anos,53.0
2306009,Iracema - CE,2015,25 a 29 anos,41.0
2306009,Iracema - CE,2015,30 a 34 anos,44.0
2306009,Iracema - CE,2015,35 a 39 anos,14.0
2306009,Iracema - CE,2015,40 a 44 anos,3.0
2306009,Iracema - CE,2015,45 a 49 anos,
2306009,Iracema - CE,2015,50 anos ou mais,
2306009,Iracema - CE,2015,Ignorada,
2306009,Iracema - CE,2016,Total,200.0
2306009,Iracema - CE,2016,Menos de 15 anos,1.0
2306009,Iracema - CE,2016,15 a 19 anos,44.0
2306009,Iracema - CE,2016,20 a 24 anos,52.0
2306009,Iracema - CE,2016,25 a 29 anos,49.0
2306009,Iracema - CE,2016,30 a 34 anos,25.0
2306009,Iracema - CE,2016,35 a 39 anos,23.0
2306009,Iracema - CE,2016,40 a 44 anos,6.0
2306009,Iracema - CE,2016,45 a 49 anos,
2306009,Iracema - CE,2016,50 anos ou mais,
2306009,Iracema - CE,2016,Ignorada,
2306009,Iracema - CE,2017,Total,180.0
2306009,Iracema - CE,2017,Menos de 15 anos,3.0
2306009,Iracema - CE,2017,15 a 19 anos,30.0
2306009,Iracema - CE,2017,20 a 24 anos,44.0
2306009,Iracema - CE,2017,25 a 29 anos,45.0
2306009,Iracema - CE,2017,30 a 34 anos,35.0
2306009,Iracema - CE,2017,35 a 39 anos,18.0
2306009,Iracema - CE,2017,40 a 44 anos,4.0
2306009,Iracema - CE,2017,45 a 49 anos,1.0
2306009,Iracema - CE,2017,50 anos ou mais,
2306009,Iracema - CE,2017,Ignorada,
2306009,Iracema - CE,2018,Total,197.0
2306009,Iracema - CE,2018,Menos de 15 anos,2.0
2306009,Iracema - CE,2018,15 a 19 anos,32.0
2306009,Iracema - CE,2018,20 a 24 anos,46.0
2306009,Iracema - CE,2018,25 a 29 anos,45.0
2306009,Iracema - CE,2018,30 a 34 anos,40.0
2306009,Iracema - CE,2018,35 a 39 anos,29.0
2306009,Iracema - CE,2018,40 a 44 anos,2.0
2306009,Iracema - CE,2018,45 a 49 anos,1.0
2306009,Iracema - CE,2018,50 anos ou mais,
2306009,Iracema - CE,2018,Ignorada,
2306009,Iracema - CE,2019,Total,211.0
2306009,Iracema - CE,2019,Menos de 15 anos,3.0
2306009,Iracema - CE,2019,15 a 19 anos,32.0
2306009,Iracema - CE,2019,20 a 24 anos,53.0
2306009,Iracema - CE,2019,25 a 29 anos,56.0
2306009,Iracema - CE,2019,30 a 34 anos,36.0
2306009,Iracema - CE,2019,35 a 39 anos,24.0
2306009,Iracema - CE,2019,40 a 44 anos,7.0
2306009,Iracema - CE,2019,45 a 49 anos,
2306009,Iracema - CE,2019,50 anos ou mais,
2306009,Iracema - CE,2019,Ignorada,
2306108,Irauçuba - CE,2014,Total,347.0
2306108,Irauçuba - CE,2014,Menos de 15 anos,4.0
2306108,Irauçuba - CE,2014,15 a 19 anos,68.0
2306108,Irauçuba - CE,2014,20 a 24 anos,94.0
2306108,Irauçuba - CE,2014,25 a 29 anos,78.0
2306108,Irauçuba - CE,2014,30 a 34 anos,61.0
2306108,Irauçuba - CE,2014,35 a 39 anos,33.0
2306108,Irauçuba - CE,2014,40 a 44 anos,9.0
2306108,Irauçuba - CE,2014,45 a 49 anos,
2306108,Irauçuba - CE,2014,50 anos ou mais,
2306108,Irauçuba - CE,2014,Ignorada,
2306108,Irauçuba - CE,2015,Total,357.0
2306108,Irauçuba - CE,2015,Menos de 15 anos,3.0
2306108,Irauçuba - CE,2015,15 a 19 anos,86.0
2306108,Irauçuba - CE,2015,20 a 24 anos,88.0
2306108,Irauçuba - CE,2015,25 a 29 anos,86.0
2306108,Irauçuba - CE,2015,30 a 34 anos,61.0
2306108,Irauçuba - CE,2015,35 a 39 anos,23.0
2306108,Irauçuba - CE,2015,40 a 44 anos,10.0
2306108,Irauçuba - CE,2015,45 a 49 anos,
2306108,Irauçuba - CE,2015,50 anos ou mais,
2306108,Irauçuba - CE,2015,Ignorada,
2306108,Irauçuba - CE,2016,Total,348.0
2306108,Irauçuba - CE,2016,Menos de 15 anos,4.0
2306108,Irauçuba - CE,2016,15 a 19 anos,83.0
2306108,Irauçuba - CE,2016,20 a 24 anos,108.0
2306108,Irauçuba - CE,2016,25 a 29 anos,74.0
2306108,Irauçuba - CE,2016,30 a 34 anos,55.0
2306108,Irauçuba - CE,2016,35 a 39 anos,18.0
2306108,Irauçuba - CE,2016,40 a 44 anos,6.0
2306108,Irauçuba - CE,2016,45 a 49 anos,
2306108,Irauçuba - CE,2016,50 anos ou mais,
2306108,Irauçuba - CE,2016,Ignorada,
2306108,Irauçuba - CE,2017,Total,308.0
2306108,Irauçuba - CE,2017,Menos de 15 anos,4.0
2306108,Irauçuba - CE,2017,15 a 19 anos,69.0
2306108,Irauçuba - CE,2017,20 a 24 anos,85.0
2306108,Irauçuba - CE,2017,25 a 29 anos,76.0
2306108,Irauçuba - CE,2017,30 a 34 anos,50.0
2306108,Irauçuba - CE,2017,35 a 39 anos,17.0
2306108,Irauçuba - CE,2017,40 a 44 anos,6.0
2306108,Irauçuba - CE,2017,45 a 49 anos,
2306108,Irauçuba - CE,2017,50 anos ou mais,1.0
2306108,Irauçuba - CE,2017,Ignorada,
2306108,Irauçuba - CE,2018,Total,377.0
2306108,Irauçuba - CE,2018,Menos de 15 anos,4.0
2306108,Irauçuba - CE,2018,15 a 19 anos,85.0
2306108,Irauçuba - CE,2018,20 a 24 anos,94.0
2306108,Irauçuba - CE,2018,25 a 29 anos,90.0
2306108,Irauçuba - CE,2018,30 a 34 anos,62.0
2306108,Irauçuba - CE,2018,35 a 39 anos,34.0
2306108,Irauçuba - CE,2018,40 a 44 anos,8.0
2306108,Irauçuba - CE,2018,45 a 49 anos,
2306108,Irauçuba - CE,2018,50 anos ou mais,
2306108,Irauçuba - CE,2018,Ignorada,
2306108,Irauçuba - CE,2019,Total,368.0
2306108,Irauçuba - CE,2019,Menos de 15 anos,4.0
2306108,Irauçuba - CE,2019,15 a 19 anos,62.0
2306108,Irauçuba - CE,2019,20 a 24 anos,115.0
2306108,Irauçuba - CE,2019,25 a 29 anos,79.0
2306108,Irauçuba - CE,2019,30 a 34 anos,73.0
2306108,Irauçuba - CE,2019,35 a 39 anos,27.0
2306108,Irauçuba - CE,2019,40 a 44 anos,7.0
2306108,Irauçuba - CE,2019,45 a 49 anos,1.0
2306108,Irauçuba - CE,2019,50 anos ou mais,
2306108,Irauçuba - CE,2019,Ignorada,
2306207,Itaiçaba - CE,2014,Total,106.0
2306207,Itaiçaba - CE,2014,Menos de 15 anos,1.0
2306207,Itaiçaba - CE,2014,15 a 19 anos,14.0
2306207,Itaiçaba - CE,2014,20 a 24 anos,26.0
2306207,Itaiçaba - CE,2014,25 a 29 anos,29.0
2306207,Itaiçaba - CE,2014,30 a 34 anos,20.0
2306207,Itaiçaba - CE,2014,35 a 39 anos,10.0
2306207,Itaiçaba - CE,2014,40 a 44 anos,6.0
2306207,Itaiçaba - CE,2014,45 a 49 anos,
2306207,Itaiçaba - CE,2014,50 anos ou mais,
2306207,Itaiçaba - CE,2014,Ignorada,
2306207,Itaiçaba - CE,2015,Total,90.0
2306207,Itaiçaba - CE,2015,Menos de 15 anos,1.0
2306207,Itaiçaba - CE,2015,15 a 19 anos,14.0
2306207,Itaiçaba - CE,2015,20 a 24 anos,17.0
2306207,Itaiçaba - CE,2015,25 a 29 anos,20.0
2306207,Itaiçaba - CE,2015,30 a 34 anos,22.0
2306207,Itaiçaba - CE,2015,35 a 39 anos,12.0
2306207,Itaiçaba - CE,2015,40 a 44 anos,4.0
2306207,Itaiçaba - CE,2015,45 a 49 anos,
2306207,Itaiçaba - CE,2015,50 anos ou mais,
2306207,Itaiçaba - CE,2015,Ignorada,
2306207,Itaiçaba - CE,2016,Total,91.0
2306207,Itaiçaba - CE,2016,Menos de 15 anos,1.0
2306207,Itaiçaba - CE,2016,15 a 19 anos,15.0
2306207,Itaiçaba - CE,2016,20 a 24 anos,15.0
2306207,Itaiçaba - CE,2016,25 a 29 anos,28.0
2306207,Itaiçaba - CE,2016,30 a 34 anos,23.0
2306207,Itaiçaba - CE,2016,35 a 39 anos,8.0
2306207,Itaiçaba - CE,2016,40 a 44 anos,1.0
2306207,Itaiçaba - CE,2016,45 a 49 anos,
2306207,Itaiçaba - CE,2016,50 anos ou mais,
2306207,Itaiçaba - CE,2016,Ignorada,
2306207,Itaiçaba - CE,2017,Total,81.0
2306207,Itaiçaba - CE,2017,Menos de 15 anos,
2306207,Itaiçaba - CE,2017,15 a 19 anos,15.0
2306207,Itaiçaba - CE,2017,20 a 24 anos,29.0
2306207,Itaiçaba - CE,2017,25 a 29 anos,15.0
2306207,Itaiçaba - CE,2017,30 a 34 anos,12.0
2306207,Itaiçaba - CE,2017,35 a 39 anos,5.0
2306207,Itaiçaba - CE,2017,40 a 44 anos,5.0
2306207,Itaiçaba - CE,2017,45 a 49 anos,
2306207,Itaiçaba - CE,2017,50 anos ou mais,
2306207,Itaiçaba - CE,2017,Ignorada,
2306207,Itaiçaba - CE,2018,Total,93.0
2306207,Itaiçaba - CE,2018,Menos de 15 anos,
2306207,Itaiçaba - CE,2018,15 a 19 anos,15.0
2306207,Itaiçaba - CE,2018,20 a 24 anos,21.0
2306207,Itaiçaba - CE,2018,25 a 29 anos,23.0
2306207,Itaiçaba - CE,2018,30 a 34 anos,24.0
2306207,Itaiçaba - CE,2018,35 a 39 anos,8.0
2306207,Itaiçaba - CE,2018,40 a 44 anos,2.0
2306207,Itaiçaba - CE,2018,45 a 49 anos,
2306207,Itaiçaba - CE,2018,50 anos ou mais,
2306207,Itaiçaba - CE,2018,Ignorada,
2306207,Itaiçaba - CE,2019,Total,99.0
2306207,Itaiçaba - CE,2019,Menos de 15 anos,
2306207,Itaiçaba - CE,2019,15 a 19 anos,16.0
2306207,Itaiçaba - CE,2019,20 a 24 anos,24.0
2306207,Itaiçaba - CE,2019,25 a 29 anos,23.0
2306207,Itaiçaba - CE,2019,30 a 34 anos,24.0
2306207,Itaiçaba - CE,2019,35 a 39 anos,9.0
2306207,Itaiçaba - CE,2019,40 a 44 anos,3.0
2306207,Itaiçaba - CE,2019,45 a 49 anos,
2306207,Itaiçaba - CE,2019,50 anos ou mais,
2306207,Itaiçaba - CE,2019,Ignorada,
2306256,Itaitinga - CE,2014,Total,471.0
2306256,Itaitinga - CE,2014,Menos de 15 anos,4.0
2306256,Itaitinga - CE,2014,15 a 19 anos,94.0
2306256,Itaitinga - CE,2014,20 a 24 anos,141.0
2306256,Itaitinga - CE,2014,25 a 29 anos,113.0
2306256,Itaitinga - CE,2014,30 a 34 anos,85.0
2306256,Itaitinga - CE,2014,35 a 39 anos,29.0
2306256,Itaitinga - CE,2014,40 a 44 anos,5.0
2306256,Itaitinga - CE,2014,45 a 49 anos,
2306256,Itaitinga - CE,2014,50 anos ou mais,
2306256,Itaitinga - CE,2014,Ignorada,
2306256,Itaitinga - CE,2015,Total,551.0
2306256,Itaitinga - CE,2015,Menos de 15 anos,5.0
2306256,Itaitinga - CE,2015,15 a 19 anos,96.0
2306256,Itaitinga - CE,2015,20 a 24 anos,142.0
2306256,Itaitinga - CE,2015,25 a 29 anos,149.0
2306256,Itaitinga - CE,2015,30 a 34 anos,111.0
2306256,Itaitinga - CE,2015,35 a 39 anos,40.0
2306256,Itaitinga - CE,2015,40 a 44 anos,5.0
2306256,Itaitinga - CE,2015,45 a 49 anos,2.0
2306256,Itaitinga - CE,2015,50 anos ou mais,
2306256,Itaitinga - CE,2015,Ignorada,1.0
2306256,Itaitinga - CE,2016,Total,629.0
2306256,Itaitinga - CE,2016,Menos de 15 anos,3.0
2306256,Itaitinga - CE,2016,15 a 19 anos,115.0
2306256,Itaitinga - CE,2016,20 a 24 anos,162.0
2306256,Itaitinga - CE,2016,25 a 29 anos,159.0
2306256,Itaitinga - CE,2016,30 a 34 anos,117.0
2306256,Itaitinga - CE,2016,35 a 39 anos,53.0
2306256,Itaitinga - CE,2016,40 a 44 anos,18.0
2306256,Itaitinga - CE,2016,45 a 49 anos,2.0
2306256,Itaitinga - CE,2016,50 anos ou mais,
2306256,Itaitinga - CE,2016,Ignorada,
2306256,Itaitinga - CE,2017,Total,607.0
2306256,Itaitinga - CE,2017,Menos de 15 anos,3.0
2306256,Itaitinga - CE,2017,15 a 19 anos,99.0
2306256,Itaitinga - CE,2017,20 a 24 anos,165.0
2306256,Itaitinga - CE,2017,25 a 29 anos,153.0
2306256,Itaitinga - CE,2017,30 a 34 anos,115.0
2306256,Itaitinga - CE,2017,35 a 39 anos,62.0
2306256,Itaitinga - CE,2017,40 a 44 anos,9.0
2306256,Itaitinga - CE,2017,45 a 49 anos,1.0
2306256,Itaitinga - CE,2017,50 anos ou mais,
2306256,Itaitinga - CE,2017,Ignorada,
2306256,Itaitinga - CE,2018,Total,724.0
2306256,Itaitinga - CE,2018,Menos de 15 anos,5.0
2306256,Itaitinga - CE,2018,15 a 19 anos,96.0
2306256,Itaitinga - CE,2018,20 a 24 anos,184.0
2306256,Itaitinga - CE,2018,25 a 29 anos,201.0
2306256,Itaitinga - CE,2018,30 a 34 anos,154.0
2306256,Itaitinga - CE,2018,35 a 39 anos,66.0
2306256,Itaitinga - CE,2018,40 a 44 anos,15.0
2306256,Itaitinga - CE,2018,45 a 49 anos,1.0
2306256,Itaitinga - CE,2018,50 anos ou mais,
2306256,Itaitinga - CE,2018,Ignorada,2.0
2306256,Itaitinga - CE,2019,Total,691.0
2306256,Itaitinga - CE,2019,Menos de 15 anos,6.0
2306256,Itaitinga - CE,2019,15 a 19 anos,73.0
2306256,Itaitinga - CE,2019,20 a 24 anos,170.0
2306256,Itaitinga - CE,2019,25 a 29 anos,174.0
2306256,Itaitinga - CE,2019,30 a 34 anos,172.0
2306256,Itaitinga - CE,2019,35 a 39 anos,75.0
2306256,Itaitinga - CE,2019,40 a 44 anos,20.0
2306256,Itaitinga - CE,2019,45 a 49 anos,1.0
2306256,Itaitinga - CE,2019,50 anos ou mais,
2306256,Itaitinga - CE,2019,Ignorada,
2306306,Itapajé - CE,2014,Total,759.0
2306306,Itapajé - CE,2014,Menos de 15 anos,10.0
2306306,Itapajé - CE,2014,15 a 19 anos,168.0
2306306,Itapajé - CE,2014,20 a 24 anos,182.0
2306306,Itapajé - CE,2014,25 a 29 anos,178.0
2306306,Itapajé - CE,2014,30 a 34 anos,137.0
2306306,Itapajé - CE,2014,35 a 39 anos,68.0
2306306,Itapajé - CE,2014,40 a 44 anos,13.0
2306306,Itapajé - CE,2014,45 a 49 anos,
2306306,Itapajé - CE,2014,50 anos ou mais,
2306306,Itapajé - CE,2014,Ignorada,3.0
2306306,Itapajé - CE,2015,Total,739.0
2306306,Itapajé - CE,2015,Menos de 15 anos,12.0
2306306,Itapajé - CE,2015,15 a 19 anos,166.0
2306306,Itapajé - CE,2015,20 a 24 anos,193.0
2306306,Itapajé - CE,2015,25 a 29 anos,172.0
2306306,Itapajé - CE,2015,30 a 34 anos,118.0
2306306,Itapajé - CE,2015,35 a 39 anos,58.0
2306306,Itapajé - CE,2015,40 a 44 anos,14.0
2306306,Itapajé - CE,2015,45 a 49 anos,5.0
2306306,Itapajé - CE,2015,50 anos ou mais,
2306306,Itapajé - CE,2015,Ignorada,1.0
2306306,Itapajé - CE,2016,Total,640.0
2306306,Itapajé - CE,2016,Menos de 15 anos,8.0
2306306,Itapajé - CE,2016,15 a 19 anos,119.0
2306306,Itapajé - CE,2016,20 a 24 anos,161.0
2306306,Itapajé - CE,2016,25 a 29 anos,169.0
2306306,Itapajé - CE,2016,30 a 34 anos,107.0
2306306,Itapajé - CE,2016,35 a 39 anos,54.0
2306306,Itapajé - CE,2016,40 a 44 anos,14.0
2306306,Itapajé - CE,2016,45 a 49 anos,2.0
2306306,Itapajé - CE,2016,50 anos ou mais,1.0
2306306,Itapajé - CE,2016,Ignorada,5.0
2306306,Itapajé - CE,2017,Total,678.0
2306306,Itapajé - CE,2017,Menos de 15 anos,10.0
2306306,Itapajé - CE,2017,15 a 19 anos,123.0
2306306,Itapajé - CE,2017,20 a 24 anos,184.0
2306306,Itapajé - CE,2017,25 a 29 anos,157.0
2306306,Itapajé - CE,2017,30 a 34 anos,118.0
2306306,Itapajé - CE,2017,35 a 39 anos,69.0
2306306,Itapajé - CE,2017,40 a 44 anos,16.0
2306306,Itapajé - CE,2017,45 a 49 anos,1.0
2306306,Itapajé - CE,2017,50 anos ou mais,
2306306,Itapajé - CE,2017,Ignorada,
2306306,Itapajé - CE,2018,Total,687.0
2306306,Itapajé - CE,2018,Menos de 15 anos,9.0
2306306,Itapajé - CE,2018,15 a 19 anos,122.0
2306306,Itapajé - CE,2018,20 a 24 anos,179.0
2306306,Itapajé - CE,2018,25 a 29 anos,152.0
2306306,Itapajé - CE,2018,30 a 34 anos,136.0
2306306,Itapajé - CE,2018,35 a 39 anos,66.0
2306306,Itapajé - CE,2018,40 a 44 anos,23.0
2306306,Itapajé - CE,2018,45 a 49 anos,
2306306,Itapajé - CE,2018,50 anos ou mais,
2306306,Itapajé - CE,2018,Ignorada,
2306306,Itapajé - CE,2019,Total,759.0
2306306,Itapajé - CE,2019,Menos de 15 anos,3.0
2306306,Itapajé - CE,2019,15 a 19 anos,124.0
2306306,Itapajé - CE,2019,20 a 24 anos,214.0
2306306,Itapajé - CE,2019,25 a 29 anos,175.0
2306306,Itapajé - CE,2019,30 a 34 anos,148.0
2306306,Itapajé - CE,2019,35 a 39 anos,77.0
2306306,Itapajé - CE,2019,40 a 44 anos,16.0
2306306,Itapajé - CE,2019,45 a 49 anos,2.0
2306306,Itapajé - CE,2019,50 anos ou mais,
2306306,Itapajé - CE,2019,Ignorada,
2306405,Itapipoca - CE,2014,Total,2066.0
2306405,Itapipoca - CE,2014,Menos de 15 anos,11.0
2306405,Itapipoca - CE,2014,15 a 19 anos,380.0
2306405,Itapipoca - CE,2014,20 a 24 anos,563.0
2306405,Itapipoca - CE,2014,25 a 29 anos,535.0
2306405,Itapipoca - CE,2014,30 a 34 anos,345.0
2306405,Itapipoca - CE,2014,35 a 39 anos,188.0
2306405,Itapipoca - CE,2014,40 a 44 anos,40.0
2306405,Itapipoca - CE,2014,45 a 49 anos,4.0
2306405,Itapipoca - CE,2014,50 anos ou mais,
2306405,Itapipoca - CE,2014,Ignorada,
2306405,Itapipoca - CE,2015,Total,2272.0
2306405,Itapipoca - CE,2015,Menos de 15 anos,24.0
2306405,Itapipoca - CE,2015,15 a 19 anos,377.0
2306405,Itapipoca - CE,2015,20 a 24 anos,600.0
2306405,Itapipoca - CE,2015,25 a 29 anos,564.0
2306405,Itapipoca - CE,2015,30 a 34 anos,402.0
2306405,Itapipoca - CE,2015,35 a 39 anos,246.0
2306405,Itapipoca - CE,2015,40 a 44 anos,53.0
2306405,Itapipoca - CE,2015,45 a 49 anos,5.0
2306405,Itapipoca - CE,2015,50 anos ou mais,1.0
2306405,Itapipoca - CE,2015,Ignorada,
2306405,Itapipoca - CE,2016,Total,2016.0
2306405,Itapipoca - CE,2016,Menos de 15 anos,19.0
2306405,Itapipoca - CE,2016,15 a 19 anos,366.0
2306405,Itapipoca - CE,2016,20 a 24 anos,565.0
2306405,Itapipoca - CE,2016,25 a 29 anos,475.0
2306405,Itapipoca - CE,2016,30 a 34 anos,355.0
2306405,Itapipoca - CE,2016,35 a 39 anos,175.0
2306405,Itapipoca - CE,2016,40 a 44 anos,57.0
2306405,Itapipoca - CE,2016,45 a 49 anos,4.0
2306405,Itapipoca - CE,2016,50 anos ou mais,
2306405,Itapipoca - CE,2016,Ignorada,
2306405,Itapipoca - CE,2017,Total,1979.0
2306405,Itapipoca - CE,2017,Menos de 15 anos,17.0
2306405,Itapipoca - CE,2017,15 a 19 anos,312.0
2306405,Itapipoca - CE,2017,20 a 24 anos,525.0
2306405,Itapipoca - CE,2017,25 a 29 anos,518.0
2306405,Itapipoca - CE,2017,30 a 34 anos,388.0
2306405,Itapipoca - CE,2017,35 a 39 anos,179.0
2306405,Itapipoca - CE,2017,40 a 44 anos,37.0
2306405,Itapipoca - CE,2017,45 a 49 anos,3.0
2306405,Itapipoca - CE,2017,50 anos ou mais,
2306405,Itapipoca - CE,2017,Ignorada,
2306405,Itapipoca - CE,2018,Total,2156.0
2306405,Itapipoca - CE,2018,Menos de 15 anos,27.0
2306405,Itapipoca - CE,2018,15 a 19 anos,310.0
2306405,Itapipoca - CE,2018,20 a 24 anos,578.0
2306405,Itapipoca - CE,2018,25 a 29 anos,512.0
2306405,Itapipoca - CE,2018,30 a 34 anos,439.0
2306405,Itapipoca - CE,2018,35 a 39 anos,225.0
2306405,Itapipoca - CE,2018,40 a 44 anos,60.0
2306405,Itapipoca - CE,2018,45 a 49 anos,4.0
2306405,Itapipoca - CE,2018,50 anos ou mais,
2306405,Itapipoca - CE,2018,Ignorada,1.0
2306405,Itapipoca - CE,2019,Total,2233.0
2306405,Itapipoca - CE,2019,Menos de 15 anos,14.0
2306405,Itapipoca - CE,2019,15 a 19 anos,327.0
2306405,Itapipoca - CE,2019,20 a 24 anos,629.0
2306405,Itapipoca - CE,2019,25 a 29 anos,508.0
2306405,Itapipoca - CE,2019,30 a 34 anos,446.0
2306405,Itapipoca - CE,2019,35 a 39 anos,239.0
2306405,Itapipoca - CE,2019,40 a 44 anos,66.0
2306405,Itapipoca - CE,2019,45 a 49 anos,1.0
2306405,Itapipoca - CE,2019,50 anos ou mais,
2306405,Itapipoca - CE,2019,Ignorada,3.0
2306504,Itapiúna - CE,2014,Total,242.0
2306504,Itapiúna - CE,2014,Menos de 15 anos,2.0
2306504,Itapiúna - CE,2014,15 a 19 anos,47.0
2306504,Itapiúna - CE,2014,20 a 24 anos,67.0
2306504,Itapiúna - CE,2014,25 a 29 anos,48.0
2306504,Itapiúna - CE,2014,30 a 34 anos,48.0
2306504,Itapiúna - CE,2014,35 a 39 anos,21.0
2306504,Itapiúna - CE,2014,40 a 44 anos,9.0
2306504,Itapiúna - CE,2014,45 a 49 anos,
2306504,Itapiúna - CE,2014,50 anos ou mais,
2306504,Itapiúna - CE,2014,Ignorada,
2306504,Itapiúna - CE,2015,Total,303.0
2306504,Itapiúna - CE,2015,Menos de 15 anos,4.0
2306504,Itapiúna - CE,2015,15 a 19 anos,63.0
2306504,Itapiúna - CE,2015,20 a 24 anos,93.0
2306504,Itapiúna - CE,2015,25 a 29 anos,51.0
2306504,Itapiúna - CE,2015,30 a 34 anos,45.0
2306504,Itapiúna - CE,2015,35 a 39 anos,37.0
2306504,Itapiúna - CE,2015,40 a 44 anos,8.0
2306504,Itapiúna - CE,2015,45 a 49 anos,2.0
2306504,Itapiúna - CE,2015,50 anos ou mais,
2306504,Itapiúna - CE,2015,Ignorada,
2306504,Itapiúna - CE,2016,Total,262.0
2306504,Itapiúna - CE,2016,Menos de 15 anos,1.0
2306504,Itapiúna - CE,2016,15 a 19 anos,39.0
2306504,Itapiúna - CE,2016,20 a 24 anos,79.0
2306504,Itapiúna - CE,2016,25 a 29 anos,68.0
2306504,Itapiúna - CE,2016,30 a 34 anos,41.0
2306504,Itapiúna - CE,2016,35 a 39 anos,20.0
2306504,Itapiúna - CE,2016,40 a 44 anos,13.0
2306504,Itapiúna - CE,2016,45 a 49 anos,1.0
2306504,Itapiúna - CE,2016,50 anos ou mais,
2306504,Itapiúna - CE,2016,Ignorada,
2306504,Itapiúna - CE,2017,Total,224.0
2306504,Itapiúna - CE,2017,Menos de 15 anos,
2306504,Itapiúna - CE,2017,15 a 19 anos,35.0
2306504,Itapiúna - CE,2017,20 a 24 anos,67.0
2306504,Itapiúna - CE,2017,25 a 29 anos,48.0
2306504,Itapiúna - CE,2017,30 a 34 anos,46.0
2306504,Itapiúna - CE,2017,35 a 39 anos,22.0
2306504,Itapiúna - CE,2017,40 a 44 anos,5.0
2306504,Itapiúna - CE,2017,45 a 49 anos,1.0
2306504,Itapiúna - CE,2017,50 anos ou mais,
2306504,Itapiúna - CE,2017,Ignorada,
2306504,Itapiúna - CE,2018,Total,220.0
2306504,Itapiúna - CE,2018,Menos de 15 anos,6.0
2306504,Itapiúna - CE,2018,15 a 19 anos,30.0
2306504,Itapiúna - CE,2018,20 a 24 anos,56.0
2306504,Itapiúna - CE,2018,25 a 29 anos,47.0
2306504,Itapiúna - CE,2018,30 a 34 anos,43.0
2306504,Itapiúna - CE,2018,35 a 39 anos,27.0
2306504,Itapiúna - CE,2018,40 a 44 anos,11.0
2306504,Itapiúna - CE,2018,45 a 49 anos,
2306504,Itapiúna - CE,2018,50 anos ou mais,
2306504,Itapiúna - CE,2018,Ignorada,
2306504,Itapiúna - CE,2019,Total,219.0
2306504,Itapiúna - CE,2019,Menos de 15 anos,1.0
2306504,Itapiúna - CE,2019,15 a 19 anos,33.0
2306504,Itapiúna - CE,2019,20 a 24 anos,50.0
2306504,Itapiúna - CE,2019,25 a 29 anos,46.0
2306504,Itapiúna - CE,2019,30 a 34 anos,52.0
2306504,Itapiúna - CE,2019,35 a 39 anos,22.0
2306504,Itapiúna - CE,2019,40 a 44 anos,13.0
2306504,Itapiúna - CE,2019,45 a 49 anos,
2306504,Itapiúna - CE,2019,50 anos ou mais,2.0
2306504,Itapiúna - CE,2019,Ignorada,
2306553,Itarema - CE,2014,Total,647.0
2306553,Itarema - CE,2014,Menos de 15 anos,7.0
2306553,Itarema - CE,2014,15 a 19 anos,134.0
2306553,Itarema - CE,2014,20 a 24 anos,158.0
2306553,Itarema - CE,2014,25 a 29 anos,166.0
2306553,Itarema - CE,2014,30 a 34 anos,111.0
2306553,Itarema - CE,2014,35 a 39 anos,53.0
2306553,Itarema - CE,2014,40 a 44 anos,16.0
2306553,Itarema - CE,2014,45 a 49 anos,2.0
2306553,Itarema - CE,2014,50 anos ou mais,
2306553,Itarema - CE,2014,Ignorada,
2306553,Itarema - CE,2015,Total,708.0
2306553,Itarema - CE,2015,Menos de 15 anos,6.0
2306553,Itarema - CE,2015,15 a 19 anos,157.0
2306553,Itarema - CE,2015,20 a 24 anos,191.0
2306553,Itarema - CE,2015,25 a 29 anos,156.0
2306553,Itarema - CE,2015,30 a 34 anos,121.0
2306553,Itarema - CE,2015,35 a 39 anos,60.0
2306553,Itarema - CE,2015,40 a 44 anos,15.0
2306553,Itarema - CE,2015,45 a 49 anos,2.0
2306553,Itarema - CE,2015,50 anos ou mais,
2306553,Itarema - CE,2015,Ignorada,
2306553,Itarema - CE,2016,Total,644.0
2306553,Itarema - CE,2016,Menos de 15 anos,11.0
2306553,Itarema - CE,2016,15 a 19 anos,127.0
2306553,Itarema - CE,2016,20 a 24 anos,162.0
2306553,Itarema - CE,2016,25 a 29 anos,144.0
2306553,Itarema - CE,2016,30 a 34 anos,110.0
2306553,Itarema - CE,2016,35 a 39 anos,63.0
2306553,Itarema - CE,2016,40 a 44 anos,27.0
2306553,Itarema - CE,2016,45 a 49 anos,
2306553,Itarema - CE,2016,50 anos ou mais,
2306553,Itarema - CE,2016,Ignorada,
2306553,Itarema - CE,2017,Total,719.0
2306553,Itarema - CE,2017,Menos de 15 anos,2.0
2306553,Itarema - CE,2017,15 a 19 anos,133.0
2306553,Itarema - CE,2017,20 a 24 anos,204.0
2306553,Itarema - CE,2017,25 a 29 anos,177.0
2306553,Itarema - CE,2017,30 a 34 anos,119.0
2306553,Itarema - CE,2017,35 a 39 anos,63.0
2306553,Itarema - CE,2017,40 a 44 anos,19.0
2306553,Itarema - CE,2017,45 a 49 anos,2.0
2306553,Itarema - CE,2017,50 anos ou mais,
2306553,Itarema - CE,2017,Ignorada,
2306553,Itarema - CE,2018,Total,747.0
2306553,Itarema - CE,2018,Menos de 15 anos,6.0
2306553,Itarema - CE,2018,15 a 19 anos,107.0
2306553,Itarema - CE,2018,20 a 24 anos,196.0
2306553,Itarema - CE,2018,25 a 29 anos,186.0
2306553,Itarema - CE,2018,30 a 34 anos,152.0
2306553,Itarema - CE,2018,35 a 39 anos,73.0
2306553,Itarema - CE,2018,40 a 44 anos,26.0
2306553,Itarema - CE,2018,45 a 49 anos,1.0
2306553,Itarema - CE,2018,50 anos ou mais,
2306553,Itarema - CE,2018,Ignorada,
2306553,Itarema - CE,2019,Total,708.0
2306553,Itarema - CE,2019,Menos de 15 anos,4.0
2306553,Itarema - CE,2019,15 a 19 anos,87.0
2306553,Itarema - CE,2019,20 a 24 anos,194.0
2306553,Itarema - CE,2019,25 a 29 anos,176.0
2306553,Itarema - CE,2019,30 a 34 anos,126.0
2306553,Itarema - CE,2019,35 a 39 anos,99.0
2306553,Itarema - CE,2019,40 a 44 anos,18.0
2306553,Itarema - CE,2019,45 a 49 anos,4.0
2306553,Itarema - CE,2019,50 anos ou mais,
2306553,Itarema - CE,2019,Ignorada,
2306603,Itatira - CE,2014,Total,310.0
2306603,Itatira - CE,2014,Menos de 15 anos,2.0
2306603,Itatira - CE,2014,15 a 19 anos,76.0
2306603,Itatira - CE,2014,20 a 24 anos,104.0
2306603,Itatira - CE,2014,25 a 29 anos,61.0
2306603,Itatira - CE,2014,30 a 34 anos,38.0
2306603,Itatira - CE,2014,35 a 39 anos,19.0
2306603,Itatira - CE,2014,40 a 44 anos,7.0
2306603,Itatira - CE,2014,45 a 49 anos,3.0
2306603,Itatira - CE,2014,50 anos ou mais,
2306603,Itatira - CE,2014,Ignorada,
2306603,Itatira - CE,2015,Total,329.0
2306603,Itatira - CE,2015,Menos de 15 anos,3.0
2306603,Itatira - CE,2015,15 a 19 anos,73.0
2306603,Itatira - CE,2015,20 a 24 anos,104.0
2306603,Itatira - CE,2015,25 a 29 anos,62.0
2306603,Itatira - CE,2015,30 a 34 anos,55.0
2306603,Itatira - CE,2015,35 a 39 anos,26.0
2306603,Itatira - CE,2015,40 a 44 anos,6.0
2306603,Itatira - CE,2015,45 a 49 anos,
2306603,Itatira - CE,2015,50 anos ou mais,
2306603,Itatira - CE,2015,Ignorada,
2306603,Itatira - CE,2016,Total,268.0
2306603,Itatira - CE,2016,Menos de 15 anos,3.0
2306603,Itatira - CE,2016,15 a 19 anos,71.0
2306603,Itatira - CE,2016,20 a 24 anos,78.0
2306603,Itatira - CE,2016,25 a 29 anos,47.0
2306603,Itatira - CE,2016,30 a 34 anos,45.0
2306603,Itatira - CE,2016,35 a 39 anos,19.0
2306603,Itatira - CE,2016,40 a 44 anos,5.0
2306603,Itatira - CE,2016,45 a 49 anos,
2306603,Itatira - CE,2016,50 anos ou mais,
2306603,Itatira - CE,2016,Ignorada,
2306603,Itatira - CE,2017,Total,320.0
2306603,Itatira - CE,2017,Menos de 15 anos,5.0
2306603,Itatira - CE,2017,15 a 19 anos,87.0
2306603,Itatira - CE,2017,20 a 24 anos,93.0
2306603,Itatira - CE,2017,25 a 29 anos,61.0
2306603,Itatira - CE,2017,30 a 34 anos,49.0
2306603,Itatira - CE,2017,35 a 39 anos,18.0
2306603,Itatira - CE,2017,40 a 44 anos,6.0
2306603,Itatira - CE,2017,45 a 49 anos,
2306603,Itatira - CE,2017,50 anos ou mais,
2306603,Itatira - CE,2017,Ignorada,1.0
2306603,Itatira - CE,2018,Total,331.0
2306603,Itatira - CE,2018,Menos de 15 anos,2.0
2306603,Itatira - CE,2018,15 a 19 anos,72.0
2306603,Itatira - CE,2018,20 a 24 anos,104.0
2306603,Itatira - CE,2018,25 a 29 anos,71.0
2306603,Itatira - CE,2018,30 a 34 anos,56.0
2306603,Itatira - CE,2018,35 a 39 anos,18.0
2306603,Itatira - CE,2018,40 a 44 anos,8.0
2306603,Itatira - CE,2018,45 a 49 anos,
2306603,Itatira - CE,2018,50 anos ou mais,
2306603,Itatira - CE,2018,Ignorada,
2306603,Itatira - CE,2019,Total,311.0
2306603,Itatira - CE,2019,Menos de 15 anos,5.0
2306603,Itatira - CE,2019,15 a 19 anos,66.0
2306603,Itatira - CE,2019,20 a 24 anos,83.0
2306603,Itatira - CE,2019,25 a 29 anos,73.0
2306603,Itatira - CE,2019,30 a 34 anos,46.0
2306603,Itatira - CE,2019,35 a 39 anos,31.0
2306603,Itatira - CE,2019,40 a 44 anos,7.0
2306603,Itatira - CE,2019,45 a 49 anos,
2306603,Itatira - CE,2019,50 anos ou mais,
2306603,Itatira - CE,2019,Ignorada,
2306702,Jaguaretama - CE,2014,Total,181.0
2306702,Jaguaretama - CE,2014,Menos de 15 anos,5.0
2306702,Jaguaretama - CE,2014,15 a 19 anos,44.0
2306702,Jaguaretama - CE,2014,20 a 24 anos,47.0
2306702,Jaguaretama - CE,2014,25 a 29 anos,38.0
2306702,Jaguaretama - CE,2014,30 a 34 anos,28.0
2306702,Jaguaretama - CE,2014,35 a 39 anos,15.0
2306702,Jaguaretama - CE,2014,40 a 44 anos,4.0
2306702,Jaguaretama - CE,2014,45 a 49 anos,
2306702,Jaguaretama - CE,2014,50 anos ou mais,
2306702,Jaguaretama - CE,2014,Ignorada,
2306702,Jaguaretama - CE,2015,Total,210.0
2306702,Jaguaretama - CE,2015,Menos de 15 anos,5.0
2306702,Jaguaretama - CE,2015,15 a 19 anos,54.0
2306702,Jaguaretama - CE,2015,20 a 24 anos,61.0
2306702,Jaguaretama - CE,2015,25 a 29 anos,45.0
2306702,Jaguaretama - CE,2015,30 a 34 anos,27.0
2306702,Jaguaretama - CE,2015,35 a 39 anos,14.0
2306702,Jaguaretama - CE,2015,40 a 44 anos,3.0
2306702,Jaguaretama - CE,2015,45 a 49 anos,
2306702,Jaguaretama - CE,2015,50 anos ou mais,1.0
2306702,Jaguaretama - CE,2015,Ignorada,
2306702,Jaguaretama - CE,2016,Total,192.0
2306702,Jaguaretama - CE,2016,Menos de 15 anos,4.0
2306702,Jaguaretama - CE,2016,15 a 19 anos,48.0
2306702,Jaguaretama - CE,2016,20 a 24 anos,55.0
2306702,Jaguaretama - CE,2016,25 a 29 anos,51.0
2306702,Jaguaretama - CE,2016,30 a 34 anos,21.0
2306702,Jaguaretama - CE,2016,35 a 39 anos,12.0
2306702,Jaguaretama - CE,2016,40 a 44 anos,1.0
2306702,Jaguaretama - CE,2016,45 a 49 anos,
2306702,Jaguaretama - CE,2016,50 anos ou mais,
2306702,Jaguaretama - CE,2016,Ignorada,
2306702,Jaguaretama - CE,2017,Total,193.0
2306702,Jaguaretama - CE,2017,Menos de 15 anos,2.0
2306702,Jaguaretama - CE,2017,15 a 19 anos,46.0
2306702,Jaguaretama - CE,2017,20 a 24 anos,58.0
2306702,Jaguaretama - CE,2017,25 a 29 anos,44.0
2306702,Jaguaretama - CE,2017,30 a 34 anos,22.0
2306702,Jaguaretama - CE,2017,35 a 39 anos,15.0
2306702,Jaguaretama - CE,2017,40 a 44 anos,6.0
2306702,Jaguaretama - CE,2017,45 a 49 anos,
2306702,Jaguaretama - CE,2017,50 anos ou mais,
2306702,Jaguaretama - CE,2017,Ignorada,
2306702,Jaguaretama - CE,2018,Total,226.0
2306702,Jaguaretama - CE,2018,Menos de 15 anos,
2306702,Jaguaretama - CE,2018,15 a 19 anos,49.0
2306702,Jaguaretama - CE,2018,20 a 24 anos,74.0
2306702,Jaguaretama - CE,2018,25 a 29 anos,52.0
2306702,Jaguaretama - CE,2018,30 a 34 anos,28.0
2306702,Jaguaretama - CE,2018,35 a 39 anos,18.0
2306702,Jaguaretama - CE,2018,40 a 44 anos,4.0
2306702,Jaguaretama - CE,2018,45 a 49 anos,1.0
2306702,Jaguaretama - CE,2018,50 anos ou mais,
2306702,Jaguaretama - CE,2018,Ignorada,
2306702,Jaguaretama - CE,2019,Total,211.0
2306702,Jaguaretama - CE,2019,Menos de 15 anos,1.0
2306702,Jaguaretama - CE,2019,15 a 19 anos,41.0
2306702,Jaguaretama - CE,2019,20 a 24 anos,57.0
2306702,Jaguaretama - CE,2019,25 a 29 anos,63.0
2306702,Jaguaretama - CE,2019,30 a 34 anos,30.0
2306702,Jaguaretama - CE,2019,35 a 39 anos,17.0
2306702,Jaguaretama - CE,2019,40 a 44 anos,2.0
2306702,Jaguaretama - CE,2019,45 a 49 anos,
2306702,Jaguaretama - CE,2019,50 anos ou mais,
2306702,Jaguaretama - CE,2019,Ignorada,
2306801,Jaguaribara - CE,2014,Total,141.0
2306801,Jaguaribara - CE,2014,Menos de 15 anos,1.0
2306801,Jaguaribara - CE,2014,15 a 19 anos,31.0
2306801,Jaguaribara - CE,2014,20 a 24 anos,32.0
2306801,Jaguaribara - CE,2014,25 a 29 anos,44.0
2306801,Jaguaribara - CE,2014,30 a 34 anos,20.0
2306801,Jaguaribara - CE,2014,35 a 39 anos,11.0
2306801,Jaguaribara - CE,2014,40 a 44 anos,2.0
2306801,Jaguaribara - CE,2014,45 a 49 anos,
2306801,Jaguaribara - CE,2014,50 anos ou mais,
2306801,Jaguaribara - CE,2014,Ignorada,
2306801,Jaguaribara - CE,2015,Total,147.0
2306801,Jaguaribara - CE,2015,Menos de 15 anos,
2306801,Jaguaribara - CE,2015,15 a 19 anos,35.0
2306801,Jaguaribara - CE,2015,20 a 24 anos,37.0
2306801,Jaguaribara - CE,2015,25 a 29 anos,39.0
2306801,Jaguaribara - CE,2015,30 a 34 anos,27.0
2306801,Jaguaribara - CE,2015,35 a 39 anos,9.0
2306801,Jaguaribara - CE,2015,40 a 44 anos,
2306801,Jaguaribara - CE,2015,45 a 49 anos,
2306801,Jaguaribara - CE,2015,50 anos ou mais,
2306801,Jaguaribara - CE,2015,Ignorada,
2306801,Jaguaribara - CE,2016,Total,136.0
2306801,Jaguaribara - CE,2016,Menos de 15 anos,2.0
2306801,Jaguaribara - CE,2016,15 a 19 anos,32.0
2306801,Jaguaribara - CE,2016,20 a 24 anos,37.0
2306801,Jaguaribara - CE,2016,25 a 29 anos,32.0
2306801,Jaguaribara - CE,2016,30 a 34 anos,18.0
2306801,Jaguaribara - CE,2016,35 a 39 anos,11.0
2306801,Jaguaribara - CE,2016,40 a 44 anos,4.0
2306801,Jaguaribara - CE,2016,45 a 49 anos,
2306801,Jaguaribara - CE,2016,50 anos ou mais,
2306801,Jaguaribara - CE,2016,Ignorada,
2306801,Jaguaribara - CE,2017,Total,132.0
2306801,Jaguaribara - CE,2017,Menos de 15 anos,3.0
2306801,Jaguaribara - CE,2017,15 a 19 anos,27.0
2306801,Jaguaribara - CE,2017,20 a 24 anos,42.0
2306801,Jaguaribara - CE,2017,25 a 29 anos,34.0
2306801,Jaguaribara - CE,2017,30 a 34 anos,16.0
2306801,Jaguaribara - CE,2017,35 a 39 anos,9.0
2306801,Jaguaribara - CE,2017,40 a 44 anos,1.0
2306801,Jaguaribara - CE,2017,45 a 49 anos,
2306801,Jaguaribara - CE,2017,50 anos ou mais,
2306801,Jaguaribara - CE,2017,Ignorada,
2306801,Jaguaribara - CE,2018,Total,150.0
2306801,Jaguaribara - CE,2018,Menos de 15 anos,1.0
2306801,Jaguaribara - CE,2018,15 a 19 anos,20.0
2306801,Jaguaribara - CE,2018,20 a 24 anos,46.0
2306801,Jaguaribara - CE,2018,25 a 29 anos,45.0
2306801,Jaguaribara - CE,2018,30 a 34 anos,22.0
2306801,Jaguaribara - CE,2018,35 a 39 anos,12.0
2306801,Jaguaribara - CE,2018,40 a 44 anos,4.0
2306801,Jaguaribara - CE,2018,45 a 49 anos,
2306801,Jaguaribara - CE,2018,50 anos ou mais,
2306801,Jaguaribara - CE,2018,Ignorada,
2306801,Jaguaribara - CE,2019,Total,158.0
2306801,Jaguaribara - CE,2019,Menos de 15 anos,
2306801,Jaguaribara - CE,2019,15 a 19 anos,30.0
2306801,Jaguaribara - CE,2019,20 a 24 anos,43.0
2306801,Jaguaribara - CE,2019,25 a 29 anos,36.0
2306801,Jaguaribara - CE,2019,30 a 34 anos,25.0
2306801,Jaguaribara - CE,2019,35 a 39 anos,17.0
2306801,Jaguaribara - CE,2019,40 a 44 anos,7.0
2306801,Jaguaribara - CE,2019,45 a 49 anos,
2306801,Jaguaribara - CE,2019,50 anos ou mais,
2306801,Jaguaribara - CE,2019,Ignorada,
2306900,Jaguaribe - CE,2014,Total,480.0
2306900,Jaguaribe - CE,2014,Menos de 15 anos,3.0
2306900,Jaguaribe - CE,2014,15 a 19 anos,99.0
2306900,Jaguaribe - CE,2014,20 a 24 anos,131.0
2306900,Jaguaribe - CE,2014,25 a 29 anos,129.0
2306900,Jaguaribe - CE,2014,30 a 34 anos,76.0
2306900,Jaguaribe - CE,2014,35 a 39 anos,30.0
2306900,Jaguaribe - CE,2014,40 a 44 anos,12.0
2306900,Jaguaribe - CE,2014,45 a 49 anos,
2306900,Jaguaribe - CE,2014,50 anos ou mais,
2306900,Jaguaribe - CE,2014,Ignorada,
2306900,Jaguaribe - CE,2015,Total,456.0
2306900,Jaguaribe - CE,2015,Menos de 15 anos,
2306900,Jaguaribe - CE,2015,15 a 19 anos,105.0
2306900,Jaguaribe - CE,2015,20 a 24 anos,128.0
2306900,Jaguaribe - CE,2015,25 a 29 anos,96.0
2306900,Jaguaribe - CE,2015,30 a 34 anos,87.0
2306900,Jaguaribe - CE,2015,35 a 39 anos,34.0
2306900,Jaguaribe - CE,2015,40 a 44 anos,6.0
2306900,Jaguaribe - CE,2015,45 a 49 anos,
2306900,Jaguaribe - CE,2015,50 anos ou mais,
2306900,Jaguaribe - CE,2015,Ignorada,
2306900,Jaguaribe - CE,2016,Total,425.0
2306900,Jaguaribe - CE,2016,Menos de 15 anos,
2306900,Jaguaribe - CE,2016,15 a 19 anos,89.0
2306900,Jaguaribe - CE,2016,20 a 24 anos,108.0
2306900,Jaguaribe - CE,2016,25 a 29 anos,111.0
2306900,Jaguaribe - CE,2016,30 a 34 anos,75.0
2306900,Jaguaribe - CE,2016,35 a 39 anos,37.0
2306900,Jaguaribe - CE,2016,40 a 44 anos,5.0
2306900,Jaguaribe - CE,2016,45 a 49 anos,
2306900,Jaguaribe - CE,2016,50 anos ou mais,
2306900,Jaguaribe - CE,2016,Ignorada,
2306900,Jaguaribe - CE,2017,Total,451.0
2306900,Jaguaribe - CE,2017,Menos de 15 anos,5.0
2306900,Jaguaribe - CE,2017,15 a 19 anos,70.0
2306900,Jaguaribe - CE,2017,20 a 24 anos,115.0
2306900,Jaguaribe - CE,2017,25 a 29 anos,102.0
2306900,Jaguaribe - CE,2017,30 a 34 anos,92.0
2306900,Jaguaribe - CE,2017,35 a 39 anos,49.0
2306900,Jaguaribe - CE,2017,40 a 44 anos,18.0
2306900,Jaguaribe - CE,2017,45 a 49 anos,
2306900,Jaguaribe - CE,2017,50 anos ou mais,
2306900,Jaguaribe - CE,2017,Ignorada,
2306900,Jaguaribe - CE,2018,Total,463.0
2306900,Jaguaribe - CE,2018,Menos de 15 anos,3.0
2306900,Jaguaribe - CE,2018,15 a 19 anos,89.0
2306900,Jaguaribe - CE,2018,20 a 24 anos,103.0
2306900,Jaguaribe - CE,2018,25 a 29 anos,112.0
2306900,Jaguaribe - CE,2018,30 a 34 anos,87.0
2306900,Jaguaribe - CE,2018,35 a 39 anos,55.0
2306900,Jaguaribe - CE,2018,40 a 44 anos,12.0
2306900,Jaguaribe - CE,2018,45 a 49 anos,2.0
2306900,Jaguaribe - CE,2018,50 anos ou mais,
2306900,Jaguaribe - CE,2018,Ignorada,
2306900,Jaguaribe - CE,2019,Total,427.0
2306900,Jaguaribe - CE,2019,Menos de 15 anos,2.0
2306900,Jaguaribe - CE,2019,15 a 19 anos,69.0
2306900,Jaguaribe - CE,2019,20 a 24 anos,101.0
2306900,Jaguaribe - CE,2019,25 a 29 anos,101.0
2306900,Jaguaribe - CE,2019,30 a 34 anos,88.0
2306900,Jaguaribe - CE,2019,35 a 39 anos,51.0
2306900,Jaguaribe - CE,2019,40 a 44 anos,14.0
2306900,Jaguaribe - CE,2019,45 a 49 anos,1.0
2306900,Jaguaribe - CE,2019,50 anos ou mais,
2306900,Jaguaribe - CE,2019,Ignorada,
2307007,Jaguaruana - CE,2014,Total,379.0
2307007,Jaguaruana - CE,2014,Menos de 15 anos,2.0
2307007,Jaguaruana - CE,2014,15 a 19 anos,73.0
2307007,Jaguaruana - CE,2014,20 a 24 anos,103.0
2307007,Jaguaruana - CE,2014,25 a 29 anos,91.0
2307007,Jaguaruana - CE,2014,30 a 34 anos,62.0
2307007,Jaguaruana - CE,2014,35 a 39 anos,38.0
2307007,Jaguaruana - CE,2014,40 a 44 anos,10.0
2307007,Jaguaruana - CE,2014,45 a 49 anos,
2307007,Jaguaruana - CE,2014,50 anos ou mais,
2307007,Jaguaruana - CE,2014,Ignorada,
2307007,Jaguaruana - CE,2015,Total,413.0
2307007,Jaguaruana - CE,2015,Menos de 15 anos,3.0
2307007,Jaguaruana - CE,2015,15 a 19 anos,80.0
2307007,Jaguaruana - CE,2015,20 a 24 anos,118.0
2307007,Jaguaruana - CE,2015,25 a 29 anos,110.0
2307007,Jaguaruana - CE,2015,30 a 34 anos,63.0
2307007,Jaguaruana - CE,2015,35 a 39 anos,28.0
2307007,Jaguaruana - CE,2015,40 a 44 anos,11.0
2307007,Jaguaruana - CE,2015,45 a 49 anos,
2307007,Jaguaruana - CE,2015,50 anos ou mais,
2307007,Jaguaruana - CE,2015,Ignorada,
2307007,Jaguaruana - CE,2016,Total,416.0
2307007,Jaguaruana - CE,2016,Menos de 15 anos,9.0
2307007,Jaguaruana - CE,2016,15 a 19 anos,61.0
2307007,Jaguaruana - CE,2016,20 a 24 anos,118.0
2307007,Jaguaruana - CE,2016,25 a 29 anos,103.0
2307007,Jaguaruana - CE,2016,30 a 34 anos,74.0
2307007,Jaguaruana - CE,2016,35 a 39 anos,38.0
2307007,Jaguaruana - CE,2016,40 a 44 anos,9.0
2307007,Jaguaruana - CE,2016,45 a 49 anos,3.0
2307007,Jaguaruana - CE,2016,50 anos ou mais,
2307007,Jaguaruana - CE,2016,Ignorada,1.0
2307007,Jaguaruana - CE,2017,Total,362.0
2307007,Jaguaruana - CE,2017,Menos de 15 anos,3.0
2307007,Jaguaruana - CE,2017,15 a 19 anos,57.0
2307007,Jaguaruana - CE,2017,20 a 24 anos,87.0
2307007,Jaguaruana - CE,2017,25 a 29 anos,82.0
2307007,Jaguaruana - CE,2017,30 a 34 anos,79.0
2307007,Jaguaruana - CE,2017,35 a 39 anos,39.0
2307007,Jaguaruana - CE,2017,40 a 44 anos,13.0
2307007,Jaguaruana - CE,2017,45 a 49 anos,1.0
2307007,Jaguaruana - CE,2017,50 anos ou mais,
2307007,Jaguaruana - CE,2017,Ignorada,1.0
2307007,Jaguaruana - CE,2018,Total,406.0
2307007,Jaguaruana - CE,2018,Menos de 15 anos,6.0
2307007,Jaguaruana - CE,2018,15 a 19 anos,56.0
2307007,Jaguaruana - CE,2018,20 a 24 anos,97.0
2307007,Jaguaruana - CE,2018,25 a 29 anos,97.0
2307007,Jaguaruana - CE,2018,30 a 34 anos,90.0
2307007,Jaguaruana - CE,2018,35 a 39 anos,43.0
2307007,Jaguaruana - CE,2018,40 a 44 anos,14.0
2307007,Jaguaruana - CE,2018,45 a 49 anos,3.0
2307007,Jaguaruana - CE,2018,50 anos ou mais,
2307007,Jaguaruana - CE,2018,Ignorada,
2307007,Jaguaruana - CE,2019,Total,354.0
2307007,Jaguaruana - CE,2019,Menos de 15 anos,1.0
2307007,Jaguaruana - CE,2019,15 a 19 anos,53.0
2307007,Jaguaruana - CE,2019,20 a 24 anos,90.0
2307007,Jaguaruana - CE,2019,25 a 29 anos,81.0
2307007,Jaguaruana - CE,2019,30 a 34 anos,70.0
2307007,Jaguaruana - CE,2019,35 a 39 anos,51.0
2307007,Jaguaruana - CE,2019,40 a 44 anos,8.0
2307007,Jaguaruana - CE,2019,45 a 49 anos,
2307007,Jaguaruana - CE,2019,50 anos ou mais,
2307007,Jaguaruana - CE,2019,Ignorada,
2307106,Jardim - CE,2014,Total,454.0
2307106,Jardim - CE,2014,Menos de 15 anos,4.0
2307106,Jardim - CE,2014,15 a 19 anos,99.0
2307106,Jardim - CE,2014,20 a 24 anos,125.0
2307106,Jardim - CE,2014,25 a 29 anos,100.0
2307106,Jardim - CE,2014,30 a 34 anos,79.0
2307106,Jardim - CE,2014,35 a 39 anos,38.0
2307106,Jardim - CE,2014,40 a 44 anos,8.0
2307106,Jardim - CE,2014,45 a 49 anos,1.0
2307106,Jardim - CE,2014,50 anos ou mais,
2307106,Jardim - CE,2014,Ignorada,
2307106,Jardim - CE,2015,Total,476.0
2307106,Jardim - CE,2015,Menos de 15 anos,5.0
2307106,Jardim - CE,2015,15 a 19 anos,91.0
2307106,Jardim - CE,2015,20 a 24 anos,107.0
2307106,Jardim - CE,2015,25 a 29 anos,120.0
2307106,Jardim - CE,2015,30 a 34 anos,87.0
2307106,Jardim - CE,2015,35 a 39 anos,52.0
2307106,Jardim - CE,2015,40 a 44 anos,12.0
2307106,Jardim - CE,2015,45 a 49 anos,2.0
2307106,Jardim - CE,2015,50 anos ou mais,
2307106,Jardim - CE,2015,Ignorada,
2307106,Jardim - CE,2016,Total,454.0
2307106,Jardim - CE,2016,Menos de 15 anos,2.0
2307106,Jardim - CE,2016,15 a 19 anos,86.0
2307106,Jardim - CE,2016,20 a 24 anos,102.0
2307106,Jardim - CE,2016,25 a 29 anos,119.0
2307106,Jardim - CE,2016,30 a 34 anos,86.0
2307106,Jardim - CE,2016,35 a 39 anos,48.0
2307106,Jardim - CE,2016,40 a 44 anos,11.0
2307106,Jardim - CE,2016,45 a 49 anos,
2307106,Jardim - CE,2016,50 anos ou mais,
2307106,Jardim - CE,2016,Ignorada,
2307106,Jardim - CE,2017,Total,445.0
2307106,Jardim - CE,2017,Menos de 15 anos,3.0
2307106,Jardim - CE,2017,15 a 19 anos,79.0
2307106,Jardim - CE,2017,20 a 24 anos,119.0
2307106,Jardim - CE,2017,25 a 29 anos,115.0
2307106,Jardim - CE,2017,30 a 34 anos,58.0
2307106,Jardim - CE,2017,35 a 39 anos,57.0
2307106,Jardim - CE,2017,40 a 44 anos,14.0
2307106,Jardim - CE,2017,45 a 49 anos,
2307106,Jardim - CE,2017,50 anos ou mais,
2307106,Jardim - CE,2017,Ignorada,
2307106,Jardim - CE,2018,Total,403.0
2307106,Jardim - CE,2018,Menos de 15 anos,5.0
2307106,Jardim - CE,2018,15 a 19 anos,82.0
2307106,Jardim - CE,2018,20 a 24 anos,99.0
2307106,Jardim - CE,2018,25 a 29 anos,97.0
2307106,Jardim - CE,2018,30 a 34 anos,70.0
2307106,Jardim - CE,2018,35 a 39 anos,40.0
2307106,Jardim - CE,2018,40 a 44 anos,9.0
2307106,Jardim - CE,2018,45 a 49 anos,
2307106,Jardim - CE,2018,50 anos ou mais,1.0
2307106,Jardim - CE,2018,Ignorada,
2307106,Jardim - CE,2019,Total,410.0
2307106,Jardim - CE,2019,Menos de 15 anos,2.0
2307106,Jardim - CE,2019,15 a 19 anos,71.0
2307106,Jardim - CE,2019,20 a 24 anos,108.0
2307106,Jardim - CE,2019,25 a 29 anos,96.0
2307106,Jardim - CE,2019,30 a 34 anos,75.0
2307106,Jardim - CE,2019,35 a 39 anos,43.0
2307106,Jardim - CE,2019,40 a 44 anos,13.0
2307106,Jardim - CE,2019,45 a 49 anos,2.0
2307106,Jardim - CE,2019,50 anos ou mais,
2307106,Jardim - CE,2019,Ignorada,
2307205,Jati - CE,2014,Total,119.0
2307205,Jati - CE,2014,Menos de 15 anos,
2307205,Jati - CE,2014,15 a 19 anos,25.0
2307205,Jati - CE,2014,20 a 24 anos,30.0
2307205,Jati - CE,2014,25 a 29 anos,37.0
2307205,Jati - CE,2014,30 a 34 anos,19.0
2307205,Jati - CE,2014,35 a 39 anos,5.0
2307205,Jati - CE,2014,40 a 44 anos,3.0
2307205,Jati - CE,2014,45 a 49 anos,
2307205,Jati - CE,2014,50 anos ou mais,
2307205,Jati - CE,2014,Ignorada,
2307205,Jati - CE,2015,Total,128.0
2307205,Jati - CE,2015,Menos de 15 anos,
2307205,Jati - CE,2015,15 a 19 anos,28.0
2307205,Jati - CE,2015,20 a 24 anos,32.0
2307205,Jati - CE,2015,25 a 29 anos,29.0
2307205,Jati - CE,2015,30 a 34 anos,26.0
2307205,Jati - CE,2015,35 a 39 anos,10.0
2307205,Jati - CE,2015,40 a 44 anos,3.0
2307205,Jati - CE,2015,45 a 49 anos,
2307205,Jati - CE,2015,50 anos ou mais,
2307205,Jati - CE,2015,Ignorada,
2307205,Jati - CE,2016,Total,137.0
2307205,Jati - CE,2016,Menos de 15 anos,1.0
2307205,Jati - CE,2016,15 a 19 anos,35.0
2307205,Jati - CE,2016,20 a 24 anos,35.0
2307205,Jati - CE,2016,25 a 29 anos,26.0
2307205,Jati - CE,2016,30 a 34 anos,25.0
2307205,Jati - CE,2016,35 a 39 anos,11.0
2307205,Jati - CE,2016,40 a 44 anos,4.0
2307205,Jati - CE,2016,45 a 49 anos,
2307205,Jati - CE,2016,50 anos ou mais,
2307205,Jati - CE,2016,Ignorada,
2307205,Jati - CE,2017,Total,129.0
2307205,Jati - CE,2017,Menos de 15 anos,3.0
2307205,Jati - CE,2017,15 a 19 anos,22.0
2307205,Jati - CE,2017,20 a 24 anos,42.0
2307205,Jati - CE,2017,25 a 29 anos,29.0
2307205,Jati - CE,2017,30 a 34 anos,24.0
2307205,Jati - CE,2017,35 a 39 anos,7.0
2307205,Jati - CE,2017,40 a 44 anos,2.0
2307205,Jati - CE,2017,45 a 49 anos,
2307205,Jati - CE,2017,50 anos ou mais,
2307205,Jati - CE,2017,Ignorada,
2307205,Jati - CE,2018,Total,128.0
2307205,Jati - CE,2018,Menos de 15 anos,
2307205,Jati - CE,2018,15 a 19 anos,14.0
2307205,Jati - CE,2018,20 a 24 anos,38.0
2307205,Jati - CE,2018,25 a 29 anos,29.0
2307205,Jati - CE,2018,30 a 34 anos,26.0
2307205,Jati - CE,2018,35 a 39 anos,15.0
2307205,Jati - CE,2018,40 a 44 anos,4.0
2307205,Jati - CE,2018,45 a 49 anos,
2307205,Jati - CE,2018,50 anos ou mais,
2307205,Jati - CE,2018,Ignorada,2.0
2307205,Jati - CE,2019,Total,133.0
2307205,Jati - CE,2019,Menos de 15 anos,3.0
2307205,Jati - CE,2019,15 a 19 anos,24.0
2307205,Jati - CE,2019,20 a 24 anos,34.0
2307205,Jati - CE,2019,25 a 29 anos,29.0
2307205,Jati - CE,2019,30 a 34 anos,23.0
2307205,Jati - CE,2019,35 a 39 anos,15.0
2307205,Jati - CE,2019,40 a 44 anos,3.0
2307205,Jati - CE,2019,45 a 49 anos,
2307205,Jati - CE,2019,50 anos ou mais,
2307205,Jati - CE,2019,Ignorada,2.0
2307254,Jijoca de Jericoacoara - CE,2014,Total,268.0
2307254,Jijoca de Jericoacoara - CE,2014,Menos de 15 anos,1.0
2307254,Jijoca de Jericoacoara - CE,2014,15 a 19 anos,50.0
2307254,Jijoca de Jericoacoara - CE,2014,20 a 24 anos,68.0
2307254,Jijoca de Jericoacoara - CE,2014,25 a 29 anos,80.0
2307254,Jijoca de Jericoacoara - CE,2014,30 a 34 anos,43.0
2307254,Jijoca de Jericoacoara - CE,2014,35 a 39 anos,22.0
2307254,Jijoca de Jericoacoara - CE,2014,40 a 44 anos,4.0
2307254,Jijoca de Jericoacoara - CE,2014,45 a 49 anos,
2307254,Jijoca de Jericoacoara - CE,2014,50 anos ou mais,
2307254,Jijoca de Jericoacoara - CE,2014,Ignorada,
2307254,Jijoca de Jericoacoara - CE,2015,Total,277.0
2307254,Jijoca de Jericoacoara - CE,2015,Menos de 15 anos,2.0
2307254,Jijoca de Jericoacoara - CE,2015,15 a 19 anos,48.0
2307254,Jijoca de Jericoacoara - CE,2015,20 a 24 anos,66.0
2307254,Jijoca de Jericoacoara - CE,2015,25 a 29 anos,70.0
2307254,Jijoca de Jericoacoara - CE,2015,30 a 34 anos,48.0
2307254,Jijoca de Jericoacoara - CE,2015,35 a 39 anos,33.0
2307254,Jijoca de Jericoacoara - CE,2015,40 a 44 anos,8.0
2307254,Jijoca de Jericoacoara - CE,2015,45 a 49 anos,2.0
2307254,Jijoca de Jericoacoara - CE,2015,50 anos ou mais,
2307254,Jijoca de Jericoacoara - CE,2015,Ignorada,
2307254,Jijoca de Jericoacoara - CE,2016,Total,290.0
2307254,Jijoca de Jericoacoara - CE,2016,Menos de 15 anos,
2307254,Jijoca de Jericoacoara - CE,2016,15 a 19 anos,53.0
2307254,Jijoca de Jericoacoara - CE,2016,20 a 24 anos,80.0
2307254,Jijoca de Jericoacoara - CE,2016,25 a 29 anos,73.0
2307254,Jijoca de Jericoacoara - CE,2016,30 a 34 anos,46.0
2307254,Jijoca de Jericoacoara - CE,2016,35 a 39 anos,30.0
2307254,Jijoca de Jericoacoara - CE,2016,40 a 44 anos,8.0
2307254,Jijoca de Jericoacoara - CE,2016,45 a 49 anos,
2307254,Jijoca de Jericoacoara - CE,2016,50 anos ou mais,
2307254,Jijoca de Jericoacoara - CE,2016,Ignorada,
2307254,Jijoca de Jericoacoara - CE,2017,Total,331.0
2307254,Jijoca de Jericoacoara - CE,2017,Menos de 15 anos,1.0
2307254,Jijoca de Jericoacoara - CE,2017,15 a 19 anos,50.0
2307254,Jijoca de Jericoacoara - CE,2017,20 a 24 anos,103.0
2307254,Jijoca de Jericoacoara - CE,2017,25 a 29 anos,75.0
2307254,Jijoca de Jericoacoara - CE,2017,30 a 34 anos,69.0
2307254,Jijoca de Jericoacoara - CE,2017,35 a 39 anos,19.0
2307254,Jijoca de Jericoacoara - CE,2017,40 a 44 anos,12.0
2307254,Jijoca de Jericoacoara - CE,2017,45 a 49 anos,
2307254,Jijoca de Jericoacoara - CE,2017,50 anos ou mais,1.0
2307254,Jijoca de Jericoacoara - CE,2017,Ignorada,1.0
2307254,Jijoca de Jericoacoara - CE,2018,Total,429.0
2307254,Jijoca de Jericoacoara - CE,2018,Menos de 15 anos,6.0
2307254,Jijoca de Jericoacoara - CE,2018,15 a 19 anos,62.0
2307254,Jijoca de Jericoacoara - CE,2018,20 a 24 anos,131.0
2307254,Jijoca de Jericoacoara - CE,2018,25 a 29 anos,104.0
2307254,Jijoca de Jericoacoara - CE,2018,30 a 34 anos,77.0
2307254,Jijoca de Jericoacoara - CE,2018,35 a 39 anos,43.0
2307254,Jijoca de Jericoacoara - CE,2018,40 a 44 anos,5.0
2307254,Jijoca de Jericoacoara - CE,2018,45 a 49 anos,
2307254,Jijoca de Jericoacoara - CE,2018,50 anos ou mais,1.0
2307254,Jijoca de Jericoacoara - CE,2018,Ignorada,
2307254,Jijoca de Jericoacoara - CE,2019,Total,425.0
2307254,Jijoca de Jericoacoara - CE,2019,Menos de 15 anos,3.0
2307254,Jijoca de Jericoacoara - CE,2019,15 a 19 anos,53.0
2307254,Jijoca de Jericoacoara - CE,2019,20 a 24 anos,117.0
2307254,Jijoca de Jericoacoara - CE,2019,25 a 29 anos,103.0
2307254,Jijoca de Jericoacoara - CE,2019,30 a 34 anos,93.0
2307254,Jijoca de Jericoacoara - CE,2019,35 a 39 anos,50.0
2307254,Jijoca de Jericoacoara - CE,2019,40 a 44 anos,6.0
2307254,Jijoca de Jericoacoara - CE,2019,45 a 49 anos,
2307254,Jijoca de Jericoacoara - CE,2019,50 anos ou mais,
2307254,Jijoca de Jericoacoara - CE,2019,Ignorada,
2307304,Juazeiro do Norte - CE,2014,Total,3254.0
2307304,Juazeiro do Norte - CE,2014,Menos de 15 anos,41.0
2307304,Juazeiro do Norte - CE,2014,15 a 19 anos,688.0
2307304,Juazeiro do Norte - CE,2014,20 a 24 anos,883.0
2307304,Juazeiro do Norte - CE,2014,25 a 29 anos,818.0
2307304,Juazeiro do Norte - CE,2014,30 a 34 anos,538.0
2307304,Juazeiro do Norte - CE,2014,35 a 39 anos,212.0
2307304,Juazeiro do Norte - CE,2014,40 a 44 anos,66.0
2307304,Juazeiro do Norte - CE,2014,45 a 49 anos,4.0
2307304,Juazeiro do Norte - CE,2014,50 anos ou mais,
2307304,Juazeiro do Norte - CE,2014,Ignorada,4.0
2307304,Juazeiro do Norte - CE,2015,Total,4024.0
2307304,Juazeiro do Norte - CE,2015,Menos de 15 anos,36.0
2307304,Juazeiro do Norte - CE,2015,15 a 19 anos,732.0
2307304,Juazeiro do Norte - CE,2015,20 a 24 anos,1049.0
2307304,Juazeiro do Norte - CE,2015,25 a 29 anos,1049.0
2307304,Juazeiro do Norte - CE,2015,30 a 34 anos,691.0
2307304,Juazeiro do Norte - CE,2015,35 a 39 anos,380.0
2307304,Juazeiro do Norte - CE,2015,40 a 44 anos,78.0
2307304,Juazeiro do Norte - CE,2015,45 a 49 anos,7.0
2307304,Juazeiro do Norte - CE,2015,50 anos ou mais,
2307304,Juazeiro do Norte - CE,2015,Ignorada,2.0
2307304,Juazeiro do Norte - CE,2016,Total,3825.0
2307304,Juazeiro do Norte - CE,2016,Menos de 15 anos,28.0
2307304,Juazeiro do Norte - CE,2016,15 a 19 anos,663.0
2307304,Juazeiro do Norte - CE,2016,20 a 24 anos,1002.0
2307304,Juazeiro do Norte - CE,2016,25 a 29 anos,1007.0
2307304,Juazeiro do Norte - CE,2016,30 a 34 anos,679.0
2307304,Juazeiro do Norte - CE,2016,35 a 39 anos,360.0
2307304,Juazeiro do Norte - CE,2016,40 a 44 anos,82.0
2307304,Juazeiro do Norte - CE,2016,45 a 49 anos,4.0
2307304,Juazeiro do Norte - CE,2016,50 anos ou mais,
2307304,Juazeiro do Norte - CE,2016,Ignorada,
2307304,Juazeiro do Norte - CE,2017,Total,3995.0
2307304,Juazeiro do Norte - CE,2017,Menos de 15 anos,30.0
2307304,Juazeiro do Norte - CE,2017,15 a 19 anos,591.0
2307304,Juazeiro do Norte - CE,2017,20 a 24 anos,1075.0
2307304,Juazeiro do Norte - CE,2017,25 a 29 anos,1007.0
2307304,Juazeiro do Norte - CE,2017,30 a 34 anos,764.0
2307304,Juazeiro do Norte - CE,2017,35 a 39 anos,421.0
2307304,Juazeiro do Norte - CE,2017,40 a 44 anos,100.0
2307304,Juazeiro do Norte - CE,2017,45 a 49 anos,7.0
2307304,Juazeiro do Norte - CE,2017,50 anos ou mais,
2307304,Juazeiro do Norte - CE,2017,Ignorada,
2307304,Juazeiro do Norte - CE,2018,Total,4237.0
2307304,Juazeiro do Norte - CE,2018,Menos de 15 anos,31.0
2307304,Juazeiro do Norte - CE,2018,15 a 19 anos,585.0
2307304,Juazeiro do Norte - CE,2018,20 a 24 anos,1006.0
2307304,Juazeiro do Norte - CE,2018,25 a 29 anos,1081.0
2307304,Juazeiro do Norte - CE,2018,30 a 34 anos,937.0
2307304,Juazeiro do Norte - CE,2018,35 a 39 anos,492.0
2307304,Juazeiro do Norte - CE,2018,40 a 44 anos,100.0
2307304,Juazeiro do Norte - CE,2018,45 a 49 anos,5.0
2307304,Juazeiro do Norte - CE,2018,50 anos ou mais,
2307304,Juazeiro do Norte - CE,2018,Ignorada,
2307304,Juazeiro do Norte - CE,2019,Total,4145.0
2307304,Juazeiro do Norte - CE,2019,Menos de 15 anos,35.0
2307304,Juazeiro do Norte - CE,2019,15 a 19 anos,539.0
2307304,Juazeiro do Norte - CE,2019,20 a 24 anos,975.0
2307304,Juazeiro do Norte - CE,2019,25 a 29 anos,1066.0
2307304,Juazeiro do Norte - CE,2019,30 a 34 anos,945.0
2307304,Juazeiro do Norte - CE,2019,35 a 39 anos,450.0
2307304,Juazeiro do Norte - CE,2019,40 a 44 anos,130.0
2307304,Juazeiro do Norte - CE,2019,45 a 49 anos,3.0
2307304,Juazeiro do Norte - CE,2019,50 anos ou mais,
2307304,Juazeiro do Norte - CE,2019,Ignorada,2.0
2307403,Jucás - CE,2014,Total,352.0
2307403,Jucás - CE,2014,Menos de 15 anos,5.0
2307403,Jucás - CE,2014,15 a 19 anos,80.0
2307403,Jucás - CE,2014,20 a 24 anos,82.0
2307403,Jucás - CE,2014,25 a 29 anos,83.0
2307403,Jucás - CE,2014,30 a 34 anos,59.0
2307403,Jucás - CE,2014,35 a 39 anos,29.0
2307403,Jucás - CE,2014,40 a 44 anos,8.0
2307403,Jucás - CE,2014,45 a 49 anos,
2307403,Jucás - CE,2014,50 anos ou mais,
2307403,Jucás - CE,2014,Ignorada,6.0
2307403,Jucás - CE,2015,Total,291.0
2307403,Jucás - CE,2015,Menos de 15 anos,2.0
2307403,Jucás - CE,2015,15 a 19 anos,73.0
2307403,Jucás - CE,2015,20 a 24 anos,82.0
2307403,Jucás - CE,2015,25 a 29 anos,64.0
2307403,Jucás - CE,2015,30 a 34 anos,46.0
2307403,Jucás - CE,2015,35 a 39 anos,21.0
2307403,Jucás - CE,2015,40 a 44 anos,2.0
2307403,Jucás - CE,2015,45 a 49 anos,1.0
2307403,Jucás - CE,2015,50 anos ou mais,
2307403,Jucás - CE,2015,Ignorada,
2307403,Jucás - CE,2016,Total,278.0
2307403,Jucás - CE,2016,Menos de 15 anos,3.0
2307403,Jucás - CE,2016,15 a 19 anos,62.0
2307403,Jucás - CE,2016,20 a 24 anos,89.0
2307403,Jucás - CE,2016,25 a 29 anos,55.0
2307403,Jucás - CE,2016,30 a 34 anos,48.0
2307403,Jucás - CE,2016,35 a 39 anos,17.0
2307403,Jucás - CE,2016,40 a 44 anos,3.0
2307403,Jucás - CE,2016,45 a 49 anos,
2307403,Jucás - CE,2016,50 anos ou mais,
2307403,Jucás - CE,2016,Ignorada,1.0
2307403,Jucás - CE,2017,Total,335.0
2307403,Jucás - CE,2017,Menos de 15 anos,2.0
2307403,Jucás - CE,2017,15 a 19 anos,71.0
2307403,Jucás - CE,2017,20 a 24 anos,98.0
2307403,Jucás - CE,2017,25 a 29 anos,75.0
2307403,Jucás - CE,2017,30 a 34 anos,62.0
2307403,Jucás - CE,2017,35 a 39 anos,23.0
2307403,Jucás - CE,2017,40 a 44 anos,4.0
2307403,Jucás - CE,2017,45 a 49 anos,
2307403,Jucás - CE,2017,50 anos ou mais,
2307403,Jucás - CE,2017,Ignorada,
2307403,Jucás - CE,2018,Total,369.0
2307403,Jucás - CE,2018,Menos de 15 anos,7.0
2307403,Jucás - CE,2018,15 a 19 anos,68.0
2307403,Jucás - CE,2018,20 a 24 anos,104.0
2307403,Jucás - CE,2018,25 a 29 anos,92.0
2307403,Jucás - CE,2018,30 a 34 anos,66.0
2307403,Jucás - CE,2018,35 a 39 anos,30.0
2307403,Jucás - CE,2018,40 a 44 anos,2.0
2307403,Jucás - CE,2018,45 a 49 anos,
2307403,Jucás - CE,2018,50 anos ou mais,
2307403,Jucás - CE,2018,Ignorada,
2307403,Jucás - CE,2019,Total,297.0
2307403,Jucás - CE,2019,Menos de 15 anos,1.0
2307403,Jucás - CE,2019,15 a 19 anos,51.0
2307403,Jucás - CE,2019,20 a 24 anos,82.0
2307403,Jucás - CE,2019,25 a 29 anos,83.0
2307403,Jucás - CE,2019,30 a 34 anos,41.0
2307403,Jucás - CE,2019,35 a 39 anos,28.0
2307403,Jucás - CE,2019,40 a 44 anos,10.0
2307403,Jucás - CE,2019,45 a 49 anos,1.0
2307403,Jucás - CE,2019,50 anos ou mais,
2307403,Jucás - CE,2019,Ignorada,
2307502,Lavras da Mangabeira - CE,2014,Total,356.0
2307502,Lavras da Mangabeira - CE,2014,Menos de 15 anos,3.0
2307502,Lavras da Mangabeira - CE,2014,15 a 19 anos,69.0
2307502,Lavras da Mangabeira - CE,2014,20 a 24 anos,82.0
2307502,Lavras da Mangabeira - CE,2014,25 a 29 anos,98.0
2307502,Lavras da Mangabeira - CE,2014,30 a 34 anos,58.0
2307502,Lavras da Mangabeira - CE,2014,35 a 39 anos,36.0
2307502,Lavras da Mangabeira - CE,2014,40 a 44 anos,8.0
2307502,Lavras da Mangabeira - CE,2014,45 a 49 anos,2.0
2307502,Lavras da Mangabeira - CE,2014,50 anos ou mais,
2307502,Lavras da Mangabeira - CE,2014,Ignorada,
2307502,Lavras da Mangabeira - CE,2015,Total,399.0
2307502,Lavras da Mangabeira - CE,2015,Menos de 15 anos,3.0
2307502,Lavras da Mangabeira - CE,2015,15 a 19 anos,75.0
2307502,Lavras da Mangabeira - CE,2015,20 a 24 anos,110.0
2307502,Lavras da Mangabeira - CE,2015,25 a 29 anos,92.0
2307502,Lavras da Mangabeira - CE,2015,30 a 34 anos,77.0
2307502,Lavras da Mangabeira - CE,2015,35 a 39 anos,30.0
2307502,Lavras da Mangabeira - CE,2015,40 a 44 anos,12.0
2307502,Lavras da Mangabeira - CE,2015,45 a 49 anos,
2307502,Lavras da Mangabeira - CE,2015,50 anos ou mais,
2307502,Lavras da Mangabeira - CE,2015,Ignorada,
2307502,Lavras da Mangabeira - CE,2016,Total,383.0
2307502,Lavras da Mangabeira - CE,2016,Menos de 15 anos,1.0
2307502,Lavras da Mangabeira - CE,2016,15 a 19 anos,65.0
2307502,Lavras da Mangabeira - CE,2016,20 a 24 anos,92.0
2307502,Lavras da Mangabeira - CE,2016,25 a 29 anos,89.0
2307502,Lavras da Mangabeira - CE,2016,30 a 34 anos,84.0
2307502,Lavras da Mangabeira - CE,2016,35 a 39 anos,41.0
2307502,Lavras da Mangabeira - CE,2016,40 a 44 anos,9.0
2307502,Lavras da Mangabeira - CE,2016,45 a 49 anos,2.0
2307502,Lavras da Mangabeira - CE,2016,50 anos ou mais,
2307502,Lavras da Mangabeira - CE,2016,Ignorada,
2307502,Lavras da Mangabeira - CE,2017,Total,337.0
2307502,Lavras da Mangabeira - CE,2017,Menos de 15 anos,4.0
2307502,Lavras da Mangabeira - CE,2017,15 a 19 anos,77.0
2307502,Lavras da Mangabeira - CE,2017,20 a 24 anos,79.0
2307502,Lavras da Mangabeira - CE,2017,25 a 29 anos,83.0
2307502,Lavras da Mangabeira - CE,2017,30 a 34 anos,50.0
2307502,Lavras da Mangabeira - CE,2017,35 a 39 anos,36.0
2307502,Lavras da Mangabeira - CE,2017,40 a 44 anos,7.0
2307502,Lavras da Mangabeira - CE,2017,45 a 49 anos,1.0
2307502,Lavras da Mangabeira - CE,2017,50 anos ou mais,
2307502,Lavras da Mangabeira - CE,2017,Ignorada,
2307502,Lavras da Mangabeira - CE,2018,Total,409.0
2307502,Lavras da Mangabeira - CE,2018,Menos de 15 anos,3.0
2307502,Lavras da Mangabeira - CE,2018,15 a 19 anos,70.0
2307502,Lavras da Mangabeira - CE,2018,20 a 24 anos,94.0
2307502,Lavras da Mangabeira - CE,2018,25 a 29 anos,104.0
2307502,Lavras da Mangabeira - CE,2018,30 a 34 anos,84.0
2307502,Lavras da Mangabeira - CE,2018,35 a 39 anos,48.0
2307502,Lavras da Mangabeira - CE,2018,40 a 44 anos,6.0
2307502,Lavras da Mangabeira - CE,2018,45 a 49 anos,
2307502,Lavras da Mangabeira - CE,2018,50 anos ou mais,
2307502,Lavras da Mangabeira - CE,2018,Ignorada,
2307502,Lavras da Mangabeira - CE,2019,Total,347.0
2307502,Lavras da Mangabeira - CE,2019,Menos de 15 anos,
2307502,Lavras da Mangabeira - CE,2019,15 a 19 anos,52.0
2307502,Lavras da Mangabeira - CE,2019,20 a 24 anos,101.0
2307502,Lavras da Mangabeira - CE,2019,25 a 29 anos,77.0
2307502,Lavras da Mangabeira - CE,2019,30 a 34 anos,69.0
2307502,Lavras da Mangabeira - CE,2019,35 a 39 anos,40.0
2307502,Lavras da Mangabeira - CE,2019,40 a 44 anos,8.0
2307502,Lavras da Mangabeira - CE,2019,45 a 49 anos,
2307502,Lavras da Mangabeira - CE,2019,50 anos ou mais,
2307502,Lavras da Mangabeira - CE,2019,Ignorada,
2307601,Limoeiro do Norte - CE,2014,Total,686.0
2307601,Limoeiro do Norte - CE,2014,Menos de 15 anos,5.0
2307601,Limoeiro do Norte - CE,2014,15 a 19 anos,115.0
2307601,Limoeiro do Norte - CE,2014,20 a 24 anos,181.0
2307601,Limoeiro do Norte - CE,2014,25 a 29 anos,189.0
2307601,Limoeiro do Norte - CE,2014,30 a 34 anos,127.0
2307601,Limoeiro do Norte - CE,2014,35 a 39 anos,57.0
2307601,Limoeiro do Norte - CE,2014,40 a 44 anos,11.0
2307601,Limoeiro do Norte - CE,2014,45 a 49 anos,1.0
2307601,Limoeiro do Norte - CE,2014,50 anos ou mais,
2307601,Limoeiro do Norte - CE,2014,Ignorada,
2307601,Limoeiro do Norte - CE,2015,Total,800.0
2307601,Limoeiro do Norte - CE,2015,Menos de 15 anos,5.0
2307601,Limoeiro do Norte - CE,2015,15 a 19 anos,121.0
2307601,Limoeiro do Norte - CE,2015,20 a 24 anos,199.0
2307601,Limoeiro do Norte - CE,2015,25 a 29 anos,215.0
2307601,Limoeiro do Norte - CE,2015,30 a 34 anos,161.0
2307601,Limoeiro do Norte - CE,2015,35 a 39 anos,76.0
2307601,Limoeiro do Norte - CE,2015,40 a 44 anos,22.0
2307601,Limoeiro do Norte - CE,2015,45 a 49 anos,1.0
2307601,Limoeiro do Norte - CE,2015,50 anos ou mais,
2307601,Limoeiro do Norte - CE,2015,Ignorada,
2307601,Limoeiro do Norte - CE,2016,Total,722.0
2307601,Limoeiro do Norte - CE,2016,Menos de 15 anos,5.0
2307601,Limoeiro do Norte - CE,2016,15 a 19 anos,122.0
2307601,Limoeiro do Norte - CE,2016,20 a 24 anos,188.0
2307601,Limoeiro do Norte - CE,2016,25 a 29 anos,165.0
2307601,Limoeiro do Norte - CE,2016,30 a 34 anos,160.0
2307601,Limoeiro do Norte - CE,2016,35 a 39 anos,66.0
2307601,Limoeiro do Norte - CE,2016,40 a 44 anos,16.0
2307601,Limoeiro do Norte - CE,2016,45 a 49 anos,
2307601,Limoeiro do Norte - CE,2016,50 anos ou mais,
2307601,Limoeiro do Norte - CE,2016,Ignorada,
2307601,Limoeiro do Norte - CE,2017,Total,764.0
2307601,Limoeiro do Norte - CE,2017,Menos de 15 anos,5.0
2307601,Limoeiro do Norte - CE,2017,15 a 19 anos,96.0
2307601,Limoeiro do Norte - CE,2017,20 a 24 anos,197.0
2307601,Limoeiro do Norte - CE,2017,25 a 29 anos,188.0
2307601,Limoeiro do Norte - CE,2017,30 a 34 anos,185.0
2307601,Limoeiro do Norte - CE,2017,35 a 39 anos,74.0
2307601,Limoeiro do Norte - CE,2017,40 a 44 anos,19.0
2307601,Limoeiro do Norte - CE,2017,45 a 49 anos,
2307601,Limoeiro do Norte - CE,2017,50 anos ou mais,
2307601,Limoeiro do Norte - CE,2017,Ignorada,
2307601,Limoeiro do Norte - CE,2018,Total,742.0
2307601,Limoeiro do Norte - CE,2018,Menos de 15 anos,3.0
2307601,Limoeiro do Norte - CE,2018,15 a 19 anos,83.0
2307601,Limoeiro do Norte - CE,2018,20 a 24 anos,193.0
2307601,Limoeiro do Norte - CE,2018,25 a 29 anos,180.0
2307601,Limoeiro do Norte - CE,2018,30 a 34 anos,169.0
2307601,Limoeiro do Norte - CE,2018,35 a 39 anos,92.0
2307601,Limoeiro do Norte - CE,2018,40 a 44 anos,20.0
2307601,Limoeiro do Norte - CE,2018,45 a 49 anos,2.0
2307601,Limoeiro do Norte - CE,2018,50 anos ou mais,
2307601,Limoeiro do Norte - CE,2018,Ignorada,
2307601,Limoeiro do Norte - CE,2019,Total,708.0
2307601,Limoeiro do Norte - CE,2019,Menos de 15 anos,2.0
2307601,Limoeiro do Norte - CE,2019,15 a 19 anos,75.0
2307601,Limoeiro do Norte - CE,2019,20 a 24 anos,180.0
2307601,Limoeiro do Norte - CE,2019,25 a 29 anos,186.0
2307601,Limoeiro do Norte - CE,2019,30 a 34 anos,160.0
2307601,Limoeiro do Norte - CE,2019,35 a 39 anos,88.0
2307601,Limoeiro do Norte - CE,2019,40 a 44 anos,14.0
2307601,Limoeiro do Norte - CE,2019,45 a 49 anos,3.0
2307601,Limoeiro do Norte - CE,2019,50 anos ou mais,
2307601,Limoeiro do Norte - CE,2019,Ignorada,
2307635,Madalena - CE,2014,Total,135.0
2307635,Madalena - CE,2014,Menos de 15 anos,2.0
2307635,Madalena - CE,2014,15 a 19 anos,29.0
2307635,Madalena - CE,2014,20 a 24 anos,33.0
2307635,Madalena - CE,2014,25 a 29 anos,29.0
2307635,Madalena - CE,2014,30 a 34 anos,28.0
2307635,Madalena - CE,2014,35 a 39 anos,13.0
2307635,Madalena - CE,2014,40 a 44 anos,1.0
2307635,Madalena - CE,2014,45 a 49 anos,
2307635,Madalena - CE,2014,50 anos ou mais,
2307635,Madalena - CE,2014,Ignorada,
2307635,Madalena - CE,2015,Total,216.0
2307635,Madalena - CE,2015,Menos de 15 anos,
2307635,Madalena - CE,2015,15 a 19 anos,40.0
2307635,Madalena - CE,2015,20 a 24 anos,55.0
2307635,Madalena - CE,2015,25 a 29 anos,47.0
2307635,Madalena - CE,2015,30 a 34 anos,34.0
2307635,Madalena - CE,2015,35 a 39 anos,32.0
2307635,Madalena - CE,2015,40 a 44 anos,6.0
2307635,Madalena - CE,2015,45 a 49 anos,
2307635,Madalena - CE,2015,50 anos ou mais,
2307635,Madalena - CE,2015,Ignorada,2.0
2307635,Madalena - CE,2016,Total,206.0
2307635,Madalena - CE,2016,Menos de 15 anos,
2307635,Madalena - CE,2016,15 a 19 anos,51.0
2307635,Madalena - CE,2016,20 a 24 anos,54.0
2307635,Madalena - CE,2016,25 a 29 anos,47.0
2307635,Madalena - CE,2016,30 a 34 anos,30.0
2307635,Madalena - CE,2016,35 a 39 anos,13.0
2307635,Madalena - CE,2016,40 a 44 anos,8.0
2307635,Madalena - CE,2016,45 a 49 anos,1.0
2307635,Madalena - CE,2016,50 anos ou mais,
2307635,Madalena - CE,2016,Ignorada,2.0
2307635,Madalena - CE,2017,Total,244.0
2307635,Madalena - CE,2017,Menos de 15 anos,3.0
2307635,Madalena - CE,2017,15 a 19 anos,41.0
2307635,Madalena - CE,2017,20 a 24 anos,74.0
2307635,Madalena - CE,2017,25 a 29 anos,51.0
2307635,Madalena - CE,2017,30 a 34 anos,36.0
2307635,Madalena - CE,2017,35 a 39 anos,25.0
2307635,Madalena - CE,2017,40 a 44 anos,12.0
2307635,Madalena - CE,2017,45 a 49 anos,1.0
2307635,Madalena - CE,2017,50 anos ou mais,
2307635,Madalena - CE,2017,Ignorada,1.0
2307635,Madalena - CE,2018,Total,248.0
2307635,Madalena - CE,2018,Menos de 15 anos,4.0
2307635,Madalena - CE,2018,15 a 19 anos,42.0
2307635,Madalena - CE,2018,20 a 24 anos,71.0
2307635,Madalena - CE,2018,25 a 29 anos,58.0
2307635,Madalena - CE,2018,30 a 34 anos,39.0
2307635,Madalena - CE,2018,35 a 39 anos,27.0
2307635,Madalena - CE,2018,40 a 44 anos,7.0
2307635,Madalena - CE,2018,45 a 49 anos,
2307635,Madalena - CE,2018,50 anos ou mais,
2307635,Madalena - CE,2018,Ignorada,
2307635,Madalena - CE,2019,Total,222.0
2307635,Madalena - CE,2019,Menos de 15 anos,3.0
2307635,Madalena - CE,2019,15 a 19 anos,40.0
2307635,Madalena - CE,2019,20 a 24 anos,61.0
2307635,Madalena - CE,2019,25 a 29 anos,44.0
2307635,Madalena - CE,2019,30 a 34 anos,40.0
2307635,Madalena - CE,2019,35 a 39 anos,26.0
2307635,Madalena - CE,2019,40 a 44 anos,8.0
2307635,Madalena - CE,2019,45 a 49 anos,
2307635,Madalena - CE,2019,50 anos ou mais,
2307635,Madalena - CE,2019,Ignorada,
2307650,Maracanaú - CE,2014,Total,3852.0
2307650,Maracanaú - CE,2014,Menos de 15 anos,38.0
2307650,Maracanaú - CE,2014,15 a 19 anos,758.0
2307650,Maracanaú - CE,2014,20 a 24 anos,1068.0
2307650,Maracanaú - CE,2014,25 a 29 anos,962.0
2307650,Maracanaú - CE,2014,30 a 34 anos,659.0
2307650,Maracanaú - CE,2014,35 a 39 anos,266.0
2307650,Maracanaú - CE,2014,40 a 44 anos,70.0
2307650,Maracanaú - CE,2014,45 a 49 anos,4.0
2307650,Maracanaú - CE,2014,50 anos ou mais,
2307650,Maracanaú - CE,2014,Ignorada,27.0
2307650,Maracanaú - CE,2015,Total,4201.0
2307650,Maracanaú - CE,2015,Menos de 15 anos,34.0
2307650,Maracanaú - CE,2015,15 a 19 anos,783.0
2307650,Maracanaú - CE,2015,20 a 24 anos,1115.0
2307650,Maracanaú - CE,2015,25 a 29 anos,1114.0
2307650,Maracanaú - CE,2015,30 a 34 anos,761.0
2307650,Maracanaú - CE,2015,35 a 39 anos,311.0
2307650,Maracanaú - CE,2015,40 a 44 anos,67.0
2307650,Maracanaú - CE,2015,45 a 49 anos,12.0
2307650,Maracanaú - CE,2015,50 anos ou mais,3.0
2307650,Maracanaú - CE,2015,Ignorada,1.0
2307650,Maracanaú - CE,2016,Total,4139.0
2307650,Maracanaú - CE,2016,Menos de 15 anos,23.0
2307650,Maracanaú - CE,2016,15 a 19 anos,746.0
2307650,Maracanaú - CE,2016,20 a 24 anos,1135.0
2307650,Maracanaú - CE,2016,25 a 29 anos,1082.0
2307650,Maracanaú - CE,2016,30 a 34 anos,728.0
2307650,Maracanaú - CE,2016,35 a 39 anos,340.0
2307650,Maracanaú - CE,2016,40 a 44 anos,74.0
2307650,Maracanaú - CE,2016,45 a 49 anos,3.0
2307650,Maracanaú - CE,2016,50 anos ou mais,
2307650,Maracanaú - CE,2016,Ignorada,8.0
2307650,Maracanaú - CE,2017,Total,4107.0
2307650,Maracanaú - CE,2017,Menos de 15 anos,26.0
2307650,Maracanaú - CE,2017,15 a 19 anos,651.0
2307650,Maracanaú - CE,2017,20 a 24 anos,1132.0
2307650,Maracanaú - CE,2017,25 a 29 anos,1046.0
2307650,Maracanaú - CE,2017,30 a 34 anos,787.0
2307650,Maracanaú - CE,2017,35 a 39 anos,382.0
2307650,Maracanaú - CE,2017,40 a 44 anos,78.0
2307650,Maracanaú - CE,2017,45 a 49 anos,3.0
2307650,Maracanaú - CE,2017,50 anos ou mais,
2307650,Maracanaú - CE,2017,Ignorada,2.0
2307650,Maracanaú - CE,2018,Total,4177.0
2307650,Maracanaú - CE,2018,Menos de 15 anos,31.0
2307650,Maracanaú - CE,2018,15 a 19 anos,582.0
2307650,Maracanaú - CE,2018,20 a 24 anos,1121.0
2307650,Maracanaú - CE,2018,25 a 29 anos,1065.0
2307650,Maracanaú - CE,2018,30 a 34 anos,855.0
2307650,Maracanaú - CE,2018,35 a 39 anos,420.0
2307650,Maracanaú - CE,2018,40 a 44 anos,97.0
2307650,Maracanaú - CE,2018,45 a 49 anos,3.0
2307650,Maracanaú - CE,2018,50 anos ou mais,1.0
2307650,Maracanaú - CE,2018,Ignorada,2.0
2307650,Maracanaú - CE,2019,Total,4068.0
2307650,Maracanaú - CE,2019,Menos de 15 anos,22.0
2307650,Maracanaú - CE,2019,15 a 19 anos,484.0
2307650,Maracanaú - CE,2019,20 a 24 anos,1097.0
2307650,Maracanaú - CE,2019,25 a 29 anos,1040.0
2307650,Maracanaú - CE,2019,30 a 34 anos,875.0
2307650,Maracanaú - CE,2019,35 a 39 anos,427.0
2307650,Maracanaú - CE,2019,40 a 44 anos,113.0
2307650,Maracanaú - CE,2019,45 a 49 anos,6.0
2307650,Maracanaú - CE,2019,50 anos ou mais,1.0
2307650,Maracanaú - CE,2019,Ignorada,3.0
2307700,Maranguape - CE,2014,Total,1347.0
2307700,Maranguape - CE,2014,Menos de 15 anos,12.0
2307700,Maranguape - CE,2014,15 a 19 anos,266.0
2307700,Maranguape - CE,2014,20 a 24 anos,360.0
2307700,Maranguape - CE,2014,25 a 29 anos,346.0
2307700,Maranguape - CE,2014,30 a 34 anos,232.0
2307700,Maranguape - CE,2014,35 a 39 anos,100.0
2307700,Maranguape - CE,2014,40 a 44 anos,28.0
2307700,Maranguape - CE,2014,45 a 49 anos,1.0
2307700,Maranguape - CE,2014,50 anos ou mais,
2307700,Maranguape - CE,2014,Ignorada,2.0
2307700,Maranguape - CE,2015,Total,1512.0
2307700,Maranguape - CE,2015,Menos de 15 anos,19.0
2307700,Maranguape - CE,2015,15 a 19 anos,286.0
2307700,Maranguape - CE,2015,20 a 24 anos,404.0
2307700,Maranguape - CE,2015,25 a 29 anos,399.0
2307700,Maranguape - CE,2015,30 a 34 anos,273.0
2307700,Maranguape - CE,2015,35 a 39 anos,102.0
2307700,Maranguape - CE,2015,40 a 44 anos,23.0
2307700,Maranguape - CE,2015,45 a 49 anos,4.0
2307700,Maranguape - CE,2015,50 anos ou mais,
2307700,Maranguape - CE,2015,Ignorada,2.0
2307700,Maranguape - CE,2016,Total,1485.0
2307700,Maranguape - CE,2016,Menos de 15 anos,24.0
2307700,Maranguape - CE,2016,15 a 19 anos,257.0
2307700,Maranguape - CE,2016,20 a 24 anos,400.0
2307700,Maranguape - CE,2016,25 a 29 anos,378.0
2307700,Maranguape - CE,2016,30 a 34 anos,260.0
2307700,Maranguape - CE,2016,35 a 39 anos,126.0
2307700,Maranguape - CE,2016,40 a 44 anos,35.0
2307700,Maranguape - CE,2016,45 a 49 anos,3.0
2307700,Maranguape - CE,2016,50 anos ou mais,
2307700,Maranguape - CE,2016,Ignorada,2.0
2307700,Maranguape - CE,2017,Total,1414.0
2307700,Maranguape - CE,2017,Menos de 15 anos,15.0
2307700,Maranguape - CE,2017,15 a 19 anos,217.0
2307700,Maranguape - CE,2017,20 a 24 anos,377.0
2307700,Maranguape - CE,2017,25 a 29 anos,359.0
2307700,Maranguape - CE,2017,30 a 34 anos,263.0
2307700,Maranguape - CE,2017,35 a 39 anos,153.0
2307700,Maranguape - CE,2017,40 a 44 anos,24.0
2307700,Maranguape - CE,2017,45 a 49 anos,2.0
2307700,Maranguape - CE,2017,50 anos ou mais,1.0
2307700,Maranguape - CE,2017,Ignorada,3.0
2307700,Maranguape - CE,2018,Total,1450.0
2307700,Maranguape - CE,2018,Menos de 15 anos,15.0
2307700,Maranguape - CE,2018,15 a 19 anos,193.0
2307700,Maranguape - CE,2018,20 a 24 anos,338.0
2307700,Maranguape - CE,2018,25 a 29 anos,391.0
2307700,Maranguape - CE,2018,30 a 34 anos,307.0
2307700,Maranguape - CE,2018,35 a 39 anos,160.0
2307700,Maranguape - CE,2018,40 a 44 anos,43.0
2307700,Maranguape - CE,2018,45 a 49 anos,2.0
2307700,Maranguape - CE,2018,50 anos ou mais,1.0
2307700,Maranguape - CE,2018,Ignorada,
2307700,Maranguape - CE,2019,Total,1401.0
2307700,Maranguape - CE,2019,Menos de 15 anos,9.0
2307700,Maranguape - CE,2019,15 a 19 anos,171.0
2307700,Maranguape - CE,2019,20 a 24 anos,336.0
2307700,Maranguape - CE,2019,25 a 29 anos,377.0
2307700,Maranguape - CE,2019,30 a 34 anos,332.0
2307700,Maranguape - CE,2019,35 a 39 anos,137.0
2307700,Maranguape - CE,2019,40 a 44 anos,36.0
2307700,Maranguape - CE,2019,45 a 49 anos,3.0
2307700,Maranguape - CE,2019,50 anos ou mais,
2307700,Maranguape - CE,2019,Ignorada,
2307809,Marco - CE,2014,Total,513.0
2307809,Marco - CE,2014,Menos de 15 anos,7.0
2307809,Marco - CE,2014,15 a 19 anos,121.0
2307809,Marco - CE,2014,20 a 24 anos,141.0
2307809,Marco - CE,2014,25 a 29 anos,118.0
2307809,Marco - CE,2014,30 a 34 anos,80.0
2307809,Marco - CE,2014,35 a 39 anos,38.0
2307809,Marco - CE,2014,40 a 44 anos,8.0
2307809,Marco - CE,2014,45 a 49 anos,
2307809,Marco - CE,2014,50 anos ou mais,
2307809,Marco - CE,2014,Ignorada,
2307809,Marco - CE,2015,Total,556.0
2307809,Marco - CE,2015,Menos de 15 anos,8.0
2307809,Marco - CE,2015,15 a 19 anos,97.0
2307809,Marco - CE,2015,20 a 24 anos,157.0
2307809,Marco - CE,2015,25 a 29 anos,150.0
2307809,Marco - CE,2015,30 a 34 anos,85.0
2307809,Marco - CE,2015,35 a 39 anos,43.0
2307809,Marco - CE,2015,40 a 44 anos,15.0
2307809,Marco - CE,2015,45 a 49 anos,1.0
2307809,Marco - CE,2015,50 anos ou mais,
2307809,Marco - CE,2015,Ignorada,
2307809,Marco - CE,2016,Total,524.0
2307809,Marco - CE,2016,Menos de 15 anos,6.0
2307809,Marco - CE,2016,15 a 19 anos,102.0
2307809,Marco - CE,2016,20 a 24 anos,137.0
2307809,Marco - CE,2016,25 a 29 anos,151.0
2307809,Marco - CE,2016,30 a 34 anos,77.0
2307809,Marco - CE,2016,35 a 39 anos,42.0
2307809,Marco - CE,2016,40 a 44 anos,9.0
2307809,Marco - CE,2016,45 a 49 anos,
2307809,Marco - CE,2016,50 anos ou mais,
2307809,Marco - CE,2016,Ignorada,
2307809,Marco - CE,2017,Total,507.0
2307809,Marco - CE,2017,Menos de 15 anos,3.0
2307809,Marco - CE,2017,15 a 19 anos,93.0
2307809,Marco - CE,2017,20 a 24 anos,145.0
2307809,Marco - CE,2017,25 a 29 anos,126.0
2307809,Marco - CE,2017,30 a 34 anos,77.0
2307809,Marco - CE,2017,35 a 39 anos,52.0
2307809,Marco - CE,2017,40 a 44 anos,10.0
2307809,Marco - CE,2017,45 a 49 anos,1.0
2307809,Marco - CE,2017,50 anos ou mais,
2307809,Marco - CE,2017,Ignorada,
2307809,Marco - CE,2018,Total,588.0
2307809,Marco - CE,2018,Menos de 15 anos,4.0
2307809,Marco - CE,2018,15 a 19 anos,88.0
2307809,Marco - CE,2018,20 a 24 anos,183.0
2307809,Marco - CE,2018,25 a 29 anos,146.0
2307809,Marco - CE,2018,30 a 34 anos,109.0
2307809,Marco - CE,2018,35 a 39 anos,43.0
2307809,Marco - CE,2018,40 a 44 anos,15.0
2307809,Marco - CE,2018,45 a 49 anos,
2307809,Marco - CE,2018,50 anos ou mais,
2307809,Marco - CE,2018,Ignorada,
2307809,Marco - CE,2019,Total,541.0
2307809,Marco - CE,2019,Menos de 15 anos,4.0
2307809,Marco - CE,2019,15 a 19 anos,82.0
2307809,Marco - CE,2019,20 a 24 anos,153.0
2307809,Marco - CE,2019,25 a 29 anos,143.0
2307809,Marco - CE,2019,30 a 34 anos,88.0
2307809,Marco - CE,2019,35 a 39 anos,55.0
2307809,Marco - CE,2019,40 a 44 anos,15.0
2307809,Marco - CE,2019,45 a 49 anos,
2307809,Marco - CE,2019,50 anos ou mais,1.0
2307809,Marco - CE,2019,Ignorada,
2307908,Martinópole - CE,2014,Total,167.0
2307908,Martinópole - CE,2014,Menos de 15 anos,4.0
2307908,Martinópole - CE,2014,15 a 19 anos,33.0
2307908,Martinópole - CE,2014,20 a 24 anos,40.0
2307908,Martinópole - CE,2014,25 a 29 anos,35.0
2307908,Martinópole - CE,2014,30 a 34 anos,37.0
2307908,Martinópole - CE,2014,35 a 39 anos,16.0
2307908,Martinópole - CE,2014,40 a 44 anos,2.0
2307908,Martinópole - CE,2014,45 a 49 anos,
2307908,Martinópole - CE,2014,50 anos ou mais,
2307908,Martinópole - CE,2014,Ignorada,
2307908,Martinópole - CE,2015,Total,171.0
2307908,Martinópole - CE,2015,Menos de 15 anos,2.0
2307908,Martinópole - CE,2015,15 a 19 anos,39.0
2307908,Martinópole - CE,2015,20 a 24 anos,48.0
2307908,Martinópole - CE,2015,25 a 29 anos,40.0
2307908,Martinópole - CE,2015,30 a 34 anos,26.0
2307908,Martinópole - CE,2015,35 a 39 anos,9.0
2307908,Martinópole - CE,2015,40 a 44 anos,6.0
2307908,Martinópole - CE,2015,45 a 49 anos,1.0
2307908,Martinópole - CE,2015,50 anos ou mais,
2307908,Martinópole - CE,2015,Ignorada,
2307908,Martinópole - CE,2016,Total,149.0
2307908,Martinópole - CE,2016,Menos de 15 anos,1.0
2307908,Martinópole - CE,2016,15 a 19 anos,35.0
2307908,Martinópole - CE,2016,20 a 24 anos,29.0
2307908,Martinópole - CE,2016,25 a 29 anos,39.0
2307908,Martinópole - CE,2016,30 a 34 anos,29.0
2307908,Martinópole - CE,2016,35 a 39 anos,12.0
2307908,Martinópole - CE,2016,40 a 44 anos,4.0
2307908,Martinópole - CE,2016,45 a 49 anos,
2307908,Martinópole - CE,2016,50 anos ou mais,
2307908,Martinópole - CE,2016,Ignorada,
2307908,Martinópole - CE,2017,Total,166.0
2307908,Martinópole - CE,2017,Menos de 15 anos,2.0
2307908,Martinópole - CE,2017,15 a 19 anos,31.0
2307908,Martinópole - CE,2017,20 a 24 anos,53.0
2307908,Martinópole - CE,2017,25 a 29 anos,26.0
2307908,Martinópole - CE,2017,30 a 34 anos,39.0
2307908,Martinópole - CE,2017,35 a 39 anos,11.0
2307908,Martinópole - CE,2017,40 a 44 anos,3.0
2307908,Martinópole - CE,2017,45 a 49 anos,1.0
2307908,Martinópole - CE,2017,50 anos ou mais,
2307908,Martinópole - CE,2017,Ignorada,
2307908,Martinópole - CE,2018,Total,197.0
2307908,Martinópole - CE,2018,Menos de 15 anos,1.0
2307908,Martinópole - CE,2018,15 a 19 anos,37.0
2307908,Martinópole - CE,2018,20 a 24 anos,50.0
2307908,Martinópole - CE,2018,25 a 29 anos,55.0
2307908,Martinópole - CE,2018,30 a 34 anos,33.0
2307908,Martinópole - CE,2018,35 a 39 anos,19.0
2307908,Martinópole - CE,2018,40 a 44 anos,2.0
2307908,Martinópole - CE,2018,45 a 49 anos,
2307908,Martinópole - CE,2018,50 anos ou mais,
2307908,Martinópole - CE,2018,Ignorada,
2307908,Martinópole - CE,2019,Total,182.0
2307908,Martinópole - CE,2019,Menos de 15 anos,4.0
2307908,Martinópole - CE,2019,15 a 19 anos,32.0
2307908,Martinópole - CE,2019,20 a 24 anos,47.0
2307908,Martinópole - CE,2019,25 a 29 anos,52.0
2307908,Martinópole - CE,2019,30 a 34 anos,27.0
2307908,Martinópole - CE,2019,35 a 39 anos,16.0
2307908,Martinópole - CE,2019,40 a 44 anos,4.0
2307908,Martinópole - CE,2019,45 a 49 anos,
2307908,Martinópole - CE,2019,50 anos ou mais,
2307908,Martinópole - CE,2019,Ignorada,
2308005,Massapê - CE,2014,Total,531.0
2308005,Massapê - CE,2014,Menos de 15 anos,5.0
2308005,Massapê - CE,2014,15 a 19 anos,114.0
2308005,Massapê - CE,2014,20 a 24 anos,156.0
2308005,Massapê - CE,2014,25 a 29 anos,128.0
2308005,Massapê - CE,2014,30 a 34 anos,76.0
2308005,Massapê - CE,2014,35 a 39 anos,38.0
2308005,Massapê - CE,2014,40 a 44 anos,11.0
2308005,Massapê - CE,2014,45 a 49 anos,1.0
2308005,Massapê - CE,2014,50 anos ou mais,
2308005,Massapê - CE,2014,Ignorada,2.0
2308005,Massapê - CE,2015,Total,556.0
2308005,Massapê - CE,2015,Menos de 15 anos,5.0
2308005,Massapê - CE,2015,15 a 19 anos,110.0
2308005,Massapê - CE,2015,20 a 24 anos,158.0
2308005,Massapê - CE,2015,25 a 29 anos,143.0
2308005,Massapê - CE,2015,30 a 34 anos,86.0
2308005,Massapê - CE,2015,35 a 39 anos,45.0
2308005,Massapê - CE,2015,40 a 44 anos,8.0
2308005,Massapê - CE,2015,45 a 49 anos,1.0
2308005,Massapê - CE,2015,50 anos ou mais,
2308005,Massapê - CE,2015,Ignorada,
2308005,Massapê - CE,2016,Total,538.0
2308005,Massapê - CE,2016,Menos de 15 anos,4.0
2308005,Massapê - CE,2016,15 a 19 anos,108.0
2308005,Massapê - CE,2016,20 a 24 anos,137.0
2308005,Massapê - CE,2016,25 a 29 anos,150.0
2308005,Massapê - CE,2016,30 a 34 anos,80.0
2308005,Massapê - CE,2016,35 a 39 anos,48.0
2308005,Massapê - CE,2016,40 a 44 anos,11.0
2308005,Massapê - CE,2016,45 a 49 anos,
2308005,Massapê - CE,2016,50 anos ou mais,
2308005,Massapê - CE,2016,Ignorada,
2308005,Massapê - CE,2017,Total,555.0
2308005,Massapê - CE,2017,Menos de 15 anos,9.0
2308005,Massapê - CE,2017,15 a 19 anos,95.0
2308005,Massapê - CE,2017,20 a 24 anos,143.0
2308005,Massapê - CE,2017,25 a 29 anos,151.0
2308005,Massapê - CE,2017,30 a 34 anos,104.0
2308005,Massapê - CE,2017,35 a 39 anos,43.0
2308005,Massapê - CE,2017,40 a 44 anos,10.0
2308005,Massapê - CE,2017,45 a 49 anos,
2308005,Massapê - CE,2017,50 anos ou mais,
2308005,Massapê - CE,2017,Ignorada,
2308005,Massapê - CE,2018,Total,650.0
2308005,Massapê - CE,2018,Menos de 15 anos,6.0
2308005,Massapê - CE,2018,15 a 19 anos,112.0
2308005,Massapê - CE,2018,20 a 24 anos,182.0
2308005,Massapê - CE,2018,25 a 29 anos,159.0
2308005,Massapê - CE,2018,30 a 34 anos,114.0
2308005,Massapê - CE,2018,35 a 39 anos,63.0
2308005,Massapê - CE,2018,40 a 44 anos,14.0
2308005,Massapê - CE,2018,45 a 49 anos,
2308005,Massapê - CE,2018,50 anos ou mais,
2308005,Massapê - CE,2018,Ignorada,
2308005,Massapê - CE,2019,Total,612.0
2308005,Massapê - CE,2019,Menos de 15 anos,6.0
2308005,Massapê - CE,2019,15 a 19 anos,96.0
2308005,Massapê - CE,2019,20 a 24 anos,151.0
2308005,Massapê - CE,2019,25 a 29 anos,164.0
2308005,Massapê - CE,2019,30 a 34 anos,120.0
2308005,Massapê - CE,2019,35 a 39 anos,63.0
2308005,Massapê - CE,2019,40 a 44 anos,11.0
2308005,Massapê - CE,2019,45 a 49 anos,1.0
2308005,Massapê - CE,2019,50 anos ou mais,
2308005,Massapê - CE,2019,Ignorada,
2308104,Mauriti - CE,2014,Total,594.0
2308104,Mauriti - CE,2014,Menos de 15 anos,9.0
2308104,Mauriti - CE,2014,15 a 19 anos,129.0
2308104,Mauriti - CE,2014,20 a 24 anos,162.0
2308104,Mauriti - CE,2014,25 a 29 anos,142.0
2308104,Mauriti - CE,2014,30 a 34 anos,92.0
2308104,Mauriti - CE,2014,35 a 39 anos,46.0
2308104,Mauriti - CE,2014,40 a 44 anos,13.0
2308104,Mauriti - CE,2014,45 a 49 anos,1.0
2308104,Mauriti - CE,2014,50 anos ou mais,
2308104,Mauriti - CE,2014,Ignorada,
2308104,Mauriti - CE,2015,Total,626.0
2308104,Mauriti - CE,2015,Menos de 15 anos,7.0
2308104,Mauriti - CE,2015,15 a 19 anos,136.0
2308104,Mauriti - CE,2015,20 a 24 anos,156.0
2308104,Mauriti - CE,2015,25 a 29 anos,156.0
2308104,Mauriti - CE,2015,30 a 34 anos,97.0
2308104,Mauriti - CE,2015,35 a 39 anos,47.0
2308104,Mauriti - CE,2015,40 a 44 anos,24.0
2308104,Mauriti - CE,2015,45 a 49 anos,
2308104,Mauriti - CE,2015,50 anos ou mais,
2308104,Mauriti - CE,2015,Ignorada,3.0
2308104,Mauriti - CE,2016,Total,623.0
2308104,Mauriti - CE,2016,Menos de 15 anos,11.0
2308104,Mauriti - CE,2016,15 a 19 anos,115.0
2308104,Mauriti - CE,2016,20 a 24 anos,181.0
2308104,Mauriti - CE,2016,25 a 29 anos,151.0
2308104,Mauriti - CE,2016,30 a 34 anos,101.0
2308104,Mauriti - CE,2016,35 a 39 anos,52.0
2308104,Mauriti - CE,2016,40 a 44 anos,11.0
2308104,Mauriti - CE,2016,45 a 49 anos,1.0
2308104,Mauriti - CE,2016,50 anos ou mais,
2308104,Mauriti - CE,2016,Ignorada,
2308104,Mauriti - CE,2017,Total,725.0
2308104,Mauriti - CE,2017,Menos de 15 anos,6.0
2308104,Mauriti - CE,2017,15 a 19 anos,129.0
2308104,Mauriti - CE,2017,20 a 24 anos,205.0
2308104,Mauriti - CE,2017,25 a 29 anos,172.0
2308104,Mauriti - CE,2017,30 a 34 anos,120.0
2308104,Mauriti - CE,2017,35 a 39 anos,70.0
2308104,Mauriti - CE,2017,40 a 44 anos,22.0
2308104,Mauriti - CE,2017,45 a 49 anos,
2308104,Mauriti - CE,2017,50 anos ou mais,1.0
2308104,Mauriti - CE,2017,Ignorada,
2308104,Mauriti - CE,2018,Total,734.0
2308104,Mauriti - CE,2018,Menos de 15 anos,9.0
2308104,Mauriti - CE,2018,15 a 19 anos,130.0
2308104,Mauriti - CE,2018,20 a 24 anos,196.0
2308104,Mauriti - CE,2018,25 a 29 anos,177.0
2308104,Mauriti - CE,2018,30 a 34 anos,119.0
2308104,Mauriti - CE,2018,35 a 39 anos,86.0
2308104,Mauriti - CE,2018,40 a 44 anos,16.0
2308104,Mauriti - CE,2018,45 a 49 anos,
2308104,Mauriti - CE,2018,50 anos ou mais,1.0
2308104,Mauriti - CE,2018,Ignorada,
2308104,Mauriti - CE,2019,Total,737.0
2308104,Mauriti - CE,2019,Menos de 15 anos,7.0
2308104,Mauriti - CE,2019,15 a 19 anos,119.0
2308104,Mauriti - CE,2019,20 a 24 anos,202.0
2308104,Mauriti - CE,2019,25 a 29 anos,207.0
2308104,Mauriti - CE,2019,30 a 34 anos,110.0
2308104,Mauriti - CE,2019,35 a 39 anos,73.0
2308104,Mauriti - CE,2019,40 a 44 anos,19.0
2308104,Mauriti - CE,2019,45 a 49 anos,
2308104,Mauriti - CE,2019,50 anos ou mais,
2308104,Mauriti - CE,2019,Ignorada,
2308203,Meruoca - CE,2014,Total,199.0
2308203,Meruoca - CE,2014,Menos de 15 anos,3.0
2308203,Meruoca - CE,2014,15 a 19 anos,45.0
2308203,Meruoca - CE,2014,20 a 24 anos,52.0
2308203,Meruoca - CE,2014,25 a 29 anos,38.0
2308203,Meruoca - CE,2014,30 a 34 anos,41.0
2308203,Meruoca - CE,2014,35 a 39 anos,15.0
2308203,Meruoca - CE,2014,40 a 44 anos,3.0
2308203,Meruoca - CE,2014,45 a 49 anos,1.0
2308203,Meruoca - CE,2014,50 anos ou mais,1.0
2308203,Meruoca - CE,2014,Ignorada,
2308203,Meruoca - CE,2015,Total,230.0
2308203,Meruoca - CE,2015,Menos de 15 anos,1.0
2308203,Meruoca - CE,2015,15 a 19 anos,54.0
2308203,Meruoca - CE,2015,20 a 24 anos,58.0
2308203,Meruoca - CE,2015,25 a 29 anos,52.0
2308203,Meruoca - CE,2015,30 a 34 anos,47.0
2308203,Meruoca - CE,2015,35 a 39 anos,15.0
2308203,Meruoca - CE,2015,40 a 44 anos,3.0
2308203,Meruoca - CE,2015,45 a 49 anos,
2308203,Meruoca - CE,2015,50 anos ou mais,
2308203,Meruoca - CE,2015,Ignorada,
2308203,Meruoca - CE,2016,Total,224.0
2308203,Meruoca - CE,2016,Menos de 15 anos,4.0
2308203,Meruoca - CE,2016,15 a 19 anos,36.0
2308203,Meruoca - CE,2016,20 a 24 anos,61.0
2308203,Meruoca - CE,2016,25 a 29 anos,46.0
2308203,Meruoca - CE,2016,30 a 34 anos,48.0
2308203,Meruoca - CE,2016,35 a 39 anos,22.0
2308203,Meruoca - CE,2016,40 a 44 anos,6.0
2308203,Meruoca - CE,2016,45 a 49 anos,1.0
2308203,Meruoca - CE,2016,50 anos ou mais,
2308203,Meruoca - CE,2016,Ignorada,
2308203,Meruoca - CE,2017,Total,246.0
2308203,Meruoca - CE,2017,Menos de 15 anos,1.0
2308203,Meruoca - CE,2017,15 a 19 anos,35.0
2308203,Meruoca - CE,2017,20 a 24 anos,69.0
2308203,Meruoca - CE,2017,25 a 29 anos,68.0
2308203,Meruoca - CE,2017,30 a 34 anos,51.0
2308203,Meruoca - CE,2017,35 a 39 anos,17.0
2308203,Meruoca - CE,2017,40 a 44 anos,5.0
2308203,Meruoca - CE,2017,45 a 49 anos,
2308203,Meruoca - CE,2017,50 anos ou mais,
2308203,Meruoca - CE,2017,Ignorada,
2308203,Meruoca - CE,2018,Total,221.0
2308203,Meruoca - CE,2018,Menos de 15 anos,
2308203,Meruoca - CE,2018,15 a 19 anos,32.0
2308203,Meruoca - CE,2018,20 a 24 anos,64.0
2308203,Meruoca - CE,2018,25 a 29 anos,44.0
2308203,Meruoca - CE,2018,30 a 34 anos,43.0
2308203,Meruoca - CE,2018,35 a 39 anos,31.0
2308203,Meruoca - CE,2018,40 a 44 anos,7.0
2308203,Meruoca - CE,2018,45 a 49 anos,
2308203,Meruoca - CE,2018,50 anos ou mais,
2308203,Meruoca - CE,2018,Ignorada,
2308203,Meruoca - CE,2019,Total,255.0
2308203,Meruoca - CE,2019,Menos de 15 anos,
2308203,Meruoca - CE,2019,15 a 19 anos,36.0
2308203,Meruoca - CE,2019,20 a 24 anos,73.0
2308203,Meruoca - CE,2019,25 a 29 anos,53.0
2308203,Meruoca - CE,2019,30 a 34 anos,64.0
2308203,Meruoca - CE,2019,35 a 39 anos,20.0
2308203,Meruoca - CE,2019,40 a 44 anos,9.0
2308203,Meruoca - CE,2019,45 a 49 anos,
2308203,Meruoca - CE,2019,50 anos ou mais,
2308203,Meruoca - CE,2019,Ignorada,
2308302,Milagres - CE,2014,Total,404.0
2308302,Milagres - CE,2014,Menos de 15 anos,6.0
2308302,Milagres - CE,2014,15 a 19 anos,92.0
2308302,Milagres - CE,2014,20 a 24 anos,124.0
2308302,Milagres - CE,2014,25 a 29 anos,85.0
2308302,Milagres - CE,2014,30 a 34 anos,58.0
2308302,Milagres - CE,2014,35 a 39 anos,27.0
2308302,Milagres - CE,2014,40 a 44 anos,11.0
2308302,Milagres - CE,2014,45 a 49 anos,1.0
2308302,Milagres - CE,2014,50 anos ou mais,
2308302,Milagres - CE,2014,Ignorada,
2308302,Milagres - CE,2015,Total,398.0
2308302,Milagres - CE,2015,Menos de 15 anos,3.0
2308302,Milagres - CE,2015,15 a 19 anos,65.0
2308302,Milagres - CE,2015,20 a 24 anos,111.0
2308302,Milagres - CE,2015,25 a 29 anos,113.0
2308302,Milagres - CE,2015,30 a 34 anos,63.0
2308302,Milagres - CE,2015,35 a 39 anos,31.0
2308302,Milagres - CE,2015,40 a 44 anos,9.0
2308302,Milagres - CE,2015,45 a 49 anos,2.0
2308302,Milagres - CE,2015,50 anos ou mais,
2308302,Milagres - CE,2015,Ignorada,1.0
2308302,Milagres - CE,2016,Total,358.0
2308302,Milagres - CE,2016,Menos de 15 anos,3.0
2308302,Milagres - CE,2016,15 a 19 anos,65.0
2308302,Milagres - CE,2016,20 a 24 anos,100.0
2308302,Milagres - CE,2016,25 a 29 anos,101.0
2308302,Milagres - CE,2016,30 a 34 anos,53.0
2308302,Milagres - CE,2016,35 a 39 anos,33.0
2308302,Milagres - CE,2016,40 a 44 anos,3.0
2308302,Milagres - CE,2016,45 a 49 anos,
2308302,Milagres - CE,2016,50 anos ou mais,
2308302,Milagres - CE,2016,Ignorada,
2308302,Milagres - CE,2017,Total,352.0
2308302,Milagres - CE,2017,Menos de 15 anos,
2308302,Milagres - CE,2017,15 a 19 anos,57.0
2308302,Milagres - CE,2017,20 a 24 anos,95.0
2308302,Milagres - CE,2017,25 a 29 anos,100.0
2308302,Milagres - CE,2017,30 a 34 anos,60.0
2308302,Milagres - CE,2017,35 a 39 anos,32.0
2308302,Milagres - CE,2017,40 a 44 anos,8.0
2308302,Milagres - CE,2017,45 a 49 anos,
2308302,Milagres - CE,2017,50 anos ou mais,
2308302,Milagres - CE,2017,Ignorada,
2308302,Milagres - CE,2018,Total,330.0
2308302,Milagres - CE,2018,Menos de 15 anos,4.0
2308302,Milagres - CE,2018,15 a 19 anos,46.0
2308302,Milagres - CE,2018,20 a 24 anos,98.0
2308302,Milagres - CE,2018,25 a 29 anos,106.0
2308302,Milagres - CE,2018,30 a 34 anos,47.0
2308302,Milagres - CE,2018,35 a 39 anos,21.0
2308302,Milagres - CE,2018,40 a 44 anos,8.0
2308302,Milagres - CE,2018,45 a 49 anos,
2308302,Milagres - CE,2018,50 anos ou mais,
2308302,Milagres - CE,2018,Ignorada,
2308302,Milagres - CE,2019,Total,380.0
2308302,Milagres - CE,2019,Menos de 15 anos,2.0
2308302,Milagres - CE,2019,15 a 19 anos,60.0
2308302,Milagres - CE,2019,20 a 24 anos,105.0
2308302,Milagres - CE,2019,25 a 29 anos,90.0
2308302,Milagres - CE,2019,30 a 34 anos,82.0
2308302,Milagres - CE,2019,35 a 39 anos,36.0
2308302,Milagres - CE,2019,40 a 44 anos,5.0
2308302,Milagres - CE,2019,45 a 49 anos,
2308302,Milagres - CE,2019,50 anos ou mais,
2308302,Milagres - CE,2019,Ignorada,
2308351,Milhã - CE,2014,Total,127.0
2308351,Milhã - CE,2014,Menos de 15 anos,3.0
2308351,Milhã - CE,2014,15 a 19 anos,26.0
2308351,Milhã - CE,2014,20 a 24 anos,37.0
2308351,Milhã - CE,2014,25 a 29 anos,23.0
2308351,Milhã - CE,2014,30 a 34 anos,15.0
2308351,Milhã - CE,2014,35 a 39 anos,18.0
2308351,Milhã - CE,2014,40 a 44 anos,5.0
2308351,Milhã - CE,2014,45 a 49 anos,
2308351,Milhã - CE,2014,50 anos ou mais,
2308351,Milhã - CE,2014,Ignorada,
2308351,Milhã - CE,2015,Total,173.0
2308351,Milhã - CE,2015,Menos de 15 anos,1.0
2308351,Milhã - CE,2015,15 a 19 anos,39.0
2308351,Milhã - CE,2015,20 a 24 anos,50.0
2308351,Milhã - CE,2015,25 a 29 anos,39.0
2308351,Milhã - CE,2015,30 a 34 anos,20.0
2308351,Milhã - CE,2015,35 a 39 anos,17.0
2308351,Milhã - CE,2015,40 a 44 anos,6.0
2308351,Milhã - CE,2015,45 a 49 anos,1.0
2308351,Milhã - CE,2015,50 anos ou mais,
2308351,Milhã - CE,2015,Ignorada,
2308351,Milhã - CE,2016,Total,159.0
2308351,Milhã - CE,2016,Menos de 15 anos,4.0
2308351,Milhã - CE,2016,15 a 19 anos,30.0
2308351,Milhã - CE,2016,20 a 24 anos,43.0
2308351,Milhã - CE,2016,25 a 29 anos,26.0
2308351,Milhã - CE,2016,30 a 34 anos,33.0
2308351,Milhã - CE,2016,35 a 39 anos,16.0
2308351,Milhã - CE,2016,40 a 44 anos,7.0
2308351,Milhã - CE,2016,45 a 49 anos,
2308351,Milhã - CE,2016,50 anos ou mais,
2308351,Milhã - CE,2016,Ignorada,
2308351,Milhã - CE,2017,Total,159.0
2308351,Milhã - CE,2017,Menos de 15 anos,
2308351,Milhã - CE,2017,15 a 19 anos,36.0
2308351,Milhã - CE,2017,20 a 24 anos,41.0
2308351,Milhã - CE,2017,25 a 29 anos,39.0
2308351,Milhã - CE,2017,30 a 34 anos,19.0
2308351,Milhã - CE,2017,35 a 39 anos,17.0
2308351,Milhã - CE,2017,40 a 44 anos,6.0
2308351,Milhã - CE,2017,45 a 49 anos,1.0
2308351,Milhã - CE,2017,50 anos ou mais,
2308351,Milhã - CE,2017,Ignorada,
2308351,Milhã - CE,2018,Total,152.0
2308351,Milhã - CE,2018,Menos de 15 anos,
2308351,Milhã - CE,2018,15 a 19 anos,27.0
2308351,Milhã - CE,2018,20 a 24 anos,43.0
2308351,Milhã - CE,2018,25 a 29 anos,39.0
2308351,Milhã - CE,2018,30 a 34 anos,23.0
2308351,Milhã - CE,2018,35 a 39 anos,13.0
2308351,Milhã - CE,2018,40 a 44 anos,6.0
2308351,Milhã - CE,2018,45 a 49 anos,1.0
2308351,Milhã - CE,2018,50 anos ou mais,
2308351,Milhã - CE,2018,Ignorada,
2308351,Milhã - CE,2019,Total,146.0
2308351,Milhã - CE,2019,Menos de 15 anos,2.0
2308351,Milhã - CE,2019,15 a 19 anos,24.0
2308351,Milhã - CE,2019,20 a 24 anos,39.0
2308351,Milhã - CE,2019,25 a 29 anos,37.0
2308351,Milhã - CE,2019,30 a 34 anos,19.0
2308351,Milhã - CE,2019,35 a 39 anos,20.0
2308351,Milhã - CE,2019,40 a 44 anos,4.0
2308351,Milhã - CE,2019,45 a 49 anos,1.0
2308351,Milhã - CE,2019,50 anos ou mais,
2308351,Milhã - CE,2019,Ignorada,
2308377,Miraíma - CE,2014,Total,185.0
2308377,Miraíma - CE,2014,Menos de 15 anos,4.0
2308377,Miraíma - CE,2014,15 a 19 anos,47.0
2308377,Miraíma - CE,2014,20 a 24 anos,42.0
2308377,Miraíma - CE,2014,25 a 29 anos,47.0
2308377,Miraíma - CE,2014,30 a 34 anos,25.0
2308377,Miraíma - CE,2014,35 a 39 anos,14.0
2308377,Miraíma - CE,2014,40 a 44 anos,3.0
2308377,Miraíma - CE,2014,45 a 49 anos,3.0
2308377,Miraíma - CE,2014,50 anos ou mais,
2308377,Miraíma - CE,2014,Ignorada,
2308377,Miraíma - CE,2015,Total,190.0
2308377,Miraíma - CE,2015,Menos de 15 anos,3.0
2308377,Miraíma - CE,2015,15 a 19 anos,45.0
2308377,Miraíma - CE,2015,20 a 24 anos,46.0
2308377,Miraíma - CE,2015,25 a 29 anos,38.0
2308377,Miraíma - CE,2015,30 a 34 anos,32.0
2308377,Miraíma - CE,2015,35 a 39 anos,20.0
2308377,Miraíma - CE,2015,40 a 44 anos,6.0
2308377,Miraíma - CE,2015,45 a 49 anos,
2308377,Miraíma - CE,2015,50 anos ou mais,
2308377,Miraíma - CE,2015,Ignorada,
2308377,Miraíma - CE,2016,Total,164.0
2308377,Miraíma - CE,2016,Menos de 15 anos,2.0
2308377,Miraíma - CE,2016,15 a 19 anos,35.0
2308377,Miraíma - CE,2016,20 a 24 anos,53.0
2308377,Miraíma - CE,2016,25 a 29 anos,30.0
2308377,Miraíma - CE,2016,30 a 34 anos,26.0
2308377,Miraíma - CE,2016,35 a 39 anos,12.0
2308377,Miraíma - CE,2016,40 a 44 anos,6.0
2308377,Miraíma - CE,2016,45 a 49 anos,
2308377,Miraíma - CE,2016,50 anos ou mais,
2308377,Miraíma - CE,2016,Ignorada,
2308377,Miraíma - CE,2017,Total,158.0
2308377,Miraíma - CE,2017,Menos de 15 anos,1.0
2308377,Miraíma - CE,2017,15 a 19 anos,34.0
2308377,Miraíma - CE,2017,20 a 24 anos,40.0
2308377,Miraíma - CE,2017,25 a 29 anos,24.0
2308377,Miraíma - CE,2017,30 a 34 anos,41.0
2308377,Miraíma - CE,2017,35 a 39 anos,7.0
2308377,Miraíma - CE,2017,40 a 44 anos,11.0
2308377,Miraíma - CE,2017,45 a 49 anos,
2308377,Miraíma - CE,2017,50 anos ou mais,
2308377,Miraíma - CE,2017,Ignorada,
2308377,Miraíma - CE,2018,Total,169.0
2308377,Miraíma - CE,2018,Menos de 15 anos,2.0
2308377,Miraíma - CE,2018,15 a 19 anos,31.0
2308377,Miraíma - CE,2018,20 a 24 anos,47.0
2308377,Miraíma - CE,2018,25 a 29 anos,38.0
2308377,Miraíma - CE,2018,30 a 34 anos,28.0
2308377,Miraíma - CE,2018,35 a 39 anos,19.0
2308377,Miraíma - CE,2018,40 a 44 anos,4.0
2308377,Miraíma - CE,2018,45 a 49 anos,
2308377,Miraíma - CE,2018,50 anos ou mais,
2308377,Miraíma - CE,2018,Ignorada,
2308377,Miraíma - CE,2019,Total,172.0
2308377,Miraíma - CE,2019,Menos de 15 anos,
2308377,Miraíma - CE,2019,15 a 19 anos,25.0
2308377,Miraíma - CE,2019,20 a 24 anos,50.0
2308377,Miraíma - CE,2019,25 a 29 anos,40.0
2308377,Miraíma - CE,2019,30 a 34 anos,36.0
2308377,Miraíma - CE,2019,35 a 39 anos,16.0
2308377,Miraíma - CE,2019,40 a 44 anos,5.0
2308377,Miraíma - CE,2019,45 a 49 anos,
2308377,Miraíma - CE,2019,50 anos ou mais,
2308377,Miraíma - CE,2019,Ignorada,
2308401,Missão Velha - CE,2014,Total,570.0
2308401,Missão Velha - CE,2014,Menos de 15 anos,5.0
2308401,Missão Velha - CE,2014,15 a 19 anos,123.0
2308401,Missão Velha - CE,2014,20 a 24 anos,148.0
2308401,Missão Velha - CE,2014,25 a 29 anos,162.0
2308401,Missão Velha - CE,2014,30 a 34 anos,83.0
2308401,Missão Velha - CE,2014,35 a 39 anos,42.0
2308401,Missão Velha - CE,2014,40 a 44 anos,6.0
2308401,Missão Velha - CE,2014,45 a 49 anos,
2308401,Missão Velha - CE,2014,50 anos ou mais,
2308401,Missão Velha - CE,2014,Ignorada,1.0
2308401,Missão Velha - CE,2015,Total,622.0
2308401,Missão Velha - CE,2015,Menos de 15 anos,3.0
2308401,Missão Velha - CE,2015,15 a 19 anos,122.0
2308401,Missão Velha - CE,2015,20 a 24 anos,169.0
2308401,Missão Velha - CE,2015,25 a 29 anos,162.0
2308401,Missão Velha - CE,2015,30 a 34 anos,101.0
2308401,Missão Velha - CE,2015,35 a 39 anos,54.0
2308401,Missão Velha - CE,2015,40 a 44 anos,10.0
2308401,Missão Velha - CE,2015,45 a 49 anos,
2308401,Missão Velha - CE,2015,50 anos ou mais,
2308401,Missão Velha - CE,2015,Ignorada,1.0
2308401,Missão Velha - CE,2016,Total,549.0
2308401,Missão Velha - CE,2016,Menos de 15 anos,8.0
2308401,Missão Velha - CE,2016,15 a 19 anos,111.0
2308401,Missão Velha - CE,2016,20 a 24 anos,164.0
2308401,Missão Velha - CE,2016,25 a 29 anos,133.0
2308401,Missão Velha - CE,2016,30 a 34 anos,87.0
2308401,Missão Velha - CE,2016,35 a 39 anos,37.0
2308401,Missão Velha - CE,2016,40 a 44 anos,9.0
2308401,Missão Velha - CE,2016,45 a 49 anos,
2308401,Missão Velha - CE,2016,50 anos ou mais,
2308401,Missão Velha - CE,2016,Ignorada,
2308401,Missão Velha - CE,2017,Total,559.0
2308401,Missão Velha - CE,2017,Menos de 15 anos,6.0
2308401,Missão Velha - CE,2017,15 a 19 anos,109.0
2308401,Missão Velha - CE,2017,20 a 24 anos,164.0
2308401,Missão Velha - CE,2017,25 a 29 anos,146.0
2308401,Missão Velha - CE,2017,30 a 34 anos,76.0
2308401,Missão Velha - CE,2017,35 a 39 anos,44.0
2308401,Missão Velha - CE,2017,40 a 44 anos,13.0
2308401,Missão Velha - CE,2017,45 a 49 anos,1.0
2308401,Missão Velha - CE,2017,50 anos ou mais,
2308401,Missão Velha - CE,2017,Ignorada,
2308401,Missão Velha - CE,2018,Total,612.0
2308401,Missão Velha - CE,2018,Menos de 15 anos,6.0
2308401,Missão Velha - CE,2018,15 a 19 anos,109.0
2308401,Missão Velha - CE,2018,20 a 24 anos,183.0
2308401,Missão Velha - CE,2018,25 a 29 anos,154.0
2308401,Missão Velha - CE,2018,30 a 34 anos,95.0
2308401,Missão Velha - CE,2018,35 a 39 anos,51.0
2308401,Missão Velha - CE,2018,40 a 44 anos,13.0
2308401,Missão Velha - CE,2018,45 a 49 anos,
2308401,Missão Velha - CE,2018,50 anos ou mais,1.0
2308401,Missão Velha - CE,2018,Ignorada,
2308401,Missão Velha - CE,2019,Total,581.0
2308401,Missão Velha - CE,2019,Menos de 15 anos,7.0
2308401,Missão Velha - CE,2019,15 a 19 anos,78.0
2308401,Missão Velha - CE,2019,20 a 24 anos,163.0
2308401,Missão Velha - CE,2019,25 a 29 anos,149.0
2308401,Missão Velha - CE,2019,30 a 34 anos,111.0
2308401,Missão Velha - CE,2019,35 a 39 anos,60.0
2308401,Missão Velha - CE,2019,40 a 44 anos,10.0
2308401,Missão Velha - CE,2019,45 a 49 anos,3.0
2308401,Missão Velha - CE,2019,50 anos ou mais,
2308401,Missão Velha - CE,2019,Ignorada,
2308500,Mombaça - CE,2014,Total,476.0
2308500,Mombaça - CE,2014,Menos de 15 anos,4.0
2308500,Mombaça - CE,2014,15 a 19 anos,102.0
2308500,Mombaça - CE,2014,20 a 24 anos,135.0
2308500,Mombaça - CE,2014,25 a 29 anos,129.0
2308500,Mombaça - CE,2014,30 a 34 anos,63.0
2308500,Mombaça - CE,2014,35 a 39 anos,30.0
2308500,Mombaça - CE,2014,40 a 44 anos,12.0
2308500,Mombaça - CE,2014,45 a 49 anos,1.0
2308500,Mombaça - CE,2014,50 anos ou mais,
2308500,Mombaça - CE,2014,Ignorada,
2308500,Mombaça - CE,2015,Total,534.0
2308500,Mombaça - CE,2015,Menos de 15 anos,3.0
2308500,Mombaça - CE,2015,15 a 19 anos,117.0
2308500,Mombaça - CE,2015,20 a 24 anos,114.0
2308500,Mombaça - CE,2015,25 a 29 anos,139.0
2308500,Mombaça - CE,2015,30 a 34 anos,100.0
2308500,Mombaça - CE,2015,35 a 39 anos,49.0
2308500,Mombaça - CE,2015,40 a 44 anos,11.0
2308500,Mombaça - CE,2015,45 a 49 anos,1.0
2308500,Mombaça - CE,2015,50 anos ou mais,
2308500,Mombaça - CE,2015,Ignorada,
2308500,Mombaça - CE,2016,Total,475.0
2308500,Mombaça - CE,2016,Menos de 15 anos,10.0
2308500,Mombaça - CE,2016,15 a 19 anos,91.0
2308500,Mombaça - CE,2016,20 a 24 anos,139.0
2308500,Mombaça - CE,2016,25 a 29 anos,104.0
2308500,Mombaça - CE,2016,30 a 34 anos,70.0
2308500,Mombaça - CE,2016,35 a 39 anos,54.0
2308500,Mombaça - CE,2016,40 a 44 anos,6.0
2308500,Mombaça - CE,2016,45 a 49 anos,1.0
2308500,Mombaça - CE,2016,50 anos ou mais,
2308500,Mombaça - CE,2016,Ignorada,
2308500,Mombaça - CE,2017,Total,457.0
2308500,Mombaça - CE,2017,Menos de 15 anos,1.0
2308500,Mombaça - CE,2017,15 a 19 anos,91.0
2308500,Mombaça - CE,2017,20 a 24 anos,117.0
2308500,Mombaça - CE,2017,25 a 29 anos,117.0
2308500,Mombaça - CE,2017,30 a 34 anos,89.0
2308500,Mombaça - CE,2017,35 a 39 anos,32.0
2308500,Mombaça - CE,2017,40 a 44 anos,10.0
2308500,Mombaça - CE,2017,45 a 49 anos,
2308500,Mombaça - CE,2017,50 anos ou mais,
2308500,Mombaça - CE,2017,Ignorada,
2308500,Mombaça - CE,2018,Total,530.0
2308500,Mombaça - CE,2018,Menos de 15 anos,7.0
2308500,Mombaça - CE,2018,15 a 19 anos,100.0
2308500,Mombaça - CE,2018,20 a 24 anos,138.0
2308500,Mombaça - CE,2018,25 a 29 anos,120.0
2308500,Mombaça - CE,2018,30 a 34 anos,97.0
2308500,Mombaça - CE,2018,35 a 39 anos,57.0
2308500,Mombaça - CE,2018,40 a 44 anos,11.0
2308500,Mombaça - CE,2018,45 a 49 anos,
2308500,Mombaça - CE,2018,50 anos ou mais,
2308500,Mombaça - CE,2018,Ignorada,
2308500,Mombaça - CE,2019,Total,512.0
2308500,Mombaça - CE,2019,Menos de 15 anos,5.0
2308500,Mombaça - CE,2019,15 a 19 anos,107.0
2308500,Mombaça - CE,2019,20 a 24 anos,141.0
2308500,Mombaça - CE,2019,25 a 29 anos,97.0
2308500,Mombaça - CE,2019,30 a 34 anos,86.0
2308500,Mombaça - CE,2019,35 a 39 anos,56.0
2308500,Mombaça - CE,2019,40 a 44 anos,19.0
2308500,Mombaça - CE,2019,45 a 49 anos,1.0
2308500,Mombaça - CE,2019,50 anos ou mais,
2308500,Mombaça - CE,2019,Ignorada,
2308609,Monsenhor Tabosa - CE,2014,Total,242.0
2308609,Monsenhor Tabosa - CE,2014,Menos de 15 anos,1.0
2308609,Monsenhor Tabosa - CE,2014,15 a 19 anos,47.0
2308609,Monsenhor Tabosa - CE,2014,20 a 24 anos,75.0
2308609,Monsenhor Tabosa - CE,2014,25 a 29 anos,55.0
2308609,Monsenhor Tabosa - CE,2014,30 a 34 anos,34.0
2308609,Monsenhor Tabosa - CE,2014,35 a 39 anos,20.0
2308609,Monsenhor Tabosa - CE,2014,40 a 44 anos,10.0
2308609,Monsenhor Tabosa - CE,2014,45 a 49 anos,
2308609,Monsenhor Tabosa - CE,2014,50 anos ou mais,
2308609,Monsenhor Tabosa - CE,2014,Ignorada,
2308609,Monsenhor Tabosa - CE,2015,Total,211.0
2308609,Monsenhor Tabosa - CE,2015,Menos de 15 anos,2.0
2308609,Monsenhor Tabosa - CE,2015,15 a 19 anos,38.0
2308609,Monsenhor Tabosa - CE,2015,20 a 24 anos,50.0
2308609,Monsenhor Tabosa - CE,2015,25 a 29 anos,50.0
2308609,Monsenhor Tabosa - CE,2015,30 a 34 anos,40.0
2308609,Monsenhor Tabosa - CE,2015,35 a 39 anos,28.0
2308609,Monsenhor Tabosa - CE,2015,40 a 44 anos,3.0
2308609,Monsenhor Tabosa - CE,2015,45 a 49 anos,
2308609,Monsenhor Tabosa - CE,2015,50 anos ou mais,
2308609,Monsenhor Tabosa - CE,2015,Ignorada,
2308609,Monsenhor Tabosa - CE,2016,Total,251.0
2308609,Monsenhor Tabosa - CE,2016,Menos de 15 anos,10.0
2308609,Monsenhor Tabosa - CE,2016,15 a 19 anos,54.0
2308609,Monsenhor Tabosa - CE,2016,20 a 24 anos,69.0
2308609,Monsenhor Tabosa - CE,2016,25 a 29 anos,50.0
2308609,Monsenhor Tabosa - CE,2016,30 a 34 anos,37.0
2308609,Monsenhor Tabosa - CE,2016,35 a 39 anos,18.0
2308609,Monsenhor Tabosa - CE,2016,40 a 44 anos,12.0
2308609,Monsenhor Tabosa - CE,2016,45 a 49 anos,
2308609,Monsenhor Tabosa - CE,2016,50 anos ou mais,
2308609,Monsenhor Tabosa - CE,2016,Ignorada,1.0
2308609,Monsenhor Tabosa - CE,2017,Total,240.0
2308609,Monsenhor Tabosa - CE,2017,Menos de 15 anos,7.0
2308609,Monsenhor Tabosa - CE,2017,15 a 19 anos,44.0
2308609,Monsenhor Tabosa - CE,2017,20 a 24 anos,67.0
2308609,Monsenhor Tabosa - CE,2017,25 a 29 anos,54.0
2308609,Monsenhor Tabosa - CE,2017,30 a 34 anos,35.0
2308609,Monsenhor Tabosa - CE,2017,35 a 39 anos,25.0
2308609,Monsenhor Tabosa - CE,2017,40 a 44 anos,8.0
2308609,Monsenhor Tabosa - CE,2017,45 a 49 anos,
2308609,Monsenhor Tabosa - CE,2017,50 anos ou mais,
2308609,Monsenhor Tabosa - CE,2017,Ignorada,
2308609,Monsenhor Tabosa - CE,2018,Total,258.0
2308609,Monsenhor Tabosa - CE,2018,Menos de 15 anos,3.0
2308609,Monsenhor Tabosa - CE,2018,15 a 19 anos,49.0
2308609,Monsenhor Tabosa - CE,2018,20 a 24 anos,62.0
2308609,Monsenhor Tabosa - CE,2018,25 a 29 anos,57.0
2308609,Monsenhor Tabosa - CE,2018,30 a 34 anos,53.0
2308609,Monsenhor Tabosa - CE,2018,35 a 39 anos,27.0
2308609,Monsenhor Tabosa - CE,2018,40 a 44 anos,7.0
2308609,Monsenhor Tabosa - CE,2018,45 a 49 anos,
2308609,Monsenhor Tabosa - CE,2018,50 anos ou mais,
2308609,Monsenhor Tabosa - CE,2018,Ignorada,
2308609,Monsenhor Tabosa - CE,2019,Total,263.0
2308609,Monsenhor Tabosa - CE,2019,Menos de 15 anos,1.0
2308609,Monsenhor Tabosa - CE,2019,15 a 19 anos,43.0
2308609,Monsenhor Tabosa - CE,2019,20 a 24 anos,66.0
2308609,Monsenhor Tabosa - CE,2019,25 a 29 anos,55.0
2308609,Monsenhor Tabosa - CE,2019,30 a 34 anos,50.0
2308609,Monsenhor Tabosa - CE,2019,35 a 39 anos,33.0
2308609,Monsenhor Tabosa - CE,2019,40 a 44 anos,13.0
2308609,Monsenhor Tabosa - CE,2019,45 a 49 anos,
2308609,Monsenhor Tabosa - CE,2019,50 anos ou mais,
2308609,Monsenhor Tabosa - CE,2019,Ignorada,2.0
2308708,Morada Nova - CE,2014,Total,755.0
2308708,Morada Nova - CE,2014,Menos de 15 anos,8.0
2308708,Morada Nova - CE,2014,15 a 19 anos,163.0
2308708,Morada Nova - CE,2014,20 a 24 anos,185.0
2308708,Morada Nova - CE,2014,25 a 29 anos,193.0
2308708,Morada Nova - CE,2014,30 a 34 anos,127.0
2308708,Morada Nova - CE,2014,35 a 39 anos,59.0
2308708,Morada Nova - CE,2014,40 a 44 anos,20.0
2308708,Morada Nova - CE,2014,45 a 49 anos,
2308708,Morada Nova - CE,2014,50 anos ou mais,
2308708,Morada Nova - CE,2014,Ignorada,
2308708,Morada Nova - CE,2015,Total,774.0
2308708,Morada Nova - CE,2015,Menos de 15 anos,14.0
2308708,Morada Nova - CE,2015,15 a 19 anos,153.0
2308708,Morada Nova - CE,2015,20 a 24 anos,195.0
2308708,Morada Nova - CE,2015,25 a 29 anos,203.0
2308708,Morada Nova - CE,2015,30 a 34 anos,152.0
2308708,Morada Nova - CE,2015,35 a 39 anos,43.0
2308708,Morada Nova - CE,2015,40 a 44 anos,14.0
2308708,Morada Nova - CE,2015,45 a 49 anos,
2308708,Morada Nova - CE,2015,50 anos ou mais,
2308708,Morada Nova - CE,2015,Ignorada,
2308708,Morada Nova - CE,2016,Total,743.0
2308708,Morada Nova - CE,2016,Menos de 15 anos,7.0
2308708,Morada Nova - CE,2016,15 a 19 anos,143.0
2308708,Morada Nova - CE,2016,20 a 24 anos,210.0
2308708,Morada Nova - CE,2016,25 a 29 anos,172.0
2308708,Morada Nova - CE,2016,30 a 34 anos,133.0
2308708,Morada Nova - CE,2016,35 a 39 anos,62.0
2308708,Morada Nova - CE,2016,40 a 44 anos,16.0
2308708,Morada Nova - CE,2016,45 a 49 anos,
2308708,Morada Nova - CE,2016,50 anos ou mais,
2308708,Morada Nova - CE,2016,Ignorada,
2308708,Morada Nova - CE,2017,Total,743.0
2308708,Morada Nova - CE,2017,Menos de 15 anos,5.0
2308708,Morada Nova - CE,2017,15 a 19 anos,149.0
2308708,Morada Nova - CE,2017,20 a 24 anos,207.0
2308708,Morada Nova - CE,2017,25 a 29 anos,176.0
2308708,Morada Nova - CE,2017,30 a 34 anos,137.0
2308708,Morada Nova - CE,2017,35 a 39 anos,51.0
2308708,Morada Nova - CE,2017,40 a 44 anos,16.0
2308708,Morada Nova - CE,2017,45 a 49 anos,2.0
2308708,Morada Nova - CE,2017,50 anos ou mais,
2308708,Morada Nova - CE,2017,Ignorada,
2308708,Morada Nova - CE,2018,Total,702.0
2308708,Morada Nova - CE,2018,Menos de 15 anos,4.0
2308708,Morada Nova - CE,2018,15 a 19 anos,116.0
2308708,Morada Nova - CE,2018,20 a 24 anos,180.0
2308708,Morada Nova - CE,2018,25 a 29 anos,180.0
2308708,Morada Nova - CE,2018,30 a 34 anos,137.0
2308708,Morada Nova - CE,2018,35 a 39 anos,71.0
2308708,Morada Nova - CE,2018,40 a 44 anos,12.0
2308708,Morada Nova - CE,2018,45 a 49 anos,1.0
2308708,Morada Nova - CE,2018,50 anos ou mais,
2308708,Morada Nova - CE,2018,Ignorada,1.0
2308708,Morada Nova - CE,2019,Total,772.0
2308708,Morada Nova - CE,2019,Menos de 15 anos,9.0
2308708,Morada Nova - CE,2019,15 a 19 anos,125.0
2308708,Morada Nova - CE,2019,20 a 24 anos,191.0
2308708,Morada Nova - CE,2019,25 a 29 anos,197.0
2308708,Morada Nova - CE,2019,30 a 34 anos,161.0
2308708,Morada Nova - CE,2019,35 a 39 anos,76.0
2308708,Morada Nova - CE,2019,40 a 44 anos,13.0
2308708,Morada Nova - CE,2019,45 a 49 anos,
2308708,Morada Nova - CE,2019,50 anos ou mais,
2308708,Morada Nova - CE,2019,Ignorada,
2308807,Moraújo - CE,2014,Total,126.0
2308807,Moraújo - CE,2014,Menos de 15 anos,3.0
2308807,Moraújo - CE,2014,15 a 19 anos,27.0
2308807,Moraújo - CE,2014,20 a 24 anos,31.0
2308807,Moraújo - CE,2014,25 a 29 anos,28.0
2308807,Moraújo - CE,2014,30 a 34 anos,27.0
2308807,Moraújo - CE,2014,35 a 39 anos,6.0
2308807,Moraújo - CE,2014,40 a 44 anos,4.0
2308807,Moraújo - CE,2014,45 a 49 anos,
2308807,Moraújo - CE,2014,50 anos ou mais,
2308807,Moraújo - CE,2014,Ignorada,
2308807,Moraújo - CE,2015,Total,134.0
2308807,Moraújo - CE,2015,Menos de 15 anos,
2308807,Moraújo - CE,2015,15 a 19 anos,29.0
2308807,Moraújo - CE,2015,20 a 24 anos,25.0
2308807,Moraújo - CE,2015,25 a 29 anos,37.0
2308807,Moraújo - CE,2015,30 a 34 anos,23.0
2308807,Moraújo - CE,2015,35 a 39 anos,14.0
2308807,Moraújo - CE,2015,40 a 44 anos,6.0
2308807,Moraújo - CE,2015,45 a 49 anos,
2308807,Moraújo - CE,2015,50 anos ou mais,
2308807,Moraújo - CE,2015,Ignorada,
2308807,Moraújo - CE,2016,Total,112.0
2308807,Moraújo - CE,2016,Menos de 15 anos,
2308807,Moraújo - CE,2016,15 a 19 anos,18.0
2308807,Moraújo - CE,2016,20 a 24 anos,20.0
2308807,Moraújo - CE,2016,25 a 29 anos,34.0
2308807,Moraújo - CE,2016,30 a 34 anos,25.0
2308807,Moraújo - CE,2016,35 a 39 anos,13.0
2308807,Moraújo - CE,2016,40 a 44 anos,2.0
2308807,Moraújo - CE,2016,45 a 49 anos,
2308807,Moraújo - CE,2016,50 anos ou mais,
2308807,Moraújo - CE,2016,Ignorada,
2308807,Moraújo - CE,2017,Total,115.0
2308807,Moraújo - CE,2017,Menos de 15 anos,
2308807,Moraújo - CE,2017,15 a 19 anos,18.0
2308807,Moraújo - CE,2017,20 a 24 anos,26.0
2308807,Moraújo - CE,2017,25 a 29 anos,29.0
2308807,Moraújo - CE,2017,30 a 34 anos,20.0
2308807,Moraújo - CE,2017,35 a 39 anos,11.0
2308807,Moraújo - CE,2017,40 a 44 anos,7.0
2308807,Moraújo - CE,2017,45 a 49 anos,3.0
2308807,Moraújo - CE,2017,50 anos ou mais,1.0
2308807,Moraújo - CE,2017,Ignorada,
2308807,Moraújo - CE,2018,Total,135.0
2308807,Moraújo - CE,2018,Menos de 15 anos,1.0
2308807,Moraújo - CE,2018,15 a 19 anos,23.0
2308807,Moraújo - CE,2018,20 a 24 anos,36.0
2308807,Moraújo - CE,2018,25 a 29 anos,29.0
2308807,Moraújo - CE,2018,30 a 34 anos,25.0
2308807,Moraújo - CE,2018,35 a 39 anos,13.0
2308807,Moraújo - CE,2018,40 a 44 anos,8.0
2308807,Moraújo - CE,2018,45 a 49 anos,
2308807,Moraújo - CE,2018,50 anos ou mais,
2308807,Moraújo - CE,2018,Ignorada,
2308807,Moraújo - CE,2019,Total,145.0
2308807,Moraújo - CE,2019,Menos de 15 anos,2.0
2308807,Moraújo - CE,2019,15 a 19 anos,27.0
2308807,Moraújo - CE,2019,20 a 24 anos,34.0
2308807,Moraújo - CE,2019,25 a 29 anos,35.0
2308807,Moraújo - CE,2019,30 a 34 anos,30.0
2308807,Moraújo - CE,2019,35 a 39 anos,10.0
2308807,Moraújo - CE,2019,40 a 44 anos,6.0
2308807,Moraújo - CE,2019,45 a 49 anos,1.0
2308807,Moraújo - CE,2019,50 anos ou mais,
2308807,Moraújo - CE,2019,Ignorada,
2308906,Morrinhos - CE,2014,Total,330.0
2308906,Morrinhos - CE,2014,Menos de 15 anos,3.0
2308906,Morrinhos - CE,2014,15 a 19 anos,60.0
2308906,Morrinhos - CE,2014,20 a 24 anos,87.0
2308906,Morrinhos - CE,2014,25 a 29 anos,77.0
2308906,Morrinhos - CE,2014,30 a 34 anos,60.0
2308906,Morrinhos - CE,2014,35 a 39 anos,32.0
2308906,Morrinhos - CE,2014,40 a 44 anos,11.0
2308906,Morrinhos - CE,2014,45 a 49 anos,
2308906,Morrinhos - CE,2014,50 anos ou mais,
2308906,Morrinhos - CE,2014,Ignorada,
2308906,Morrinhos - CE,2015,Total,332.0
2308906,Morrinhos - CE,2015,Menos de 15 anos,3.0
2308906,Morrinhos - CE,2015,15 a 19 anos,65.0
2308906,Morrinhos - CE,2015,20 a 24 anos,83.0
2308906,Morrinhos - CE,2015,25 a 29 anos,88.0
2308906,Morrinhos - CE,2015,30 a 34 anos,65.0
2308906,Morrinhos - CE,2015,35 a 39 anos,20.0
2308906,Morrinhos - CE,2015,40 a 44 anos,6.0
2308906,Morrinhos - CE,2015,45 a 49 anos,1.0
2308906,Morrinhos - CE,2015,50 anos ou mais,
2308906,Morrinhos - CE,2015,Ignorada,1.0
2308906,Morrinhos - CE,2016,Total,301.0
2308906,Morrinhos - CE,2016,Menos de 15 anos,2.0
2308906,Morrinhos - CE,2016,15 a 19 anos,49.0
2308906,Morrinhos - CE,2016,20 a 24 anos,81.0
2308906,Morrinhos - CE,2016,25 a 29 anos,79.0
2308906,Morrinhos - CE,2016,30 a 34 anos,48.0
2308906,Morrinhos - CE,2016,35 a 39 anos,34.0
2308906,Morrinhos - CE,2016,40 a 44 anos,7.0
2308906,Morrinhos - CE,2016,45 a 49 anos,1.0
2308906,Morrinhos - CE,2016,50 anos ou mais,
2308906,Morrinhos - CE,2016,Ignorada,
2308906,Morrinhos - CE,2017,Total,334.0
2308906,Morrinhos - CE,2017,Menos de 15 anos,2.0
2308906,Morrinhos - CE,2017,15 a 19 anos,50.0
2308906,Morrinhos - CE,2017,20 a 24 anos,85.0
2308906,Morrinhos - CE,2017,25 a 29 anos,83.0
2308906,Morrinhos - CE,2017,30 a 34 anos,65.0
2308906,Morrinhos - CE,2017,35 a 39 anos,32.0
2308906,Morrinhos - CE,2017,40 a 44 anos,16.0
2308906,Morrinhos - CE,2017,45 a 49 anos,1.0
2308906,Morrinhos - CE,2017,50 anos ou mais,
2308906,Morrinhos - CE,2017,Ignorada,
2308906,Morrinhos - CE,2018,Total,385.0
2308906,Morrinhos - CE,2018,Menos de 15 anos,
2308906,Morrinhos - CE,2018,15 a 19 anos,57.0
2308906,Morrinhos - CE,2018,20 a 24 anos,103.0
2308906,Morrinhos - CE,2018,25 a 29 anos,108.0
2308906,Morrinhos - CE,2018,30 a 34 anos,69.0
2308906,Morrinhos - CE,2018,35 a 39 anos,40.0
2308906,Morrinhos - CE,2018,40 a 44 anos,7.0
2308906,Morrinhos - CE,2018,45 a 49 anos,1.0
2308906,Morrinhos - CE,2018,50 anos ou mais,
2308906,Morrinhos - CE,2018,Ignorada,
2308906,Morrinhos - CE,2019,Total,333.0
2308906,Morrinhos - CE,2019,Menos de 15 anos,1.0
2308906,Morrinhos - CE,2019,15 a 19 anos,40.0
2308906,Morrinhos - CE,2019,20 a 24 anos,91.0
2308906,Morrinhos - CE,2019,25 a 29 anos,74.0
2308906,Morrinhos - CE,2019,30 a 34 anos,87.0
2308906,Morrinhos - CE,2019,35 a 39 anos,33.0
2308906,Morrinhos - CE,2019,40 a 44 anos,7.0
2308906,Morrinhos - CE,2019,45 a 49 anos,
2308906,Morrinhos - CE,2019,50 anos ou mais,
2308906,Morrinhos - CE,2019,Ignorada,
2309003,Mucambo - CE,2014,Total,151.0
2309003,Mucambo - CE,2014,Menos de 15 anos,
2309003,Mucambo - CE,2014,15 a 19 anos,23.0
2309003,Mucambo - CE,2014,20 a 24 anos,47.0
2309003,Mucambo - CE,2014,25 a 29 anos,39.0
2309003,Mucambo - CE,2014,30 a 34 anos,29.0
2309003,Mucambo - CE,2014,35 a 39 anos,11.0
2309003,Mucambo - CE,2014,40 a 44 anos,2.0
2309003,Mucambo - CE,2014,45 a 49 anos,
2309003,Mucambo - CE,2014,50 anos ou mais,
2309003,Mucambo - CE,2014,Ignorada,
2309003,Mucambo - CE,2015,Total,170.0
2309003,Mucambo - CE,2015,Menos de 15 anos,3.0
2309003,Mucambo - CE,2015,15 a 19 anos,24.0
2309003,Mucambo - CE,2015,20 a 24 anos,44.0
2309003,Mucambo - CE,2015,25 a 29 anos,40.0
2309003,Mucambo - CE,2015,30 a 34 anos,40.0
2309003,Mucambo - CE,2015,35 a 39 anos,13.0
2309003,Mucambo - CE,2015,40 a 44 anos,3.0
2309003,Mucambo - CE,2015,45 a 49 anos,3.0
2309003,Mucambo - CE,2015,50 anos ou mais,
2309003,Mucambo - CE,2015,Ignorada,
2309003,Mucambo - CE,2016,Total,163.0
2309003,Mucambo - CE,2016,Menos de 15 anos,2.0
2309003,Mucambo - CE,2016,15 a 19 anos,35.0
2309003,Mucambo - CE,2016,20 a 24 anos,51.0
2309003,Mucambo - CE,2016,25 a 29 anos,36.0
2309003,Mucambo - CE,2016,30 a 34 anos,26.0
2309003,Mucambo - CE,2016,35 a 39 anos,6.0
2309003,Mucambo - CE,2016,40 a 44 anos,6.0
2309003,Mucambo - CE,2016,45 a 49 anos,1.0
2309003,Mucambo - CE,2016,50 anos ou mais,
2309003,Mucambo - CE,2016,Ignorada,
2309003,Mucambo - CE,2017,Total,180.0
2309003,Mucambo - CE,2017,Menos de 15 anos,3.0
2309003,Mucambo - CE,2017,15 a 19 anos,32.0
2309003,Mucambo - CE,2017,20 a 24 anos,53.0
2309003,Mucambo - CE,2017,25 a 29 anos,36.0
2309003,Mucambo - CE,2017,30 a 34 anos,33.0
2309003,Mucambo - CE,2017,35 a 39 anos,18.0
2309003,Mucambo - CE,2017,40 a 44 anos,5.0
2309003,Mucambo - CE,2017,45 a 49 anos,
2309003,Mucambo - CE,2017,50 anos ou mais,
2309003,Mucambo - CE,2017,Ignorada,
2309003,Mucambo - CE,2018,Total,184.0
2309003,Mucambo - CE,2018,Menos de 15 anos,1.0
2309003,Mucambo - CE,2018,15 a 19 anos,24.0
2309003,Mucambo - CE,2018,20 a 24 anos,46.0
2309003,Mucambo - CE,2018,25 a 29 anos,36.0
2309003,Mucambo - CE,2018,30 a 34 anos,40.0
2309003,Mucambo - CE,2018,35 a 39 anos,26.0
2309003,Mucambo - CE,2018,40 a 44 anos,11.0
2309003,Mucambo - CE,2018,45 a 49 anos,
2309003,Mucambo - CE,2018,50 anos ou mais,
2309003,Mucambo - CE,2018,Ignorada,
2309003,Mucambo - CE,2019,Total,163.0
2309003,Mucambo - CE,2019,Menos de 15 anos,1.0
2309003,Mucambo - CE,2019,15 a 19 anos,25.0
2309003,Mucambo - CE,2019,20 a 24 anos,36.0
2309003,Mucambo - CE,2019,25 a 29 anos,38.0
2309003,Mucambo - CE,2019,30 a 34 anos,40.0
2309003,Mucambo - CE,2019,35 a 39 anos,15.0
2309003,Mucambo - CE,2019,40 a 44 anos,7.0
2309003,Mucambo - CE,2019,45 a 49 anos,1.0
2309003,Mucambo - CE,2019,50 anos ou mais,
2309003,Mucambo - CE,2019,Ignorada,
2309102,Mulungu - CE,2014,Total,165.0
2309102,Mulungu - CE,2014,Menos de 15 anos,2.0
2309102,Mulungu - CE,2014,15 a 19 anos,32.0
2309102,Mulungu - CE,2014,20 a 24 anos,34.0
2309102,Mulungu - CE,2014,25 a 29 anos,35.0
2309102,Mulungu - CE,2014,30 a 34 anos,34.0
2309102,Mulungu - CE,2014,35 a 39 anos,16.0
2309102,Mulungu - CE,2014,40 a 44 anos,9.0
2309102,Mulungu - CE,2014,45 a 49 anos,1.0
2309102,Mulungu - CE,2014,50 anos ou mais,
2309102,Mulungu - CE,2014,Ignorada,2.0
2309102,Mulungu - CE,2015,Total,151.0
2309102,Mulungu - CE,2015,Menos de 15 anos,2.0
2309102,Mulungu - CE,2015,15 a 19 anos,35.0
2309102,Mulungu - CE,2015,20 a 24 anos,45.0
2309102,Mulungu - CE,2015,25 a 29 anos,29.0
2309102,Mulungu - CE,2015,30 a 34 anos,21.0
2309102,Mulungu - CE,2015,35 a 39 anos,14.0
2309102,Mulungu - CE,2015,40 a 44 anos,3.0
2309102,Mulungu - CE,2015,45 a 49 anos,1.0
2309102,Mulungu - CE,2015,50 anos ou mais,
2309102,Mulungu - CE,2015,Ignorada,1.0
2309102,Mulungu - CE,2016,Total,132.0
2309102,Mulungu - CE,2016,Menos de 15 anos,2.0
2309102,Mulungu - CE,2016,15 a 19 anos,27.0
2309102,Mulungu - CE,2016,20 a 24 anos,27.0
2309102,Mulungu - CE,2016,25 a 29 anos,35.0
2309102,Mulungu - CE,2016,30 a 34 anos,27.0
2309102,Mulungu - CE,2016,35 a 39 anos,10.0
2309102,Mulungu - CE,2016,40 a 44 anos,3.0
2309102,Mulungu - CE,2016,45 a 49 anos,
2309102,Mulungu - CE,2016,50 anos ou mais,1.0
2309102,Mulungu - CE,2016,Ignorada,
2309102,Mulungu - CE,2017,Total,135.0
2309102,Mulungu - CE,2017,Menos de 15 anos,1.0
2309102,Mulungu - CE,2017,15 a 19 anos,23.0
2309102,Mulungu - CE,2017,20 a 24 anos,42.0
2309102,Mulungu - CE,2017,25 a 29 anos,27.0
2309102,Mulungu - CE,2017,30 a 34 anos,25.0
2309102,Mulungu - CE,2017,35 a 39 anos,10.0
2309102,Mulungu - CE,2017,40 a 44 anos,4.0
2309102,Mulungu - CE,2017,45 a 49 anos,
2309102,Mulungu - CE,2017,50 anos ou mais,
2309102,Mulungu - CE,2017,Ignorada,3.0
2309102,Mulungu - CE,2018,Total,132.0
2309102,Mulungu - CE,2018,Menos de 15 anos,1.0
2309102,Mulungu - CE,2018,15 a 19 anos,26.0
2309102,Mulungu - CE,2018,20 a 24 anos,39.0
2309102,Mulungu - CE,2018,25 a 29 anos,26.0
2309102,Mulungu - CE,2018,30 a 34 anos,25.0
2309102,Mulungu - CE,2018,35 a 39 anos,11.0
2309102,Mulungu - CE,2018,40 a 44 anos,4.0
2309102,Mulungu - CE,2018,45 a 49 anos,
2309102,Mulungu - CE,2018,50 anos ou mais,
2309102,Mulungu - CE,2018,Ignorada,
2309102,Mulungu - CE,2019,Total,138.0
2309102,Mulungu - CE,2019,Menos de 15 anos,1.0
2309102,Mulungu - CE,2019,15 a 19 anos,25.0
2309102,Mulungu - CE,2019,20 a 24 anos,33.0
2309102,Mulungu - CE,2019,25 a 29 anos,32.0
2309102,Mulungu - CE,2019,30 a 34 anos,24.0
2309102,Mulungu - CE,2019,35 a 39 anos,19.0
2309102,Mulungu - CE,2019,40 a 44 anos,2.0
2309102,Mulungu - CE,2019,45 a 49 anos,1.0
2309102,Mulungu - CE,2019,50 anos ou mais,
2309102,Mulungu - CE,2019,Ignorada,1.0
2309201,Nova Olinda - CE,2014,Total,274.0
2309201,Nova Olinda - CE,2014,Menos de 15 anos,2.0
2309201,Nova Olinda - CE,2014,15 a 19 anos,67.0
2309201,Nova Olinda - CE,2014,20 a 24 anos,66.0
2309201,Nova Olinda - CE,2014,25 a 29 anos,62.0
2309201,Nova Olinda - CE,2014,30 a 34 anos,47.0
2309201,Nova Olinda - CE,2014,35 a 39 anos,20.0
2309201,Nova Olinda - CE,2014,40 a 44 anos,8.0
2309201,Nova Olinda - CE,2014,45 a 49 anos,1.0
2309201,Nova Olinda - CE,2014,50 anos ou mais,1.0
2309201,Nova Olinda - CE,2014,Ignorada,
2309201,Nova Olinda - CE,2015,Total,271.0
2309201,Nova Olinda - CE,2015,Menos de 15 anos,5.0
2309201,Nova Olinda - CE,2015,15 a 19 anos,56.0
2309201,Nova Olinda - CE,2015,20 a 24 anos,81.0
2309201,Nova Olinda - CE,2015,25 a 29 anos,65.0
2309201,Nova Olinda - CE,2015,30 a 34 anos,36.0
2309201,Nova Olinda - CE,2015,35 a 39 anos,20.0
2309201,Nova Olinda - CE,2015,40 a 44 anos,6.0
2309201,Nova Olinda - CE,2015,45 a 49 anos,2.0
2309201,Nova Olinda - CE,2015,50 anos ou mais,
2309201,Nova Olinda - CE,2015,Ignorada,
2309201,Nova Olinda - CE,2016,Total,259.0
2309201,Nova Olinda - CE,2016,Menos de 15 anos,4.0
2309201,Nova Olinda - CE,2016,15 a 19 anos,52.0
2309201,Nova Olinda - CE,2016,20 a 24 anos,72.0
2309201,Nova Olinda - CE,2016,25 a 29 anos,58.0
2309201,Nova Olinda - CE,2016,30 a 34 anos,49.0
2309201,Nova Olinda - CE,2016,35 a 39 anos,18.0
2309201,Nova Olinda - CE,2016,40 a 44 anos,6.0
2309201,Nova Olinda - CE,2016,45 a 49 anos,
2309201,Nova Olinda - CE,2016,50 anos ou mais,
2309201,Nova Olinda - CE,2016,Ignorada,
2309201,Nova Olinda - CE,2017,Total,265.0
2309201,Nova Olinda - CE,2017,Menos de 15 anos,2.0
2309201,Nova Olinda - CE,2017,15 a 19 anos,54.0
2309201,Nova Olinda - CE,2017,20 a 24 anos,69.0
2309201,Nova Olinda - CE,2017,25 a 29 anos,69.0
2309201,Nova Olinda - CE,2017,30 a 34 anos,37.0
2309201,Nova Olinda - CE,2017,35 a 39 anos,23.0
2309201,Nova Olinda - CE,2017,40 a 44 anos,11.0
2309201,Nova Olinda - CE,2017,45 a 49 anos,
2309201,Nova Olinda - CE,2017,50 anos ou mais,
2309201,Nova Olinda - CE,2017,Ignorada,
2309201,Nova Olinda - CE,2018,Total,267.0
2309201,Nova Olinda - CE,2018,Menos de 15 anos,1.0
2309201,Nova Olinda - CE,2018,15 a 19 anos,68.0
2309201,Nova Olinda - CE,2018,20 a 24 anos,69.0
2309201,Nova Olinda - CE,2018,25 a 29 anos,63.0
2309201,Nova Olinda - CE,2018,30 a 34 anos,39.0
2309201,Nova Olinda - CE,2018,35 a 39 anos,20.0
2309201,Nova Olinda - CE,2018,40 a 44 anos,7.0
2309201,Nova Olinda - CE,2018,45 a 49 anos,
2309201,Nova Olinda - CE,2018,50 anos ou mais,
2309201,Nova Olinda - CE,2018,Ignorada,
2309201,Nova Olinda - CE,2019,Total,246.0
2309201,Nova Olinda - CE,2019,Menos de 15 anos,2.0
2309201,Nova Olinda - CE,2019,15 a 19 anos,46.0
2309201,Nova Olinda - CE,2019,20 a 24 anos,71.0
2309201,Nova Olinda - CE,2019,25 a 29 anos,56.0
2309201,Nova Olinda - CE,2019,30 a 34 anos,46.0
2309201,Nova Olinda - CE,2019,35 a 39 anos,17.0
2309201,Nova Olinda - CE,2019,40 a 44 anos,8.0
2309201,Nova Olinda - CE,2019,45 a 49 anos,
2309201,Nova Olinda - CE,2019,50 anos ou mais,
2309201,Nova Olinda - CE,2019,Ignorada,
2309300,Nova Russas - CE,2014,Total,333.0
2309300,Nova Russas - CE,2014,Menos de 15 anos,5.0
2309300,Nova Russas - CE,2014,15 a 19 anos,80.0
2309300,Nova Russas - CE,2014,20 a 24 anos,82.0
2309300,Nova Russas - CE,2014,25 a 29 anos,92.0
2309300,Nova Russas - CE,2014,30 a 34 anos,33.0
2309300,Nova Russas - CE,2014,35 a 39 anos,33.0
2309300,Nova Russas - CE,2014,40 a 44 anos,6.0
2309300,Nova Russas - CE,2014,45 a 49 anos,2.0
2309300,Nova Russas - CE,2014,50 anos ou mais,
2309300,Nova Russas - CE,2014,Ignorada,
2309300,Nova Russas - CE,2015,Total,395.0
2309300,Nova Russas - CE,2015,Menos de 15 anos,3.0
2309300,Nova Russas - CE,2015,15 a 19 anos,85.0
2309300,Nova Russas - CE,2015,20 a 24 anos,105.0
2309300,Nova Russas - CE,2015,25 a 29 anos,79.0
2309300,Nova Russas - CE,2015,30 a 34 anos,82.0
2309300,Nova Russas - CE,2015,35 a 39 anos,33.0
2309300,Nova Russas - CE,2015,40 a 44 anos,8.0
2309300,Nova Russas - CE,2015,45 a 49 anos,
2309300,Nova Russas - CE,2015,50 anos ou mais,
2309300,Nova Russas - CE,2015,Ignorada,
2309300,Nova Russas - CE,2016,Total,353.0
2309300,Nova Russas - CE,2016,Menos de 15 anos,6.0
2309300,Nova Russas - CE,2016,15 a 19 anos,72.0
2309300,Nova Russas - CE,2016,20 a 24 anos,87.0
2309300,Nova Russas - CE,2016,25 a 29 anos,94.0
2309300,Nova Russas - CE,2016,30 a 34 anos,62.0
2309300,Nova Russas - CE,2016,35 a 39 anos,26.0
2309300,Nova Russas - CE,2016,40 a 44 anos,5.0
2309300,Nova Russas - CE,2016,45 a 49 anos,
2309300,Nova Russas - CE,2016,50 anos ou mais,
2309300,Nova Russas - CE,2016,Ignorada,1.0
2309300,Nova Russas - CE,2017,Total,363.0
2309300,Nova Russas - CE,2017,Menos de 15 anos,6.0
2309300,Nova Russas - CE,2017,15 a 19 anos,68.0
2309300,Nova Russas - CE,2017,20 a 24 anos,90.0
2309300,Nova Russas - CE,2017,25 a 29 anos,79.0
2309300,Nova Russas - CE,2017,30 a 34 anos,81.0
2309300,Nova Russas - CE,2017,35 a 39 anos,30.0
2309300,Nova Russas - CE,2017,40 a 44 anos,8.0
2309300,Nova Russas - CE,2017,45 a 49 anos,1.0
2309300,Nova Russas - CE,2017,50 anos ou mais,
2309300,Nova Russas - CE,2017,Ignorada,
2309300,Nova Russas - CE,2018,Total,426.0
2309300,Nova Russas - CE,2018,Menos de 15 anos,3.0
2309300,Nova Russas - CE,2018,15 a 19 anos,74.0
2309300,Nova Russas - CE,2018,20 a 24 anos,90.0
2309300,Nova Russas - CE,2018,25 a 29 anos,90.0
2309300,Nova Russas - CE,2018,30 a 34 anos,102.0
2309300,Nova Russas - CE,2018,35 a 39 anos,45.0
2309300,Nova Russas - CE,2018,40 a 44 anos,21.0
2309300,Nova Russas - CE,2018,45 a 49 anos,
2309300,Nova Russas - CE,2018,50 anos ou mais,1.0
2309300,Nova Russas - CE,2018,Ignorada,
2309300,Nova Russas - CE,2019,Total,369.0
2309300,Nova Russas - CE,2019,Menos de 15 anos,3.0
2309300,Nova Russas - CE,2019,15 a 19 anos,63.0
2309300,Nova Russas - CE,2019,20 a 24 anos,81.0
2309300,Nova Russas - CE,2019,25 a 29 anos,77.0
2309300,Nova Russas - CE,2019,30 a 34 anos,82.0
2309300,Nova Russas - CE,2019,35 a 39 anos,53.0
2309300,Nova Russas - CE,2019,40 a 44 anos,10.0
2309300,Nova Russas - CE,2019,45 a 49 anos,
2309300,Nova Russas - CE,2019,50 anos ou mais,
2309300,Nova Russas - CE,2019,Ignorada,
2309409,Novo Oriente - CE,2014,Total,367.0
2309409,Novo Oriente - CE,2014,Menos de 15 anos,5.0
2309409,Novo Oriente - CE,2014,15 a 19 anos,82.0
2309409,Novo Oriente - CE,2014,20 a 24 anos,104.0
2309409,Novo Oriente - CE,2014,25 a 29 anos,76.0
2309409,Novo Oriente - CE,2014,30 a 34 anos,60.0
2309409,Novo Oriente - CE,2014,35 a 39 anos,35.0
2309409,Novo Oriente - CE,2014,40 a 44 anos,5.0
2309409,Novo Oriente - CE,2014,45 a 49 anos,
2309409,Novo Oriente - CE,2014,50 anos ou mais,
2309409,Novo Oriente - CE,2014,Ignorada,
2309409,Novo Oriente - CE,2015,Total,368.0
2309409,Novo Oriente - CE,2015,Menos de 15 anos,1.0
2309409,Novo Oriente - CE,2015,15 a 19 anos,82.0
2309409,Novo Oriente - CE,2015,20 a 24 anos,83.0
2309409,Novo Oriente - CE,2015,25 a 29 anos,92.0
2309409,Novo Oriente - CE,2015,30 a 34 anos,67.0
2309409,Novo Oriente - CE,2015,35 a 39 anos,40.0
2309409,Novo Oriente - CE,2015,40 a 44 anos,3.0
2309409,Novo Oriente - CE,2015,45 a 49 anos,
2309409,Novo Oriente - CE,2015,50 anos ou mais,
2309409,Novo Oriente - CE,2015,Ignorada,
2309409,Novo Oriente - CE,2016,Total,355.0
2309409,Novo Oriente - CE,2016,Menos de 15 anos,3.0
2309409,Novo Oriente - CE,2016,15 a 19 anos,82.0
2309409,Novo Oriente - CE,2016,20 a 24 anos,96.0
2309409,Novo Oriente - CE,2016,25 a 29 anos,74.0
2309409,Novo Oriente - CE,2016,30 a 34 anos,57.0
2309409,Novo Oriente - CE,2016,35 a 39 anos,33.0
2309409,Novo Oriente - CE,2016,40 a 44 anos,9.0
2309409,Novo Oriente - CE,2016,45 a 49 anos,1.0
2309409,Novo Oriente - CE,2016,50 anos ou mais,
2309409,Novo Oriente - CE,2016,Ignorada,
2309409,Novo Oriente - CE,2017,Total,371.0
2309409,Novo Oriente - CE,2017,Menos de 15 anos,7.0
2309409,Novo Oriente - CE,2017,15 a 19 anos,66.0
2309409,Novo Oriente - CE,2017,20 a 24 anos,111.0
2309409,Novo Oriente - CE,2017,25 a 29 anos,83.0
2309409,Novo Oriente - CE,2017,30 a 34 anos,53.0
2309409,Novo Oriente - CE,2017,35 a 39 anos,35.0
2309409,Novo Oriente - CE,2017,40 a 44 anos,15.0
2309409,Novo Oriente - CE,2017,45 a 49 anos,1.0
2309409,Novo Oriente - CE,2017,50 anos ou mais,
2309409,Novo Oriente - CE,2017,Ignorada,
2309409,Novo Oriente - CE,2018,Total,333.0
2309409,Novo Oriente - CE,2018,Menos de 15 anos,7.0
2309409,Novo Oriente - CE,2018,15 a 19 anos,61.0
2309409,Novo Oriente - CE,2018,20 a 24 anos,100.0
2309409,Novo Oriente - CE,2018,25 a 29 anos,62.0
2309409,Novo Oriente - CE,2018,30 a 34 anos,56.0
2309409,Novo Oriente - CE,2018,35 a 39 anos,37.0
2309409,Novo Oriente - CE,2018,40 a 44 anos,10.0
2309409,Novo Oriente - CE,2018,45 a 49 anos,
2309409,Novo Oriente - CE,2018,50 anos ou mais,
2309409,Novo Oriente - CE,2018,Ignorada,
2309409,Novo Oriente - CE,2019,Total,379.0
2309409,Novo Oriente - CE,2019,Menos de 15 anos,2.0
2309409,Novo Oriente - CE,2019,15 a 19 anos,68.0
2309409,Novo Oriente - CE,2019,20 a 24 anos,107.0
2309409,Novo Oriente - CE,2019,25 a 29 anos,86.0
2309409,Novo Oriente - CE,2019,30 a 34 anos,70.0
2309409,Novo Oriente - CE,2019,35 a 39 anos,38.0
2309409,Novo Oriente - CE,2019,40 a 44 anos,8.0
2309409,Novo Oriente - CE,2019,45 a 49 anos,
2309409,Novo Oriente - CE,2019,50 anos ou mais,
2309409,Novo Oriente - CE,2019,Ignorada,
2309458,Ocara - CE,2014,Total,307.0
2309458,Ocara - CE,2014,Menos de 15 anos,2.0
2309458,Ocara - CE,2014,15 a 19 anos,55.0
2309458,Ocara - CE,2014,20 a 24 anos,92.0
2309458,Ocara - CE,2014,25 a 29 anos,72.0
2309458,Ocara - CE,2014,30 a 34 anos,51.0
2309458,Ocara - CE,2014,35 a 39 anos,25.0
2309458,Ocara - CE,2014,40 a 44 anos,8.0
2309458,Ocara - CE,2014,45 a 49 anos,1.0
2309458,Ocara - CE,2014,50 anos ou mais,1.0
2309458,Ocara - CE,2014,Ignorada,
2309458,Ocara - CE,2015,Total,319.0
2309458,Ocara - CE,2015,Menos de 15 anos,5.0
2309458,Ocara - CE,2015,15 a 19 anos,75.0
2309458,Ocara - CE,2015,20 a 24 anos,73.0
2309458,Ocara - CE,2015,25 a 29 anos,89.0
2309458,Ocara - CE,2015,30 a 34 anos,48.0
2309458,Ocara - CE,2015,35 a 39 anos,18.0
2309458,Ocara - CE,2015,40 a 44 anos,9.0
2309458,Ocara - CE,2015,45 a 49 anos,2.0
2309458,Ocara - CE,2015,50 anos ou mais,
2309458,Ocara - CE,2015,Ignorada,
2309458,Ocara - CE,2016,Total,241.0
2309458,Ocara - CE,2016,Menos de 15 anos,2.0
2309458,Ocara - CE,2016,15 a 19 anos,54.0
2309458,Ocara - CE,2016,20 a 24 anos,60.0
2309458,Ocara - CE,2016,25 a 29 anos,59.0
2309458,Ocara - CE,2016,30 a 34 anos,41.0
2309458,Ocara - CE,2016,35 a 39 anos,16.0
2309458,Ocara - CE,2016,40 a 44 anos,7.0
2309458,Ocara - CE,2016,45 a 49 anos,
2309458,Ocara - CE,2016,50 anos ou mais,
2309458,Ocara - CE,2016,Ignorada,2.0
2309458,Ocara - CE,2017,Total,261.0
2309458,Ocara - CE,2017,Menos de 15 anos,2.0
2309458,Ocara - CE,2017,15 a 19 anos,47.0
2309458,Ocara - CE,2017,20 a 24 anos,72.0
2309458,Ocara - CE,2017,25 a 29 anos,64.0
2309458,Ocara - CE,2017,30 a 34 anos,49.0
2309458,Ocara - CE,2017,35 a 39 anos,18.0
2309458,Ocara - CE,2017,40 a 44 anos,8.0
2309458,Ocara - CE,2017,45 a 49 anos,1.0
2309458,Ocara - CE,2017,50 anos ou mais,
2309458,Ocara - CE,2017,Ignorada,
2309458,Ocara - CE,2018,Total,301.0
2309458,Ocara - CE,2018,Menos de 15 anos,2.0
2309458,Ocara - CE,2018,15 a 19 anos,54.0
2309458,Ocara - CE,2018,20 a 24 anos,79.0
2309458,Ocara - CE,2018,25 a 29 anos,73.0
2309458,Ocara - CE,2018,30 a 34 anos,59.0
2309458,Ocara - CE,2018,35 a 39 anos,28.0
2309458,Ocara - CE,2018,40 a 44 anos,6.0
2309458,Ocara - CE,2018,45 a 49 anos,
2309458,Ocara - CE,2018,50 anos ou mais,
2309458,Ocara - CE,2018,Ignorada,
2309458,Ocara - CE,2019,Total,291.0
2309458,Ocara - CE,2019,Menos de 15 anos,1.0
2309458,Ocara - CE,2019,15 a 19 anos,41.0
2309458,Ocara - CE,2019,20 a 24 anos,87.0
2309458,Ocara - CE,2019,25 a 29 anos,65.0
2309458,Ocara - CE,2019,30 a 34 anos,65.0
2309458,Ocara - CE,2019,35 a 39 anos,25.0
2309458,Ocara - CE,2019,40 a 44 anos,7.0
2309458,Ocara - CE,2019,45 a 49 anos,
2309458,Ocara - CE,2019,50 anos ou mais,
2309458,Ocara - CE,2019,Ignorada,
2309508,Orós - CE,2014,Total,242.0
2309508,Orós - CE,2014,Menos de 15 anos,5.0
2309508,Orós - CE,2014,15 a 19 anos,53.0
2309508,Orós - CE,2014,20 a 24 anos,61.0
2309508,Orós - CE,2014,25 a 29 anos,66.0
2309508,Orós - CE,2014,30 a 34 anos,39.0
2309508,Orós - CE,2014,35 a 39 anos,14.0
2309508,Orós - CE,2014,40 a 44 anos,4.0
2309508,Orós - CE,2014,45 a 49 anos,
2309508,Orós - CE,2014,50 anos ou mais,
2309508,Orós - CE,2014,Ignorada,
2309508,Orós - CE,2015,Total,273.0
2309508,Orós - CE,2015,Menos de 15 anos,6.0
2309508,Orós - CE,2015,15 a 19 anos,56.0
2309508,Orós - CE,2015,20 a 24 anos,64.0
2309508,Orós - CE,2015,25 a 29 anos,60.0
2309508,Orós - CE,2015,30 a 34 anos,51.0
2309508,Orós - CE,2015,35 a 39 anos,33.0
2309508,Orós - CE,2015,40 a 44 anos,2.0
2309508,Orós - CE,2015,45 a 49 anos,1.0
2309508,Orós - CE,2015,50 anos ou mais,
2309508,Orós - CE,2015,Ignorada,
2309508,Orós - CE,2016,Total,265.0
2309508,Orós - CE,2016,Menos de 15 anos,6.0
2309508,Orós - CE,2016,15 a 19 anos,48.0
2309508,Orós - CE,2016,20 a 24 anos,65.0
2309508,Orós - CE,2016,25 a 29 anos,66.0
2309508,Orós - CE,2016,30 a 34 anos,61.0
2309508,Orós - CE,2016,35 a 39 anos,14.0
2309508,Orós - CE,2016,40 a 44 anos,5.0
2309508,Orós - CE,2016,45 a 49 anos,
2309508,Orós - CE,2016,50 anos ou mais,
2309508,Orós - CE,2016,Ignorada,
2309508,Orós - CE,2017,Total,258.0
2309508,Orós - CE,2017,Menos de 15 anos,4.0
2309508,Orós - CE,2017,15 a 19 anos,54.0
2309508,Orós - CE,2017,20 a 24 anos,55.0
2309508,Orós - CE,2017,25 a 29 anos,61.0
2309508,Orós - CE,2017,30 a 34 anos,59.0
2309508,Orós - CE,2017,35 a 39 anos,22.0
2309508,Orós - CE,2017,40 a 44 anos,3.0
2309508,Orós - CE,2017,45 a 49 anos,
2309508,Orós - CE,2017,50 anos ou mais,
2309508,Orós - CE,2017,Ignorada,
2309508,Orós - CE,2018,Total,245.0
2309508,Orós - CE,2018,Menos de 15 anos,3.0
2309508,Orós - CE,2018,15 a 19 anos,45.0
2309508,Orós - CE,2018,20 a 24 anos,50.0
2309508,Orós - CE,2018,25 a 29 anos,65.0
2309508,Orós - CE,2018,30 a 34 anos,47.0
2309508,Orós - CE,2018,35 a 39 anos,30.0
2309508,Orós - CE,2018,40 a 44 anos,5.0
2309508,Orós - CE,2018,45 a 49 anos,
2309508,Orós - CE,2018,50 anos ou mais,
2309508,Orós - CE,2018,Ignorada,
2309508,Orós - CE,2019,Total,257.0
2309508,Orós - CE,2019,Menos de 15 anos,4.0
2309508,Orós - CE,2019,15 a 19 anos,35.0
2309508,Orós - CE,2019,20 a 24 anos,67.0
2309508,Orós - CE,2019,25 a 29 anos,74.0
2309508,Orós - CE,2019,30 a 34 anos,47.0
2309508,Orós - CE,2019,35 a 39 anos,24.0
2309508,Orós - CE,2019,40 a 44 anos,5.0
2309508,Orós - CE,2019,45 a 49 anos,1.0
2309508,Orós - CE,2019,50 anos ou mais,
2309508,Orós - CE,2019,Ignorada,
2309607,Pacajus - CE,2014,Total,1014.0
2309607,Pacajus - CE,2014,Menos de 15 anos,10.0
2309607,Pacajus - CE,2014,15 a 19 anos,194.0
2309607,Pacajus - CE,2014,20 a 24 anos,297.0
2309607,Pacajus - CE,2014,25 a 29 anos,239.0
2309607,Pacajus - CE,2014,30 a 34 anos,185.0
2309607,Pacajus - CE,2014,35 a 39 anos,65.0
2309607,Pacajus - CE,2014,40 a 44 anos,21.0
2309607,Pacajus - CE,2014,45 a 49 anos,1.0
2309607,Pacajus - CE,2014,50 anos ou mais,
2309607,Pacajus - CE,2014,Ignorada,2.0
2309607,Pacajus - CE,2015,Total,1075.0
2309607,Pacajus - CE,2015,Menos de 15 anos,11.0
2309607,Pacajus - CE,2015,15 a 19 anos,214.0
2309607,Pacajus - CE,2015,20 a 24 anos,257.0
2309607,Pacajus - CE,2015,25 a 29 anos,317.0
2309607,Pacajus - CE,2015,30 a 34 anos,174.0
2309607,Pacajus - CE,2015,35 a 39 anos,81.0
2309607,Pacajus - CE,2015,40 a 44 anos,18.0
2309607,Pacajus - CE,2015,45 a 49 anos,1.0
2309607,Pacajus - CE,2015,50 anos ou mais,
2309607,Pacajus - CE,2015,Ignorada,2.0
2309607,Pacajus - CE,2016,Total,950.0
2309607,Pacajus - CE,2016,Menos de 15 anos,12.0
2309607,Pacajus - CE,2016,15 a 19 anos,191.0
2309607,Pacajus - CE,2016,20 a 24 anos,224.0
2309607,Pacajus - CE,2016,25 a 29 anos,246.0
2309607,Pacajus - CE,2016,30 a 34 anos,164.0
2309607,Pacajus - CE,2016,35 a 39 anos,90.0
2309607,Pacajus - CE,2016,40 a 44 anos,22.0
2309607,Pacajus - CE,2016,45 a 49 anos,1.0
2309607,Pacajus - CE,2016,50 anos ou mais,
2309607,Pacajus - CE,2016,Ignorada,
2309607,Pacajus - CE,2017,Total,973.0
2309607,Pacajus - CE,2017,Menos de 15 anos,7.0
2309607,Pacajus - CE,2017,15 a 19 anos,183.0
2309607,Pacajus - CE,2017,20 a 24 anos,256.0
2309607,Pacajus - CE,2017,25 a 29 anos,242.0
2309607,Pacajus - CE,2017,30 a 34 anos,167.0
2309607,Pacajus - CE,2017,35 a 39 anos,79.0
2309607,Pacajus - CE,2017,40 a 44 anos,21.0
2309607,Pacajus - CE,2017,45 a 49 anos,
2309607,Pacajus - CE,2017,50 anos ou mais,
2309607,Pacajus - CE,2017,Ignorada,18.0
2309607,Pacajus - CE,2018,Total,983.0
2309607,Pacajus - CE,2018,Menos de 15 anos,9.0
2309607,Pacajus - CE,2018,15 a 19 anos,164.0
2309607,Pacajus - CE,2018,20 a 24 anos,282.0
2309607,Pacajus - CE,2018,25 a 29 anos,231.0
2309607,Pacajus - CE,2018,30 a 34 anos,186.0
2309607,Pacajus - CE,2018,35 a 39 anos,81.0
2309607,Pacajus - CE,2018,40 a 44 anos,29.0
2309607,Pacajus - CE,2018,45 a 49 anos,
2309607,Pacajus - CE,2018,50 anos ou mais,
2309607,Pacajus - CE,2018,Ignorada,1.0
2309607,Pacajus - CE,2019,Total,992.0
2309607,Pacajus - CE,2019,Menos de 15 anos,5.0
2309607,Pacajus - CE,2019,15 a 19 anos,129.0
2309607,Pacajus - CE,2019,20 a 24 anos,256.0
2309607,Pacajus - CE,2019,25 a 29 anos,256.0
2309607,Pacajus - CE,2019,30 a 34 anos,213.0
2309607,Pacajus - CE,2019,35 a 39 anos,107.0
2309607,Pacajus - CE,2019,40 a 44 anos,23.0
2309607,Pacajus - CE,2019,45 a 49 anos,2.0
2309607,Pacajus - CE,2019,50 anos ou mais,
2309607,Pacajus - CE,2019,Ignorada,1.0
2309706,Pacatuba - CE,2014,Total,935.0
2309706,Pacatuba - CE,2014,Menos de 15 anos,7.0
2309706,Pacatuba - CE,2014,15 a 19 anos,196.0
2309706,Pacatuba - CE,2014,20 a 24 anos,274.0
2309706,Pacatuba - CE,2014,25 a 29 anos,223.0
2309706,Pacatuba - CE,2014,30 a 34 anos,155.0
2309706,Pacatuba - CE,2014,35 a 39 anos,55.0
2309706,Pacatuba - CE,2014,40 a 44 anos,21.0
2309706,Pacatuba - CE,2014,45 a 49 anos,1.0
2309706,Pacatuba - CE,2014,50 anos ou mais,1.0
2309706,Pacatuba - CE,2014,Ignorada,2.0
2309706,Pacatuba - CE,2015,Total,1011.0
2309706,Pacatuba - CE,2015,Menos de 15 anos,8.0
2309706,Pacatuba - CE,2015,15 a 19 anos,175.0
2309706,Pacatuba - CE,2015,20 a 24 anos,281.0
2309706,Pacatuba - CE,2015,25 a 29 anos,286.0
2309706,Pacatuba - CE,2015,30 a 34 anos,164.0
2309706,Pacatuba - CE,2015,35 a 39 anos,66.0
2309706,Pacatuba - CE,2015,40 a 44 anos,28.0
2309706,Pacatuba - CE,2015,45 a 49 anos,1.0
2309706,Pacatuba - CE,2015,50 anos ou mais,
2309706,Pacatuba - CE,2015,Ignorada,2.0
2309706,Pacatuba - CE,2016,Total,895.0
2309706,Pacatuba - CE,2016,Menos de 15 anos,5.0
2309706,Pacatuba - CE,2016,15 a 19 anos,157.0
2309706,Pacatuba - CE,2016,20 a 24 anos,264.0
2309706,Pacatuba - CE,2016,25 a 29 anos,217.0
2309706,Pacatuba - CE,2016,30 a 34 anos,160.0
2309706,Pacatuba - CE,2016,35 a 39 anos,79.0
2309706,Pacatuba - CE,2016,40 a 44 anos,13.0
2309706,Pacatuba - CE,2016,45 a 49 anos,
2309706,Pacatuba - CE,2016,50 anos ou mais,
2309706,Pacatuba - CE,2016,Ignorada,
2309706,Pacatuba - CE,2017,Total,1056.0
2309706,Pacatuba - CE,2017,Menos de 15 anos,4.0
2309706,Pacatuba - CE,2017,15 a 19 anos,166.0
2309706,Pacatuba - CE,2017,20 a 24 anos,305.0
2309706,Pacatuba - CE,2017,25 a 29 anos,249.0
2309706,Pacatuba - CE,2017,30 a 34 anos,198.0
2309706,Pacatuba - CE,2017,35 a 39 anos,115.0
2309706,Pacatuba - CE,2017,40 a 44 anos,18.0
2309706,Pacatuba - CE,2017,45 a 49 anos,
2309706,Pacatuba - CE,2017,50 anos ou mais,
2309706,Pacatuba - CE,2017,Ignorada,1.0
2309706,Pacatuba - CE,2018,Total,1043.0
2309706,Pacatuba - CE,2018,Menos de 15 anos,5.0
2309706,Pacatuba - CE,2018,15 a 19 anos,154.0
2309706,Pacatuba - CE,2018,20 a 24 anos,262.0
2309706,Pacatuba - CE,2018,25 a 29 anos,260.0
2309706,Pacatuba - CE,2018,30 a 34 anos,232.0
2309706,Pacatuba - CE,2018,35 a 39 anos,104.0
2309706,Pacatuba - CE,2018,40 a 44 anos,24.0
2309706,Pacatuba - CE,2018,45 a 49 anos,2.0
2309706,Pacatuba - CE,2018,50 anos ou mais,
2309706,Pacatuba - CE,2018,Ignorada,
2309706,Pacatuba - CE,2019,Total,1057.0
2309706,Pacatuba - CE,2019,Menos de 15 anos,9.0
2309706,Pacatuba - CE,2019,15 a 19 anos,138.0
2309706,Pacatuba - CE,2019,20 a 24 anos,265.0
2309706,Pacatuba - CE,2019,25 a 29 anos,279.0
2309706,Pacatuba - CE,2019,30 a 34 anos,222.0
2309706,Pacatuba - CE,2019,35 a 39 anos,117.0
2309706,Pacatuba - CE,2019,40 a 44 anos,27.0
2309706,Pacatuba - CE,2019,45 a 49 anos,
2309706,Pacatuba - CE,2019,50 anos ou mais,
2309706,Pacatuba - CE,2019,Ignorada,
2309805,Pacoti - CE,2014,Total,158.0
2309805,Pacoti - CE,2014,Menos de 15 anos,
2309805,Pacoti - CE,2014,15 a 19 anos,32.0
2309805,Pacoti - CE,2014,20 a 24 anos,37.0
2309805,Pacoti - CE,2014,25 a 29 anos,48.0
2309805,Pacoti - CE,2014,30 a 34 anos,25.0
2309805,Pacoti - CE,2014,35 a 39 anos,13.0
2309805,Pacoti - CE,2014,40 a 44 anos,3.0
2309805,Pacoti - CE,2014,45 a 49 anos,
2309805,Pacoti - CE,2014,50 anos ou mais,
2309805,Pacoti - CE,2014,Ignorada,
2309805,Pacoti - CE,2015,Total,179.0
2309805,Pacoti - CE,2015,Menos de 15 anos,3.0
2309805,Pacoti - CE,2015,15 a 19 anos,31.0
2309805,Pacoti - CE,2015,20 a 24 anos,38.0
2309805,Pacoti - CE,2015,25 a 29 anos,41.0
2309805,Pacoti - CE,2015,30 a 34 anos,40.0
2309805,Pacoti - CE,2015,35 a 39 anos,20.0
2309805,Pacoti - CE,2015,40 a 44 anos,5.0
2309805,Pacoti - CE,2015,45 a 49 anos,1.0
2309805,Pacoti - CE,2015,50 anos ou mais,
2309805,Pacoti - CE,2015,Ignorada,
2309805,Pacoti - CE,2016,Total,169.0
2309805,Pacoti - CE,2016,Menos de 15 anos,1.0
2309805,Pacoti - CE,2016,15 a 19 anos,34.0
2309805,Pacoti - CE,2016,20 a 24 anos,46.0
2309805,Pacoti - CE,2016,25 a 29 anos,42.0
2309805,Pacoti - CE,2016,30 a 34 anos,28.0
2309805,Pacoti - CE,2016,35 a 39 anos,12.0
2309805,Pacoti - CE,2016,40 a 44 anos,5.0
2309805,Pacoti - CE,2016,45 a 49 anos,1.0
2309805,Pacoti - CE,2016,50 anos ou mais,
2309805,Pacoti - CE,2016,Ignorada,
2309805,Pacoti - CE,2017,Total,168.0
2309805,Pacoti - CE,2017,Menos de 15 anos,
2309805,Pacoti - CE,2017,15 a 19 anos,28.0
2309805,Pacoti - CE,2017,20 a 24 anos,48.0
2309805,Pacoti - CE,2017,25 a 29 anos,34.0
2309805,Pacoti - CE,2017,30 a 34 anos,36.0
2309805,Pacoti - CE,2017,35 a 39 anos,17.0
2309805,Pacoti - CE,2017,40 a 44 anos,5.0
2309805,Pacoti - CE,2017,45 a 49 anos,
2309805,Pacoti - CE,2017,50 anos ou mais,
2309805,Pacoti - CE,2017,Ignorada,
2309805,Pacoti - CE,2018,Total,166.0
2309805,Pacoti - CE,2018,Menos de 15 anos,1.0
2309805,Pacoti - CE,2018,15 a 19 anos,33.0
2309805,Pacoti - CE,2018,20 a 24 anos,43.0
2309805,Pacoti - CE,2018,25 a 29 anos,33.0
2309805,Pacoti - CE,2018,30 a 34 anos,29.0
2309805,Pacoti - CE,2018,35 a 39 anos,21.0
2309805,Pacoti - CE,2018,40 a 44 anos,5.0
2309805,Pacoti - CE,2018,45 a 49 anos,1.0
2309805,Pacoti - CE,2018,50 anos ou mais,
2309805,Pacoti - CE,2018,Ignorada,
2309805,Pacoti - CE,2019,Total,165.0
2309805,Pacoti - CE,2019,Menos de 15 anos,1.0
2309805,Pacoti - CE,2019,15 a 19 anos,20.0
2309805,Pacoti - CE,2019,20 a 24 anos,41.0
2309805,Pacoti - CE,2019,25 a 29 anos,51.0
2309805,Pacoti - CE,2019,30 a 34 anos,27.0
2309805,Pacoti - CE,2019,35 a 39 anos,15.0
2309805,Pacoti - CE,2019,40 a 44 anos,6.0
2309805,Pacoti - CE,2019,45 a 49 anos,1.0
2309805,Pacoti - CE,2019,50 anos ou mais,
2309805,Pacoti - CE,2019,Ignorada,3.0
2309904,Pacujá - CE,2014,Total,78.0
2309904,Pacujá - CE,2014,Menos de 15 anos,1.0
2309904,Pacujá - CE,2014,15 a 19 anos,20.0
2309904,Pacujá - CE,2014,20 a 24 anos,12.0
2309904,Pacujá - CE,2014,25 a 29 anos,17.0
2309904,Pacujá - CE,2014,30 a 34 anos,15.0
2309904,Pacujá - CE,2014,35 a 39 anos,10.0
2309904,Pacujá - CE,2014,40 a 44 anos,2.0
2309904,Pacujá - CE,2014,45 a 49 anos,1.0
2309904,Pacujá - CE,2014,50 anos ou mais,
2309904,Pacujá - CE,2014,Ignorada,
2309904,Pacujá - CE,2015,Total,86.0
2309904,Pacujá - CE,2015,Menos de 15 anos,1.0
2309904,Pacujá - CE,2015,15 a 19 anos,17.0
2309904,Pacujá - CE,2015,20 a 24 anos,22.0
2309904,Pacujá - CE,2015,25 a 29 anos,24.0
2309904,Pacujá - CE,2015,30 a 34 anos,13.0
2309904,Pacujá - CE,2015,35 a 39 anos,6.0
2309904,Pacujá - CE,2015,40 a 44 anos,2.0
2309904,Pacujá - CE,2015,45 a 49 anos,1.0
2309904,Pacujá - CE,2015,50 anos ou mais,
2309904,Pacujá - CE,2015,Ignorada,
2309904,Pacujá - CE,2016,Total,71.0
2309904,Pacujá - CE,2016,Menos de 15 anos,1.0
2309904,Pacujá - CE,2016,15 a 19 anos,20.0
2309904,Pacujá - CE,2016,20 a 24 anos,20.0
2309904,Pacujá - CE,2016,25 a 29 anos,13.0
2309904,Pacujá - CE,2016,30 a 34 anos,11.0
2309904,Pacujá - CE,2016,35 a 39 anos,5.0
2309904,Pacujá - CE,2016,40 a 44 anos,1.0
2309904,Pacujá - CE,2016,45 a 49 anos,
2309904,Pacujá - CE,2016,50 anos ou mais,
2309904,Pacujá - CE,2016,Ignorada,
2309904,Pacujá - CE,2017,Total,88.0
2309904,Pacujá - CE,2017,Menos de 15 anos,1.0
2309904,Pacujá - CE,2017,15 a 19 anos,21.0
2309904,Pacujá - CE,2017,20 a 24 anos,20.0
2309904,Pacujá - CE,2017,25 a 29 anos,22.0
2309904,Pacujá - CE,2017,30 a 34 anos,14.0
2309904,Pacujá - CE,2017,35 a 39 anos,4.0
2309904,Pacujá - CE,2017,40 a 44 anos,6.0
2309904,Pacujá - CE,2017,45 a 49 anos,
2309904,Pacujá - CE,2017,50 anos ou mais,
2309904,Pacujá - CE,2017,Ignorada,
2309904,Pacujá - CE,2018,Total,80.0
2309904,Pacujá - CE,2018,Menos de 15 anos,2.0
2309904,Pacujá - CE,2018,15 a 19 anos,13.0
2309904,Pacujá - CE,2018,20 a 24 anos,18.0
2309904,Pacujá - CE,2018,25 a 29 anos,19.0
2309904,Pacujá - CE,2018,30 a 34 anos,18.0
2309904,Pacujá - CE,2018,35 a 39 anos,6.0
2309904,Pacujá - CE,2018,40 a 44 anos,4.0
2309904,Pacujá - CE,2018,45 a 49 anos,
2309904,Pacujá - CE,2018,50 anos ou mais,
2309904,Pacujá - CE,2018,Ignorada,
2309904,Pacujá - CE,2019,Total,73.0
2309904,Pacujá - CE,2019,Menos de 15 anos,2.0
2309904,Pacujá - CE,2019,15 a 19 anos,20.0
2309904,Pacujá - CE,2019,20 a 24 anos,12.0
2309904,Pacujá - CE,2019,25 a 29 anos,18.0
2309904,Pacujá - CE,2019,30 a 34 anos,12.0
2309904,Pacujá - CE,2019,35 a 39 anos,9.0
2309904,Pacujá - CE,2019,40 a 44 anos,
2309904,Pacujá - CE,2019,45 a 49 anos,
2309904,Pacujá - CE,2019,50 anos ou mais,
2309904,Pacujá - CE,2019,Ignorada,
2310001,Palhano - CE,2014,Total,115.0
2310001,Palhano - CE,2014,Menos de 15 anos,
2310001,Palhano - CE,2014,15 a 19 anos,14.0
2310001,Palhano - CE,2014,20 a 24 anos,17.0
2310001,Palhano - CE,2014,25 a 29 anos,41.0
2310001,Palhano - CE,2014,30 a 34 anos,26.0
2310001,Palhano - CE,2014,35 a 39 anos,11.0
2310001,Palhano - CE,2014,40 a 44 anos,6.0
2310001,Palhano - CE,2014,45 a 49 anos,
2310001,Palhano - CE,2014,50 anos ou mais,
2310001,Palhano - CE,2014,Ignorada,
2310001,Palhano - CE,2015,Total,127.0
2310001,Palhano - CE,2015,Menos de 15 anos,1.0
2310001,Palhano - CE,2015,15 a 19 anos,14.0
2310001,Palhano - CE,2015,20 a 24 anos,40.0
2310001,Palhano - CE,2015,25 a 29 anos,30.0
2310001,Palhano - CE,2015,30 a 34 anos,25.0
2310001,Palhano - CE,2015,35 a 39 anos,13.0
2310001,Palhano - CE,2015,40 a 44 anos,4.0
2310001,Palhano - CE,2015,45 a 49 anos,
2310001,Palhano - CE,2015,50 anos ou mais,
2310001,Palhano - CE,2015,Ignorada,
2310001,Palhano - CE,2016,Total,102.0
2310001,Palhano - CE,2016,Menos de 15 anos,
2310001,Palhano - CE,2016,15 a 19 anos,18.0
2310001,Palhano - CE,2016,20 a 24 anos,24.0
2310001,Palhano - CE,2016,25 a 29 anos,26.0
2310001,Palhano - CE,2016,30 a 34 anos,11.0
2310001,Palhano - CE,2016,35 a 39 anos,19.0
2310001,Palhano - CE,2016,40 a 44 anos,4.0
2310001,Palhano - CE,2016,45 a 49 anos,
2310001,Palhano - CE,2016,50 anos ou mais,
2310001,Palhano - CE,2016,Ignorada,
2310001,Palhano - CE,2017,Total,94.0
2310001,Palhano - CE,2017,Menos de 15 anos,
2310001,Palhano - CE,2017,15 a 19 anos,14.0
2310001,Palhano - CE,2017,20 a 24 anos,19.0
2310001,Palhano - CE,2017,25 a 29 anos,21.0
2310001,Palhano - CE,2017,30 a 34 anos,25.0
2310001,Palhano - CE,2017,35 a 39 anos,12.0
2310001,Palhano - CE,2017,40 a 44 anos,3.0
2310001,Palhano - CE,2017,45 a 49 anos,
2310001,Palhano - CE,2017,50 anos ou mais,
2310001,Palhano - CE,2017,Ignorada,
2310001,Palhano - CE,2018,Total,109.0
2310001,Palhano - CE,2018,Menos de 15 anos,
2310001,Palhano - CE,2018,15 a 19 anos,9.0
2310001,Palhano - CE,2018,20 a 24 anos,28.0
2310001,Palhano - CE,2018,25 a 29 anos,22.0
2310001,Palhano - CE,2018,30 a 34 anos,27.0
2310001,Palhano - CE,2018,35 a 39 anos,20.0
2310001,Palhano - CE,2018,40 a 44 anos,3.0
2310001,Palhano - CE,2018,45 a 49 anos,
2310001,Palhano - CE,2018,50 anos ou mais,
2310001,Palhano - CE,2018,Ignorada,
2310001,Palhano - CE,2019,Total,104.0
2310001,Palhano - CE,2019,Menos de 15 anos,
2310001,Palhano - CE,2019,15 a 19 anos,13.0
2310001,Palhano - CE,2019,20 a 24 anos,20.0
2310001,Palhano - CE,2019,25 a 29 anos,26.0
2310001,Palhano - CE,2019,30 a 34 anos,25.0
2310001,Palhano - CE,2019,35 a 39 anos,18.0
2310001,Palhano - CE,2019,40 a 44 anos,2.0
2310001,Palhano - CE,2019,45 a 49 anos,
2310001,Palhano - CE,2019,50 anos ou mais,
2310001,Palhano - CE,2019,Ignorada,
2310100,Palmácia - CE,2014,Total,128.0
2310100,Palmácia - CE,2014,Menos de 15 anos,1.0
2310100,Palmácia - CE,2014,15 a 19 anos,30.0
2310100,Palmácia - CE,2014,20 a 24 anos,34.0
2310100,Palmácia - CE,2014,25 a 29 anos,30.0
2310100,Palmácia - CE,2014,30 a 34 anos,16.0
2310100,Palmácia - CE,2014,35 a 39 anos,14.0
2310100,Palmácia - CE,2014,40 a 44 anos,3.0
2310100,Palmácia - CE,2014,45 a 49 anos,
2310100,Palmácia - CE,2014,50 anos ou mais,
2310100,Palmácia - CE,2014,Ignorada,
2310100,Palmácia - CE,2015,Total,127.0
2310100,Palmácia - CE,2015,Menos de 15 anos,2.0
2310100,Palmácia - CE,2015,15 a 19 anos,25.0
2310100,Palmácia - CE,2015,20 a 24 anos,31.0
2310100,Palmácia - CE,2015,25 a 29 anos,32.0
2310100,Palmácia - CE,2015,30 a 34 anos,15.0
2310100,Palmácia - CE,2015,35 a 39 anos,20.0
2310100,Palmácia - CE,2015,40 a 44 anos,1.0
2310100,Palmácia - CE,2015,45 a 49 anos,1.0
2310100,Palmácia - CE,2015,50 anos ou mais,
2310100,Palmácia - CE,2015,Ignorada,
2310100,Palmácia - CE,2016,Total,144.0
2310100,Palmácia - CE,2016,Menos de 15 anos,5.0
2310100,Palmácia - CE,2016,15 a 19 anos,31.0
2310100,Palmácia - CE,2016,20 a 24 anos,31.0
2310100,Palmácia - CE,2016,25 a 29 anos,29.0
2310100,Palmácia - CE,2016,30 a 34 anos,30.0
2310100,Palmácia - CE,2016,35 a 39 anos,11.0
2310100,Palmácia - CE,2016,40 a 44 anos,7.0
2310100,Palmácia - CE,2016,45 a 49 anos,
2310100,Palmácia - CE,2016,50 anos ou mais,
2310100,Palmácia - CE,2016,Ignorada,
2310100,Palmácia - CE,2017,Total,132.0
2310100,Palmácia - CE,2017,Menos de 15 anos,4.0
2310100,Palmácia - CE,2017,15 a 19 anos,30.0
2310100,Palmácia - CE,2017,20 a 24 anos,31.0
2310100,Palmácia - CE,2017,25 a 29 anos,27.0
2310100,Palmácia - CE,2017,30 a 34 anos,23.0
2310100,Palmácia - CE,2017,35 a 39 anos,13.0
2310100,Palmácia - CE,2017,40 a 44 anos,4.0
2310100,Palmácia - CE,2017,45 a 49 anos,
2310100,Palmácia - CE,2017,50 anos ou mais,
2310100,Palmácia - CE,2017,Ignorada,
2310100,Palmácia - CE,2018,Total,108.0
2310100,Palmácia - CE,2018,Menos de 15 anos,
2310100,Palmácia - CE,2018,15 a 19 anos,25.0
2310100,Palmácia - CE,2018,20 a 24 anos,27.0
2310100,Palmácia - CE,2018,25 a 29 anos,21.0
2310100,Palmácia - CE,2018,30 a 34 anos,21.0
2310100,Palmácia - CE,2018,35 a 39 anos,12.0
2310100,Palmácia - CE,2018,40 a 44 anos,2.0
2310100,Palmácia - CE,2018,45 a 49 anos,
2310100,Palmácia - CE,2018,50 anos ou mais,
2310100,Palmácia - CE,2018,Ignorada,
2310100,Palmácia - CE,2019,Total,145.0
2310100,Palmácia - CE,2019,Menos de 15 anos,1.0
2310100,Palmácia - CE,2019,15 a 19 anos,21.0
2310100,Palmácia - CE,2019,20 a 24 anos,42.0
2310100,Palmácia - CE,2019,25 a 29 anos,32.0
2310100,Palmácia - CE,2019,30 a 34 anos,30.0
2310100,Palmácia - CE,2019,35 a 39 anos,16.0
2310100,Palmácia - CE,2019,40 a 44 anos,3.0
2310100,Palmácia - CE,2019,45 a 49 anos,
2310100,Palmácia - CE,2019,50 anos ou mais,
2310100,Palmácia - CE,2019,Ignorada,
2310209,Paracuru - CE,2014,Total,563.0
2310209,Paracuru - CE,2014,Menos de 15 anos,5.0
2310209,Paracuru - CE,2014,15 a 19 anos,135.0
2310209,Paracuru - CE,2014,20 a 24 anos,144.0
2310209,Paracuru - CE,2014,25 a 29 anos,127.0
2310209,Paracuru - CE,2014,30 a 34 anos,83.0
2310209,Paracuru - CE,2014,35 a 39 anos,53.0
2310209,Paracuru - CE,2014,40 a 44 anos,15.0
2310209,Paracuru - CE,2014,45 a 49 anos,1.0
2310209,Paracuru - CE,2014,50 anos ou mais,
2310209,Paracuru - CE,2014,Ignorada,
2310209,Paracuru - CE,2015,Total,561.0
2310209,Paracuru - CE,2015,Menos de 15 anos,7.0
2310209,Paracuru - CE,2015,15 a 19 anos,109.0
2310209,Paracuru - CE,2015,20 a 24 anos,134.0
2310209,Paracuru - CE,2015,25 a 29 anos,135.0
2310209,Paracuru - CE,2015,30 a 34 anos,105.0
2310209,Paracuru - CE,2015,35 a 39 anos,57.0
2310209,Paracuru - CE,2015,40 a 44 anos,14.0
2310209,Paracuru - CE,2015,45 a 49 anos,
2310209,Paracuru - CE,2015,50 anos ou mais,
2310209,Paracuru - CE,2015,Ignorada,
2310209,Paracuru - CE,2016,Total,626.0
2310209,Paracuru - CE,2016,Menos de 15 anos,7.0
2310209,Paracuru - CE,2016,15 a 19 anos,133.0
2310209,Paracuru - CE,2016,20 a 24 anos,178.0
2310209,Paracuru - CE,2016,25 a 29 anos,141.0
2310209,Paracuru - CE,2016,30 a 34 anos,88.0
2310209,Paracuru - CE,2016,35 a 39 anos,62.0
2310209,Paracuru - CE,2016,40 a 44 anos,16.0
2310209,Paracuru - CE,2016,45 a 49 anos,
2310209,Paracuru - CE,2016,50 anos ou mais,1.0
2310209,Paracuru - CE,2016,Ignorada,
2310209,Paracuru - CE,2017,Total,652.0
2310209,Paracuru - CE,2017,Menos de 15 anos,5.0
2310209,Paracuru - CE,2017,15 a 19 anos,118.0
2310209,Paracuru - CE,2017,20 a 24 anos,187.0
2310209,Paracuru - CE,2017,25 a 29 anos,158.0
2310209,Paracuru - CE,2017,30 a 34 anos,121.0
2310209,Paracuru - CE,2017,35 a 39 anos,41.0
2310209,Paracuru - CE,2017,40 a 44 anos,21.0
2310209,Paracuru - CE,2017,45 a 49 anos,
2310209,Paracuru - CE,2017,50 anos ou mais,1.0
2310209,Paracuru - CE,2017,Ignorada,
2310209,Paracuru - CE,2018,Total,598.0
2310209,Paracuru - CE,2018,Menos de 15 anos,3.0
2310209,Paracuru - CE,2018,15 a 19 anos,104.0
2310209,Paracuru - CE,2018,20 a 24 anos,148.0
2310209,Paracuru - CE,2018,25 a 29 anos,133.0
2310209,Paracuru - CE,2018,30 a 34 anos,139.0
2310209,Paracuru - CE,2018,35 a 39 anos,57.0
2310209,Paracuru - CE,2018,40 a 44 anos,14.0
2310209,Paracuru - CE,2018,45 a 49 anos,
2310209,Paracuru - CE,2018,50 anos ou mais,
2310209,Paracuru - CE,2018,Ignorada,
2310209,Paracuru - CE,2019,Total,590.0
2310209,Paracuru - CE,2019,Menos de 15 anos,3.0
2310209,Paracuru - CE,2019,15 a 19 anos,97.0
2310209,Paracuru - CE,2019,20 a 24 anos,166.0
2310209,Paracuru - CE,2019,25 a 29 anos,140.0
2310209,Paracuru - CE,2019,30 a 34 anos,102.0
2310209,Paracuru - CE,2019,35 a 39 anos,57.0
2310209,Paracuru - CE,2019,40 a 44 anos,24.0
2310209,Paracuru - CE,2019,45 a 49 anos,
2310209,Paracuru - CE,2019,50 anos ou mais,
2310209,Paracuru - CE,2019,Ignorada,1.0
2310258,Paraipaba - CE,2014,Total,443.0
2310258,Paraipaba - CE,2014,Menos de 15 anos,8.0
2310258,Paraipaba - CE,2014,15 a 19 anos,87.0
2310258,Paraipaba - CE,2014,20 a 24 anos,120.0
2310258,Paraipaba - CE,2014,25 a 29 anos,102.0
2310258,Paraipaba - CE,2014,30 a 34 anos,68.0
2310258,Paraipaba - CE,2014,35 a 39 anos,42.0
2310258,Paraipaba - CE,2014,40 a 44 anos,15.0
2310258,Paraipaba - CE,2014,45 a 49 anos,
2310258,Paraipaba - CE,2014,50 anos ou mais,
2310258,Paraipaba - CE,2014,Ignorada,1.0
2310258,Paraipaba - CE,2015,Total,511.0
2310258,Paraipaba - CE,2015,Menos de 15 anos,5.0
2310258,Paraipaba - CE,2015,15 a 19 anos,98.0
2310258,Paraipaba - CE,2015,20 a 24 anos,147.0
2310258,Paraipaba - CE,2015,25 a 29 anos,121.0
2310258,Paraipaba - CE,2015,30 a 34 anos,80.0
2310258,Paraipaba - CE,2015,35 a 39 anos,49.0
2310258,Paraipaba - CE,2015,40 a 44 anos,9.0
2310258,Paraipaba - CE,2015,45 a 49 anos,
2310258,Paraipaba - CE,2015,50 anos ou mais,
2310258,Paraipaba - CE,2015,Ignorada,2.0
2310258,Paraipaba - CE,2016,Total,431.0
2310258,Paraipaba - CE,2016,Menos de 15 anos,8.0
2310258,Paraipaba - CE,2016,15 a 19 anos,90.0
2310258,Paraipaba - CE,2016,20 a 24 anos,134.0
2310258,Paraipaba - CE,2016,25 a 29 anos,87.0
2310258,Paraipaba - CE,2016,30 a 34 anos,65.0
2310258,Paraipaba - CE,2016,35 a 39 anos,39.0
2310258,Paraipaba - CE,2016,40 a 44 anos,6.0
2310258,Paraipaba - CE,2016,45 a 49 anos,
2310258,Paraipaba - CE,2016,50 anos ou mais,1.0
2310258,Paraipaba - CE,2016,Ignorada,1.0
2310258,Paraipaba - CE,2017,Total,422.0
2310258,Paraipaba - CE,2017,Menos de 15 anos,7.0
2310258,Paraipaba - CE,2017,15 a 19 anos,92.0
2310258,Paraipaba - CE,2017,20 a 24 anos,112.0
2310258,Paraipaba - CE,2017,25 a 29 anos,84.0
2310258,Paraipaba - CE,2017,30 a 34 anos,62.0
2310258,Paraipaba - CE,2017,35 a 39 anos,52.0
2310258,Paraipaba - CE,2017,40 a 44 anos,13.0
2310258,Paraipaba - CE,2017,45 a 49 anos,
2310258,Paraipaba - CE,2017,50 anos ou mais,
2310258,Paraipaba - CE,2017,Ignorada,
2310258,Paraipaba - CE,2018,Total,471.0
2310258,Paraipaba - CE,2018,Menos de 15 anos,3.0
2310258,Paraipaba - CE,2018,15 a 19 anos,80.0
2310258,Paraipaba - CE,2018,20 a 24 anos,121.0
2310258,Paraipaba - CE,2018,25 a 29 anos,107.0
2310258,Paraipaba - CE,2018,30 a 34 anos,93.0
2310258,Paraipaba - CE,2018,35 a 39 anos,50.0
2310258,Paraipaba - CE,2018,40 a 44 anos,12.0
2310258,Paraipaba - CE,2018,45 a 49 anos,1.0
2310258,Paraipaba - CE,2018,50 anos ou mais,
2310258,Paraipaba - CE,2018,Ignorada,4.0
2310258,Paraipaba - CE,2019,Total,416.0
2310258,Paraipaba - CE,2019,Menos de 15 anos,2.0
2310258,Paraipaba - CE,2019,15 a 19 anos,63.0
2310258,Paraipaba - CE,2019,20 a 24 anos,103.0
2310258,Paraipaba - CE,2019,25 a 29 anos,91.0
2310258,Paraipaba - CE,2019,30 a 34 anos,85.0
2310258,Paraipaba - CE,2019,35 a 39 anos,59.0
2310258,Paraipaba - CE,2019,40 a 44 anos,13.0
2310258,Paraipaba - CE,2019,45 a 49 anos,
2310258,Paraipaba - CE,2019,50 anos ou mais,
2310258,Paraipaba - CE,2019,Ignorada,
2310308,Parambu - CE,2014,Total,399.0
2310308,Parambu - CE,2014,Menos de 15 anos,2.0
2310308,Parambu - CE,2014,15 a 19 anos,80.0
2310308,Parambu - CE,2014,20 a 24 anos,110.0
2310308,Parambu - CE,2014,25 a 29 anos,85.0
2310308,Parambu - CE,2014,30 a 34 anos,75.0
2310308,Parambu - CE,2014,35 a 39 anos,31.0
2310308,Parambu - CE,2014,40 a 44 anos,13.0
2310308,Parambu - CE,2014,45 a 49 anos,2.0
2310308,Parambu - CE,2014,50 anos ou mais,
2310308,Parambu - CE,2014,Ignorada,1.0
2310308,Parambu - CE,2015,Total,400.0
2310308,Parambu - CE,2015,Menos de 15 anos,1.0
2310308,Parambu - CE,2015,15 a 19 anos,89.0
2310308,Parambu - CE,2015,20 a 24 anos,130.0
2310308,Parambu - CE,2015,25 a 29 anos,90.0
2310308,Parambu - CE,2015,30 a 34 anos,53.0
2310308,Parambu - CE,2015,35 a 39 anos,28.0
2310308,Parambu - CE,2015,40 a 44 anos,8.0
2310308,Parambu - CE,2015,45 a 49 anos,
2310308,Parambu - CE,2015,50 anos ou mais,
2310308,Parambu - CE,2015,Ignorada,1.0
2310308,Parambu - CE,2016,Total,384.0
2310308,Parambu - CE,2016,Menos de 15 anos,4.0
2310308,Parambu - CE,2016,15 a 19 anos,69.0
2310308,Parambu - CE,2016,20 a 24 anos,128.0
2310308,Parambu - CE,2016,25 a 29 anos,86.0
2310308,Parambu - CE,2016,30 a 34 anos,62.0
2310308,Parambu - CE,2016,35 a 39 anos,24.0
2310308,Parambu - CE,2016,40 a 44 anos,10.0
2310308,Parambu - CE,2016,45 a 49 anos,1.0
2310308,Parambu - CE,2016,50 anos ou mais,
2310308,Parambu - CE,2016,Ignorada,
2310308,Parambu - CE,2017,Total,469.0
2310308,Parambu - CE,2017,Menos de 15 anos,4.0
2310308,Parambu - CE,2017,15 a 19 anos,86.0
2310308,Parambu - CE,2017,20 a 24 anos,135.0
2310308,Parambu - CE,2017,25 a 29 anos,127.0
2310308,Parambu - CE,2017,30 a 34 anos,76.0
2310308,Parambu - CE,2017,35 a 39 anos,30.0
2310308,Parambu - CE,2017,40 a 44 anos,11.0
2310308,Parambu - CE,2017,45 a 49 anos,
2310308,Parambu - CE,2017,50 anos ou mais,
2310308,Parambu - CE,2017,Ignorada,
2310308,Parambu - CE,2018,Total,424.0
2310308,Parambu - CE,2018,Menos de 15 anos,2.0
2310308,Parambu - CE,2018,15 a 19 anos,89.0
2310308,Parambu - CE,2018,20 a 24 anos,125.0
2310308,Parambu - CE,2018,25 a 29 anos,108.0
2310308,Parambu - CE,2018,30 a 34 anos,64.0
2310308,Parambu - CE,2018,35 a 39 anos,24.0
2310308,Parambu - CE,2018,40 a 44 anos,12.0
2310308,Parambu - CE,2018,45 a 49 anos,
2310308,Parambu - CE,2018,50 anos ou mais,
2310308,Parambu - CE,2018,Ignorada,
2310308,Parambu - CE,2019,Total,419.0
2310308,Parambu - CE,2019,Menos de 15 anos,1.0
2310308,Parambu - CE,2019,15 a 19 anos,54.0
2310308,Parambu - CE,2019,20 a 24 anos,130.0
2310308,Parambu - CE,2019,25 a 29 anos,104.0
2310308,Parambu - CE,2019,30 a 34 anos,77.0
2310308,Parambu - CE,2019,35 a 39 anos,42.0
2310308,Parambu - CE,2019,40 a 44 anos,11.0
2310308,Parambu - CE,2019,45 a 49 anos,
2310308,Parambu - CE,2019,50 anos ou mais,
2310308,Parambu - CE,2019,Ignorada,
2310407,Paramoti - CE,2014,Total,154.0
2310407,Paramoti - CE,2014,Menos de 15 anos,2.0
2310407,Paramoti - CE,2014,15 a 19 anos,37.0
2310407,Paramoti - CE,2014,20 a 24 anos,42.0
2310407,Paramoti - CE,2014,25 a 29 anos,29.0
2310407,Paramoti - CE,2014,30 a 34 anos,23.0
2310407,Paramoti - CE,2014,35 a 39 anos,17.0
2310407,Paramoti - CE,2014,40 a 44 anos,4.0
2310407,Paramoti - CE,2014,45 a 49 anos,
2310407,Paramoti - CE,2014,50 anos ou mais,
2310407,Paramoti - CE,2014,Ignorada,
2310407,Paramoti - CE,2015,Total,153.0
2310407,Paramoti - CE,2015,Menos de 15 anos,3.0
2310407,Paramoti - CE,2015,15 a 19 anos,36.0
2310407,Paramoti - CE,2015,20 a 24 anos,45.0
2310407,Paramoti - CE,2015,25 a 29 anos,31.0
2310407,Paramoti - CE,2015,30 a 34 anos,22.0
2310407,Paramoti - CE,2015,35 a 39 anos,12.0
2310407,Paramoti - CE,2015,40 a 44 anos,4.0
2310407,Paramoti - CE,2015,45 a 49 anos,
2310407,Paramoti - CE,2015,50 anos ou mais,
2310407,Paramoti - CE,2015,Ignorada,
2310407,Paramoti - CE,2016,Total,136.0
2310407,Paramoti - CE,2016,Menos de 15 anos,2.0
2310407,Paramoti - CE,2016,15 a 19 anos,39.0
2310407,Paramoti - CE,2016,20 a 24 anos,36.0
2310407,Paramoti - CE,2016,25 a 29 anos,26.0
2310407,Paramoti - CE,2016,30 a 34 anos,18.0
2310407,Paramoti - CE,2016,35 a 39 anos,10.0
2310407,Paramoti - CE,2016,40 a 44 anos,5.0
2310407,Paramoti - CE,2016,45 a 49 anos,
2310407,Paramoti - CE,2016,50 anos ou mais,
2310407,Paramoti - CE,2016,Ignorada,
2310407,Paramoti - CE,2017,Total,132.0
2310407,Paramoti - CE,2017,Menos de 15 anos,3.0
2310407,Paramoti - CE,2017,15 a 19 anos,27.0
2310407,Paramoti - CE,2017,20 a 24 anos,44.0
2310407,Paramoti - CE,2017,25 a 29 anos,28.0
2310407,Paramoti - CE,2017,30 a 34 anos,16.0
2310407,Paramoti - CE,2017,35 a 39 anos,9.0
2310407,Paramoti - CE,2017,40 a 44 anos,5.0
2310407,Paramoti - CE,2017,45 a 49 anos,
2310407,Paramoti - CE,2017,50 anos ou mais,
2310407,Paramoti - CE,2017,Ignorada,
2310407,Paramoti - CE,2018,Total,159.0
2310407,Paramoti - CE,2018,Menos de 15 anos,5.0
2310407,Paramoti - CE,2018,15 a 19 anos,42.0
2310407,Paramoti - CE,2018,20 a 24 anos,41.0
2310407,Paramoti - CE,2018,25 a 29 anos,31.0
2310407,Paramoti - CE,2018,30 a 34 anos,24.0
2310407,Paramoti - CE,2018,35 a 39 anos,14.0
2310407,Paramoti - CE,2018,40 a 44 anos,1.0
2310407,Paramoti - CE,2018,45 a 49 anos,1.0
2310407,Paramoti - CE,2018,50 anos ou mais,
2310407,Paramoti - CE,2018,Ignorada,
2310407,Paramoti - CE,2019,Total,117.0
2310407,Paramoti - CE,2019,Menos de 15 anos,1.0
2310407,Paramoti - CE,2019,15 a 19 anos,25.0
2310407,Paramoti - CE,2019,20 a 24 anos,26.0
2310407,Paramoti - CE,2019,25 a 29 anos,32.0
2310407,Paramoti - CE,2019,30 a 34 anos,22.0
2310407,Paramoti - CE,2019,35 a 39 anos,6.0
2310407,Paramoti - CE,2019,40 a 44 anos,5.0
2310407,Paramoti - CE,2019,45 a 49 anos,
2310407,Paramoti - CE,2019,50 anos ou mais,
2310407,Paramoti - CE,2019,Ignorada,
2310506,Pedra Branca - CE,2014,Total,520.0
2310506,Pedra Branca - CE,2014,Menos de 15 anos,4.0
2310506,Pedra Branca - CE,2014,15 a 19 anos,112.0
2310506,Pedra Branca - CE,2014,20 a 24 anos,131.0
2310506,Pedra Branca - CE,2014,25 a 29 anos,130.0
2310506,Pedra Branca - CE,2014,30 a 34 anos,75.0
2310506,Pedra Branca - CE,2014,35 a 39 anos,49.0
2310506,Pedra Branca - CE,2014,40 a 44 anos,17.0
2310506,Pedra Branca - CE,2014,45 a 49 anos,2.0
2310506,Pedra Branca - CE,2014,50 anos ou mais,
2310506,Pedra Branca - CE,2014,Ignorada,
2310506,Pedra Branca - CE,2015,Total,536.0
2310506,Pedra Branca - CE,2015,Menos de 15 anos,6.0
2310506,Pedra Branca - CE,2015,15 a 19 anos,109.0
2310506,Pedra Branca - CE,2015,20 a 24 anos,134.0
2310506,Pedra Branca - CE,2015,25 a 29 anos,121.0
2310506,Pedra Branca - CE,2015,30 a 34 anos,90.0
2310506,Pedra Branca - CE,2015,35 a 39 anos,58.0
2310506,Pedra Branca - CE,2015,40 a 44 anos,18.0
2310506,Pedra Branca - CE,2015,45 a 49 anos,
2310506,Pedra Branca - CE,2015,50 anos ou mais,
2310506,Pedra Branca - CE,2015,Ignorada,
2310506,Pedra Branca - CE,2016,Total,499.0
2310506,Pedra Branca - CE,2016,Menos de 15 anos,5.0
2310506,Pedra Branca - CE,2016,15 a 19 anos,95.0
2310506,Pedra Branca - CE,2016,20 a 24 anos,144.0
2310506,Pedra Branca - CE,2016,25 a 29 anos,118.0
2310506,Pedra Branca - CE,2016,30 a 34 anos,75.0
2310506,Pedra Branca - CE,2016,35 a 39 anos,43.0
2310506,Pedra Branca - CE,2016,40 a 44 anos,18.0
2310506,Pedra Branca - CE,2016,45 a 49 anos,1.0
2310506,Pedra Branca - CE,2016,50 anos ou mais,
2310506,Pedra Branca - CE,2016,Ignorada,
2310506,Pedra Branca - CE,2017,Total,516.0
2310506,Pedra Branca - CE,2017,Menos de 15 anos,3.0
2310506,Pedra Branca - CE,2017,15 a 19 anos,93.0
2310506,Pedra Branca - CE,2017,20 a 24 anos,139.0
2310506,Pedra Branca - CE,2017,25 a 29 anos,121.0
2310506,Pedra Branca - CE,2017,30 a 34 anos,84.0
2310506,Pedra Branca - CE,2017,35 a 39 anos,59.0
2310506,Pedra Branca - CE,2017,40 a 44 anos,15.0
2310506,Pedra Branca - CE,2017,45 a 49 anos,1.0
2310506,Pedra Branca - CE,2017,50 anos ou mais,1.0
2310506,Pedra Branca - CE,2017,Ignorada,
2310506,Pedra Branca - CE,2018,Total,493.0
2310506,Pedra Branca - CE,2018,Menos de 15 anos,3.0
2310506,Pedra Branca - CE,2018,15 a 19 anos,81.0
2310506,Pedra Branca - CE,2018,20 a 24 anos,146.0
2310506,Pedra Branca - CE,2018,25 a 29 anos,103.0
2310506,Pedra Branca - CE,2018,30 a 34 anos,82.0
2310506,Pedra Branca - CE,2018,35 a 39 anos,56.0
2310506,Pedra Branca - CE,2018,40 a 44 anos,20.0
2310506,Pedra Branca - CE,2018,45 a 49 anos,2.0
2310506,Pedra Branca - CE,2018,50 anos ou mais,
2310506,Pedra Branca - CE,2018,Ignorada,
2310506,Pedra Branca - CE,2019,Total,477.0
2310506,Pedra Branca - CE,2019,Menos de 15 anos,5.0
2310506,Pedra Branca - CE,2019,15 a 19 anos,68.0
2310506,Pedra Branca - CE,2019,20 a 24 anos,134.0
2310506,Pedra Branca - CE,2019,25 a 29 anos,101.0
2310506,Pedra Branca - CE,2019,30 a 34 anos,106.0
2310506,Pedra Branca - CE,2019,35 a 39 anos,53.0
2310506,Pedra Branca - CE,2019,40 a 44 anos,8.0
2310506,Pedra Branca - CE,2019,45 a 49 anos,1.0
2310506,Pedra Branca - CE,2019,50 anos ou mais,
2310506,Pedra Branca - CE,2019,Ignorada,1.0
2310605,Penaforte - CE,2014,Total,155.0
2310605,Penaforte - CE,2014,Menos de 15 anos,1.0
2310605,Penaforte - CE,2014,15 a 19 anos,31.0
2310605,Penaforte - CE,2014,20 a 24 anos,45.0
2310605,Penaforte - CE,2014,25 a 29 anos,42.0
2310605,Penaforte - CE,2014,30 a 34 anos,20.0
2310605,Penaforte - CE,2014,35 a 39 anos,10.0
2310605,Penaforte - CE,2014,40 a 44 anos,5.0
2310605,Penaforte - CE,2014,45 a 49 anos,
2310605,Penaforte - CE,2014,50 anos ou mais,
2310605,Penaforte - CE,2014,Ignorada,1.0
2310605,Penaforte - CE,2015,Total,166.0
2310605,Penaforte - CE,2015,Menos de 15 anos,1.0
2310605,Penaforte - CE,2015,15 a 19 anos,28.0
2310605,Penaforte - CE,2015,20 a 24 anos,45.0
2310605,Penaforte - CE,2015,25 a 29 anos,49.0
2310605,Penaforte - CE,2015,30 a 34 anos,28.0
2310605,Penaforte - CE,2015,35 a 39 anos,10.0
2310605,Penaforte - CE,2015,40 a 44 anos,5.0
2310605,Penaforte - CE,2015,45 a 49 anos,
2310605,Penaforte - CE,2015,50 anos ou mais,
2310605,Penaforte - CE,2015,Ignorada,
2310605,Penaforte - CE,2016,Total,165.0
2310605,Penaforte - CE,2016,Menos de 15 anos,2.0
2310605,Penaforte - CE,2016,15 a 19 anos,34.0
2310605,Penaforte - CE,2016,20 a 24 anos,43.0
2310605,Penaforte - CE,2016,25 a 29 anos,43.0
2310605,Penaforte - CE,2016,30 a 34 anos,26.0
2310605,Penaforte - CE,2016,35 a 39 anos,14.0
2310605,Penaforte - CE,2016,40 a 44 anos,3.0
2310605,Penaforte - CE,2016,45 a 49 anos,
2310605,Penaforte - CE,2016,50 anos ou mais,
2310605,Penaforte - CE,2016,Ignorada,
2310605,Penaforte - CE,2017,Total,163.0
2310605,Penaforte - CE,2017,Menos de 15 anos,3.0
2310605,Penaforte - CE,2017,15 a 19 anos,28.0
2310605,Penaforte - CE,2017,20 a 24 anos,43.0
2310605,Penaforte - CE,2017,25 a 29 anos,36.0
2310605,Penaforte - CE,2017,30 a 34 anos,33.0
2310605,Penaforte - CE,2017,35 a 39 anos,19.0
2310605,Penaforte - CE,2017,40 a 44 anos,
2310605,Penaforte - CE,2017,45 a 49 anos,1.0
2310605,Penaforte - CE,2017,50 anos ou mais,
2310605,Penaforte - CE,2017,Ignorada,
2310605,Penaforte - CE,2018,Total,190.0
2310605,Penaforte - CE,2018,Menos de 15 anos,
2310605,Penaforte - CE,2018,15 a 19 anos,37.0
2310605,Penaforte - CE,2018,20 a 24 anos,51.0
2310605,Penaforte - CE,2018,25 a 29 anos,39.0
2310605,Penaforte - CE,2018,30 a 34 anos,41.0
2310605,Penaforte - CE,2018,35 a 39 anos,20.0
2310605,Penaforte - CE,2018,40 a 44 anos,2.0
2310605,Penaforte - CE,2018,45 a 49 anos,
2310605,Penaforte - CE,2018,50 anos ou mais,
2310605,Penaforte - CE,2018,Ignorada,
2310605,Penaforte - CE,2019,Total,206.0
2310605,Penaforte - CE,2019,Menos de 15 anos,1.0
2310605,Penaforte - CE,2019,15 a 19 anos,40.0
2310605,Penaforte - CE,2019,20 a 24 anos,49.0
2310605,Penaforte - CE,2019,25 a 29 anos,48.0
2310605,Penaforte - CE,2019,30 a 34 anos,50.0
2310605,Penaforte - CE,2019,35 a 39 anos,17.0
2310605,Penaforte - CE,2019,40 a 44 anos,1.0
2310605,Penaforte - CE,2019,45 a 49 anos,
2310605,Penaforte - CE,2019,50 anos ou mais,
2310605,Penaforte - CE,2019,Ignorada,
2310704,Pentecoste - CE,2014,Total,508.0
2310704,Pentecoste - CE,2014,Menos de 15 anos,7.0
2310704,Pentecoste - CE,2014,15 a 19 anos,120.0
2310704,Pentecoste - CE,2014,20 a 24 anos,130.0
2310704,Pentecoste - CE,2014,25 a 29 anos,125.0
2310704,Pentecoste - CE,2014,30 a 34 anos,86.0
2310704,Pentecoste - CE,2014,35 a 39 anos,28.0
2310704,Pentecoste - CE,2014,40 a 44 anos,9.0
2310704,Pentecoste - CE,2014,45 a 49 anos,1.0
2310704,Pentecoste - CE,2014,50 anos ou mais,
2310704,Pentecoste - CE,2014,Ignorada,2.0
2310704,Pentecoste - CE,2015,Total,592.0
2310704,Pentecoste - CE,2015,Menos de 15 anos,7.0
2310704,Pentecoste - CE,2015,15 a 19 anos,136.0
2310704,Pentecoste - CE,2015,20 a 24 anos,151.0
2310704,Pentecoste - CE,2015,25 a 29 anos,161.0
2310704,Pentecoste - CE,2015,30 a 34 anos,85.0
2310704,Pentecoste - CE,2015,35 a 39 anos,34.0
2310704,Pentecoste - CE,2015,40 a 44 anos,16.0
2310704,Pentecoste - CE,2015,45 a 49 anos,
2310704,Pentecoste - CE,2015,50 anos ou mais,
2310704,Pentecoste - CE,2015,Ignorada,2.0
2310704,Pentecoste - CE,2016,Total,511.0
2310704,Pentecoste - CE,2016,Menos de 15 anos,4.0
2310704,Pentecoste - CE,2016,15 a 19 anos,112.0
2310704,Pentecoste - CE,2016,20 a 24 anos,148.0
2310704,Pentecoste - CE,2016,25 a 29 anos,117.0
2310704,Pentecoste - CE,2016,30 a 34 anos,69.0
2310704,Pentecoste - CE,2016,35 a 39 anos,49.0
2310704,Pentecoste - CE,2016,40 a 44 anos,9.0
2310704,Pentecoste - CE,2016,45 a 49 anos,2.0
2310704,Pentecoste - CE,2016,50 anos ou mais,
2310704,Pentecoste - CE,2016,Ignorada,1.0
2310704,Pentecoste - CE,2017,Total,537.0
2310704,Pentecoste - CE,2017,Menos de 15 anos,11.0
2310704,Pentecoste - CE,2017,15 a 19 anos,101.0
2310704,Pentecoste - CE,2017,20 a 24 anos,152.0
2310704,Pentecoste - CE,2017,25 a 29 anos,124.0
2310704,Pentecoste - CE,2017,30 a 34 anos,69.0
2310704,Pentecoste - CE,2017,35 a 39 anos,56.0
2310704,Pentecoste - CE,2017,40 a 44 anos,14.0
2310704,Pentecoste - CE,2017,45 a 49 anos,
2310704,Pentecoste - CE,2017,50 anos ou mais,
2310704,Pentecoste - CE,2017,Ignorada,10.0
2310704,Pentecoste - CE,2018,Total,597.0
2310704,Pentecoste - CE,2018,Menos de 15 anos,6.0
2310704,Pentecoste - CE,2018,15 a 19 anos,117.0
2310704,Pentecoste - CE,2018,20 a 24 anos,178.0
2310704,Pentecoste - CE,2018,25 a 29 anos,142.0
2310704,Pentecoste - CE,2018,30 a 34 anos,78.0
2310704,Pentecoste - CE,2018,35 a 39 anos,60.0
2310704,Pentecoste - CE,2018,40 a 44 anos,13.0
2310704,Pentecoste - CE,2018,45 a 49 anos,3.0
2310704,Pentecoste - CE,2018,50 anos ou mais,
2310704,Pentecoste - CE,2018,Ignorada,
2310704,Pentecoste - CE,2019,Total,567.0
2310704,Pentecoste - CE,2019,Menos de 15 anos,7.0
2310704,Pentecoste - CE,2019,15 a 19 anos,93.0
2310704,Pentecoste - CE,2019,20 a 24 anos,157.0
2310704,Pentecoste - CE,2019,25 a 29 anos,140.0
2310704,Pentecoste - CE,2019,30 a 34 anos,107.0
2310704,Pentecoste - CE,2019,35 a 39 anos,49.0
2310704,Pentecoste - CE,2019,40 a 44 anos,11.0
2310704,Pentecoste - CE,2019,45 a 49 anos,1.0
2310704,Pentecoste - CE,2019,50 anos ou mais,
2310704,Pentecoste - CE,2019,Ignorada,2.0
2310803,Pereiro - CE,2014,Total,240.0
2310803,Pereiro - CE,2014,Menos de 15 anos,4.0
2310803,Pereiro - CE,2014,15 a 19 anos,45.0
2310803,Pereiro - CE,2014,20 a 24 anos,48.0
2310803,Pereiro - CE,2014,25 a 29 anos,64.0
2310803,Pereiro - CE,2014,30 a 34 anos,48.0
2310803,Pereiro - CE,2014,35 a 39 anos,24.0
2310803,Pereiro - CE,2014,40 a 44 anos,6.0
2310803,Pereiro - CE,2014,45 a 49 anos,1.0
2310803,Pereiro - CE,2014,50 anos ou mais,
2310803,Pereiro - CE,2014,Ignorada,
2310803,Pereiro - CE,2015,Total,208.0
2310803,Pereiro - CE,2015,Menos de 15 anos,1.0
2310803,Pereiro - CE,2015,15 a 19 anos,46.0
2310803,Pereiro - CE,2015,20 a 24 anos,56.0
2310803,Pereiro - CE,2015,25 a 29 anos,46.0
2310803,Pereiro - CE,2015,30 a 34 anos,31.0
2310803,Pereiro - CE,2015,35 a 39 anos,17.0
2310803,Pereiro - CE,2015,40 a 44 anos,11.0
2310803,Pereiro - CE,2015,45 a 49 anos,
2310803,Pereiro - CE,2015,50 anos ou mais,
2310803,Pereiro - CE,2015,Ignorada,
2310803,Pereiro - CE,2016,Total,209.0
2310803,Pereiro - CE,2016,Menos de 15 anos,3.0
2310803,Pereiro - CE,2016,15 a 19 anos,41.0
2310803,Pereiro - CE,2016,20 a 24 anos,53.0
2310803,Pereiro - CE,2016,25 a 29 anos,53.0
2310803,Pereiro - CE,2016,30 a 34 anos,35.0
2310803,Pereiro - CE,2016,35 a 39 anos,17.0
2310803,Pereiro - CE,2016,40 a 44 anos,7.0
2310803,Pereiro - CE,2016,45 a 49 anos,
2310803,Pereiro - CE,2016,50 anos ou mais,
2310803,Pereiro - CE,2016,Ignorada,
2310803,Pereiro - CE,2017,Total,191.0
2310803,Pereiro - CE,2017,Menos de 15 anos,2.0
2310803,Pereiro - CE,2017,15 a 19 anos,33.0
2310803,Pereiro - CE,2017,20 a 24 anos,61.0
2310803,Pereiro - CE,2017,25 a 29 anos,33.0
2310803,Pereiro - CE,2017,30 a 34 anos,34.0
2310803,Pereiro - CE,2017,35 a 39 anos,23.0
2310803,Pereiro - CE,2017,40 a 44 anos,4.0
2310803,Pereiro - CE,2017,45 a 49 anos,
2310803,Pereiro - CE,2017,50 anos ou mais,1.0
2310803,Pereiro - CE,2017,Ignorada,
2310803,Pereiro - CE,2018,Total,222.0
2310803,Pereiro - CE,2018,Menos de 15 anos,3.0
2310803,Pereiro - CE,2018,15 a 19 anos,37.0
2310803,Pereiro - CE,2018,20 a 24 anos,61.0
2310803,Pereiro - CE,2018,25 a 29 anos,40.0
2310803,Pereiro - CE,2018,30 a 34 anos,46.0
2310803,Pereiro - CE,2018,35 a 39 anos,28.0
2310803,Pereiro - CE,2018,40 a 44 anos,7.0
2310803,Pereiro - CE,2018,45 a 49 anos,
2310803,Pereiro - CE,2018,50 anos ou mais,
2310803,Pereiro - CE,2018,Ignorada,
2310803,Pereiro - CE,2019,Total,228.0
2310803,Pereiro - CE,2019,Menos de 15 anos,1.0
2310803,Pereiro - CE,2019,15 a 19 anos,42.0
2310803,Pereiro - CE,2019,20 a 24 anos,54.0
2310803,Pereiro - CE,2019,25 a 29 anos,55.0
2310803,Pereiro - CE,2019,30 a 34 anos,47.0
2310803,Pereiro - CE,2019,35 a 39 anos,23.0
2310803,Pereiro - CE,2019,40 a 44 anos,6.0
2310803,Pereiro - CE,2019,45 a 49 anos,
2310803,Pereiro - CE,2019,50 anos ou mais,
2310803,Pereiro - CE,2019,Ignorada,
2310852,Pindoretama - CE,2014,Total,312.0
2310852,Pindoretama - CE,2014,Menos de 15 anos,3.0
2310852,Pindoretama - CE,2014,15 a 19 anos,60.0
2310852,Pindoretama - CE,2014,20 a 24 anos,90.0
2310852,Pindoretama - CE,2014,25 a 29 anos,65.0
2310852,Pindoretama - CE,2014,30 a 34 anos,59.0
2310852,Pindoretama - CE,2014,35 a 39 anos,26.0
2310852,Pindoretama - CE,2014,40 a 44 anos,9.0
2310852,Pindoretama - CE,2014,45 a 49 anos,
2310852,Pindoretama - CE,2014,50 anos ou mais,
2310852,Pindoretama - CE,2014,Ignorada,
2310852,Pindoretama - CE,2015,Total,344.0
2310852,Pindoretama - CE,2015,Menos de 15 anos,5.0
2310852,Pindoretama - CE,2015,15 a 19 anos,64.0
2310852,Pindoretama - CE,2015,20 a 24 anos,104.0
2310852,Pindoretama - CE,2015,25 a 29 anos,68.0
2310852,Pindoretama - CE,2015,30 a 34 anos,64.0
2310852,Pindoretama - CE,2015,35 a 39 anos,31.0
2310852,Pindoretama - CE,2015,40 a 44 anos,6.0
2310852,Pindoretama - CE,2015,45 a 49 anos,
2310852,Pindoretama - CE,2015,50 anos ou mais,1.0
2310852,Pindoretama - CE,2015,Ignorada,1.0
2310852,Pindoretama - CE,2016,Total,378.0
2310852,Pindoretama - CE,2016,Menos de 15 anos,6.0
2310852,Pindoretama - CE,2016,15 a 19 anos,72.0
2310852,Pindoretama - CE,2016,20 a 24 anos,100.0
2310852,Pindoretama - CE,2016,25 a 29 anos,86.0
2310852,Pindoretama - CE,2016,30 a 34 anos,75.0
2310852,Pindoretama - CE,2016,35 a 39 anos,29.0
2310852,Pindoretama - CE,2016,40 a 44 anos,8.0
2310852,Pindoretama - CE,2016,45 a 49 anos,2.0
2310852,Pindoretama - CE,2016,50 anos ou mais,
2310852,Pindoretama - CE,2016,Ignorada,
2310852,Pindoretama - CE,2017,Total,311.0
2310852,Pindoretama - CE,2017,Menos de 15 anos,2.0
2310852,Pindoretama - CE,2017,15 a 19 anos,54.0
2310852,Pindoretama - CE,2017,20 a 24 anos,87.0
2310852,Pindoretama - CE,2017,25 a 29 anos,71.0
2310852,Pindoretama - CE,2017,30 a 34 anos,64.0
2310852,Pindoretama - CE,2017,35 a 39 anos,28.0
2310852,Pindoretama - CE,2017,40 a 44 anos,3.0
2310852,Pindoretama - CE,2017,45 a 49 anos,2.0
2310852,Pindoretama - CE,2017,50 anos ou mais,
2310852,Pindoretama - CE,2017,Ignorada,
2310852,Pindoretama - CE,2018,Total,327.0
2310852,Pindoretama - CE,2018,Menos de 15 anos,3.0
2310852,Pindoretama - CE,2018,15 a 19 anos,39.0
2310852,Pindoretama - CE,2018,20 a 24 anos,87.0
2310852,Pindoretama - CE,2018,25 a 29 anos,86.0
2310852,Pindoretama - CE,2018,30 a 34 anos,70.0
2310852,Pindoretama - CE,2018,35 a 39 anos,28.0
2310852,Pindoretama - CE,2018,40 a 44 anos,14.0
2310852,Pindoretama - CE,2018,45 a 49 anos,
2310852,Pindoretama - CE,2018,50 anos ou mais,
2310852,Pindoretama - CE,2018,Ignorada,
2310852,Pindoretama - CE,2019,Total,355.0
2310852,Pindoretama - CE,2019,Menos de 15 anos,1.0
2310852,Pindoretama - CE,2019,15 a 19 anos,53.0
2310852,Pindoretama - CE,2019,20 a 24 anos,106.0
2310852,Pindoretama - CE,2019,25 a 29 anos,94.0
2310852,Pindoretama - CE,2019,30 a 34 anos,59.0
2310852,Pindoretama - CE,2019,35 a 39 anos,28.0
2310852,Pindoretama - CE,2019,40 a 44 anos,14.0
2310852,Pindoretama - CE,2019,45 a 49 anos,
2310852,Pindoretama - CE,2019,50 anos ou mais,
2310852,Pindoretama - CE,2019,Ignorada,
2310902,Piquet Carneiro - CE,2014,Total,141.0
2310902,Piquet Carneiro - CE,2014,Menos de 15 anos,2.0
2310902,Piquet Carneiro - CE,2014,15 a 19 anos,29.0
2310902,Piquet Carneiro - CE,2014,20 a 24 anos,32.0
2310902,Piquet Carneiro - CE,2014,25 a 29 anos,43.0
2310902,Piquet Carneiro - CE,2014,30 a 34 anos,20.0
2310902,Piquet Carneiro - CE,2014,35 a 39 anos,11.0
2310902,Piquet Carneiro - CE,2014,40 a 44 anos,3.0
2310902,Piquet Carneiro - CE,2014,45 a 49 anos,1.0
2310902,Piquet Carneiro - CE,2014,50 anos ou mais,
2310902,Piquet Carneiro - CE,2014,Ignorada,
2310902,Piquet Carneiro - CE,2015,Total,150.0
2310902,Piquet Carneiro - CE,2015,Menos de 15 anos,
2310902,Piquet Carneiro - CE,2015,15 a 19 anos,25.0
2310902,Piquet Carneiro - CE,2015,20 a 24 anos,42.0
2310902,Piquet Carneiro - CE,2015,25 a 29 anos,36.0
2310902,Piquet Carneiro - CE,2015,30 a 34 anos,26.0
2310902,Piquet Carneiro - CE,2015,35 a 39 anos,10.0
2310902,Piquet Carneiro - CE,2015,40 a 44 anos,10.0
2310902,Piquet Carneiro - CE,2015,45 a 49 anos,1.0
2310902,Piquet Carneiro - CE,2015,50 anos ou mais,
2310902,Piquet Carneiro - CE,2015,Ignorada,
2310902,Piquet Carneiro - CE,2016,Total,158.0
2310902,Piquet Carneiro - CE,2016,Menos de 15 anos,1.0
2310902,Piquet Carneiro - CE,2016,15 a 19 anos,27.0
2310902,Piquet Carneiro - CE,2016,20 a 24 anos,38.0
2310902,Piquet Carneiro - CE,2016,25 a 29 anos,34.0
2310902,Piquet Carneiro - CE,2016,30 a 34 anos,35.0
2310902,Piquet Carneiro - CE,2016,35 a 39 anos,17.0
2310902,Piquet Carneiro - CE,2016,40 a 44 anos,6.0
2310902,Piquet Carneiro - CE,2016,45 a 49 anos,
2310902,Piquet Carneiro - CE,2016,50 anos ou mais,
2310902,Piquet Carneiro - CE,2016,Ignorada,
2310902,Piquet Carneiro - CE,2017,Total,136.0
2310902,Piquet Carneiro - CE,2017,Menos de 15 anos,1.0
2310902,Piquet Carneiro - CE,2017,15 a 19 anos,34.0
2310902,Piquet Carneiro - CE,2017,20 a 24 anos,31.0
2310902,Piquet Carneiro - CE,2017,25 a 29 anos,30.0
2310902,Piquet Carneiro - CE,2017,30 a 34 anos,26.0
2310902,Piquet Carneiro - CE,2017,35 a 39 anos,11.0
2310902,Piquet Carneiro - CE,2017,40 a 44 anos,3.0
2310902,Piquet Carneiro - CE,2017,45 a 49 anos,
2310902,Piquet Carneiro - CE,2017,50 anos ou mais,
2310902,Piquet Carneiro - CE,2017,Ignorada,
2310902,Piquet Carneiro - CE,2018,Total,146.0
2310902,Piquet Carneiro - CE,2018,Menos de 15 anos,2.0
2310902,Piquet Carneiro - CE,2018,15 a 19 anos,21.0
2310902,Piquet Carneiro - CE,2018,20 a 24 anos,32.0
2310902,Piquet Carneiro - CE,2018,25 a 29 anos,34.0
2310902,Piquet Carneiro - CE,2018,30 a 34 anos,29.0
2310902,Piquet Carneiro - CE,2018,35 a 39 anos,19.0
2310902,Piquet Carneiro - CE,2018,40 a 44 anos,8.0
2310902,Piquet Carneiro - CE,2018,45 a 49 anos,1.0
2310902,Piquet Carneiro - CE,2018,50 anos ou mais,
2310902,Piquet Carneiro - CE,2018,Ignorada,
2310902,Piquet Carneiro - CE,2019,Total,159.0
2310902,Piquet Carneiro - CE,2019,Menos de 15 anos,4.0
2310902,Piquet Carneiro - CE,2019,15 a 19 anos,15.0
2310902,Piquet Carneiro - CE,2019,20 a 24 anos,37.0
2310902,Piquet Carneiro - CE,2019,25 a 29 anos,41.0
2310902,Piquet Carneiro - CE,2019,30 a 34 anos,33.0
2310902,Piquet Carneiro - CE,2019,35 a 39 anos,23.0
2310902,Piquet Carneiro - CE,2019,40 a 44 anos,6.0
2310902,Piquet Carneiro - CE,2019,45 a 49 anos,
2310902,Piquet Carneiro - CE,2019,50 anos ou mais,
2310902,Piquet Carneiro - CE,2019,Ignorada,
2310951,Pires Ferreira - CE,2014,Total,95.0
2310951,Pires Ferreira - CE,2014,Menos de 15 anos,1.0
2310951,Pires Ferreira - CE,2014,15 a 19 anos,20.0
2310951,Pires Ferreira - CE,2014,20 a 24 anos,28.0
2310951,Pires Ferreira - CE,2014,25 a 29 anos,16.0
2310951,Pires Ferreira - CE,2014,30 a 34 anos,21.0
2310951,Pires Ferreira - CE,2014,35 a 39 anos,5.0
2310951,Pires Ferreira - CE,2014,40 a 44 anos,4.0
2310951,Pires Ferreira - CE,2014,45 a 49 anos,
2310951,Pires Ferreira - CE,2014,50 anos ou mais,
2310951,Pires Ferreira - CE,2014,Ignorada,
2310951,Pires Ferreira - CE,2015,Total,111.0
2310951,Pires Ferreira - CE,2015,Menos de 15 anos,2.0
2310951,Pires Ferreira - CE,2015,15 a 19 anos,16.0
2310951,Pires Ferreira - CE,2015,20 a 24 anos,29.0
2310951,Pires Ferreira - CE,2015,25 a 29 anos,32.0
2310951,Pires Ferreira - CE,2015,30 a 34 anos,17.0
2310951,Pires Ferreira - CE,2015,35 a 39 anos,11.0
2310951,Pires Ferreira - CE,2015,40 a 44 anos,3.0
2310951,Pires Ferreira - CE,2015,45 a 49 anos,
2310951,Pires Ferreira - CE,2015,50 anos ou mais,
2310951,Pires Ferreira - CE,2015,Ignorada,1.0
2310951,Pires Ferreira - CE,2016,Total,93.0
2310951,Pires Ferreira - CE,2016,Menos de 15 anos,
2310951,Pires Ferreira - CE,2016,15 a 19 anos,23.0
2310951,Pires Ferreira - CE,2016,20 a 24 anos,32.0
2310951,Pires Ferreira - CE,2016,25 a 29 anos,15.0
2310951,Pires Ferreira - CE,2016,30 a 34 anos,9.0
2310951,Pires Ferreira - CE,2016,35 a 39 anos,11.0
2310951,Pires Ferreira - CE,2016,40 a 44 anos,2.0
2310951,Pires Ferreira - CE,2016,45 a 49 anos,1.0
2310951,Pires Ferreira - CE,2016,50 anos ou mais,
2310951,Pires Ferreira - CE,2016,Ignorada,
2310951,Pires Ferreira - CE,2017,Total,120.0
2310951,Pires Ferreira - CE,2017,Menos de 15 anos,1.0
2310951,Pires Ferreira - CE,2017,15 a 19 anos,22.0
2310951,Pires Ferreira - CE,2017,20 a 24 anos,39.0
2310951,Pires Ferreira - CE,2017,25 a 29 anos,21.0
2310951,Pires Ferreira - CE,2017,30 a 34 anos,21.0
2310951,Pires Ferreira - CE,2017,35 a 39 anos,13.0
2310951,Pires Ferreira - CE,2017,40 a 44 anos,3.0
2310951,Pires Ferreira - CE,2017,45 a 49 anos,
2310951,Pires Ferreira - CE,2017,50 anos ou mais,
2310951,Pires Ferreira - CE,2017,Ignorada,
2310951,Pires Ferreira - CE,2018,Total,116.0
2310951,Pires Ferreira - CE,2018,Menos de 15 anos,2.0
2310951,Pires Ferreira - CE,2018,15 a 19 anos,22.0
2310951,Pires Ferreira - CE,2018,20 a 24 anos,25.0
2310951,Pires Ferreira - CE,2018,25 a 29 anos,32.0
2310951,Pires Ferreira - CE,2018,30 a 34 anos,25.0
2310951,Pires Ferreira - CE,2018,35 a 39 anos,7.0
2310951,Pires Ferreira - CE,2018,40 a 44 anos,3.0
2310951,Pires Ferreira - CE,2018,45 a 49 anos,
2310951,Pires Ferreira - CE,2018,50 anos ou mais,
2310951,Pires Ferreira - CE,2018,Ignorada,
2310951,Pires Ferreira - CE,2019,Total,87.0
2310951,Pires Ferreira - CE,2019,Menos de 15 anos,1.0
2310951,Pires Ferreira - CE,2019,15 a 19 anos,10.0
2310951,Pires Ferreira - CE,2019,20 a 24 anos,22.0
2310951,Pires Ferreira - CE,2019,25 a 29 anos,19.0
2310951,Pires Ferreira - CE,2019,30 a 34 anos,21.0
2310951,Pires Ferreira - CE,2019,35 a 39 anos,10.0
2310951,Pires Ferreira - CE,2019,40 a 44 anos,4.0
2310951,Pires Ferreira - CE,2019,45 a 49 anos,
2310951,Pires Ferreira - CE,2019,50 anos ou mais,
2310951,Pires Ferreira - CE,2019,Ignorada,
2311009,Poranga - CE,2014,Total,164.0
2311009,Poranga - CE,2014,Menos de 15 anos,2.0
2311009,Poranga - CE,2014,15 a 19 anos,30.0
2311009,Poranga - CE,2014,20 a 24 anos,42.0
2311009,Poranga - CE,2014,25 a 29 anos,37.0
2311009,Poranga - CE,2014,30 a 34 anos,33.0
2311009,Poranga - CE,2014,35 a 39 anos,15.0
2311009,Poranga - CE,2014,40 a 44 anos,5.0
2311009,Poranga - CE,2014,45 a 49 anos,
2311009,Poranga - CE,2014,50 anos ou mais,
2311009,Poranga - CE,2014,Ignorada,
2311009,Poranga - CE,2015,Total,173.0
2311009,Poranga - CE,2015,Menos de 15 anos,
2311009,Poranga - CE,2015,15 a 19 anos,32.0
2311009,Poranga - CE,2015,20 a 24 anos,42.0
2311009,Poranga - CE,2015,25 a 29 anos,30.0
2311009,Poranga - CE,2015,30 a 34 anos,41.0
2311009,Poranga - CE,2015,35 a 39 anos,18.0
2311009,Poranga - CE,2015,40 a 44 anos,9.0
2311009,Poranga - CE,2015,45 a 49 anos,
2311009,Poranga - CE,2015,50 anos ou mais,
2311009,Poranga - CE,2015,Ignorada,1.0
2311009,Poranga - CE,2016,Total,182.0
2311009,Poranga - CE,2016,Menos de 15 anos,1.0
2311009,Poranga - CE,2016,15 a 19 anos,27.0
2311009,Poranga - CE,2016,20 a 24 anos,49.0
2311009,Poranga - CE,2016,25 a 29 anos,47.0
2311009,Poranga - CE,2016,30 a 34 anos,34.0
2311009,Poranga - CE,2016,35 a 39 anos,17.0
2311009,Poranga - CE,2016,40 a 44 anos,5.0
2311009,Poranga - CE,2016,45 a 49 anos,
2311009,Poranga - CE,2016,50 anos ou mais,
2311009,Poranga - CE,2016,Ignorada,2.0
2311009,Poranga - CE,2017,Total,187.0
2311009,Poranga - CE,2017,Menos de 15 anos,1.0
2311009,Poranga - CE,2017,15 a 19 anos,39.0
2311009,Poranga - CE,2017,20 a 24 anos,52.0
2311009,Poranga - CE,2017,25 a 29 anos,40.0
2311009,Poranga - CE,2017,30 a 34 anos,27.0
2311009,Poranga - CE,2017,35 a 39 anos,17.0
2311009,Poranga - CE,2017,40 a 44 anos,10.0
2311009,Poranga - CE,2017,45 a 49 anos,
2311009,Poranga - CE,2017,50 anos ou mais,
2311009,Poranga - CE,2017,Ignorada,1.0
2311009,Poranga - CE,2018,Total,208.0
2311009,Poranga - CE,2018,Menos de 15 anos,1.0
2311009,Poranga - CE,2018,15 a 19 anos,40.0
2311009,Poranga - CE,2018,20 a 24 anos,52.0
2311009,Poranga - CE,2018,25 a 29 anos,44.0
2311009,Poranga - CE,2018,30 a 34 anos,40.0
2311009,Poranga - CE,2018,35 a 39 anos,25.0
2311009,Poranga - CE,2018,40 a 44 anos,6.0
2311009,Poranga - CE,2018,45 a 49 anos,
2311009,Poranga - CE,2018,50 anos ou mais,
2311009,Poranga - CE,2018,Ignorada,
2311009,Poranga - CE,2019,Total,162.0
2311009,Poranga - CE,2019,Menos de 15 anos,1.0
2311009,Poranga - CE,2019,15 a 19 anos,19.0
2311009,Poranga - CE,2019,20 a 24 anos,39.0
2311009,Poranga - CE,2019,25 a 29 anos,45.0
2311009,Poranga - CE,2019,30 a 34 anos,36.0
2311009,Poranga - CE,2019,35 a 39 anos,16.0
2311009,Poranga - CE,2019,40 a 44 anos,5.0
2311009,Poranga - CE,2019,45 a 49 anos,
2311009,Poranga - CE,2019,50 anos ou mais,
2311009,Poranga - CE,2019,Ignorada,1.0
2311108,Porteiras - CE,2014,Total,261.0
2311108,Porteiras - CE,2014,Menos de 15 anos,3.0
2311108,Porteiras - CE,2014,15 a 19 anos,57.0
2311108,Porteiras - CE,2014,20 a 24 anos,59.0
2311108,Porteiras - CE,2014,25 a 29 anos,68.0
2311108,Porteiras - CE,2014,30 a 34 anos,43.0
2311108,Porteiras - CE,2014,35 a 39 anos,27.0
2311108,Porteiras - CE,2014,40 a 44 anos,2.0
2311108,Porteiras - CE,2014,45 a 49 anos,2.0
2311108,Porteiras - CE,2014,50 anos ou mais,
2311108,Porteiras - CE,2014,Ignorada,
2311108,Porteiras - CE,2015,Total,229.0
2311108,Porteiras - CE,2015,Menos de 15 anos,5.0
2311108,Porteiras - CE,2015,15 a 19 anos,31.0
2311108,Porteiras - CE,2015,20 a 24 anos,59.0
2311108,Porteiras - CE,2015,25 a 29 anos,68.0
2311108,Porteiras - CE,2015,30 a 34 anos,47.0
2311108,Porteiras - CE,2015,35 a 39 anos,16.0
2311108,Porteiras - CE,2015,40 a 44 anos,3.0
2311108,Porteiras - CE,2015,45 a 49 anos,
2311108,Porteiras - CE,2015,50 anos ou mais,
2311108,Porteiras - CE,2015,Ignorada,
2311108,Porteiras - CE,2016,Total,227.0
2311108,Porteiras - CE,2016,Menos de 15 anos,2.0
2311108,Porteiras - CE,2016,15 a 19 anos,46.0
2311108,Porteiras - CE,2016,20 a 24 anos,52.0
2311108,Porteiras - CE,2016,25 a 29 anos,65.0
2311108,Porteiras - CE,2016,30 a 34 anos,39.0
2311108,Porteiras - CE,2016,35 a 39 anos,17.0
2311108,Porteiras - CE,2016,40 a 44 anos,6.0
2311108,Porteiras - CE,2016,45 a 49 anos,
2311108,Porteiras - CE,2016,50 anos ou mais,
2311108,Porteiras - CE,2016,Ignorada,
2311108,Porteiras - CE,2017,Total,239.0
2311108,Porteiras - CE,2017,Menos de 15 anos,2.0
2311108,Porteiras - CE,2017,15 a 19 anos,45.0
2311108,Porteiras - CE,2017,20 a 24 anos,60.0
2311108,Porteiras - CE,2017,25 a 29 anos,59.0
2311108,Porteiras - CE,2017,30 a 34 anos,44.0
2311108,Porteiras - CE,2017,35 a 39 anos,26.0
2311108,Porteiras - CE,2017,40 a 44 anos,3.0
2311108,Porteiras - CE,2017,45 a 49 anos,
2311108,Porteiras - CE,2017,50 anos ou mais,
2311108,Porteiras - CE,2017,Ignorada,
2311108,Porteiras - CE,2018,Total,259.0
2311108,Porteiras - CE,2018,Menos de 15 anos,3.0
2311108,Porteiras - CE,2018,15 a 19 anos,35.0
2311108,Porteiras - CE,2018,20 a 24 anos,76.0
2311108,Porteiras - CE,2018,25 a 29 anos,69.0
2311108,Porteiras - CE,2018,30 a 34 anos,47.0
2311108,Porteiras - CE,2018,35 a 39 anos,21.0
2311108,Porteiras - CE,2018,40 a 44 anos,6.0
2311108,Porteiras - CE,2018,45 a 49 anos,2.0
2311108,Porteiras - CE,2018,50 anos ou mais,
2311108,Porteiras - CE,2018,Ignorada,
2311108,Porteiras - CE,2019,Total,234.0
2311108,Porteiras - CE,2019,Menos de 15 anos,1.0
2311108,Porteiras - CE,2019,15 a 19 anos,38.0
2311108,Porteiras - CE,2019,20 a 24 anos,62.0
2311108,Porteiras - CE,2019,25 a 29 anos,63.0
2311108,Porteiras - CE,2019,30 a 34 anos,37.0
2311108,Porteiras - CE,2019,35 a 39 anos,30.0
2311108,Porteiras - CE,2019,40 a 44 anos,3.0
2311108,Porteiras - CE,2019,45 a 49 anos,
2311108,Porteiras - CE,2019,50 anos ou mais,
2311108,Porteiras - CE,2019,Ignorada,
2311207,Potengi - CE,2014,Total,124.0
2311207,Potengi - CE,2014,Menos de 15 anos,
2311207,Potengi - CE,2014,15 a 19 anos,26.0
2311207,Potengi - CE,2014,20 a 24 anos,36.0
2311207,Potengi - CE,2014,25 a 29 anos,28.0
2311207,Potengi - CE,2014,30 a 34 anos,21.0
2311207,Potengi - CE,2014,35 a 39 anos,10.0
2311207,Potengi - CE,2014,40 a 44 anos,3.0
2311207,Potengi - CE,2014,45 a 49 anos,
2311207,Potengi - CE,2014,50 anos ou mais,
2311207,Potengi - CE,2014,Ignorada,
2311207,Potengi - CE,2015,Total,126.0
2311207,Potengi - CE,2015,Menos de 15 anos,3.0
2311207,Potengi - CE,2015,15 a 19 anos,22.0
2311207,Potengi - CE,2015,20 a 24 anos,27.0
2311207,Potengi - CE,2015,25 a 29 anos,35.0
2311207,Potengi - CE,2015,30 a 34 anos,29.0
2311207,Potengi - CE,2015,35 a 39 anos,7.0
2311207,Potengi - CE,2015,40 a 44 anos,2.0
2311207,Potengi - CE,2015,45 a 49 anos,1.0
2311207,Potengi - CE,2015,50 anos ou mais,
2311207,Potengi - CE,2015,Ignorada,
2311207,Potengi - CE,2016,Total,121.0
2311207,Potengi - CE,2016,Menos de 15 anos,3.0
2311207,Potengi - CE,2016,15 a 19 anos,16.0
2311207,Potengi - CE,2016,20 a 24 anos,31.0
2311207,Potengi - CE,2016,25 a 29 anos,41.0
2311207,Potengi - CE,2016,30 a 34 anos,17.0
2311207,Potengi - CE,2016,35 a 39 anos,8.0
2311207,Potengi - CE,2016,40 a 44 anos,5.0
2311207,Potengi - CE,2016,45 a 49 anos,
2311207,Potengi - CE,2016,50 anos ou mais,
2311207,Potengi - CE,2016,Ignorada,
2311207,Potengi - CE,2017,Total,118.0
2311207,Potengi - CE,2017,Menos de 15 anos,
2311207,Potengi - CE,2017,15 a 19 anos,14.0
2311207,Potengi - CE,2017,20 a 24 anos,45.0
2311207,Potengi - CE,2017,25 a 29 anos,19.0
2311207,Potengi - CE,2017,30 a 34 anos,20.0
2311207,Potengi - CE,2017,35 a 39 anos,16.0
2311207,Potengi - CE,2017,40 a 44 anos,3.0
2311207,Potengi - CE,2017,45 a 49 anos,1.0
2311207,Potengi - CE,2017,50 anos ou mais,
2311207,Potengi - CE,2017,Ignorada,
2311207,Potengi - CE,2018,Total,124.0
2311207,Potengi - CE,2018,Menos de 15 anos,
2311207,Potengi - CE,2018,15 a 19 anos,21.0
2311207,Potengi - CE,2018,20 a 24 anos,30.0
2311207,Potengi - CE,2018,25 a 29 anos,33.0
2311207,Potengi - CE,2018,30 a 34 anos,30.0
2311207,Potengi - CE,2018,35 a 39 anos,9.0
2311207,Potengi - CE,2018,40 a 44 anos,1.0
2311207,Potengi - CE,2018,45 a 49 anos,
2311207,Potengi - CE,2018,50 anos ou mais,
2311207,Potengi - CE,2018,Ignorada,
2311207,Potengi - CE,2019,Total,134.0
2311207,Potengi - CE,2019,Menos de 15 anos,1.0
2311207,Potengi - CE,2019,15 a 19 anos,24.0
2311207,Potengi - CE,2019,20 a 24 anos,44.0
2311207,Potengi - CE,2019,25 a 29 anos,28.0
2311207,Potengi - CE,2019,30 a 34 anos,24.0
2311207,Potengi - CE,2019,35 a 39 anos,6.0
2311207,Potengi - CE,2019,40 a 44 anos,4.0
2311207,Potengi - CE,2019,45 a 49 anos,
2311207,Potengi - CE,2019,50 anos ou mais,
2311207,Potengi - CE,2019,Ignorada,3.0
2311231,Potiretama - CE,2014,Total,88.0
2311231,Potiretama - CE,2014,Menos de 15 anos,
2311231,Potiretama - CE,2014,15 a 19 anos,14.0
2311231,Potiretama - CE,2014,20 a 24 anos,32.0
2311231,Potiretama - CE,2014,25 a 29 anos,24.0
2311231,Potiretama - CE,2014,30 a 34 anos,14.0
2311231,Potiretama - CE,2014,35 a 39 anos,4.0
2311231,Potiretama - CE,2014,40 a 44 anos,
2311231,Potiretama - CE,2014,45 a 49 anos,
2311231,Potiretama - CE,2014,50 anos ou mais,
2311231,Potiretama - CE,2014,Ignorada,
2311231,Potiretama - CE,2015,Total,78.0
2311231,Potiretama - CE,2015,Menos de 15 anos,
2311231,Potiretama - CE,2015,15 a 19 anos,13.0
2311231,Potiretama - CE,2015,20 a 24 anos,21.0
2311231,Potiretama - CE,2015,25 a 29 anos,17.0
2311231,Potiretama - CE,2015,30 a 34 anos,17.0
2311231,Potiretama - CE,2015,35 a 39 anos,7.0
2311231,Potiretama - CE,2015,40 a 44 anos,1.0
2311231,Potiretama - CE,2015,45 a 49 anos,2.0
2311231,Potiretama - CE,2015,50 anos ou mais,
2311231,Potiretama - CE,2015,Ignorada,
2311231,Potiretama - CE,2016,Total,77.0
2311231,Potiretama - CE,2016,Menos de 15 anos,1.0
2311231,Potiretama - CE,2016,15 a 19 anos,13.0
2311231,Potiretama - CE,2016,20 a 24 anos,19.0
2311231,Potiretama - CE,2016,25 a 29 anos,23.0
2311231,Potiretama - CE,2016,30 a 34 anos,8.0
2311231,Potiretama - CE,2016,35 a 39 anos,11.0
2311231,Potiretama - CE,2016,40 a 44 anos,2.0
2311231,Potiretama - CE,2016,45 a 49 anos,
2311231,Potiretama - CE,2016,50 anos ou mais,
2311231,Potiretama - CE,2016,Ignorada,
2311231,Potiretama - CE,2017,Total,90.0
2311231,Potiretama - CE,2017,Menos de 15 anos,3.0
2311231,Potiretama - CE,2017,15 a 19 anos,21.0
2311231,Potiretama - CE,2017,20 a 24 anos,21.0
2311231,Potiretama - CE,2017,25 a 29 anos,19.0
2311231,Potiretama - CE,2017,30 a 34 anos,18.0
2311231,Potiretama - CE,2017,35 a 39 anos,7.0
2311231,Potiretama - CE,2017,40 a 44 anos,
2311231,Potiretama - CE,2017,45 a 49 anos,1.0
2311231,Potiretama - CE,2017,50 anos ou mais,
2311231,Potiretama - CE,2017,Ignorada,
2311231,Potiretama - CE,2018,Total,83.0
2311231,Potiretama - CE,2018,Menos de 15 anos,
2311231,Potiretama - CE,2018,15 a 19 anos,16.0
2311231,Potiretama - CE,2018,20 a 24 anos,18.0
2311231,Potiretama - CE,2018,25 a 29 anos,24.0
2311231,Potiretama - CE,2018,30 a 34 anos,11.0
2311231,Potiretama - CE,2018,35 a 39 anos,13.0
2311231,Potiretama - CE,2018,40 a 44 anos,1.0
2311231,Potiretama - CE,2018,45 a 49 anos,
2311231,Potiretama - CE,2018,50 anos ou mais,
2311231,Potiretama - CE,2018,Ignorada,
2311231,Potiretama - CE,2019,Total,84.0
2311231,Potiretama - CE,2019,Menos de 15 anos,
2311231,Potiretama - CE,2019,15 a 19 anos,11.0
2311231,Potiretama - CE,2019,20 a 24 anos,25.0
2311231,Potiretama - CE,2019,25 a 29 anos,18.0
2311231,Potiretama - CE,2019,30 a 34 anos,13.0
2311231,Potiretama - CE,2019,35 a 39 anos,12.0
2311231,Potiretama - CE,2019,40 a 44 anos,5.0
2311231,Potiretama - CE,2019,45 a 49 anos,
2311231,Potiretama - CE,2019,50 anos ou mais,
2311231,Potiretama - CE,2019,Ignorada,
2311264,Quiterianópolis - CE,2014,Total,251.0
2311264,Quiterianópolis - CE,2014,Menos de 15 anos,1.0
2311264,Quiterianópolis - CE,2014,15 a 19 anos,60.0
2311264,Quiterianópolis - CE,2014,20 a 24 anos,65.0
2311264,Quiterianópolis - CE,2014,25 a 29 anos,58.0
2311264,Quiterianópolis - CE,2014,30 a 34 anos,42.0
2311264,Quiterianópolis - CE,2014,35 a 39 anos,21.0
2311264,Quiterianópolis - CE,2014,40 a 44 anos,4.0
2311264,Quiterianópolis - CE,2014,45 a 49 anos,
2311264,Quiterianópolis - CE,2014,50 anos ou mais,
2311264,Quiterianópolis - CE,2014,Ignorada,
2311264,Quiterianópolis - CE,2015,Total,260.0
2311264,Quiterianópolis - CE,2015,Menos de 15 anos,2.0
2311264,Quiterianópolis - CE,2015,15 a 19 anos,45.0
2311264,Quiterianópolis - CE,2015,20 a 24 anos,78.0
2311264,Quiterianópolis - CE,2015,25 a 29 anos,65.0
2311264,Quiterianópolis - CE,2015,30 a 34 anos,39.0
2311264,Quiterianópolis - CE,2015,35 a 39 anos,24.0
2311264,Quiterianópolis - CE,2015,40 a 44 anos,4.0
2311264,Quiterianópolis - CE,2015,45 a 49 anos,
2311264,Quiterianópolis - CE,2015,50 anos ou mais,
2311264,Quiterianópolis - CE,2015,Ignorada,3.0
2311264,Quiterianópolis - CE,2016,Total,213.0
2311264,Quiterianópolis - CE,2016,Menos de 15 anos,1.0
2311264,Quiterianópolis - CE,2016,15 a 19 anos,54.0
2311264,Quiterianópolis - CE,2016,20 a 24 anos,54.0
2311264,Quiterianópolis - CE,2016,25 a 29 anos,37.0
2311264,Quiterianópolis - CE,2016,30 a 34 anos,40.0
2311264,Quiterianópolis - CE,2016,35 a 39 anos,21.0
2311264,Quiterianópolis - CE,2016,40 a 44 anos,4.0
2311264,Quiterianópolis - CE,2016,45 a 49 anos,
2311264,Quiterianópolis - CE,2016,50 anos ou mais,
2311264,Quiterianópolis - CE,2016,Ignorada,2.0
2311264,Quiterianópolis - CE,2017,Total,253.0
2311264,Quiterianópolis - CE,2017,Menos de 15 anos,6.0
2311264,Quiterianópolis - CE,2017,15 a 19 anos,55.0
2311264,Quiterianópolis - CE,2017,20 a 24 anos,76.0
2311264,Quiterianópolis - CE,2017,25 a 29 anos,52.0
2311264,Quiterianópolis - CE,2017,30 a 34 anos,42.0
2311264,Quiterianópolis - CE,2017,35 a 39 anos,16.0
2311264,Quiterianópolis - CE,2017,40 a 44 anos,5.0
2311264,Quiterianópolis - CE,2017,45 a 49 anos,
2311264,Quiterianópolis - CE,2017,50 anos ou mais,
2311264,Quiterianópolis - CE,2017,Ignorada,1.0
2311264,Quiterianópolis - CE,2018,Total,255.0
2311264,Quiterianópolis - CE,2018,Menos de 15 anos,2.0
2311264,Quiterianópolis - CE,2018,15 a 19 anos,51.0
2311264,Quiterianópolis - CE,2018,20 a 24 anos,69.0
2311264,Quiterianópolis - CE,2018,25 a 29 anos,57.0
2311264,Quiterianópolis - CE,2018,30 a 34 anos,45.0
2311264,Quiterianópolis - CE,2018,35 a 39 anos,20.0
2311264,Quiterianópolis - CE,2018,40 a 44 anos,9.0
2311264,Quiterianópolis - CE,2018,45 a 49 anos,1.0
2311264,Quiterianópolis - CE,2018,50 anos ou mais,
2311264,Quiterianópolis - CE,2018,Ignorada,1.0
2311264,Quiterianópolis - CE,2019,Total,255.0
2311264,Quiterianópolis - CE,2019,Menos de 15 anos,3.0
2311264,Quiterianópolis - CE,2019,15 a 19 anos,43.0
2311264,Quiterianópolis - CE,2019,20 a 24 anos,70.0
2311264,Quiterianópolis - CE,2019,25 a 29 anos,57.0
2311264,Quiterianópolis - CE,2019,30 a 34 anos,46.0
2311264,Quiterianópolis - CE,2019,35 a 39 anos,25.0
2311264,Quiterianópolis - CE,2019,40 a 44 anos,10.0
2311264,Quiterianópolis - CE,2019,45 a 49 anos,
2311264,Quiterianópolis - CE,2019,50 anos ou mais,
2311264,Quiterianópolis - CE,2019,Ignorada,1.0
2311306,Quixadá - CE,2014,Total,1314.0
2311306,Quixadá - CE,2014,Menos de 15 anos,12.0
2311306,Quixadá - CE,2014,15 a 19 anos,284.0
2311306,Quixadá - CE,2014,20 a 24 anos,370.0
2311306,Quixadá - CE,2014,25 a 29 anos,298.0
2311306,Quixadá - CE,2014,30 a 34 anos,209.0
2311306,Quixadá - CE,2014,35 a 39 anos,112.0
2311306,Quixadá - CE,2014,40 a 44 anos,26.0
2311306,Quixadá - CE,2014,45 a 49 anos,1.0
2311306,Quixadá - CE,2014,50 anos ou mais,
2311306,Quixadá - CE,2014,Ignorada,2.0
2311306,Quixadá - CE,2015,Total,1382.0
2311306,Quixadá - CE,2015,Menos de 15 anos,11.0
2311306,Quixadá - CE,2015,15 a 19 anos,266.0
2311306,Quixadá - CE,2015,20 a 24 anos,386.0
2311306,Quixadá - CE,2015,25 a 29 anos,324.0
2311306,Quixadá - CE,2015,30 a 34 anos,239.0
2311306,Quixadá - CE,2015,35 a 39 anos,114.0
2311306,Quixadá - CE,2015,40 a 44 anos,40.0
2311306,Quixadá - CE,2015,45 a 49 anos,1.0
2311306,Quixadá - CE,2015,50 anos ou mais,
2311306,Quixadá - CE,2015,Ignorada,1.0
2311306,Quixadá - CE,2016,Total,1214.0
2311306,Quixadá - CE,2016,Menos de 15 anos,8.0
2311306,Quixadá - CE,2016,15 a 19 anos,221.0
2311306,Quixadá - CE,2016,20 a 24 anos,353.0
2311306,Quixadá - CE,2016,25 a 29 anos,276.0
2311306,Quixadá - CE,2016,30 a 34 anos,194.0
2311306,Quixadá - CE,2016,35 a 39 anos,118.0
2311306,Quixadá - CE,2016,40 a 44 anos,40.0
2311306,Quixadá - CE,2016,45 a 49 anos,3.0
2311306,Quixadá - CE,2016,50 anos ou mais,
2311306,Quixadá - CE,2016,Ignorada,1.0
2311306,Quixadá - CE,2017,Total,1267.0
2311306,Quixadá - CE,2017,Menos de 15 anos,15.0
2311306,Quixadá - CE,2017,15 a 19 anos,197.0
2311306,Quixadá - CE,2017,20 a 24 anos,353.0
2311306,Quixadá - CE,2017,25 a 29 anos,279.0
2311306,Quixadá - CE,2017,30 a 34 anos,249.0
2311306,Quixadá - CE,2017,35 a 39 anos,124.0
2311306,Quixadá - CE,2017,40 a 44 anos,42.0
2311306,Quixadá - CE,2017,45 a 49 anos,4.0
2311306,Quixadá - CE,2017,50 anos ou mais,2.0
2311306,Quixadá - CE,2017,Ignorada,2.0
2311306,Quixadá - CE,2018,Total,1423.0
2311306,Quixadá - CE,2018,Menos de 15 anos,12.0
2311306,Quixadá - CE,2018,15 a 19 anos,201.0
2311306,Quixadá - CE,2018,20 a 24 anos,392.0
2311306,Quixadá - CE,2018,25 a 29 anos,361.0
2311306,Quixadá - CE,2018,30 a 34 anos,259.0
2311306,Quixadá - CE,2018,35 a 39 anos,151.0
2311306,Quixadá - CE,2018,40 a 44 anos,46.0
2311306,Quixadá - CE,2018,45 a 49 anos,1.0
2311306,Quixadá - CE,2018,50 anos ou mais,
2311306,Quixadá - CE,2018,Ignorada,
2311306,Quixadá - CE,2019,Total,1378.0
2311306,Quixadá - CE,2019,Menos de 15 anos,12.0
2311306,Quixadá - CE,2019,15 a 19 anos,210.0
2311306,Quixadá - CE,2019,20 a 24 anos,370.0
2311306,Quixadá - CE,2019,25 a 29 anos,300.0
2311306,Quixadá - CE,2019,30 a 34 anos,292.0
2311306,Quixadá - CE,2019,35 a 39 anos,136.0
2311306,Quixadá - CE,2019,40 a 44 anos,55.0
2311306,Quixadá - CE,2019,45 a 49 anos,3.0
2311306,Quixadá - CE,2019,50 anos ou mais,
2311306,Quixadá - CE,2019,Ignorada,
2311355,Quixelô - CE,2014,Total,169.0
2311355,Quixelô - CE,2014,Menos de 15 anos,
2311355,Quixelô - CE,2014,15 a 19 anos,30.0
2311355,Quixelô - CE,2014,20 a 24 anos,38.0
2311355,Quixelô - CE,2014,25 a 29 anos,49.0
2311355,Quixelô - CE,2014,30 a 34 anos,31.0
2311355,Quixelô - CE,2014,35 a 39 anos,18.0
2311355,Quixelô - CE,2014,40 a 44 anos,3.0
2311355,Quixelô - CE,2014,45 a 49 anos,
2311355,Quixelô - CE,2014,50 anos ou mais,
2311355,Quixelô - CE,2014,Ignorada,
2311355,Quixelô - CE,2015,Total,214.0
2311355,Quixelô - CE,2015,Menos de 15 anos,
2311355,Quixelô - CE,2015,15 a 19 anos,51.0
2311355,Quixelô - CE,2015,20 a 24 anos,47.0
2311355,Quixelô - CE,2015,25 a 29 anos,54.0
2311355,Quixelô - CE,2015,30 a 34 anos,33.0
2311355,Quixelô - CE,2015,35 a 39 anos,25.0
2311355,Quixelô - CE,2015,40 a 44 anos,4.0
2311355,Quixelô - CE,2015,45 a 49 anos,
2311355,Quixelô - CE,2015,50 anos ou mais,
2311355,Quixelô - CE,2015,Ignorada,
2311355,Quixelô - CE,2016,Total,160.0
2311355,Quixelô - CE,2016,Menos de 15 anos,4.0
2311355,Quixelô - CE,2016,15 a 19 anos,28.0
2311355,Quixelô - CE,2016,20 a 24 anos,39.0
2311355,Quixelô - CE,2016,25 a 29 anos,39.0
2311355,Quixelô - CE,2016,30 a 34 anos,38.0
2311355,Quixelô - CE,2016,35 a 39 anos,8.0
2311355,Quixelô - CE,2016,40 a 44 anos,4.0
2311355,Quixelô - CE,2016,45 a 49 anos,
2311355,Quixelô - CE,2016,50 anos ou mais,
2311355,Quixelô - CE,2016,Ignorada,
2311355,Quixelô - CE,2017,Total,172.0
2311355,Quixelô - CE,2017,Menos de 15 anos,1.0
2311355,Quixelô - CE,2017,15 a 19 anos,26.0
2311355,Quixelô - CE,2017,20 a 24 anos,53.0
2311355,Quixelô - CE,2017,25 a 29 anos,35.0
2311355,Quixelô - CE,2017,30 a 34 anos,38.0
2311355,Quixelô - CE,2017,35 a 39 anos,15.0
2311355,Quixelô - CE,2017,40 a 44 anos,4.0
2311355,Quixelô - CE,2017,45 a 49 anos,
2311355,Quixelô - CE,2017,50 anos ou mais,
2311355,Quixelô - CE,2017,Ignorada,
2311355,Quixelô - CE,2018,Total,212.0
2311355,Quixelô - CE,2018,Menos de 15 anos,1.0
2311355,Quixelô - CE,2018,15 a 19 anos,41.0
2311355,Quixelô - CE,2018,20 a 24 anos,40.0
2311355,Quixelô - CE,2018,25 a 29 anos,57.0
2311355,Quixelô - CE,2018,30 a 34 anos,36.0
2311355,Quixelô - CE,2018,35 a 39 anos,27.0
2311355,Quixelô - CE,2018,40 a 44 anos,10.0
2311355,Quixelô - CE,2018,45 a 49 anos,
2311355,Quixelô - CE,2018,50 anos ou mais,
2311355,Quixelô - CE,2018,Ignorada,
2311355,Quixelô - CE,2019,Total,178.0
2311355,Quixelô - CE,2019,Menos de 15 anos,
2311355,Quixelô - CE,2019,15 a 19 anos,22.0
2311355,Quixelô - CE,2019,20 a 24 anos,49.0
2311355,Quixelô - CE,2019,25 a 29 anos,42.0
2311355,Quixelô - CE,2019,30 a 34 anos,40.0
2311355,Quixelô - CE,2019,35 a 39 anos,22.0
2311355,Quixelô - CE,2019,40 a 44 anos,3.0
2311355,Quixelô - CE,2019,45 a 49 anos,
2311355,Quixelô - CE,2019,50 anos ou mais,
2311355,Quixelô - CE,2019,Ignorada,
2311405,Quixeramobim - CE,2014,Total,980.0
2311405,Quixeramobim - CE,2014,Menos de 15 anos,10.0
2311405,Quixeramobim - CE,2014,15 a 19 anos,201.0
2311405,Quixeramobim - CE,2014,20 a 24 anos,287.0
2311405,Quixeramobim - CE,2014,25 a 29 anos,236.0
2311405,Quixeramobim - CE,2014,30 a 34 anos,145.0
2311405,Quixeramobim - CE,2014,35 a 39 anos,69.0
2311405,Quixeramobim - CE,2014,40 a 44 anos,30.0
2311405,Quixeramobim - CE,2014,45 a 49 anos,1.0
2311405,Quixeramobim - CE,2014,50 anos ou mais,
2311405,Quixeramobim - CE,2014,Ignorada,1.0
2311405,Quixeramobim - CE,2015,Total,1038.0
2311405,Quixeramobim - CE,2015,Menos de 15 anos,9.0
2311405,Quixeramobim - CE,2015,15 a 19 anos,225.0
2311405,Quixeramobim - CE,2015,20 a 24 anos,296.0
2311405,Quixeramobim - CE,2015,25 a 29 anos,244.0
2311405,Quixeramobim - CE,2015,30 a 34 anos,146.0
2311405,Quixeramobim - CE,2015,35 a 39 anos,84.0
2311405,Quixeramobim - CE,2015,40 a 44 anos,27.0
2311405,Quixeramobim - CE,2015,45 a 49 anos,3.0
2311405,Quixeramobim - CE,2015,50 anos ou mais,
2311405,Quixeramobim - CE,2015,Ignorada,4.0
2311405,Quixeramobim - CE,2016,Total,984.0
2311405,Quixeramobim - CE,2016,Menos de 15 anos,14.0
2311405,Quixeramobim - CE,2016,15 a 19 anos,183.0
2311405,Quixeramobim - CE,2016,20 a 24 anos,300.0
2311405,Quixeramobim - CE,2016,25 a 29 anos,217.0
2311405,Quixeramobim - CE,2016,30 a 34 anos,149.0
2311405,Quixeramobim - CE,2016,35 a 39 anos,93.0
2311405,Quixeramobim - CE,2016,40 a 44 anos,22.0
2311405,Quixeramobim - CE,2016,45 a 49 anos,3.0
2311405,Quixeramobim - CE,2016,50 anos ou mais,1.0
2311405,Quixeramobim - CE,2016,Ignorada,2.0
2311405,Quixeramobim - CE,2017,Total,999.0
2311405,Quixeramobim - CE,2017,Menos de 15 anos,6.0
2311405,Quixeramobim - CE,2017,15 a 19 anos,180.0
2311405,Quixeramobim - CE,2017,20 a 24 anos,292.0
2311405,Quixeramobim - CE,2017,25 a 29 anos,245.0
2311405,Quixeramobim - CE,2017,30 a 34 anos,143.0
2311405,Quixeramobim - CE,2017,35 a 39 anos,107.0
2311405,Quixeramobim - CE,2017,40 a 44 anos,24.0
2311405,Quixeramobim - CE,2017,45 a 49 anos,2.0
2311405,Quixeramobim - CE,2017,50 anos ou mais,
2311405,Quixeramobim - CE,2017,Ignorada,
2311405,Quixeramobim - CE,2018,Total,1176.0
2311405,Quixeramobim - CE,2018,Menos de 15 anos,11.0
2311405,Quixeramobim - CE,2018,15 a 19 anos,218.0
2311405,Quixeramobim - CE,2018,20 a 24 anos,347.0
2311405,Quixeramobim - CE,2018,25 a 29 anos,287.0
2311405,Quixeramobim - CE,2018,30 a 34 anos,198.0
2311405,Quixeramobim - CE,2018,35 a 39 anos,88.0
2311405,Quixeramobim - CE,2018,40 a 44 anos,25.0
2311405,Quixeramobim - CE,2018,45 a 49 anos,2.0
2311405,Quixeramobim - CE,2018,50 anos ou mais,
2311405,Quixeramobim - CE,2018,Ignorada,
2311405,Quixeramobim - CE,2019,Total,1174.0
2311405,Quixeramobim - CE,2019,Menos de 15 anos,13.0
2311405,Quixeramobim - CE,2019,15 a 19 anos,165.0
2311405,Quixeramobim - CE,2019,20 a 24 anos,361.0
2311405,Quixeramobim - CE,2019,25 a 29 anos,289.0
2311405,Quixeramobim - CE,2019,30 a 34 anos,205.0
2311405,Quixeramobim - CE,2019,35 a 39 anos,105.0
2311405,Quixeramobim - CE,2019,40 a 44 anos,34.0
2311405,Quixeramobim - CE,2019,45 a 49 anos,2.0
2311405,Quixeramobim - CE,2019,50 anos ou mais,
2311405,Quixeramobim - CE,2019,Ignorada,
2311504,Quixeré - CE,2014,Total,312.0
2311504,Quixeré - CE,2014,Menos de 15 anos,2.0
2311504,Quixeré - CE,2014,15 a 19 anos,72.0
2311504,Quixeré - CE,2014,20 a 24 anos,93.0
2311504,Quixeré - CE,2014,25 a 29 anos,74.0
2311504,Quixeré - CE,2014,30 a 34 anos,44.0
2311504,Quixeré - CE,2014,35 a 39 anos,21.0
2311504,Quixeré - CE,2014,40 a 44 anos,6.0
2311504,Quixeré - CE,2014,45 a 49 anos,
2311504,Quixeré - CE,2014,50 anos ou mais,
2311504,Quixeré - CE,2014,Ignorada,
2311504,Quixeré - CE,2015,Total,327.0
2311504,Quixeré - CE,2015,Menos de 15 anos,2.0
2311504,Quixeré - CE,2015,15 a 19 anos,57.0
2311504,Quixeré - CE,2015,20 a 24 anos,96.0
2311504,Quixeré - CE,2015,25 a 29 anos,87.0
2311504,Quixeré - CE,2015,30 a 34 anos,55.0
2311504,Quixeré - CE,2015,35 a 39 anos,22.0
2311504,Quixeré - CE,2015,40 a 44 anos,7.0
2311504,Quixeré - CE,2015,45 a 49 anos,1.0
2311504,Quixeré - CE,2015,50 anos ou mais,
2311504,Quixeré - CE,2015,Ignorada,
2311504,Quixeré - CE,2016,Total,266.0
2311504,Quixeré - CE,2016,Menos de 15 anos,2.0
2311504,Quixeré - CE,2016,15 a 19 anos,51.0
2311504,Quixeré - CE,2016,20 a 24 anos,79.0
2311504,Quixeré - CE,2016,25 a 29 anos,53.0
2311504,Quixeré - CE,2016,30 a 34 anos,43.0
2311504,Quixeré - CE,2016,35 a 39 anos,29.0
2311504,Quixeré - CE,2016,40 a 44 anos,7.0
2311504,Quixeré - CE,2016,45 a 49 anos,
2311504,Quixeré - CE,2016,50 anos ou mais,
2311504,Quixeré - CE,2016,Ignorada,2.0
2311504,Quixeré - CE,2017,Total,272.0
2311504,Quixeré - CE,2017,Menos de 15 anos,
2311504,Quixeré - CE,2017,15 a 19 anos,42.0
2311504,Quixeré - CE,2017,20 a 24 anos,74.0
2311504,Quixeré - CE,2017,25 a 29 anos,86.0
2311504,Quixeré - CE,2017,30 a 34 anos,46.0
2311504,Quixeré - CE,2017,35 a 39 anos,21.0
2311504,Quixeré - CE,2017,40 a 44 anos,2.0
2311504,Quixeré - CE,2017,45 a 49 anos,1.0
2311504,Quixeré - CE,2017,50 anos ou mais,
2311504,Quixeré - CE,2017,Ignorada,
2311504,Quixeré - CE,2018,Total,249.0
2311504,Quixeré - CE,2018,Menos de 15 anos,1.0
2311504,Quixeré - CE,2018,15 a 19 anos,51.0
2311504,Quixeré - CE,2018,20 a 24 anos,55.0
2311504,Quixeré - CE,2018,25 a 29 anos,58.0
2311504,Quixeré - CE,2018,30 a 34 anos,54.0
2311504,Quixeré - CE,2018,35 a 39 anos,23.0
2311504,Quixeré - CE,2018,40 a 44 anos,6.0
2311504,Quixeré - CE,2018,45 a 49 anos,
2311504,Quixeré - CE,2018,50 anos ou mais,
2311504,Quixeré - CE,2018,Ignorada,1.0
2311504,Quixeré - CE,2019,Total,260.0
2311504,Quixeré - CE,2019,Menos de 15 anos,2.0
2311504,Quixeré - CE,2019,15 a 19 anos,36.0
2311504,Quixeré - CE,2019,20 a 24 anos,68.0
2311504,Quixeré - CE,2019,25 a 29 anos,71.0
2311504,Quixeré - CE,2019,30 a 34 anos,49.0
2311504,Quixeré - CE,2019,35 a 39 anos,24.0
2311504,Quixeré - CE,2019,40 a 44 anos,8.0
2311504,Quixeré - CE,2019,45 a 49 anos,2.0
2311504,Quixeré - CE,2019,50 anos ou mais,
2311504,Quixeré - CE,2019,Ignorada,
2311603,Redenção - CE,2014,Total,447.0
2311603,Redenção - CE,2014,Menos de 15 anos,3.0
2311603,Redenção - CE,2014,15 a 19 anos,93.0
2311603,Redenção - CE,2014,20 a 24 anos,114.0
2311603,Redenção - CE,2014,25 a 29 anos,107.0
2311603,Redenção - CE,2014,30 a 34 anos,87.0
2311603,Redenção - CE,2014,35 a 39 anos,34.0
2311603,Redenção - CE,2014,40 a 44 anos,8.0
2311603,Redenção - CE,2014,45 a 49 anos,
2311603,Redenção - CE,2014,50 anos ou mais,
2311603,Redenção - CE,2014,Ignorada,1.0
2311603,Redenção - CE,2015,Total,468.0
2311603,Redenção - CE,2015,Menos de 15 anos,3.0
2311603,Redenção - CE,2015,15 a 19 anos,76.0
2311603,Redenção - CE,2015,20 a 24 anos,135.0
2311603,Redenção - CE,2015,25 a 29 anos,113.0
2311603,Redenção - CE,2015,30 a 34 anos,86.0
2311603,Redenção - CE,2015,35 a 39 anos,37.0
2311603,Redenção - CE,2015,40 a 44 anos,17.0
2311603,Redenção - CE,2015,45 a 49 anos,1.0
2311603,Redenção - CE,2015,50 anos ou mais,
2311603,Redenção - CE,2015,Ignorada,
2311603,Redenção - CE,2016,Total,418.0
2311603,Redenção - CE,2016,Menos de 15 anos,
2311603,Redenção - CE,2016,15 a 19 anos,77.0
2311603,Redenção - CE,2016,20 a 24 anos,121.0
2311603,Redenção - CE,2016,25 a 29 anos,98.0
2311603,Redenção - CE,2016,30 a 34 anos,70.0
2311603,Redenção - CE,2016,35 a 39 anos,41.0
2311603,Redenção - CE,2016,40 a 44 anos,8.0
2311603,Redenção - CE,2016,45 a 49 anos,3.0
2311603,Redenção - CE,2016,50 anos ou mais,
2311603,Redenção - CE,2016,Ignorada,
2311603,Redenção - CE,2017,Total,425.0
2311603,Redenção - CE,2017,Menos de 15 anos,3.0
2311603,Redenção - CE,2017,15 a 19 anos,57.0
2311603,Redenção - CE,2017,20 a 24 anos,134.0
2311603,Redenção - CE,2017,25 a 29 anos,94.0
2311603,Redenção - CE,2017,30 a 34 anos,84.0
2311603,Redenção - CE,2017,35 a 39 anos,39.0
2311603,Redenção - CE,2017,40 a 44 anos,14.0
2311603,Redenção - CE,2017,45 a 49 anos,
2311603,Redenção - CE,2017,50 anos ou mais,
2311603,Redenção - CE,2017,Ignorada,
2311603,Redenção - CE,2018,Total,364.0
2311603,Redenção - CE,2018,Menos de 15 anos,4.0
2311603,Redenção - CE,2018,15 a 19 anos,38.0
2311603,Redenção - CE,2018,20 a 24 anos,101.0
2311603,Redenção - CE,2018,25 a 29 anos,85.0
2311603,Redenção - CE,2018,30 a 34 anos,78.0
2311603,Redenção - CE,2018,35 a 39 anos,46.0
2311603,Redenção - CE,2018,40 a 44 anos,12.0
2311603,Redenção - CE,2018,45 a 49 anos,
2311603,Redenção - CE,2018,50 anos ou mais,
2311603,Redenção - CE,2018,Ignorada,
2311603,Redenção - CE,2019,Total,408.0
2311603,Redenção - CE,2019,Menos de 15 anos,1.0
2311603,Redenção - CE,2019,15 a 19 anos,54.0
2311603,Redenção - CE,2019,20 a 24 anos,97.0
2311603,Redenção - CE,2019,25 a 29 anos,112.0
2311603,Redenção - CE,2019,30 a 34 anos,90.0
2311603,Redenção - CE,2019,35 a 39 anos,43.0
2311603,Redenção - CE,2019,40 a 44 anos,10.0
2311603,Redenção - CE,2019,45 a 49 anos,1.0
2311603,Redenção - CE,2019,50 anos ou mais,
2311603,Redenção - CE,2019,Ignorada,
2311702,Reriutaba - CE,2014,Total,250.0
2311702,Reriutaba - CE,2014,Menos de 15 anos,7.0
2311702,Reriutaba - CE,2014,15 a 19 anos,60.0
2311702,Reriutaba - CE,2014,20 a 24 anos,54.0
2311702,Reriutaba - CE,2014,25 a 29 anos,53.0
2311702,Reriutaba - CE,2014,30 a 34 anos,37.0
2311702,Reriutaba - CE,2014,35 a 39 anos,28.0
2311702,Reriutaba - CE,2014,40 a 44 anos,11.0
2311702,Reriutaba - CE,2014,45 a 49 anos,
2311702,Reriutaba - CE,2014,50 anos ou mais,
2311702,Reriutaba - CE,2014,Ignorada,
2311702,Reriutaba - CE,2015,Total,250.0
2311702,Reriutaba - CE,2015,Menos de 15 anos,
2311702,Reriutaba - CE,2015,15 a 19 anos,53.0
2311702,Reriutaba - CE,2015,20 a 24 anos,63.0
2311702,Reriutaba - CE,2015,25 a 29 anos,64.0
2311702,Reriutaba - CE,2015,30 a 34 anos,38.0
2311702,Reriutaba - CE,2015,35 a 39 anos,21.0
2311702,Reriutaba - CE,2015,40 a 44 anos,11.0
2311702,Reriutaba - CE,2015,45 a 49 anos,
2311702,Reriutaba - CE,2015,50 anos ou mais,
2311702,Reriutaba - CE,2015,Ignorada,
2311702,Reriutaba - CE,2016,Total,236.0
2311702,Reriutaba - CE,2016,Menos de 15 anos,3.0
2311702,Reriutaba - CE,2016,15 a 19 anos,44.0
2311702,Reriutaba - CE,2016,20 a 24 anos,59.0
2311702,Reriutaba - CE,2016,25 a 29 anos,57.0
2311702,Reriutaba - CE,2016,30 a 34 anos,42.0
2311702,Reriutaba - CE,2016,35 a 39 anos,28.0
2311702,Reriutaba - CE,2016,40 a 44 anos,3.0
2311702,Reriutaba - CE,2016,45 a 49 anos,
2311702,Reriutaba - CE,2016,50 anos ou mais,
2311702,Reriutaba - CE,2016,Ignorada,
2311702,Reriutaba - CE,2017,Total,237.0
2311702,Reriutaba - CE,2017,Menos de 15 anos,1.0
2311702,Reriutaba - CE,2017,15 a 19 anos,40.0
2311702,Reriutaba - CE,2017,20 a 24 anos,62.0
2311702,Reriutaba - CE,2017,25 a 29 anos,58.0
2311702,Reriutaba - CE,2017,30 a 34 anos,43.0
2311702,Reriutaba - CE,2017,35 a 39 anos,28.0
2311702,Reriutaba - CE,2017,40 a 44 anos,5.0
2311702,Reriutaba - CE,2017,45 a 49 anos,
2311702,Reriutaba - CE,2017,50 anos ou mais,
2311702,Reriutaba - CE,2017,Ignorada,
2311702,Reriutaba - CE,2018,Total,242.0
2311702,Reriutaba - CE,2018,Menos de 15 anos,3.0
2311702,Reriutaba - CE,2018,15 a 19 anos,45.0
2311702,Reriutaba - CE,2018,20 a 24 anos,65.0
2311702,Reriutaba - CE,2018,25 a 29 anos,55.0
2311702,Reriutaba - CE,2018,30 a 34 anos,48.0
2311702,Reriutaba - CE,2018,35 a 39 anos,18.0
2311702,Reriutaba - CE,2018,40 a 44 anos,8.0
2311702,Reriutaba - CE,2018,45 a 49 anos,
2311702,Reriutaba - CE,2018,50 anos ou mais,
2311702,Reriutaba - CE,2018,Ignorada,
2311702,Reriutaba - CE,2019,Total,247.0
2311702,Reriutaba - CE,2019,Menos de 15 anos,4.0
2311702,Reriutaba - CE,2019,15 a 19 anos,45.0
2311702,Reriutaba - CE,2019,20 a 24 anos,50.0
2311702,Reriutaba - CE,2019,25 a 29 anos,61.0
2311702,Reriutaba - CE,2019,30 a 34 anos,47.0
2311702,Reriutaba - CE,2019,35 a 39 anos,27.0
2311702,Reriutaba - CE,2019,40 a 44 anos,11.0
2311702,Reriutaba - CE,2019,45 a 49 anos,2.0
2311702,Reriutaba - CE,2019,50 anos ou mais,
2311702,Reriutaba - CE,2019,Ignorada,
2311801,Russas - CE,2014,Total,947.0
2311801,Russas - CE,2014,Menos de 15 anos,8.0
2311801,Russas - CE,2014,15 a 19 anos,173.0
2311801,Russas - CE,2014,20 a 24 anos,248.0
2311801,Russas - CE,2014,25 a 29 anos,252.0
2311801,Russas - CE,2014,30 a 34 anos,165.0
2311801,Russas - CE,2014,35 a 39 anos,77.0
2311801,Russas - CE,2014,40 a 44 anos,23.0
2311801,Russas - CE,2014,45 a 49 anos,1.0
2311801,Russas - CE,2014,50 anos ou mais,
2311801,Russas - CE,2014,Ignorada,
2311801,Russas - CE,2015,Total,1036.0
2311801,Russas - CE,2015,Menos de 15 anos,13.0
2311801,Russas - CE,2015,15 a 19 anos,145.0
2311801,Russas - CE,2015,20 a 24 anos,287.0
2311801,Russas - CE,2015,25 a 29 anos,275.0
2311801,Russas - CE,2015,30 a 34 anos,196.0
2311801,Russas - CE,2015,35 a 39 anos,93.0
2311801,Russas - CE,2015,40 a 44 anos,18.0
2311801,Russas - CE,2015,45 a 49 anos,3.0
2311801,Russas - CE,2015,50 anos ou mais,1.0
2311801,Russas - CE,2015,Ignorada,5.0
2311801,Russas - CE,2016,Total,911.0
2311801,Russas - CE,2016,Menos de 15 anos,4.0
2311801,Russas - CE,2016,15 a 19 anos,135.0
2311801,Russas - CE,2016,20 a 24 anos,274.0
2311801,Russas - CE,2016,25 a 29 anos,246.0
2311801,Russas - CE,2016,30 a 34 anos,157.0
2311801,Russas - CE,2016,35 a 39 anos,69.0
2311801,Russas - CE,2016,40 a 44 anos,23.0
2311801,Russas - CE,2016,45 a 49 anos,
2311801,Russas - CE,2016,50 anos ou mais,
2311801,Russas - CE,2016,Ignorada,3.0
2311801,Russas - CE,2017,Total,989.0
2311801,Russas - CE,2017,Menos de 15 anos,6.0
2311801,Russas - CE,2017,15 a 19 anos,151.0
2311801,Russas - CE,2017,20 a 24 anos,247.0
2311801,Russas - CE,2017,25 a 29 anos,274.0
2311801,Russas - CE,2017,30 a 34 anos,185.0
2311801,Russas - CE,2017,35 a 39 anos,104.0
2311801,Russas - CE,2017,40 a 44 anos,19.0
2311801,Russas - CE,2017,45 a 49 anos,3.0
2311801,Russas - CE,2017,50 anos ou mais,
2311801,Russas - CE,2017,Ignorada,
2311801,Russas - CE,2018,Total,995.0
2311801,Russas - CE,2018,Menos de 15 anos,3.0
2311801,Russas - CE,2018,15 a 19 anos,121.0
2311801,Russas - CE,2018,20 a 24 anos,256.0
2311801,Russas - CE,2018,25 a 29 anos,267.0
2311801,Russas - CE,2018,30 a 34 anos,213.0
2311801,Russas - CE,2018,35 a 39 anos,95.0
2311801,Russas - CE,2018,40 a 44 anos,23.0
2311801,Russas - CE,2018,45 a 49 anos,1.0
2311801,Russas - CE,2018,50 anos ou mais,
2311801,Russas - CE,2018,Ignorada,16.0
2311801,Russas - CE,2019,Total,928.0
2311801,Russas - CE,2019,Menos de 15 anos,6.0
2311801,Russas - CE,2019,15 a 19 anos,127.0
2311801,Russas - CE,2019,20 a 24 anos,210.0
2311801,Russas - CE,2019,25 a 29 anos,212.0
2311801,Russas - CE,2019,30 a 34 anos,194.0
2311801,Russas - CE,2019,35 a 39 anos,124.0
2311801,Russas - CE,2019,40 a 44 anos,35.0
2311801,Russas - CE,2019,45 a 49 anos,2.0
2311801,Russas - CE,2019,50 anos ou mais,
2311801,Russas - CE,2019,Ignorada,18.0
2311900,Saboeiro - CE,2014,Total,173.0
2311900,Saboeiro - CE,2014,Menos de 15 anos,1.0
2311900,Saboeiro - CE,2014,15 a 19 anos,36.0
2311900,Saboeiro - CE,2014,20 a 24 anos,53.0
2311900,Saboeiro - CE,2014,25 a 29 anos,32.0
2311900,Saboeiro - CE,2014,30 a 34 anos,26.0
2311900,Saboeiro - CE,2014,35 a 39 anos,23.0
2311900,Saboeiro - CE,2014,40 a 44 anos,1.0
2311900,Saboeiro - CE,2014,45 a 49 anos,1.0
2311900,Saboeiro - CE,2014,50 anos ou mais,
2311900,Saboeiro - CE,2014,Ignorada,
2311900,Saboeiro - CE,2015,Total,194.0
2311900,Saboeiro - CE,2015,Menos de 15 anos,
2311900,Saboeiro - CE,2015,15 a 19 anos,40.0
2311900,Saboeiro - CE,2015,20 a 24 anos,53.0
2311900,Saboeiro - CE,2015,25 a 29 anos,59.0
2311900,Saboeiro - CE,2015,30 a 34 anos,26.0
2311900,Saboeiro - CE,2015,35 a 39 anos,11.0
2311900,Saboeiro - CE,2015,40 a 44 anos,5.0
2311900,Saboeiro - CE,2015,45 a 49 anos,
2311900,Saboeiro - CE,2015,50 anos ou mais,
2311900,Saboeiro - CE,2015,Ignorada,
2311900,Saboeiro - CE,2016,Total,212.0
2311900,Saboeiro - CE,2016,Menos de 15 anos,2.0
2311900,Saboeiro - CE,2016,15 a 19 anos,48.0
2311900,Saboeiro - CE,2016,20 a 24 anos,65.0
2311900,Saboeiro - CE,2016,25 a 29 anos,39.0
2311900,Saboeiro - CE,2016,30 a 34 anos,34.0
2311900,Saboeiro - CE,2016,35 a 39 anos,20.0
2311900,Saboeiro - CE,2016,40 a 44 anos,3.0
2311900,Saboeiro - CE,2016,45 a 49 anos,1.0
2311900,Saboeiro - CE,2016,50 anos ou mais,
2311900,Saboeiro - CE,2016,Ignorada,
2311900,Saboeiro - CE,2017,Total,230.0
2311900,Saboeiro - CE,2017,Menos de 15 anos,
2311900,Saboeiro - CE,2017,15 a 19 anos,53.0
2311900,Saboeiro - CE,2017,20 a 24 anos,51.0
2311900,Saboeiro - CE,2017,25 a 29 anos,78.0
2311900,Saboeiro - CE,2017,30 a 34 anos,33.0
2311900,Saboeiro - CE,2017,35 a 39 anos,11.0
2311900,Saboeiro - CE,2017,40 a 44 anos,4.0
2311900,Saboeiro - CE,2017,45 a 49 anos,
2311900,Saboeiro - CE,2017,50 anos ou mais,
2311900,Saboeiro - CE,2017,Ignorada,
2311900,Saboeiro - CE,2018,Total,225.0
2311900,Saboeiro - CE,2018,Menos de 15 anos,1.0
2311900,Saboeiro - CE,2018,15 a 19 anos,40.0
2311900,Saboeiro - CE,2018,20 a 24 anos,77.0
2311900,Saboeiro - CE,2018,25 a 29 anos,54.0
2311900,Saboeiro - CE,2018,30 a 34 anos,28.0
2311900,Saboeiro - CE,2018,35 a 39 anos,18.0
2311900,Saboeiro - CE,2018,40 a 44 anos,6.0
2311900,Saboeiro - CE,2018,45 a 49 anos,1.0
2311900,Saboeiro - CE,2018,50 anos ou mais,
2311900,Saboeiro - CE,2018,Ignorada,
2311900,Saboeiro - CE,2019,Total,195.0
2311900,Saboeiro - CE,2019,Menos de 15 anos,2.0
2311900,Saboeiro - CE,2019,15 a 19 anos,34.0
2311900,Saboeiro - CE,2019,20 a 24 anos,59.0
2311900,Saboeiro - CE,2019,25 a 29 anos,48.0
2311900,Saboeiro - CE,2019,30 a 34 anos,33.0
2311900,Saboeiro - CE,2019,35 a 39 anos,16.0
2311900,Saboeiro - CE,2019,40 a 44 anos,3.0
2311900,Saboeiro - CE,2019,45 a 49 anos,
2311900,Saboeiro - CE,2019,50 anos ou mais,
2311900,Saboeiro - CE,2019,Ignorada,
2311959,Salitre - CE,2014,Total,231.0
2311959,Salitre - CE,2014,Menos de 15 anos,5.0
2311959,Salitre - CE,2014,15 a 19 anos,62.0
2311959,Salitre - CE,2014,20 a 24 anos,51.0
2311959,Salitre - CE,2014,25 a 29 anos,58.0
2311959,Salitre - CE,2014,30 a 34 anos,33.0
2311959,Salitre - CE,2014,35 a 39 anos,19.0
2311959,Salitre - CE,2014,40 a 44 anos,2.0
2311959,Salitre - CE,2014,45 a 49 anos,
2311959,Salitre - CE,2014,50 anos ou mais,
2311959,Salitre - CE,2014,Ignorada,1.0
2311959,Salitre - CE,2015,Total,277.0
2311959,Salitre - CE,2015,Menos de 15 anos,7.0
2311959,Salitre - CE,2015,15 a 19 anos,64.0
2311959,Salitre - CE,2015,20 a 24 anos,73.0
2311959,Salitre - CE,2015,25 a 29 anos,71.0
2311959,Salitre - CE,2015,30 a 34 anos,38.0
2311959,Salitre - CE,2015,35 a 39 anos,20.0
2311959,Salitre - CE,2015,40 a 44 anos,3.0
2311959,Salitre - CE,2015,45 a 49 anos,1.0
2311959,Salitre - CE,2015,50 anos ou mais,
2311959,Salitre - CE,2015,Ignorada,
2311959,Salitre - CE,2016,Total,247.0
2311959,Salitre - CE,2016,Menos de 15 anos,8.0
2311959,Salitre - CE,2016,15 a 19 anos,70.0
2311959,Salitre - CE,2016,20 a 24 anos,53.0
2311959,Salitre - CE,2016,25 a 29 anos,60.0
2311959,Salitre - CE,2016,30 a 34 anos,30.0
2311959,Salitre - CE,2016,35 a 39 anos,14.0
2311959,Salitre - CE,2016,40 a 44 anos,11.0
2311959,Salitre - CE,2016,45 a 49 anos,1.0
2311959,Salitre - CE,2016,50 anos ou mais,
2311959,Salitre - CE,2016,Ignorada,
2311959,Salitre - CE,2017,Total,272.0
2311959,Salitre - CE,2017,Menos de 15 anos,4.0
2311959,Salitre - CE,2017,15 a 19 anos,69.0
2311959,Salitre - CE,2017,20 a 24 anos,72.0
2311959,Salitre - CE,2017,25 a 29 anos,59.0
2311959,Salitre - CE,2017,30 a 34 anos,43.0
2311959,Salitre - CE,2017,35 a 39 anos,19.0
2311959,Salitre - CE,2017,40 a 44 anos,6.0
2311959,Salitre - CE,2017,45 a 49 anos,
2311959,Salitre - CE,2017,50 anos ou mais,
2311959,Salitre - CE,2017,Ignorada,
2311959,Salitre - CE,2018,Total,299.0
2311959,Salitre - CE,2018,Menos de 15 anos,3.0
2311959,Salitre - CE,2018,15 a 19 anos,74.0
2311959,Salitre - CE,2018,20 a 24 anos,71.0
2311959,Salitre - CE,2018,25 a 29 anos,69.0
2311959,Salitre - CE,2018,30 a 34 anos,46.0
2311959,Salitre - CE,2018,35 a 39 anos,23.0
2311959,Salitre - CE,2018,40 a 44 anos,10.0
2311959,Salitre - CE,2018,45 a 49 anos,1.0
2311959,Salitre - CE,2018,50 anos ou mais,
2311959,Salitre - CE,2018,Ignorada,2.0
2311959,Salitre - CE,2019,Total,267.0
2311959,Salitre - CE,2019,Menos de 15 anos,3.0
2311959,Salitre - CE,2019,15 a 19 anos,63.0
2311959,Salitre - CE,2019,20 a 24 anos,76.0
2311959,Salitre - CE,2019,25 a 29 anos,46.0
2311959,Salitre - CE,2019,30 a 34 anos,46.0
2311959,Salitre - CE,2019,35 a 39 anos,23.0
2311959,Salitre - CE,2019,40 a 44 anos,9.0
2311959,Salitre - CE,2019,45 a 49 anos,
2311959,Salitre - CE,2019,50 anos ou mais,
2311959,Salitre - CE,2019,Ignorada,1.0
2312007,Santana do Acaraú - CE,2014,Total,464.0
2312007,Santana do Acaraú - CE,2014,Menos de 15 anos,5.0
2312007,Santana do Acaraú - CE,2014,15 a 19 anos,106.0
2312007,Santana do Acaraú - CE,2014,20 a 24 anos,126.0
2312007,Santana do Acaraú - CE,2014,25 a 29 anos,112.0
2312007,Santana do Acaraú - CE,2014,30 a 34 anos,70.0
2312007,Santana do Acaraú - CE,2014,35 a 39 anos,35.0
2312007,Santana do Acaraú - CE,2014,40 a 44 anos,9.0
2312007,Santana do Acaraú - CE,2014,45 a 49 anos,1.0
2312007,Santana do Acaraú - CE,2014,50 anos ou mais,
2312007,Santana do Acaraú - CE,2014,Ignorada,
2312007,Santana do Acaraú - CE,2015,Total,432.0
2312007,Santana do Acaraú - CE,2015,Menos de 15 anos,5.0
2312007,Santana do Acaraú - CE,2015,15 a 19 anos,85.0
2312007,Santana do Acaraú - CE,2015,20 a 24 anos,111.0
2312007,Santana do Acaraú - CE,2015,25 a 29 anos,111.0
2312007,Santana do Acaraú - CE,2015,30 a 34 anos,67.0
2312007,Santana do Acaraú - CE,2015,35 a 39 anos,41.0
2312007,Santana do Acaraú - CE,2015,40 a 44 anos,11.0
2312007,Santana do Acaraú - CE,2015,45 a 49 anos,1.0
2312007,Santana do Acaraú - CE,2015,50 anos ou mais,
2312007,Santana do Acaraú - CE,2015,Ignorada,
2312007,Santana do Acaraú - CE,2016,Total,416.0
2312007,Santana do Acaraú - CE,2016,Menos de 15 anos,6.0
2312007,Santana do Acaraú - CE,2016,15 a 19 anos,81.0
2312007,Santana do Acaraú - CE,2016,20 a 24 anos,117.0
2312007,Santana do Acaraú - CE,2016,25 a 29 anos,103.0
2312007,Santana do Acaraú - CE,2016,30 a 34 anos,72.0
2312007,Santana do Acaraú - CE,2016,35 a 39 anos,24.0
2312007,Santana do Acaraú - CE,2016,40 a 44 anos,12.0
2312007,Santana do Acaraú - CE,2016,45 a 49 anos,
2312007,Santana do Acaraú - CE,2016,50 anos ou mais,
2312007,Santana do Acaraú - CE,2016,Ignorada,1.0
2312007,Santana do Acaraú - CE,2017,Total,438.0
2312007,Santana do Acaraú - CE,2017,Menos de 15 anos,4.0
2312007,Santana do Acaraú - CE,2017,15 a 19 anos,72.0
2312007,Santana do Acaraú - CE,2017,20 a 24 anos,117.0
2312007,Santana do Acaraú - CE,2017,25 a 29 anos,106.0
2312007,Santana do Acaraú - CE,2017,30 a 34 anos,92.0
2312007,Santana do Acaraú - CE,2017,35 a 39 anos,37.0
2312007,Santana do Acaraú - CE,2017,40 a 44 anos,9.0
2312007,Santana do Acaraú - CE,2017,45 a 49 anos,1.0
2312007,Santana do Acaraú - CE,2017,50 anos ou mais,
2312007,Santana do Acaraú - CE,2017,Ignorada,
2312007,Santana do Acaraú - CE,2018,Total,414.0
2312007,Santana do Acaraú - CE,2018,Menos de 15 anos,8.0
2312007,Santana do Acaraú - CE,2018,15 a 19 anos,72.0
2312007,Santana do Acaraú - CE,2018,20 a 24 anos,102.0
2312007,Santana do Acaraú - CE,2018,25 a 29 anos,104.0
2312007,Santana do Acaraú - CE,2018,30 a 34 anos,76.0
2312007,Santana do Acaraú - CE,2018,35 a 39 anos,45.0
2312007,Santana do Acaraú - CE,2018,40 a 44 anos,7.0
2312007,Santana do Acaraú - CE,2018,45 a 49 anos,
2312007,Santana do Acaraú - CE,2018,50 anos ou mais,
2312007,Santana do Acaraú - CE,2018,Ignorada,
2312007,Santana do Acaraú - CE,2019,Total,431.0
2312007,Santana do Acaraú - CE,2019,Menos de 15 anos,2.0
2312007,Santana do Acaraú - CE,2019,15 a 19 anos,77.0
2312007,Santana do Acaraú - CE,2019,20 a 24 anos,108.0
2312007,Santana do Acaraú - CE,2019,25 a 29 anos,111.0
2312007,Santana do Acaraú - CE,2019,30 a 34 anos,80.0
2312007,Santana do Acaraú - CE,2019,35 a 39 anos,43.0
2312007,Santana do Acaraú - CE,2019,40 a 44 anos,10.0
2312007,Santana do Acaraú - CE,2019,45 a 49 anos,
2312007,Santana do Acaraú - CE,2019,50 anos ou mais,
2312007,Santana do Acaraú - CE,2019,Ignorada,
2312106,Santana do Cariri - CE,2014,Total,199.0
2312106,Santana do Cariri - CE,2014,Menos de 15 anos,1.0
2312106,Santana do Cariri - CE,2014,15 a 19 anos,35.0
2312106,Santana do Cariri - CE,2014,20 a 24 anos,44.0
2312106,Santana do Cariri - CE,2014,25 a 29 anos,51.0
2312106,Santana do Cariri - CE,2014,30 a 34 anos,35.0
2312106,Santana do Cariri - CE,2014,35 a 39 anos,22.0
2312106,Santana do Cariri - CE,2014,40 a 44 anos,10.0
2312106,Santana do Cariri - CE,2014,45 a 49 anos,
2312106,Santana do Cariri - CE,2014,50 anos ou mais,
2312106,Santana do Cariri - CE,2014,Ignorada,1.0
2312106,Santana do Cariri - CE,2015,Total,221.0
2312106,Santana do Cariri - CE,2015,Menos de 15 anos,2.0
2312106,Santana do Cariri - CE,2015,15 a 19 anos,42.0
2312106,Santana do Cariri - CE,2015,20 a 24 anos,50.0
2312106,Santana do Cariri - CE,2015,25 a 29 anos,46.0
2312106,Santana do Cariri - CE,2015,30 a 34 anos,48.0
2312106,Santana do Cariri - CE,2015,35 a 39 anos,28.0
2312106,Santana do Cariri - CE,2015,40 a 44 anos,4.0
2312106,Santana do Cariri - CE,2015,45 a 49 anos,1.0
2312106,Santana do Cariri - CE,2015,50 anos ou mais,
2312106,Santana do Cariri - CE,2015,Ignorada,
2312106,Santana do Cariri - CE,2016,Total,242.0
2312106,Santana do Cariri - CE,2016,Menos de 15 anos,4.0
2312106,Santana do Cariri - CE,2016,15 a 19 anos,50.0
2312106,Santana do Cariri - CE,2016,20 a 24 anos,58.0
2312106,Santana do Cariri - CE,2016,25 a 29 anos,60.0
2312106,Santana do Cariri - CE,2016,30 a 34 anos,35.0
2312106,Santana do Cariri - CE,2016,35 a 39 anos,24.0
2312106,Santana do Cariri - CE,2016,40 a 44 anos,8.0
2312106,Santana do Cariri - CE,2016,45 a 49 anos,3.0
2312106,Santana do Cariri - CE,2016,50 anos ou mais,
2312106,Santana do Cariri - CE,2016,Ignorada,
2312106,Santana do Cariri - CE,2017,Total,209.0
2312106,Santana do Cariri - CE,2017,Menos de 15 anos,2.0
2312106,Santana do Cariri - CE,2017,15 a 19 anos,44.0
2312106,Santana do Cariri - CE,2017,20 a 24 anos,56.0
2312106,Santana do Cariri - CE,2017,25 a 29 anos,44.0
2312106,Santana do Cariri - CE,2017,30 a 34 anos,35.0
2312106,Santana do Cariri - CE,2017,35 a 39 anos,18.0
2312106,Santana do Cariri - CE,2017,40 a 44 anos,10.0
2312106,Santana do Cariri - CE,2017,45 a 49 anos,
2312106,Santana do Cariri - CE,2017,50 anos ou mais,
2312106,Santana do Cariri - CE,2017,Ignorada,
2312106,Santana do Cariri - CE,2018,Total,221.0
2312106,Santana do Cariri - CE,2018,Menos de 15 anos,3.0
2312106,Santana do Cariri - CE,2018,15 a 19 anos,33.0
2312106,Santana do Cariri - CE,2018,20 a 24 anos,65.0
2312106,Santana do Cariri - CE,2018,25 a 29 anos,52.0
2312106,Santana do Cariri - CE,2018,30 a 34 anos,46.0
2312106,Santana do Cariri - CE,2018,35 a 39 anos,18.0
2312106,Santana do Cariri - CE,2018,40 a 44 anos,3.0
2312106,Santana do Cariri - CE,2018,45 a 49 anos,1.0
2312106,Santana do Cariri - CE,2018,50 anos ou mais,
2312106,Santana do Cariri - CE,2018,Ignorada,
2312106,Santana do Cariri - CE,2019,Total,233.0
2312106,Santana do Cariri - CE,2019,Menos de 15 anos,1.0
2312106,Santana do Cariri - CE,2019,15 a 19 anos,58.0
2312106,Santana do Cariri - CE,2019,20 a 24 anos,51.0
2312106,Santana do Cariri - CE,2019,25 a 29 anos,49.0
2312106,Santana do Cariri - CE,2019,30 a 34 anos,43.0
2312106,Santana do Cariri - CE,2019,35 a 39 anos,24.0
2312106,Santana do Cariri - CE,2019,40 a 44 anos,6.0
2312106,Santana do Cariri - CE,2019,45 a 49 anos,1.0
2312106,Santana do Cariri - CE,2019,50 anos ou mais,
2312106,Santana do Cariri - CE,2019,Ignorada,
2312205,Santa Quitéria - CE,2014,Total,554.0
2312205,Santa Quitéria - CE,2014,Menos de 15 anos,7.0
2312205,Santa Quitéria - CE,2014,15 a 19 anos,125.0
2312205,Santa Quitéria - CE,2014,20 a 24 anos,145.0
2312205,Santa Quitéria - CE,2014,25 a 29 anos,145.0
2312205,Santa Quitéria - CE,2014,30 a 34 anos,73.0
2312205,Santa Quitéria - CE,2014,35 a 39 anos,50.0
2312205,Santa Quitéria - CE,2014,40 a 44 anos,9.0
2312205,Santa Quitéria - CE,2014,45 a 49 anos,
2312205,Santa Quitéria - CE,2014,50 anos ou mais,
2312205,Santa Quitéria - CE,2014,Ignorada,
2312205,Santa Quitéria - CE,2015,Total,569.0
2312205,Santa Quitéria - CE,2015,Menos de 15 anos,8.0
2312205,Santa Quitéria - CE,2015,15 a 19 anos,124.0
2312205,Santa Quitéria - CE,2015,20 a 24 anos,161.0
2312205,Santa Quitéria - CE,2015,25 a 29 anos,145.0
2312205,Santa Quitéria - CE,2015,30 a 34 anos,78.0
2312205,Santa Quitéria - CE,2015,35 a 39 anos,45.0
2312205,Santa Quitéria - CE,2015,40 a 44 anos,7.0
2312205,Santa Quitéria - CE,2015,45 a 49 anos,1.0
2312205,Santa Quitéria - CE,2015,50 anos ou mais,
2312205,Santa Quitéria - CE,2015,Ignorada,
2312205,Santa Quitéria - CE,2016,Total,509.0
2312205,Santa Quitéria - CE,2016,Menos de 15 anos,8.0
2312205,Santa Quitéria - CE,2016,15 a 19 anos,105.0
2312205,Santa Quitéria - CE,2016,20 a 24 anos,151.0
2312205,Santa Quitéria - CE,2016,25 a 29 anos,109.0
2312205,Santa Quitéria - CE,2016,30 a 34 anos,87.0
2312205,Santa Quitéria - CE,2016,35 a 39 anos,39.0
2312205,Santa Quitéria - CE,2016,40 a 44 anos,10.0
2312205,Santa Quitéria - CE,2016,45 a 49 anos,
2312205,Santa Quitéria - CE,2016,50 anos ou mais,
2312205,Santa Quitéria - CE,2016,Ignorada,
2312205,Santa Quitéria - CE,2017,Total,495.0
2312205,Santa Quitéria - CE,2017,Menos de 15 anos,5.0
2312205,Santa Quitéria - CE,2017,15 a 19 anos,109.0
2312205,Santa Quitéria - CE,2017,20 a 24 anos,147.0
2312205,Santa Quitéria - CE,2017,25 a 29 anos,115.0
2312205,Santa Quitéria - CE,2017,30 a 34 anos,69.0
2312205,Santa Quitéria - CE,2017,35 a 39 anos,40.0
2312205,Santa Quitéria - CE,2017,40 a 44 anos,8.0
2312205,Santa Quitéria - CE,2017,45 a 49 anos,2.0
2312205,Santa Quitéria - CE,2017,50 anos ou mais,
2312205,Santa Quitéria - CE,2017,Ignorada,
2312205,Santa Quitéria - CE,2018,Total,532.0
2312205,Santa Quitéria - CE,2018,Menos de 15 anos,6.0
2312205,Santa Quitéria - CE,2018,15 a 19 anos,104.0
2312205,Santa Quitéria - CE,2018,20 a 24 anos,136.0
2312205,Santa Quitéria - CE,2018,25 a 29 anos,133.0
2312205,Santa Quitéria - CE,2018,30 a 34 anos,93.0
2312205,Santa Quitéria - CE,2018,35 a 39 anos,49.0
2312205,Santa Quitéria - CE,2018,40 a 44 anos,10.0
2312205,Santa Quitéria - CE,2018,45 a 49 anos,
2312205,Santa Quitéria - CE,2018,50 anos ou mais,
2312205,Santa Quitéria - CE,2018,Ignorada,1.0
2312205,Santa Quitéria - CE,2019,Total,565.0
2312205,Santa Quitéria - CE,2019,Menos de 15 anos,5.0
2312205,Santa Quitéria - CE,2019,15 a 19 anos,112.0
2312205,Santa Quitéria - CE,2019,20 a 24 anos,141.0
2312205,Santa Quitéria - CE,2019,25 a 29 anos,117.0
2312205,Santa Quitéria - CE,2019,30 a 34 anos,116.0
2312205,Santa Quitéria - CE,2019,35 a 39 anos,56.0
2312205,Santa Quitéria - CE,2019,40 a 44 anos,17.0
2312205,Santa Quitéria - CE,2019,45 a 49 anos,1.0
2312205,Santa Quitéria - CE,2019,50 anos ou mais,
2312205,Santa Quitéria - CE,2019,Ignorada,
2312304,São Benedito - CE,2014,Total,746.0
2312304,São Benedito - CE,2014,Menos de 15 anos,8.0
2312304,São Benedito - CE,2014,15 a 19 anos,158.0
2312304,São Benedito - CE,2014,20 a 24 anos,184.0
2312304,São Benedito - CE,2014,25 a 29 anos,191.0
2312304,São Benedito - CE,2014,30 a 34 anos,112.0
2312304,São Benedito - CE,2014,35 a 39 anos,65.0
2312304,São Benedito - CE,2014,40 a 44 anos,28.0
2312304,São Benedito - CE,2014,45 a 49 anos,
2312304,São Benedito - CE,2014,50 anos ou mais,
2312304,São Benedito - CE,2014,Ignorada,
2312304,São Benedito - CE,2015,Total,784.0
2312304,São Benedito - CE,2015,Menos de 15 anos,10.0
2312304,São Benedito - CE,2015,15 a 19 anos,156.0
2312304,São Benedito - CE,2015,20 a 24 anos,208.0
2312304,São Benedito - CE,2015,25 a 29 anos,173.0
2312304,São Benedito - CE,2015,30 a 34 anos,133.0
2312304,São Benedito - CE,2015,35 a 39 anos,85.0
2312304,São Benedito - CE,2015,40 a 44 anos,16.0
2312304,São Benedito - CE,2015,45 a 49 anos,2.0
2312304,São Benedito - CE,2015,50 anos ou mais,1.0
2312304,São Benedito - CE,2015,Ignorada,
2312304,São Benedito - CE,2016,Total,764.0
2312304,São Benedito - CE,2016,Menos de 15 anos,14.0
2312304,São Benedito - CE,2016,15 a 19 anos,163.0
2312304,São Benedito - CE,2016,20 a 24 anos,189.0
2312304,São Benedito - CE,2016,25 a 29 anos,187.0
2312304,São Benedito - CE,2016,30 a 34 anos,127.0
2312304,São Benedito - CE,2016,35 a 39 anos,62.0
2312304,São Benedito - CE,2016,40 a 44 anos,20.0
2312304,São Benedito - CE,2016,45 a 49 anos,1.0
2312304,São Benedito - CE,2016,50 anos ou mais,
2312304,São Benedito - CE,2016,Ignorada,1.0
2312304,São Benedito - CE,2017,Total,760.0
2312304,São Benedito - CE,2017,Menos de 15 anos,15.0
2312304,São Benedito - CE,2017,15 a 19 anos,163.0
2312304,São Benedito - CE,2017,20 a 24 anos,197.0
2312304,São Benedito - CE,2017,25 a 29 anos,165.0
2312304,São Benedito - CE,2017,30 a 34 anos,126.0
2312304,São Benedito - CE,2017,35 a 39 anos,81.0
2312304,São Benedito - CE,2017,40 a 44 anos,12.0
2312304,São Benedito - CE,2017,45 a 49 anos,1.0
2312304,São Benedito - CE,2017,50 anos ou mais,
2312304,São Benedito - CE,2017,Ignorada,
2312304,São Benedito - CE,2018,Total,779.0
2312304,São Benedito - CE,2018,Menos de 15 anos,9.0
2312304,São Benedito - CE,2018,15 a 19 anos,136.0
2312304,São Benedito - CE,2018,20 a 24 anos,194.0
2312304,São Benedito - CE,2018,25 a 29 anos,174.0
2312304,São Benedito - CE,2018,30 a 34 anos,151.0
2312304,São Benedito - CE,2018,35 a 39 anos,92.0
2312304,São Benedito - CE,2018,40 a 44 anos,20.0
2312304,São Benedito - CE,2018,45 a 49 anos,3.0
2312304,São Benedito - CE,2018,50 anos ou mais,
2312304,São Benedito - CE,2018,Ignorada,
2312304,São Benedito - CE,2019,Total,808.0
2312304,São Benedito - CE,2019,Menos de 15 anos,9.0
2312304,São Benedito - CE,2019,15 a 19 anos,128.0
2312304,São Benedito - CE,2019,20 a 24 anos,208.0
2312304,São Benedito - CE,2019,25 a 29 anos,182.0
2312304,São Benedito - CE,2019,30 a 34 anos,163.0
2312304,São Benedito - CE,2019,35 a 39 anos,85.0
2312304,São Benedito - CE,2019,40 a 44 anos,31.0
2312304,São Benedito - CE,2019,45 a 49 anos,2.0
2312304,São Benedito - CE,2019,50 anos ou mais,
2312304,São Benedito - CE,2019,Ignorada,
2312403,São Gonçalo do Amarante - CE,2014,Total,774.0
2312403,São Gonçalo do Amarante - CE,2014,Menos de 15 anos,2.0
2312403,São Gonçalo do Amarante - CE,2014,15 a 19 anos,172.0
2312403,São Gonçalo do Amarante - CE,2014,20 a 24 anos,210.0
2312403,São Gonçalo do Amarante - CE,2014,25 a 29 anos,168.0
2312403,São Gonçalo do Amarante - CE,2014,30 a 34 anos,133.0
2312403,São Gonçalo do Amarante - CE,2014,35 a 39 anos,69.0
2312403,São Gonçalo do Amarante - CE,2014,40 a 44 anos,19.0
2312403,São Gonçalo do Amarante - CE,2014,45 a 49 anos,1.0
2312403,São Gonçalo do Amarante - CE,2014,50 anos ou mais,
2312403,São Gonçalo do Amarante - CE,2014,Ignorada,
2312403,São Gonçalo do Amarante - CE,2015,Total,870.0
2312403,São Gonçalo do Amarante - CE,2015,Menos de 15 anos,7.0
2312403,São Gonçalo do Amarante - CE,2015,15 a 19 anos,166.0
2312403,São Gonçalo do Amarante - CE,2015,20 a 24 anos,244.0
2312403,São Gonçalo do Amarante - CE,2015,25 a 29 anos,221.0
2312403,São Gonçalo do Amarante - CE,2015,30 a 34 anos,144.0
2312403,São Gonçalo do Amarante - CE,2015,35 a 39 anos,77.0
2312403,São Gonçalo do Amarante - CE,2015,40 a 44 anos,11.0
2312403,São Gonçalo do Amarante - CE,2015,45 a 49 anos,
2312403,São Gonçalo do Amarante - CE,2015,50 anos ou mais,
2312403,São Gonçalo do Amarante - CE,2015,Ignorada,
2312403,São Gonçalo do Amarante - CE,2016,Total,886.0
2312403,São Gonçalo do Amarante - CE,2016,Menos de 15 anos,3.0
2312403,São Gonçalo do Amarante - CE,2016,15 a 19 anos,198.0
2312403,São Gonçalo do Amarante - CE,2016,20 a 24 anos,262.0
2312403,São Gonçalo do Amarante - CE,2016,25 a 29 anos,173.0
2312403,São Gonçalo do Amarante - CE,2016,30 a 34 anos,147.0
2312403,São Gonçalo do Amarante - CE,2016,35 a 39 anos,74.0
2312403,São Gonçalo do Amarante - CE,2016,40 a 44 anos,29.0
2312403,São Gonçalo do Amarante - CE,2016,45 a 49 anos,
2312403,São Gonçalo do Amarante - CE,2016,50 anos ou mais,
2312403,São Gonçalo do Amarante - CE,2016,Ignorada,
2312403,São Gonçalo do Amarante - CE,2017,Total,900.0
2312403,São Gonçalo do Amarante - CE,2017,Menos de 15 anos,6.0
2312403,São Gonçalo do Amarante - CE,2017,15 a 19 anos,155.0
2312403,São Gonçalo do Amarante - CE,2017,20 a 24 anos,272.0
2312403,São Gonçalo do Amarante - CE,2017,25 a 29 anos,223.0
2312403,São Gonçalo do Amarante - CE,2017,30 a 34 anos,153.0
2312403,São Gonçalo do Amarante - CE,2017,35 a 39 anos,58.0
2312403,São Gonçalo do Amarante - CE,2017,40 a 44 anos,30.0
2312403,São Gonçalo do Amarante - CE,2017,45 a 49 anos,2.0
2312403,São Gonçalo do Amarante - CE,2017,50 anos ou mais,
2312403,São Gonçalo do Amarante - CE,2017,Ignorada,1.0
2312403,São Gonçalo do Amarante - CE,2018,Total,897.0
2312403,São Gonçalo do Amarante - CE,2018,Menos de 15 anos,8.0
2312403,São Gonçalo do Amarante - CE,2018,15 a 19 anos,119.0
2312403,São Gonçalo do Amarante - CE,2018,20 a 24 anos,263.0
2312403,São Gonçalo do Amarante - CE,2018,25 a 29 anos,223.0
2312403,São Gonçalo do Amarante - CE,2018,30 a 34 anos,165.0
2312403,São Gonçalo do Amarante - CE,2018,35 a 39 anos,94.0
2312403,São Gonçalo do Amarante - CE,2018,40 a 44 anos,22.0
2312403,São Gonçalo do Amarante - CE,2018,45 a 49 anos,3.0
2312403,São Gonçalo do Amarante - CE,2018,50 anos ou mais,
2312403,São Gonçalo do Amarante - CE,2018,Ignorada,
2312403,São Gonçalo do Amarante - CE,2019,Total,870.0
2312403,São Gonçalo do Amarante - CE,2019,Menos de 15 anos,5.0
2312403,São Gonçalo do Amarante - CE,2019,15 a 19 anos,129.0
2312403,São Gonçalo do Amarante - CE,2019,20 a 24 anos,238.0
2312403,São Gonçalo do Amarante - CE,2019,25 a 29 anos,209.0
2312403,São Gonçalo do Amarante - CE,2019,30 a 34 anos,171.0
2312403,São Gonçalo do Amarante - CE,2019,35 a 39 anos,91.0
2312403,São Gonçalo do Amarante - CE,2019,40 a 44 anos,25.0
2312403,São Gonçalo do Amarante - CE,2019,45 a 49 anos,2.0
2312403,São Gonçalo do Amarante - CE,2019,50 anos ou mais,
2312403,São Gonçalo do Amarante - CE,2019,Ignorada,
2312502,São João do Jaguaribe - CE,2014,Total,73.0
2312502,São João do Jaguaribe - CE,2014,Menos de 15 anos,1.0
2312502,São João do Jaguaribe - CE,2014,15 a 19 anos,11.0
2312502,São João do Jaguaribe - CE,2014,20 a 24 anos,14.0
2312502,São João do Jaguaribe - CE,2014,25 a 29 anos,24.0
2312502,São João do Jaguaribe - CE,2014,30 a 34 anos,14.0
2312502,São João do Jaguaribe - CE,2014,35 a 39 anos,6.0
2312502,São João do Jaguaribe - CE,2014,40 a 44 anos,3.0
2312502,São João do Jaguaribe - CE,2014,45 a 49 anos,
2312502,São João do Jaguaribe - CE,2014,50 anos ou mais,
2312502,São João do Jaguaribe - CE,2014,Ignorada,
2312502,São João do Jaguaribe - CE,2015,Total,75.0
2312502,São João do Jaguaribe - CE,2015,Menos de 15 anos,4.0
2312502,São João do Jaguaribe - CE,2015,15 a 19 anos,11.0
2312502,São João do Jaguaribe - CE,2015,20 a 24 anos,15.0
2312502,São João do Jaguaribe - CE,2015,25 a 29 anos,24.0
2312502,São João do Jaguaribe - CE,2015,30 a 34 anos,14.0
2312502,São João do Jaguaribe - CE,2015,35 a 39 anos,5.0
2312502,São João do Jaguaribe - CE,2015,40 a 44 anos,2.0
2312502,São João do Jaguaribe - CE,2015,45 a 49 anos,
2312502,São João do Jaguaribe - CE,2015,50 anos ou mais,
2312502,São João do Jaguaribe - CE,2015,Ignorada,
2312502,São João do Jaguaribe - CE,2016,Total,74.0
2312502,São João do Jaguaribe - CE,2016,Menos de 15 anos,1.0
2312502,São João do Jaguaribe - CE,2016,15 a 19 anos,14.0
2312502,São João do Jaguaribe - CE,2016,20 a 24 anos,24.0
2312502,São João do Jaguaribe - CE,2016,25 a 29 anos,18.0
2312502,São João do Jaguaribe - CE,2016,30 a 34 anos,9.0
2312502,São João do Jaguaribe - CE,2016,35 a 39 anos,8.0
2312502,São João do Jaguaribe - CE,2016,40 a 44 anos,
2312502,São João do Jaguaribe - CE,2016,45 a 49 anos,
2312502,São João do Jaguaribe - CE,2016,50 anos ou mais,
2312502,São João do Jaguaribe - CE,2016,Ignorada,
2312502,São João do Jaguaribe - CE,2017,Total,80.0
2312502,São João do Jaguaribe - CE,2017,Menos de 15 anos,
2312502,São João do Jaguaribe - CE,2017,15 a 19 anos,12.0
2312502,São João do Jaguaribe - CE,2017,20 a 24 anos,23.0
2312502,São João do Jaguaribe - CE,2017,25 a 29 anos,13.0
2312502,São João do Jaguaribe - CE,2017,30 a 34 anos,19.0
2312502,São João do Jaguaribe - CE,2017,35 a 39 anos,9.0
2312502,São João do Jaguaribe - CE,2017,40 a 44 anos,4.0
2312502,São João do Jaguaribe - CE,2017,45 a 49 anos,
2312502,São João do Jaguaribe - CE,2017,50 anos ou mais,
2312502,São João do Jaguaribe - CE,2017,Ignorada,
2312502,São João do Jaguaribe - CE,2018,Total,79.0
2312502,São João do Jaguaribe - CE,2018,Menos de 15 anos,
2312502,São João do Jaguaribe - CE,2018,15 a 19 anos,11.0
2312502,São João do Jaguaribe - CE,2018,20 a 24 anos,26.0
2312502,São João do Jaguaribe - CE,2018,25 a 29 anos,14.0
2312502,São João do Jaguaribe - CE,2018,30 a 34 anos,9.0
2312502,São João do Jaguaribe - CE,2018,35 a 39 anos,11.0
2312502,São João do Jaguaribe - CE,2018,40 a 44 anos,8.0
2312502,São João do Jaguaribe - CE,2018,45 a 49 anos,
2312502,São João do Jaguaribe - CE,2018,50 anos ou mais,
2312502,São João do Jaguaribe - CE,2018,Ignorada,
2312502,São João do Jaguaribe - CE,2019,Total,91.0
2312502,São João do Jaguaribe - CE,2019,Menos de 15 anos,
2312502,São João do Jaguaribe - CE,2019,15 a 19 anos,8.0
2312502,São João do Jaguaribe - CE,2019,20 a 24 anos,28.0
2312502,São João do Jaguaribe - CE,2019,25 a 29 anos,23.0
2312502,São João do Jaguaribe - CE,2019,30 a 34 anos,15.0
2312502,São João do Jaguaribe - CE,2019,35 a 39 anos,13.0
2312502,São João do Jaguaribe - CE,2019,40 a 44 anos,4.0
2312502,São João do Jaguaribe - CE,2019,45 a 49 anos,
2312502,São João do Jaguaribe - CE,2019,50 anos ou mais,
2312502,São João do Jaguaribe - CE,2019,Ignorada,
2312601,São Luís do Curu - CE,2014,Total,205.0
2312601,São Luís do Curu - CE,2014,Menos de 15 anos,3.0
2312601,São Luís do Curu - CE,2014,15 a 19 anos,51.0
2312601,São Luís do Curu - CE,2014,20 a 24 anos,51.0
2312601,São Luís do Curu - CE,2014,25 a 29 anos,47.0
2312601,São Luís do Curu - CE,2014,30 a 34 anos,32.0
2312601,São Luís do Curu - CE,2014,35 a 39 anos,14.0
2312601,São Luís do Curu - CE,2014,40 a 44 anos,6.0
2312601,São Luís do Curu - CE,2014,45 a 49 anos,1.0
2312601,São Luís do Curu - CE,2014,50 anos ou mais,
2312601,São Luís do Curu - CE,2014,Ignorada,
2312601,São Luís do Curu - CE,2015,Total,169.0
2312601,São Luís do Curu - CE,2015,Menos de 15 anos,2.0
2312601,São Luís do Curu - CE,2015,15 a 19 anos,42.0
2312601,São Luís do Curu - CE,2015,20 a 24 anos,39.0
2312601,São Luís do Curu - CE,2015,25 a 29 anos,38.0
2312601,São Luís do Curu - CE,2015,30 a 34 anos,34.0
2312601,São Luís do Curu - CE,2015,35 a 39 anos,11.0
2312601,São Luís do Curu - CE,2015,40 a 44 anos,3.0
2312601,São Luís do Curu - CE,2015,45 a 49 anos,
2312601,São Luís do Curu - CE,2015,50 anos ou mais,
2312601,São Luís do Curu - CE,2015,Ignorada,
2312601,São Luís do Curu - CE,2016,Total,146.0
2312601,São Luís do Curu - CE,2016,Menos de 15 anos,2.0
2312601,São Luís do Curu - CE,2016,15 a 19 anos,31.0
2312601,São Luís do Curu - CE,2016,20 a 24 anos,43.0
2312601,São Luís do Curu - CE,2016,25 a 29 anos,34.0
2312601,São Luís do Curu - CE,2016,30 a 34 anos,22.0
2312601,São Luís do Curu - CE,2016,35 a 39 anos,12.0
2312601,São Luís do Curu - CE,2016,40 a 44 anos,2.0
2312601,São Luís do Curu - CE,2016,45 a 49 anos,
2312601,São Luís do Curu - CE,2016,50 anos ou mais,
2312601,São Luís do Curu - CE,2016,Ignorada,
2312601,São Luís do Curu - CE,2017,Total,152.0
2312601,São Luís do Curu - CE,2017,Menos de 15 anos,1.0
2312601,São Luís do Curu - CE,2017,15 a 19 anos,33.0
2312601,São Luís do Curu - CE,2017,20 a 24 anos,39.0
2312601,São Luís do Curu - CE,2017,25 a 29 anos,35.0
2312601,São Luís do Curu - CE,2017,30 a 34 anos,22.0
2312601,São Luís do Curu - CE,2017,35 a 39 anos,16.0
2312601,São Luís do Curu - CE,2017,40 a 44 anos,4.0
2312601,São Luís do Curu - CE,2017,45 a 49 anos,1.0
2312601,São Luís do Curu - CE,2017,50 anos ou mais,
2312601,São Luís do Curu - CE,2017,Ignorada,1.0
2312601,São Luís do Curu - CE,2018,Total,164.0
2312601,São Luís do Curu - CE,2018,Menos de 15 anos,
2312601,São Luís do Curu - CE,2018,15 a 19 anos,31.0
2312601,São Luís do Curu - CE,2018,20 a 24 anos,40.0
2312601,São Luís do Curu - CE,2018,25 a 29 anos,37.0
2312601,São Luís do Curu - CE,2018,30 a 34 anos,35.0
2312601,São Luís do Curu - CE,2018,35 a 39 anos,19.0
2312601,São Luís do Curu - CE,2018,40 a 44 anos,2.0
2312601,São Luís do Curu - CE,2018,45 a 49 anos,
2312601,São Luís do Curu - CE,2018,50 anos ou mais,
2312601,São Luís do Curu - CE,2018,Ignorada,
2312601,São Luís do Curu - CE,2019,Total,153.0
2312601,São Luís do Curu - CE,2019,Menos de 15 anos,
2312601,São Luís do Curu - CE,2019,15 a 19 anos,31.0
2312601,São Luís do Curu - CE,2019,20 a 24 anos,43.0
2312601,São Luís do Curu - CE,2019,25 a 29 anos,28.0
2312601,São Luís do Curu - CE,2019,30 a 34 anos,31.0
2312601,São Luís do Curu - CE,2019,35 a 39 anos,15.0
2312601,São Luís do Curu - CE,2019,40 a 44 anos,5.0
2312601,São Luís do Curu - CE,2019,45 a 49 anos,
2312601,São Luís do Curu - CE,2019,50 anos ou mais,
2312601,São Luís do Curu - CE,2019,Ignorada,
2312700,Senador Pompeu - CE,2014,Total,298.0
2312700,Senador Pompeu - CE,2014,Menos de 15 anos,3.0
2312700,Senador Pompeu - CE,2014,15 a 19 anos,68.0
2312700,Senador Pompeu - CE,2014,20 a 24 anos,88.0
2312700,Senador Pompeu - CE,2014,25 a 29 anos,65.0
2312700,Senador Pompeu - CE,2014,30 a 34 anos,48.0
2312700,Senador Pompeu - CE,2014,35 a 39 anos,19.0
2312700,Senador Pompeu - CE,2014,40 a 44 anos,6.0
2312700,Senador Pompeu - CE,2014,45 a 49 anos,
2312700,Senador Pompeu - CE,2014,50 anos ou mais,
2312700,Senador Pompeu - CE,2014,Ignorada,1.0
2312700,Senador Pompeu - CE,2015,Total,303.0
2312700,Senador Pompeu - CE,2015,Menos de 15 anos,9.0
2312700,Senador Pompeu - CE,2015,15 a 19 anos,63.0
2312700,Senador Pompeu - CE,2015,20 a 24 anos,73.0
2312700,Senador Pompeu - CE,2015,25 a 29 anos,69.0
2312700,Senador Pompeu - CE,2015,30 a 34 anos,48.0
2312700,Senador Pompeu - CE,2015,35 a 39 anos,28.0
2312700,Senador Pompeu - CE,2015,40 a 44 anos,5.0
2312700,Senador Pompeu - CE,2015,45 a 49 anos,3.0
2312700,Senador Pompeu - CE,2015,50 anos ou mais,
2312700,Senador Pompeu - CE,2015,Ignorada,5.0
2312700,Senador Pompeu - CE,2016,Total,306.0
2312700,Senador Pompeu - CE,2016,Menos de 15 anos,6.0
2312700,Senador Pompeu - CE,2016,15 a 19 anos,67.0
2312700,Senador Pompeu - CE,2016,20 a 24 anos,80.0
2312700,Senador Pompeu - CE,2016,25 a 29 anos,65.0
2312700,Senador Pompeu - CE,2016,30 a 34 anos,53.0
2312700,Senador Pompeu - CE,2016,35 a 39 anos,25.0
2312700,Senador Pompeu - CE,2016,40 a 44 anos,6.0
2312700,Senador Pompeu - CE,2016,45 a 49 anos,
2312700,Senador Pompeu - CE,2016,50 anos ou mais,
2312700,Senador Pompeu - CE,2016,Ignorada,4.0
2312700,Senador Pompeu - CE,2017,Total,318.0
2312700,Senador Pompeu - CE,2017,Menos de 15 anos,5.0
2312700,Senador Pompeu - CE,2017,15 a 19 anos,55.0
2312700,Senador Pompeu - CE,2017,20 a 24 anos,86.0
2312700,Senador Pompeu - CE,2017,25 a 29 anos,64.0
2312700,Senador Pompeu - CE,2017,30 a 34 anos,58.0
2312700,Senador Pompeu - CE,2017,35 a 39 anos,30.0
2312700,Senador Pompeu - CE,2017,40 a 44 anos,7.0
2312700,Senador Pompeu - CE,2017,45 a 49 anos,1.0
2312700,Senador Pompeu - CE,2017,50 anos ou mais,
2312700,Senador Pompeu - CE,2017,Ignorada,12.0
2312700,Senador Pompeu - CE,2018,Total,307.0
2312700,Senador Pompeu - CE,2018,Menos de 15 anos,2.0
2312700,Senador Pompeu - CE,2018,15 a 19 anos,55.0
2312700,Senador Pompeu - CE,2018,20 a 24 anos,81.0
2312700,Senador Pompeu - CE,2018,25 a 29 anos,73.0
2312700,Senador Pompeu - CE,2018,30 a 34 anos,56.0
2312700,Senador Pompeu - CE,2018,35 a 39 anos,22.0
2312700,Senador Pompeu - CE,2018,40 a 44 anos,9.0
2312700,Senador Pompeu - CE,2018,45 a 49 anos,
2312700,Senador Pompeu - CE,2018,50 anos ou mais,
2312700,Senador Pompeu - CE,2018,Ignorada,9.0
2312700,Senador Pompeu - CE,2019,Total,285.0
2312700,Senador Pompeu - CE,2019,Menos de 15 anos,7.0
2312700,Senador Pompeu - CE,2019,15 a 19 anos,53.0
2312700,Senador Pompeu - CE,2019,20 a 24 anos,81.0
2312700,Senador Pompeu - CE,2019,25 a 29 anos,67.0
2312700,Senador Pompeu - CE,2019,30 a 34 anos,34.0
2312700,Senador Pompeu - CE,2019,35 a 39 anos,32.0
2312700,Senador Pompeu - CE,2019,40 a 44 anos,7.0
2312700,Senador Pompeu - CE,2019,45 a 49 anos,
2312700,Senador Pompeu - CE,2019,50 anos ou mais,
2312700,Senador Pompeu - CE,2019,Ignorada,4.0
2312809,Senador Sá - CE,2014,Total,84.0
2312809,Senador Sá - CE,2014,Menos de 15 anos,2.0
2312809,Senador Sá - CE,2014,15 a 19 anos,24.0
2312809,Senador Sá - CE,2014,20 a 24 anos,18.0
2312809,Senador Sá - CE,2014,25 a 29 anos,25.0
2312809,Senador Sá - CE,2014,30 a 34 anos,5.0
2312809,Senador Sá - CE,2014,35 a 39 anos,8.0
2312809,Senador Sá - CE,2014,40 a 44 anos,2.0
2312809,Senador Sá - CE,2014,45 a 49 anos,
2312809,Senador Sá - CE,2014,50 anos ou mais,
2312809,Senador Sá - CE,2014,Ignorada,
2312809,Senador Sá - CE,2015,Total,88.0
2312809,Senador Sá - CE,2015,Menos de 15 anos,2.0
2312809,Senador Sá - CE,2015,15 a 19 anos,26.0
2312809,Senador Sá - CE,2015,20 a 24 anos,18.0
2312809,Senador Sá - CE,2015,25 a 29 anos,20.0
2312809,Senador Sá - CE,2015,30 a 34 anos,13.0
2312809,Senador Sá - CE,2015,35 a 39 anos,5.0
2312809,Senador Sá - CE,2015,40 a 44 anos,2.0
2312809,Senador Sá - CE,2015,45 a 49 anos,1.0
2312809,Senador Sá - CE,2015,50 anos ou mais,1.0
2312809,Senador Sá - CE,2015,Ignorada,
2312809,Senador Sá - CE,2016,Total,111.0
2312809,Senador Sá - CE,2016,Menos de 15 anos,2.0
2312809,Senador Sá - CE,2016,15 a 19 anos,18.0
2312809,Senador Sá - CE,2016,20 a 24 anos,35.0
2312809,Senador Sá - CE,2016,25 a 29 anos,29.0
2312809,Senador Sá - CE,2016,30 a 34 anos,19.0
2312809,Senador Sá - CE,2016,35 a 39 anos,5.0
2312809,Senador Sá - CE,2016,40 a 44 anos,3.0
2312809,Senador Sá - CE,2016,45 a 49 anos,
2312809,Senador Sá - CE,2016,50 anos ou mais,
2312809,Senador Sá - CE,2016,Ignorada,
2312809,Senador Sá - CE,2017,Total,77.0
2312809,Senador Sá - CE,2017,Menos de 15 anos,
2312809,Senador Sá - CE,2017,15 a 19 anos,13.0
2312809,Senador Sá - CE,2017,20 a 24 anos,20.0
2312809,Senador Sá - CE,2017,25 a 29 anos,23.0
2312809,Senador Sá - CE,2017,30 a 34 anos,10.0
2312809,Senador Sá - CE,2017,35 a 39 anos,10.0
2312809,Senador Sá - CE,2017,40 a 44 anos,1.0
2312809,Senador Sá - CE,2017,45 a 49 anos,
2312809,Senador Sá - CE,2017,50 anos ou mais,
2312809,Senador Sá - CE,2017,Ignorada,
2312809,Senador Sá - CE,2018,Total,97.0
2312809,Senador Sá - CE,2018,Menos de 15 anos,1.0
2312809,Senador Sá - CE,2018,15 a 19 anos,26.0
2312809,Senador Sá - CE,2018,20 a 24 anos,24.0
2312809,Senador Sá - CE,2018,25 a 29 anos,22.0
2312809,Senador Sá - CE,2018,30 a 34 anos,15.0
2312809,Senador Sá - CE,2018,35 a 39 anos,6.0
2312809,Senador Sá - CE,2018,40 a 44 anos,2.0
2312809,Senador Sá - CE,2018,45 a 49 anos,1.0
2312809,Senador Sá - CE,2018,50 anos ou mais,
2312809,Senador Sá - CE,2018,Ignorada,
2312809,Senador Sá - CE,2019,Total,109.0
2312809,Senador Sá - CE,2019,Menos de 15 anos,2.0
2312809,Senador Sá - CE,2019,15 a 19 anos,14.0
2312809,Senador Sá - CE,2019,20 a 24 anos,32.0
2312809,Senador Sá - CE,2019,25 a 29 anos,27.0
2312809,Senador Sá - CE,2019,30 a 34 anos,20.0
2312809,Senador Sá - CE,2019,35 a 39 anos,14.0
2312809,Senador Sá - CE,2019,40 a 44 anos,
2312809,Senador Sá - CE,2019,45 a 49 anos,
2312809,Senador Sá - CE,2019,50 anos ou mais,
2312809,Senador Sá - CE,2019,Ignorada,
2312908,Sobral - CE,2014,Total,3457.0
2312908,Sobral - CE,2014,Menos de 15 anos,37.0
2312908,Sobral - CE,2014,15 a 19 anos,635.0
2312908,Sobral - CE,2014,20 a 24 anos,890.0
2312908,Sobral - CE,2014,25 a 29 anos,903.0
2312908,Sobral - CE,2014,30 a 34 anos,616.0
2312908,Sobral - CE,2014,35 a 39 anos,309.0
2312908,Sobral - CE,2014,40 a 44 anos,62.0
2312908,Sobral - CE,2014,45 a 49 anos,5.0
2312908,Sobral - CE,2014,50 anos ou mais,
2312908,Sobral - CE,2014,Ignorada,
2312908,Sobral - CE,2015,Total,3448.0
2312908,Sobral - CE,2015,Menos de 15 anos,23.0
2312908,Sobral - CE,2015,15 a 19 anos,570.0
2312908,Sobral - CE,2015,20 a 24 anos,877.0
2312908,Sobral - CE,2015,25 a 29 anos,947.0
2312908,Sobral - CE,2015,30 a 34 anos,646.0
2312908,Sobral - CE,2015,35 a 39 anos,318.0
2312908,Sobral - CE,2015,40 a 44 anos,61.0
2312908,Sobral - CE,2015,45 a 49 anos,6.0
2312908,Sobral - CE,2015,50 anos ou mais,
2312908,Sobral - CE,2015,Ignorada,
2312908,Sobral - CE,2016,Total,3267.0
2312908,Sobral - CE,2016,Menos de 15 anos,23.0
2312908,Sobral - CE,2016,15 a 19 anos,498.0
2312908,Sobral - CE,2016,20 a 24 anos,827.0
2312908,Sobral - CE,2016,25 a 29 anos,910.0
2312908,Sobral - CE,2016,30 a 34 anos,643.0
2312908,Sobral - CE,2016,35 a 39 anos,296.0
2312908,Sobral - CE,2016,40 a 44 anos,65.0
2312908,Sobral - CE,2016,45 a 49 anos,4.0
2312908,Sobral - CE,2016,50 anos ou mais,
2312908,Sobral - CE,2016,Ignorada,1.0
2312908,Sobral - CE,2017,Total,3273.0
2312908,Sobral - CE,2017,Menos de 15 anos,26.0
2312908,Sobral - CE,2017,15 a 19 anos,473.0
2312908,Sobral - CE,2017,20 a 24 anos,797.0
2312908,Sobral - CE,2017,25 a 29 anos,908.0
2312908,Sobral - CE,2017,30 a 34 anos,702.0
2312908,Sobral - CE,2017,35 a 39 anos,296.0
2312908,Sobral - CE,2017,40 a 44 anos,67.0
2312908,Sobral - CE,2017,45 a 49 anos,4.0
2312908,Sobral - CE,2017,50 anos ou mais,
2312908,Sobral - CE,2017,Ignorada,
2312908,Sobral - CE,2018,Total,3382.0
2312908,Sobral - CE,2018,Menos de 15 anos,21.0
2312908,Sobral - CE,2018,15 a 19 anos,455.0
2312908,Sobral - CE,2018,20 a 24 anos,836.0
2312908,Sobral - CE,2018,25 a 29 anos,890.0
2312908,Sobral - CE,2018,30 a 34 anos,754.0
2312908,Sobral - CE,2018,35 a 39 anos,349.0
2312908,Sobral - CE,2018,40 a 44 anos,75.0
2312908,Sobral - CE,2018,45 a 49 anos,1.0
2312908,Sobral - CE,2018,50 anos ou mais,1.0
2312908,Sobral - CE,2018,Ignorada,
2312908,Sobral - CE,2019,Total,3259.0
2312908,Sobral - CE,2019,Menos de 15 anos,27.0
2312908,Sobral - CE,2019,15 a 19 anos,395.0
2312908,Sobral - CE,2019,20 a 24 anos,797.0
2312908,Sobral - CE,2019,25 a 29 anos,850.0
2312908,Sobral - CE,2019,30 a 34 anos,769.0
2312908,Sobral - CE,2019,35 a 39 anos,343.0
2312908,Sobral - CE,2019,40 a 44 anos,75.0
2312908,Sobral - CE,2019,45 a 49 anos,3.0
2312908,Sobral - CE,2019,50 anos ou mais,
2312908,Sobral - CE,2019,Ignorada,
2313005,Solonópole - CE,2014,Total,174.0
2313005,Solonópole - CE,2014,Menos de 15 anos,3.0
2313005,Solonópole - CE,2014,15 a 19 anos,33.0
2313005,Solonópole - CE,2014,20 a 24 anos,48.0
2313005,Solonópole - CE,2014,25 a 29 anos,37.0
2313005,Solonópole - CE,2014,30 a 34 anos,29.0
2313005,Solonópole - CE,2014,35 a 39 anos,20.0
2313005,Solonópole - CE,2014,40 a 44 anos,4.0
2313005,Solonópole - CE,2014,45 a 49 anos,
2313005,Solonópole - CE,2014,50 anos ou mais,
2313005,Solonópole - CE,2014,Ignorada,
2313005,Solonópole - CE,2015,Total,194.0
2313005,Solonópole - CE,2015,Menos de 15 anos,2.0
2313005,Solonópole - CE,2015,15 a 19 anos,41.0
2313005,Solonópole - CE,2015,20 a 24 anos,51.0
2313005,Solonópole - CE,2015,25 a 29 anos,45.0
2313005,Solonópole - CE,2015,30 a 34 anos,35.0
2313005,Solonópole - CE,2015,35 a 39 anos,15.0
2313005,Solonópole - CE,2015,40 a 44 anos,3.0
2313005,Solonópole - CE,2015,45 a 49 anos,2.0
2313005,Solonópole - CE,2015,50 anos ou mais,
2313005,Solonópole - CE,2015,Ignorada,
2313005,Solonópole - CE,2016,Total,199.0
2313005,Solonópole - CE,2016,Menos de 15 anos,2.0
2313005,Solonópole - CE,2016,15 a 19 anos,42.0
2313005,Solonópole - CE,2016,20 a 24 anos,44.0
2313005,Solonópole - CE,2016,25 a 29 anos,36.0
2313005,Solonópole - CE,2016,30 a 34 anos,45.0
2313005,Solonópole - CE,2016,35 a 39 anos,20.0
2313005,Solonópole - CE,2016,40 a 44 anos,9.0
2313005,Solonópole - CE,2016,45 a 49 anos,1.0
2313005,Solonópole - CE,2016,50 anos ou mais,
2313005,Solonópole - CE,2016,Ignorada,
2313005,Solonópole - CE,2017,Total,199.0
2313005,Solonópole - CE,2017,Menos de 15 anos,
2313005,Solonópole - CE,2017,15 a 19 anos,30.0
2313005,Solonópole - CE,2017,20 a 24 anos,50.0
2313005,Solonópole - CE,2017,25 a 29 anos,53.0
2313005,Solonópole - CE,2017,30 a 34 anos,36.0
2313005,Solonópole - CE,2017,35 a 39 anos,24.0
2313005,Solonópole - CE,2017,40 a 44 anos,6.0
2313005,Solonópole - CE,2017,45 a 49 anos,
2313005,Solonópole - CE,2017,50 anos ou mais,
2313005,Solonópole - CE,2017,Ignorada,
2313005,Solonópole - CE,2018,Total,182.0
2313005,Solonópole - CE,2018,Menos de 15 anos,3.0
2313005,Solonópole - CE,2018,15 a 19 anos,23.0
2313005,Solonópole - CE,2018,20 a 24 anos,63.0
2313005,Solonópole - CE,2018,25 a 29 anos,35.0
2313005,Solonópole - CE,2018,30 a 34 anos,35.0
2313005,Solonópole - CE,2018,35 a 39 anos,17.0
2313005,Solonópole - CE,2018,40 a 44 anos,6.0
2313005,Solonópole - CE,2018,45 a 49 anos,
2313005,Solonópole - CE,2018,50 anos ou mais,
2313005,Solonópole - CE,2018,Ignorada,
2313005,Solonópole - CE,2019,Total,209.0
2313005,Solonópole - CE,2019,Menos de 15 anos,1.0
2313005,Solonópole - CE,2019,15 a 19 anos,32.0
2313005,Solonópole - CE,2019,20 a 24 anos,59.0
2313005,Solonópole - CE,2019,25 a 29 anos,45.0
2313005,Solonópole - CE,2019,30 a 34 anos,37.0
2313005,Solonópole - CE,2019,35 a 39 anos,26.0
2313005,Solonópole - CE,2019,40 a 44 anos,8.0
2313005,Solonópole - CE,2019,45 a 49 anos,1.0
2313005,Solonópole - CE,2019,50 anos ou mais,
2313005,Solonópole - CE,2019,Ignorada,
2313104,Tabuleiro do Norte - CE,2014,Total,402.0
2313104,Tabuleiro do Norte - CE,2014,Menos de 15 anos,5.0
2313104,Tabuleiro do Norte - CE,2014,15 a 19 anos,84.0
2313104,Tabuleiro do Norte - CE,2014,20 a 24 anos,116.0
2313104,Tabuleiro do Norte - CE,2014,25 a 29 anos,89.0
2313104,Tabuleiro do Norte - CE,2014,30 a 34 anos,74.0
2313104,Tabuleiro do Norte - CE,2014,35 a 39 anos,26.0
2313104,Tabuleiro do Norte - CE,2014,40 a 44 anos,8.0
2313104,Tabuleiro do Norte - CE,2014,45 a 49 anos,
2313104,Tabuleiro do Norte - CE,2014,50 anos ou mais,
2313104,Tabuleiro do Norte - CE,2014,Ignorada,
2313104,Tabuleiro do Norte - CE,2015,Total,403.0
2313104,Tabuleiro do Norte - CE,2015,Menos de 15 anos,9.0
2313104,Tabuleiro do Norte - CE,2015,15 a 19 anos,84.0
2313104,Tabuleiro do Norte - CE,2015,20 a 24 anos,107.0
2313104,Tabuleiro do Norte - CE,2015,25 a 29 anos,103.0
2313104,Tabuleiro do Norte - CE,2015,30 a 34 anos,65.0
2313104,Tabuleiro do Norte - CE,2015,35 a 39 anos,25.0
2313104,Tabuleiro do Norte - CE,2015,40 a 44 anos,10.0
2313104,Tabuleiro do Norte - CE,2015,45 a 49 anos,
2313104,Tabuleiro do Norte - CE,2015,50 anos ou mais,
2313104,Tabuleiro do Norte - CE,2015,Ignorada,
2313104,Tabuleiro do Norte - CE,2016,Total,361.0
2313104,Tabuleiro do Norte - CE,2016,Menos de 15 anos,5.0
2313104,Tabuleiro do Norte - CE,2016,15 a 19 anos,63.0
2313104,Tabuleiro do Norte - CE,2016,20 a 24 anos,117.0
2313104,Tabuleiro do Norte - CE,2016,25 a 29 anos,81.0
2313104,Tabuleiro do Norte - CE,2016,30 a 34 anos,57.0
2313104,Tabuleiro do Norte - CE,2016,35 a 39 anos,32.0
2313104,Tabuleiro do Norte - CE,2016,40 a 44 anos,6.0
2313104,Tabuleiro do Norte - CE,2016,45 a 49 anos,
2313104,Tabuleiro do Norte - CE,2016,50 anos ou mais,
2313104,Tabuleiro do Norte - CE,2016,Ignorada,
2313104,Tabuleiro do Norte - CE,2017,Total,369.0
2313104,Tabuleiro do Norte - CE,2017,Menos de 15 anos,1.0
2313104,Tabuleiro do Norte - CE,2017,15 a 19 anos,55.0
2313104,Tabuleiro do Norte - CE,2017,20 a 24 anos,98.0
2313104,Tabuleiro do Norte - CE,2017,25 a 29 anos,103.0
2313104,Tabuleiro do Norte - CE,2017,30 a 34 anos,69.0
2313104,Tabuleiro do Norte - CE,2017,35 a 39 anos,39.0
2313104,Tabuleiro do Norte - CE,2017,40 a 44 anos,4.0
2313104,Tabuleiro do Norte - CE,2017,45 a 49 anos,
2313104,Tabuleiro do Norte - CE,2017,50 anos ou mais,
2313104,Tabuleiro do Norte - CE,2017,Ignorada,
2313104,Tabuleiro do Norte - CE,2018,Total,383.0
2313104,Tabuleiro do Norte - CE,2018,Menos de 15 anos,2.0
2313104,Tabuleiro do Norte - CE,2018,15 a 19 anos,64.0
2313104,Tabuleiro do Norte - CE,2018,20 a 24 anos,97.0
2313104,Tabuleiro do Norte - CE,2018,25 a 29 anos,103.0
2313104,Tabuleiro do Norte - CE,2018,30 a 34 anos,77.0
2313104,Tabuleiro do Norte - CE,2018,35 a 39 anos,24.0
2313104,Tabuleiro do Norte - CE,2018,40 a 44 anos,8.0
2313104,Tabuleiro do Norte - CE,2018,45 a 49 anos,1.0
2313104,Tabuleiro do Norte - CE,2018,50 anos ou mais,
2313104,Tabuleiro do Norte - CE,2018,Ignorada,7.0
2313104,Tabuleiro do Norte - CE,2019,Total,399.0
2313104,Tabuleiro do Norte - CE,2019,Menos de 15 anos,1.0
2313104,Tabuleiro do Norte - CE,2019,15 a 19 anos,56.0
2313104,Tabuleiro do Norte - CE,2019,20 a 24 anos,103.0
2313104,Tabuleiro do Norte - CE,2019,25 a 29 anos,95.0
2313104,Tabuleiro do Norte - CE,2019,30 a 34 anos,92.0
2313104,Tabuleiro do Norte - CE,2019,35 a 39 anos,47.0
2313104,Tabuleiro do Norte - CE,2019,40 a 44 anos,5.0
2313104,Tabuleiro do Norte - CE,2019,45 a 49 anos,
2313104,Tabuleiro do Norte - CE,2019,50 anos ou mais,
2313104,Tabuleiro do Norte - CE,2019,Ignorada,
2313203,Tamboril - CE,2014,Total,303.0
2313203,Tamboril - CE,2014,Menos de 15 anos,5.0
2313203,Tamboril - CE,2014,15 a 19 anos,75.0
2313203,Tamboril - CE,2014,20 a 24 anos,80.0
2313203,Tamboril - CE,2014,25 a 29 anos,70.0
2313203,Tamboril - CE,2014,30 a 34 anos,40.0
2313203,Tamboril - CE,2014,35 a 39 anos,24.0
2313203,Tamboril - CE,2014,40 a 44 anos,7.0
2313203,Tamboril - CE,2014,45 a 49 anos,1.0
2313203,Tamboril - CE,2014,50 anos ou mais,1.0
2313203,Tamboril - CE,2014,Ignorada,
2313203,Tamboril - CE,2015,Total,332.0
2313203,Tamboril - CE,2015,Menos de 15 anos,3.0
2313203,Tamboril - CE,2015,15 a 19 anos,65.0
2313203,Tamboril - CE,2015,20 a 24 anos,78.0
2313203,Tamboril - CE,2015,25 a 29 anos,77.0
2313203,Tamboril - CE,2015,30 a 34 anos,64.0
2313203,Tamboril - CE,2015,35 a 39 anos,36.0
2313203,Tamboril - CE,2015,40 a 44 anos,9.0
2313203,Tamboril - CE,2015,45 a 49 anos,
2313203,Tamboril - CE,2015,50 anos ou mais,
2313203,Tamboril - CE,2015,Ignorada,
2313203,Tamboril - CE,2016,Total,267.0
2313203,Tamboril - CE,2016,Menos de 15 anos,4.0
2313203,Tamboril - CE,2016,15 a 19 anos,46.0
2313203,Tamboril - CE,2016,20 a 24 anos,88.0
2313203,Tamboril - CE,2016,25 a 29 anos,56.0
2313203,Tamboril - CE,2016,30 a 34 anos,39.0
2313203,Tamboril - CE,2016,35 a 39 anos,27.0
2313203,Tamboril - CE,2016,40 a 44 anos,6.0
2313203,Tamboril - CE,2016,45 a 49 anos,1.0
2313203,Tamboril - CE,2016,50 anos ou mais,
2313203,Tamboril - CE,2016,Ignorada,
2313203,Tamboril - CE,2017,Total,290.0
2313203,Tamboril - CE,2017,Menos de 15 anos,1.0
2313203,Tamboril - CE,2017,15 a 19 anos,61.0
2313203,Tamboril - CE,2017,20 a 24 anos,77.0
2313203,Tamboril - CE,2017,25 a 29 anos,65.0
2313203,Tamboril - CE,2017,30 a 34 anos,53.0
2313203,Tamboril - CE,2017,35 a 39 anos,26.0
2313203,Tamboril - CE,2017,40 a 44 anos,6.0
2313203,Tamboril - CE,2017,45 a 49 anos,1.0
2313203,Tamboril - CE,2017,50 anos ou mais,
2313203,Tamboril - CE,2017,Ignorada,
2313203,Tamboril - CE,2018,Total,330.0
2313203,Tamboril - CE,2018,Menos de 15 anos,4.0
2313203,Tamboril - CE,2018,15 a 19 anos,68.0
2313203,Tamboril - CE,2018,20 a 24 anos,87.0
2313203,Tamboril - CE,2018,25 a 29 anos,71.0
2313203,Tamboril - CE,2018,30 a 34 anos,54.0
2313203,Tamboril - CE,2018,35 a 39 anos,37.0
2313203,Tamboril - CE,2018,40 a 44 anos,8.0
2313203,Tamboril - CE,2018,45 a 49 anos,1.0
2313203,Tamboril - CE,2018,50 anos ou mais,
2313203,Tamboril - CE,2018,Ignorada,
2313203,Tamboril - CE,2019,Total,326.0
2313203,Tamboril - CE,2019,Menos de 15 anos,1.0
2313203,Tamboril - CE,2019,15 a 19 anos,58.0
2313203,Tamboril - CE,2019,20 a 24 anos,81.0
2313203,Tamboril - CE,2019,25 a 29 anos,79.0
2313203,Tamboril - CE,2019,30 a 34 anos,57.0
2313203,Tamboril - CE,2019,35 a 39 anos,37.0
2313203,Tamboril - CE,2019,40 a 44 anos,12.0
2313203,Tamboril - CE,2019,45 a 49 anos,
2313203,Tamboril - CE,2019,50 anos ou mais,1.0
2313203,Tamboril - CE,2019,Ignorada,
2313252,Tarrafas - CE,2014,Total,67.0
2313252,Tarrafas - CE,2014,Menos de 15 anos,
2313252,Tarrafas - CE,2014,15 a 19 anos,11.0
2313252,Tarrafas - CE,2014,20 a 24 anos,18.0
2313252,Tarrafas - CE,2014,25 a 29 anos,21.0
2313252,Tarrafas - CE,2014,30 a 34 anos,15.0
2313252,Tarrafas - CE,2014,35 a 39 anos,1.0
2313252,Tarrafas - CE,2014,40 a 44 anos,1.0
2313252,Tarrafas - CE,2014,45 a 49 anos,
2313252,Tarrafas - CE,2014,50 anos ou mais,
2313252,Tarrafas - CE,2014,Ignorada,
2313252,Tarrafas - CE,2015,Total,70.0
2313252,Tarrafas - CE,2015,Menos de 15 anos,
2313252,Tarrafas - CE,2015,15 a 19 anos,9.0
2313252,Tarrafas - CE,2015,20 a 24 anos,23.0
2313252,Tarrafas - CE,2015,25 a 29 anos,16.0
2313252,Tarrafas - CE,2015,30 a 34 anos,14.0
2313252,Tarrafas - CE,2015,35 a 39 anos,5.0
2313252,Tarrafas - CE,2015,40 a 44 anos,2.0
2313252,Tarrafas - CE,2015,45 a 49 anos,1.0
2313252,Tarrafas - CE,2015,50 anos ou mais,
2313252,Tarrafas - CE,2015,Ignorada,
2313252,Tarrafas - CE,2016,Total,101.0
2313252,Tarrafas - CE,2016,Menos de 15 anos,1.0
2313252,Tarrafas - CE,2016,15 a 19 anos,28.0
2313252,Tarrafas - CE,2016,20 a 24 anos,24.0
2313252,Tarrafas - CE,2016,25 a 29 anos,27.0
2313252,Tarrafas - CE,2016,30 a 34 anos,12.0
2313252,Tarrafas - CE,2016,35 a 39 anos,7.0
2313252,Tarrafas - CE,2016,40 a 44 anos,2.0
2313252,Tarrafas - CE,2016,45 a 49 anos,
2313252,Tarrafas - CE,2016,50 anos ou mais,
2313252,Tarrafas - CE,2016,Ignorada,
2313252,Tarrafas - CE,2017,Total,109.0
2313252,Tarrafas - CE,2017,Menos de 15 anos,
2313252,Tarrafas - CE,2017,15 a 19 anos,23.0
2313252,Tarrafas - CE,2017,20 a 24 anos,24.0
2313252,Tarrafas - CE,2017,25 a 29 anos,32.0
2313252,Tarrafas - CE,2017,30 a 34 anos,20.0
2313252,Tarrafas - CE,2017,35 a 39 anos,8.0
2313252,Tarrafas - CE,2017,40 a 44 anos,2.0
2313252,Tarrafas - CE,2017,45 a 49 anos,
2313252,Tarrafas - CE,2017,50 anos ou mais,
2313252,Tarrafas - CE,2017,Ignorada,
2313252,Tarrafas - CE,2018,Total,98.0
2313252,Tarrafas - CE,2018,Menos de 15 anos,
2313252,Tarrafas - CE,2018,15 a 19 anos,19.0
2313252,Tarrafas - CE,2018,20 a 24 anos,21.0
2313252,Tarrafas - CE,2018,25 a 29 anos,23.0
2313252,Tarrafas - CE,2018,30 a 34 anos,22.0
2313252,Tarrafas - CE,2018,35 a 39 anos,12.0
2313252,Tarrafas - CE,2018,40 a 44 anos,1.0
2313252,Tarrafas - CE,2018,45 a 49 anos,
2313252,Tarrafas - CE,2018,50 anos ou mais,
2313252,Tarrafas - CE,2018,Ignorada,
2313252,Tarrafas - CE,2019,Total,101.0
2313252,Tarrafas - CE,2019,Menos de 15 anos,1.0
2313252,Tarrafas - CE,2019,15 a 19 anos,20.0
2313252,Tarrafas - CE,2019,20 a 24 anos,22.0
2313252,Tarrafas - CE,2019,25 a 29 anos,30.0
2313252,Tarrafas - CE,2019,30 a 34 anos,18.0
2313252,Tarrafas - CE,2019,35 a 39 anos,8.0
2313252,Tarrafas - CE,2019,40 a 44 anos,2.0
2313252,Tarrafas - CE,2019,45 a 49 anos,
2313252,Tarrafas - CE,2019,50 anos ou mais,
2313252,Tarrafas - CE,2019,Ignorada,
2313302,Tauá - CE,2014,Total,741.0
2313302,Tauá - CE,2014,Menos de 15 anos,7.0
2313302,Tauá - CE,2014,15 a 19 anos,179.0
2313302,Tauá - CE,2014,20 a 24 anos,181.0
2313302,Tauá - CE,2014,25 a 29 anos,152.0
2313302,Tauá - CE,2014,30 a 34 anos,131.0
2313302,Tauá - CE,2014,35 a 39 anos,74.0
2313302,Tauá - CE,2014,40 a 44 anos,16.0
2313302,Tauá - CE,2014,45 a 49 anos,1.0
2313302,Tauá - CE,2014,50 anos ou mais,
2313302,Tauá - CE,2014,Ignorada,
2313302,Tauá - CE,2015,Total,743.0
2313302,Tauá - CE,2015,Menos de 15 anos,10.0
2313302,Tauá - CE,2015,15 a 19 anos,143.0
2313302,Tauá - CE,2015,20 a 24 anos,213.0
2313302,Tauá - CE,2015,25 a 29 anos,180.0
2313302,Tauá - CE,2015,30 a 34 anos,122.0
2313302,Tauá - CE,2015,35 a 39 anos,55.0
2313302,Tauá - CE,2015,40 a 44 anos,19.0
2313302,Tauá - CE,2015,45 a 49 anos,1.0
2313302,Tauá - CE,2015,50 anos ou mais,
2313302,Tauá - CE,2015,Ignorada,
2313302,Tauá - CE,2016,Total,774.0
2313302,Tauá - CE,2016,Menos de 15 anos,8.0
2313302,Tauá - CE,2016,15 a 19 anos,138.0
2313302,Tauá - CE,2016,20 a 24 anos,207.0
2313302,Tauá - CE,2016,25 a 29 anos,208.0
2313302,Tauá - CE,2016,30 a 34 anos,133.0
2313302,Tauá - CE,2016,35 a 39 anos,58.0
2313302,Tauá - CE,2016,40 a 44 anos,19.0
2313302,Tauá - CE,2016,45 a 49 anos,2.0
2313302,Tauá - CE,2016,50 anos ou mais,
2313302,Tauá - CE,2016,Ignorada,1.0
2313302,Tauá - CE,2017,Total,726.0
2313302,Tauá - CE,2017,Menos de 15 anos,5.0
2313302,Tauá - CE,2017,15 a 19 anos,140.0
2313302,Tauá - CE,2017,20 a 24 anos,193.0
2313302,Tauá - CE,2017,25 a 29 anos,179.0
2313302,Tauá - CE,2017,30 a 34 anos,124.0
2313302,Tauá - CE,2017,35 a 39 anos,72.0
2313302,Tauá - CE,2017,40 a 44 anos,13.0
2313302,Tauá - CE,2017,45 a 49 anos,
2313302,Tauá - CE,2017,50 anos ou mais,
2313302,Tauá - CE,2017,Ignorada,
2313302,Tauá - CE,2018,Total,768.0
2313302,Tauá - CE,2018,Menos de 15 anos,3.0
2313302,Tauá - CE,2018,15 a 19 anos,160.0
2313302,Tauá - CE,2018,20 a 24 anos,214.0
2313302,Tauá - CE,2018,25 a 29 anos,197.0
2313302,Tauá - CE,2018,30 a 34 anos,124.0
2313302,Tauá - CE,2018,35 a 39 anos,52.0
2313302,Tauá - CE,2018,40 a 44 anos,17.0
2313302,Tauá - CE,2018,45 a 49 anos,1.0
2313302,Tauá - CE,2018,50 anos ou mais,
2313302,Tauá - CE,2018,Ignorada,
2313302,Tauá - CE,2019,Total,768.0
2313302,Tauá - CE,2019,Menos de 15 anos,8.0
2313302,Tauá - CE,2019,15 a 19 anos,139.0
2313302,Tauá - CE,2019,20 a 24 anos,204.0
2313302,Tauá - CE,2019,25 a 29 anos,182.0
2313302,Tauá - CE,2019,30 a 34 anos,138.0
2313302,Tauá - CE,2019,35 a 39 anos,70.0
2313302,Tauá - CE,2019,40 a 44 anos,25.0
2313302,Tauá - CE,2019,45 a 49 anos,2.0
2313302,Tauá - CE,2019,50 anos ou mais,
2313302,Tauá - CE,2019,Ignorada,
2313351,Tejuçuoca - CE,2014,Total,278.0
2313351,Tejuçuoca - CE,2014,Menos de 15 anos,1.0
2313351,Tejuçuoca - CE,2014,15 a 19 anos,61.0
2313351,Tejuçuoca - CE,2014,20 a 24 anos,70.0
2313351,Tejuçuoca - CE,2014,25 a 29 anos,70.0
2313351,Tejuçuoca - CE,2014,30 a 34 anos,39.0
2313351,Tejuçuoca - CE,2014,35 a 39 anos,30.0
2313351,Tejuçuoca - CE,2014,40 a 44 anos,6.0
2313351,Tejuçuoca - CE,2014,45 a 49 anos,1.0
2313351,Tejuçuoca - CE,2014,50 anos ou mais,
2313351,Tejuçuoca - CE,2014,Ignorada,
2313351,Tejuçuoca - CE,2015,Total,279.0
2313351,Tejuçuoca - CE,2015,Menos de 15 anos,1.0
2313351,Tejuçuoca - CE,2015,15 a 19 anos,70.0
2313351,Tejuçuoca - CE,2015,20 a 24 anos,65.0
2313351,Tejuçuoca - CE,2015,25 a 29 anos,79.0
2313351,Tejuçuoca - CE,2015,30 a 34 anos,29.0
2313351,Tejuçuoca - CE,2015,35 a 39 anos,22.0
2313351,Tejuçuoca - CE,2015,40 a 44 anos,13.0
2313351,Tejuçuoca - CE,2015,45 a 49 anos,
2313351,Tejuçuoca - CE,2015,50 anos ou mais,
2313351,Tejuçuoca - CE,2015,Ignorada,
2313351,Tejuçuoca - CE,2016,Total,286.0
2313351,Tejuçuoca - CE,2016,Menos de 15 anos,1.0
2313351,Tejuçuoca - CE,2016,15 a 19 anos,62.0
2313351,Tejuçuoca - CE,2016,20 a 24 anos,81.0
2313351,Tejuçuoca - CE,2016,25 a 29 anos,69.0
2313351,Tejuçuoca - CE,2016,30 a 34 anos,44.0
2313351,Tejuçuoca - CE,2016,35 a 39 anos,23.0
2313351,Tejuçuoca - CE,2016,40 a 44 anos,6.0
2313351,Tejuçuoca - CE,2016,45 a 49 anos,
2313351,Tejuçuoca - CE,2016,50 anos ou mais,
2313351,Tejuçuoca - CE,2016,Ignorada,
2313351,Tejuçuoca - CE,2017,Total,260.0
2313351,Tejuçuoca - CE,2017,Menos de 15 anos,4.0
2313351,Tejuçuoca - CE,2017,15 a 19 anos,56.0
2313351,Tejuçuoca - CE,2017,20 a 24 anos,63.0
2313351,Tejuçuoca - CE,2017,25 a 29 anos,56.0
2313351,Tejuçuoca - CE,2017,30 a 34 anos,46.0
2313351,Tejuçuoca - CE,2017,35 a 39 anos,27.0
2313351,Tejuçuoca - CE,2017,40 a 44 anos,8.0
2313351,Tejuçuoca - CE,2017,45 a 49 anos,
2313351,Tejuçuoca - CE,2017,50 anos ou mais,
2313351,Tejuçuoca - CE,2017,Ignorada,
2313351,Tejuçuoca - CE,2018,Total,287.0
2313351,Tejuçuoca - CE,2018,Menos de 15 anos,2.0
2313351,Tejuçuoca - CE,2018,15 a 19 anos,56.0
2313351,Tejuçuoca - CE,2018,20 a 24 anos,74.0
2313351,Tejuçuoca - CE,2018,25 a 29 anos,61.0
2313351,Tejuçuoca - CE,2018,30 a 34 anos,57.0
2313351,Tejuçuoca - CE,2018,35 a 39 anos,31.0
2313351,Tejuçuoca - CE,2018,40 a 44 anos,5.0
2313351,Tejuçuoca - CE,2018,45 a 49 anos,
2313351,Tejuçuoca - CE,2018,50 anos ou mais,
2313351,Tejuçuoca - CE,2018,Ignorada,1.0
2313351,Tejuçuoca - CE,2019,Total,251.0
2313351,Tejuçuoca - CE,2019,Menos de 15 anos,3.0
2313351,Tejuçuoca - CE,2019,15 a 19 anos,43.0
2313351,Tejuçuoca - CE,2019,20 a 24 anos,64.0
2313351,Tejuçuoca - CE,2019,25 a 29 anos,55.0
2313351,Tejuçuoca - CE,2019,30 a 34 anos,46.0
2313351,Tejuçuoca - CE,2019,35 a 39 anos,31.0
2313351,Tejuçuoca - CE,2019,40 a 44 anos,9.0
2313351,Tejuçuoca - CE,2019,45 a 49 anos,
2313351,Tejuçuoca - CE,2019,50 anos ou mais,
2313351,Tejuçuoca - CE,2019,Ignorada,
2313401,Tianguá - CE,2014,Total,1279.0
2313401,Tianguá - CE,2014,Menos de 15 anos,18.0
2313401,Tianguá - CE,2014,15 a 19 anos,253.0
2313401,Tianguá - CE,2014,20 a 24 anos,355.0
2313401,Tianguá - CE,2014,25 a 29 anos,337.0
2313401,Tianguá - CE,2014,30 a 34 anos,193.0
2313401,Tianguá - CE,2014,35 a 39 anos,101.0
2313401,Tianguá - CE,2014,40 a 44 anos,20.0
2313401,Tianguá - CE,2014,45 a 49 anos,2.0
2313401,Tianguá - CE,2014,50 anos ou mais,
2313401,Tianguá - CE,2014,Ignorada,
2313401,Tianguá - CE,2015,Total,1349.0
2313401,Tianguá - CE,2015,Menos de 15 anos,11.0
2313401,Tianguá - CE,2015,15 a 19 anos,227.0
2313401,Tianguá - CE,2015,20 a 24 anos,379.0
2313401,Tianguá - CE,2015,25 a 29 anos,345.0
2313401,Tianguá - CE,2015,30 a 34 anos,242.0
2313401,Tianguá - CE,2015,35 a 39 anos,109.0
2313401,Tianguá - CE,2015,40 a 44 anos,35.0
2313401,Tianguá - CE,2015,45 a 49 anos,1.0
2313401,Tianguá - CE,2015,50 anos ou mais,
2313401,Tianguá - CE,2015,Ignorada,
2313401,Tianguá - CE,2016,Total,1449.0
2313401,Tianguá - CE,2016,Menos de 15 anos,14.0
2313401,Tianguá - CE,2016,15 a 19 anos,262.0
2313401,Tianguá - CE,2016,20 a 24 anos,384.0
2313401,Tianguá - CE,2016,25 a 29 anos,355.0
2313401,Tianguá - CE,2016,30 a 34 anos,243.0
2313401,Tianguá - CE,2016,35 a 39 anos,117.0
2313401,Tianguá - CE,2016,40 a 44 anos,27.0
2313401,Tianguá - CE,2016,45 a 49 anos,1.0
2313401,Tianguá - CE,2016,50 anos ou mais,
2313401,Tianguá - CE,2016,Ignorada,46.0
2313401,Tianguá - CE,2017,Total,1472.0
2313401,Tianguá - CE,2017,Menos de 15 anos,10.0
2313401,Tianguá - CE,2017,15 a 19 anos,211.0
2313401,Tianguá - CE,2017,20 a 24 anos,423.0
2313401,Tianguá - CE,2017,25 a 29 anos,370.0
2313401,Tianguá - CE,2017,30 a 34 anos,277.0
2313401,Tianguá - CE,2017,35 a 39 anos,136.0
2313401,Tianguá - CE,2017,40 a 44 anos,43.0
2313401,Tianguá - CE,2017,45 a 49 anos,2.0
2313401,Tianguá - CE,2017,50 anos ou mais,
2313401,Tianguá - CE,2017,Ignorada,
2313401,Tianguá - CE,2018,Total,1514.0
2313401,Tianguá - CE,2018,Menos de 15 anos,10.0
2313401,Tianguá - CE,2018,15 a 19 anos,239.0
2313401,Tianguá - CE,2018,20 a 24 anos,397.0
2313401,Tianguá - CE,2018,25 a 29 anos,396.0
2313401,Tianguá - CE,2018,30 a 34 anos,290.0
2313401,Tianguá - CE,2018,35 a 39 anos,138.0
2313401,Tianguá - CE,2018,40 a 44 anos,41.0
2313401,Tianguá - CE,2018,45 a 49 anos,3.0
2313401,Tianguá - CE,2018,50 anos ou mais,
2313401,Tianguá - CE,2018,Ignorada,
2313401,Tianguá - CE,2019,Total,1454.0
2313401,Tianguá - CE,2019,Menos de 15 anos,11.0
2313401,Tianguá - CE,2019,15 a 19 anos,199.0
2313401,Tianguá - CE,2019,20 a 24 anos,368.0
2313401,Tianguá - CE,2019,25 a 29 anos,383.0
2313401,Tianguá - CE,2019,30 a 34 anos,313.0
2313401,Tianguá - CE,2019,35 a 39 anos,146.0
2313401,Tianguá - CE,2019,40 a 44 anos,30.0
2313401,Tianguá - CE,2019,45 a 49 anos,3.0
2313401,Tianguá - CE,2019,50 anos ou mais,1.0
2313401,Tianguá - CE,2019,Ignorada,
2313500,Trairi - CE,2014,Total,746.0
2313500,Trairi - CE,2014,Menos de 15 anos,10.0
2313500,Trairi - CE,2014,15 a 19 anos,154.0
2313500,Trairi - CE,2014,20 a 24 anos,180.0
2313500,Trairi - CE,2014,25 a 29 anos,194.0
2313500,Trairi - CE,2014,30 a 34 anos,135.0
2313500,Trairi - CE,2014,35 a 39 anos,57.0
2313500,Trairi - CE,2014,40 a 44 anos,14.0
2313500,Trairi - CE,2014,45 a 49 anos,2.0
2313500,Trairi - CE,2014,50 anos ou mais,
2313500,Trairi - CE,2014,Ignorada,
2313500,Trairi - CE,2015,Total,706.0
2313500,Trairi - CE,2015,Menos de 15 anos,8.0
2313500,Trairi - CE,2015,15 a 19 anos,133.0
2313500,Trairi - CE,2015,20 a 24 anos,199.0
2313500,Trairi - CE,2015,25 a 29 anos,160.0
2313500,Trairi - CE,2015,30 a 34 anos,126.0
2313500,Trairi - CE,2015,35 a 39 anos,61.0
2313500,Trairi - CE,2015,40 a 44 anos,18.0
2313500,Trairi - CE,2015,45 a 49 anos,1.0
2313500,Trairi - CE,2015,50 anos ou mais,
2313500,Trairi - CE,2015,Ignorada,
2313500,Trairi - CE,2016,Total,754.0
2313500,Trairi - CE,2016,Menos de 15 anos,9.0
2313500,Trairi - CE,2016,15 a 19 anos,130.0
2313500,Trairi - CE,2016,20 a 24 anos,213.0
2313500,Trairi - CE,2016,25 a 29 anos,180.0
2313500,Trairi - CE,2016,30 a 34 anos,144.0
2313500,Trairi - CE,2016,35 a 39 anos,60.0
2313500,Trairi - CE,2016,40 a 44 anos,18.0
2313500,Trairi - CE,2016,45 a 49 anos,
2313500,Trairi - CE,2016,50 anos ou mais,
2313500,Trairi - CE,2016,Ignorada,
2313500,Trairi - CE,2017,Total,849.0
2313500,Trairi - CE,2017,Menos de 15 anos,7.0
2313500,Trairi - CE,2017,15 a 19 anos,177.0
2313500,Trairi - CE,2017,20 a 24 anos,273.0
2313500,Trairi - CE,2017,25 a 29 anos,162.0
2313500,Trairi - CE,2017,30 a 34 anos,126.0
2313500,Trairi - CE,2017,35 a 39 anos,79.0
2313500,Trairi - CE,2017,40 a 44 anos,22.0
2313500,Trairi - CE,2017,45 a 49 anos,3.0
2313500,Trairi - CE,2017,50 anos ou mais,
2313500,Trairi - CE,2017,Ignorada,
2313500,Trairi - CE,2018,Total,893.0
2313500,Trairi - CE,2018,Menos de 15 anos,7.0
2313500,Trairi - CE,2018,15 a 19 anos,146.0
2313500,Trairi - CE,2018,20 a 24 anos,266.0
2313500,Trairi - CE,2018,25 a 29 anos,201.0
2313500,Trairi - CE,2018,30 a 34 anos,156.0
2313500,Trairi - CE,2018,35 a 39 anos,98.0
2313500,Trairi - CE,2018,40 a 44 anos,18.0
2313500,Trairi - CE,2018,45 a 49 anos,
2313500,Trairi - CE,2018,50 anos ou mais,
2313500,Trairi - CE,2018,Ignorada,1.0
2313500,Trairi - CE,2019,Total,788.0
2313500,Trairi - CE,2019,Menos de 15 anos,5.0
2313500,Trairi - CE,2019,15 a 19 anos,134.0
2313500,Trairi - CE,2019,20 a 24 anos,235.0
2313500,Trairi - CE,2019,25 a 29 anos,175.0
2313500,Trairi - CE,2019,30 a 34 anos,160.0
2313500,Trairi - CE,2019,35 a 39 anos,61.0
2313500,Trairi - CE,2019,40 a 44 anos,17.0
2313500,Trairi - CE,2019,45 a 49 anos,1.0
2313500,Trairi - CE,2019,50 anos ou mais,
2313500,Trairi - CE,2019,Ignorada,
2313559,Tururu - CE,2014,Total,273.0
2313559,Tururu - CE,2014,Menos de 15 anos,6.0
2313559,Tururu - CE,2014,15 a 19 anos,60.0
2313559,Tururu - CE,2014,20 a 24 anos,67.0
2313559,Tururu - CE,2014,25 a 29 anos,66.0
2313559,Tururu - CE,2014,30 a 34 anos,42.0
2313559,Tururu - CE,2014,35 a 39 anos,25.0
2313559,Tururu - CE,2014,40 a 44 anos,6.0
2313559,Tururu - CE,2014,45 a 49 anos,
2313559,Tururu - CE,2014,50 anos ou mais,1.0
2313559,Tururu - CE,2014,Ignorada,
2313559,Tururu - CE,2015,Total,298.0
2313559,Tururu - CE,2015,Menos de 15 anos,1.0
2313559,Tururu - CE,2015,15 a 19 anos,62.0
2313559,Tururu - CE,2015,20 a 24 anos,73.0
2313559,Tururu - CE,2015,25 a 29 anos,92.0
2313559,Tururu - CE,2015,30 a 34 anos,40.0
2313559,Tururu - CE,2015,35 a 39 anos,17.0
2313559,Tururu - CE,2015,40 a 44 anos,12.0
2313559,Tururu - CE,2015,45 a 49 anos,1.0
2313559,Tururu - CE,2015,50 anos ou mais,
2313559,Tururu - CE,2015,Ignorada,
2313559,Tururu - CE,2016,Total,277.0
2313559,Tururu - CE,2016,Menos de 15 anos,5.0
2313559,Tururu - CE,2016,15 a 19 anos,57.0
2313559,Tururu - CE,2016,20 a 24 anos,74.0
2313559,Tururu - CE,2016,25 a 29 anos,67.0
2313559,Tururu - CE,2016,30 a 34 anos,49.0
2313559,Tururu - CE,2016,35 a 39 anos,20.0
2313559,Tururu - CE,2016,40 a 44 anos,5.0
2313559,Tururu - CE,2016,45 a 49 anos,
2313559,Tururu - CE,2016,50 anos ou mais,
2313559,Tururu - CE,2016,Ignorada,
2313559,Tururu - CE,2017,Total,251.0
2313559,Tururu - CE,2017,Menos de 15 anos,3.0
2313559,Tururu - CE,2017,15 a 19 anos,41.0
2313559,Tururu - CE,2017,20 a 24 anos,71.0
2313559,Tururu - CE,2017,25 a 29 anos,61.0
2313559,Tururu - CE,2017,30 a 34 anos,39.0
2313559,Tururu - CE,2017,35 a 39 anos,32.0
2313559,Tururu - CE,2017,40 a 44 anos,4.0
2313559,Tururu - CE,2017,45 a 49 anos,
2313559,Tururu - CE,2017,50 anos ou mais,
2313559,Tururu - CE,2017,Ignorada,
2313559,Tururu - CE,2018,Total,256.0
2313559,Tururu - CE,2018,Menos de 15 anos,5.0
2313559,Tururu - CE,2018,15 a 19 anos,43.0
2313559,Tururu - CE,2018,20 a 24 anos,66.0
2313559,Tururu - CE,2018,25 a 29 anos,71.0
2313559,Tururu - CE,2018,30 a 34 anos,39.0
2313559,Tururu - CE,2018,35 a 39 anos,24.0
2313559,Tururu - CE,2018,40 a 44 anos,8.0
2313559,Tururu - CE,2018,45 a 49 anos,
2313559,Tururu - CE,2018,50 anos ou mais,
2313559,Tururu - CE,2018,Ignorada,
2313559,Tururu - CE,2019,Total,226.0
2313559,Tururu - CE,2019,Menos de 15 anos,2.0
2313559,Tururu - CE,2019,15 a 19 anos,44.0
2313559,Tururu - CE,2019,20 a 24 anos,70.0
2313559,Tururu - CE,2019,25 a 29 anos,47.0
2313559,Tururu - CE,2019,30 a 34 anos,39.0
2313559,Tururu - CE,2019,35 a 39 anos,15.0
2313559,Tururu - CE,2019,40 a 44 anos,8.0
2313559,Tururu - CE,2019,45 a 49 anos,1.0
2313559,Tururu - CE,2019,50 anos ou mais,
2313559,Tururu - CE,2019,Ignorada,
2313609,Ubajara - CE,2014,Total,497.0
2313609,Ubajara - CE,2014,Menos de 15 anos,8.0
2313609,Ubajara - CE,2014,15 a 19 anos,100.0
2313609,Ubajara - CE,2014,20 a 24 anos,124.0
2313609,Ubajara - CE,2014,25 a 29 anos,134.0
2313609,Ubajara - CE,2014,30 a 34 anos,90.0
2313609,Ubajara - CE,2014,35 a 39 anos,33.0
2313609,Ubajara - CE,2014,40 a 44 anos,7.0
2313609,Ubajara - CE,2014,45 a 49 anos,
2313609,Ubajara - CE,2014,50 anos ou mais,
2313609,Ubajara - CE,2014,Ignorada,1.0
2313609,Ubajara - CE,2015,Total,471.0
2313609,Ubajara - CE,2015,Menos de 15 anos,6.0
2313609,Ubajara - CE,2015,15 a 19 anos,79.0
2313609,Ubajara - CE,2015,20 a 24 anos,129.0
2313609,Ubajara - CE,2015,25 a 29 anos,122.0
2313609,Ubajara - CE,2015,30 a 34 anos,82.0
2313609,Ubajara - CE,2015,35 a 39 anos,38.0
2313609,Ubajara - CE,2015,40 a 44 anos,15.0
2313609,Ubajara - CE,2015,45 a 49 anos,
2313609,Ubajara - CE,2015,50 anos ou mais,
2313609,Ubajara - CE,2015,Ignorada,
2313609,Ubajara - CE,2016,Total,533.0
2313609,Ubajara - CE,2016,Menos de 15 anos,5.0
2313609,Ubajara - CE,2016,15 a 19 anos,105.0
2313609,Ubajara - CE,2016,20 a 24 anos,124.0
2313609,Ubajara - CE,2016,25 a 29 anos,133.0
2313609,Ubajara - CE,2016,30 a 34 anos,108.0
2313609,Ubajara - CE,2016,35 a 39 anos,48.0
2313609,Ubajara - CE,2016,40 a 44 anos,9.0
2313609,Ubajara - CE,2016,45 a 49 anos,1.0
2313609,Ubajara - CE,2016,50 anos ou mais,
2313609,Ubajara - CE,2016,Ignorada,
2313609,Ubajara - CE,2017,Total,448.0
2313609,Ubajara - CE,2017,Menos de 15 anos,4.0
2313609,Ubajara - CE,2017,15 a 19 anos,84.0
2313609,Ubajara - CE,2017,20 a 24 anos,133.0
2313609,Ubajara - CE,2017,25 a 29 anos,104.0
2313609,Ubajara - CE,2017,30 a 34 anos,75.0
2313609,Ubajara - CE,2017,35 a 39 anos,44.0
2313609,Ubajara - CE,2017,40 a 44 anos,4.0
2313609,Ubajara - CE,2017,45 a 49 anos,
2313609,Ubajara - CE,2017,50 anos ou mais,
2313609,Ubajara - CE,2017,Ignorada,
2313609,Ubajara - CE,2018,Total,531.0
2313609,Ubajara - CE,2018,Menos de 15 anos,4.0
2313609,Ubajara - CE,2018,15 a 19 anos,67.0
2313609,Ubajara - CE,2018,20 a 24 anos,144.0
2313609,Ubajara - CE,2018,25 a 29 anos,135.0
2313609,Ubajara - CE,2018,30 a 34 anos,105.0
2313609,Ubajara - CE,2018,35 a 39 anos,64.0
2313609,Ubajara - CE,2018,40 a 44 anos,12.0
2313609,Ubajara - CE,2018,45 a 49 anos,
2313609,Ubajara - CE,2018,50 anos ou mais,
2313609,Ubajara - CE,2018,Ignorada,
2313609,Ubajara - CE,2019,Total,574.0
2313609,Ubajara - CE,2019,Menos de 15 anos,7.0
2313609,Ubajara - CE,2019,15 a 19 anos,94.0
2313609,Ubajara - CE,2019,20 a 24 anos,125.0
2313609,Ubajara - CE,2019,25 a 29 anos,147.0
2313609,Ubajara - CE,2019,30 a 34 anos,122.0
2313609,Ubajara - CE,2019,35 a 39 anos,67.0
2313609,Ubajara - CE,2019,40 a 44 anos,12.0
2313609,Ubajara - CE,2019,45 a 49 anos,
2313609,Ubajara - CE,2019,50 anos ou mais,
2313609,Ubajara - CE,2019,Ignorada,
2313708,Umari - CE,2014,Total,88.0
2313708,Umari - CE,2014,Menos de 15 anos,1.0
2313708,Umari - CE,2014,15 a 19 anos,23.0
2313708,Umari - CE,2014,20 a 24 anos,16.0
2313708,Umari - CE,2014,25 a 29 anos,23.0
2313708,Umari - CE,2014,30 a 34 anos,17.0
2313708,Umari - CE,2014,35 a 39 anos,7.0
2313708,Umari - CE,2014,40 a 44 anos,1.0
2313708,Umari - CE,2014,45 a 49 anos,
2313708,Umari - CE,2014,50 anos ou mais,
2313708,Umari - CE,2014,Ignorada,
2313708,Umari - CE,2015,Total,95.0
2313708,Umari - CE,2015,Menos de 15 anos,2.0
2313708,Umari - CE,2015,15 a 19 anos,17.0
2313708,Umari - CE,2015,20 a 24 anos,17.0
2313708,Umari - CE,2015,25 a 29 anos,21.0
2313708,Umari - CE,2015,30 a 34 anos,20.0
2313708,Umari - CE,2015,35 a 39 anos,14.0
2313708,Umari - CE,2015,40 a 44 anos,4.0
2313708,Umari - CE,2015,45 a 49 anos,
2313708,Umari - CE,2015,50 anos ou mais,
2313708,Umari - CE,2015,Ignorada,
2313708,Umari - CE,2016,Total,73.0
2313708,Umari - CE,2016,Menos de 15 anos,
2313708,Umari - CE,2016,15 a 19 anos,8.0
2313708,Umari - CE,2016,20 a 24 anos,19.0
2313708,Umari - CE,2016,25 a 29 anos,16.0
2313708,Umari - CE,2016,30 a 34 anos,22.0
2313708,Umari - CE,2016,35 a 39 anos,6.0
2313708,Umari - CE,2016,40 a 44 anos,2.0
2313708,Umari - CE,2016,45 a 49 anos,
2313708,Umari - CE,2016,50 anos ou mais,
2313708,Umari - CE,2016,Ignorada,
2313708,Umari - CE,2017,Total,92.0
2313708,Umari - CE,2017,Menos de 15 anos,1.0
2313708,Umari - CE,2017,15 a 19 anos,13.0
2313708,Umari - CE,2017,20 a 24 anos,24.0
2313708,Umari - CE,2017,25 a 29 anos,25.0
2313708,Umari - CE,2017,30 a 34 anos,17.0
2313708,Umari - CE,2017,35 a 39 anos,10.0
2313708,Umari - CE,2017,40 a 44 anos,2.0
2313708,Umari - CE,2017,45 a 49 anos,
2313708,Umari - CE,2017,50 anos ou mais,
2313708,Umari - CE,2017,Ignorada,
2313708,Umari - CE,2018,Total,85.0
2313708,Umari - CE,2018,Menos de 15 anos,
2313708,Umari - CE,2018,15 a 19 anos,17.0
2313708,Umari - CE,2018,20 a 24 anos,22.0
2313708,Umari - CE,2018,25 a 29 anos,18.0
2313708,Umari - CE,2018,30 a 34 anos,16.0
2313708,Umari - CE,2018,35 a 39 anos,11.0
2313708,Umari - CE,2018,40 a 44 anos,1.0
2313708,Umari - CE,2018,45 a 49 anos,
2313708,Umari - CE,2018,50 anos ou mais,
2313708,Umari - CE,2018,Ignorada,
2313708,Umari - CE,2019,Total,86.0
2313708,Umari - CE,2019,Menos de 15 anos,1.0
2313708,Umari - CE,2019,15 a 19 anos,11.0
2313708,Umari - CE,2019,20 a 24 anos,28.0
2313708,Umari - CE,2019,25 a 29 anos,14.0
2313708,Umari - CE,2019,30 a 34 anos,17.0
2313708,Umari - CE,2019,35 a 39 anos,12.0
2313708,Umari - CE,2019,40 a 44 anos,3.0
2313708,Umari - CE,2019,45 a 49 anos,
2313708,Umari - CE,2019,50 anos ou mais,
2313708,Umari - CE,2019,Ignorada,
2313757,Umirim - CE,2014,Total,183.0
2313757,Umirim - CE,2014,Menos de 15 anos,7.0
2313757,Umirim - CE,2014,15 a 19 anos,48.0
2313757,Umirim - CE,2014,20 a 24 anos,50.0
2313757,Umirim - CE,2014,25 a 29 anos,32.0
2313757,Umirim - CE,2014,30 a 34 anos,33.0
2313757,Umirim - CE,2014,35 a 39 anos,9.0
2313757,Umirim - CE,2014,40 a 44 anos,4.0
2313757,Umirim - CE,2014,45 a 49 anos,
2313757,Umirim - CE,2014,50 anos ou mais,
2313757,Umirim - CE,2014,Ignorada,
2313757,Umirim - CE,2015,Total,252.0
2313757,Umirim - CE,2015,Menos de 15 anos,2.0
2313757,Umirim - CE,2015,15 a 19 anos,62.0
2313757,Umirim - CE,2015,20 a 24 anos,59.0
2313757,Umirim - CE,2015,25 a 29 anos,63.0
2313757,Umirim - CE,2015,30 a 34 anos,39.0
2313757,Umirim - CE,2015,35 a 39 anos,19.0
2313757,Umirim - CE,2015,40 a 44 anos,6.0
2313757,Umirim - CE,2015,45 a 49 anos,1.0
2313757,Umirim - CE,2015,50 anos ou mais,1.0
2313757,Umirim - CE,2015,Ignorada,
2313757,Umirim - CE,2016,Total,234.0
2313757,Umirim - CE,2016,Menos de 15 anos,3.0
2313757,Umirim - CE,2016,15 a 19 anos,62.0
2313757,Umirim - CE,2016,20 a 24 anos,66.0
2313757,Umirim - CE,2016,25 a 29 anos,51.0
2313757,Umirim - CE,2016,30 a 34 anos,30.0
2313757,Umirim - CE,2016,35 a 39 anos,18.0
2313757,Umirim - CE,2016,40 a 44 anos,4.0
2313757,Umirim - CE,2016,45 a 49 anos,
2313757,Umirim - CE,2016,50 anos ou mais,
2313757,Umirim - CE,2016,Ignorada,
2313757,Umirim - CE,2017,Total,268.0
2313757,Umirim - CE,2017,Menos de 15 anos,3.0
2313757,Umirim - CE,2017,15 a 19 anos,59.0
2313757,Umirim - CE,2017,20 a 24 anos,85.0
2313757,Umirim - CE,2017,25 a 29 anos,55.0
2313757,Umirim - CE,2017,30 a 34 anos,38.0
2313757,Umirim - CE,2017,35 a 39 anos,22.0
2313757,Umirim - CE,2017,40 a 44 anos,5.0
2313757,Umirim - CE,2017,45 a 49 anos,1.0
2313757,Umirim - CE,2017,50 anos ou mais,
2313757,Umirim - CE,2017,Ignorada,
2313757,Umirim - CE,2018,Total,313.0
2313757,Umirim - CE,2018,Menos de 15 anos,1.0
2313757,Umirim - CE,2018,15 a 19 anos,76.0
2313757,Umirim - CE,2018,20 a 24 anos,90.0
2313757,Umirim - CE,2018,25 a 29 anos,62.0
2313757,Umirim - CE,2018,30 a 34 anos,45.0
2313757,Umirim - CE,2018,35 a 39 anos,33.0
2313757,Umirim - CE,2018,40 a 44 anos,6.0
2313757,Umirim - CE,2018,45 a 49 anos,
2313757,Umirim - CE,2018,50 anos ou mais,
2313757,Umirim - CE,2018,Ignorada,
2313757,Umirim - CE,2019,Total,289.0
2313757,Umirim - CE,2019,Menos de 15 anos,2.0
2313757,Umirim - CE,2019,15 a 19 anos,61.0
2313757,Umirim - CE,2019,20 a 24 anos,71.0
2313757,Umirim - CE,2019,25 a 29 anos,68.0
2313757,Umirim - CE,2019,30 a 34 anos,57.0
2313757,Umirim - CE,2019,35 a 39 anos,27.0
2313757,Umirim - CE,2019,40 a 44 anos,3.0
2313757,Umirim - CE,2019,45 a 49 anos,
2313757,Umirim - CE,2019,50 anos ou mais,
2313757,Umirim - CE,2019,Ignorada,
2313807,Uruburetama - CE,2014,Total,337.0
2313807,Uruburetama - CE,2014,Menos de 15 anos,7.0
2313807,Uruburetama - CE,2014,15 a 19 anos,75.0
2313807,Uruburetama - CE,2014,20 a 24 anos,92.0
2313807,Uruburetama - CE,2014,25 a 29 anos,79.0
2313807,Uruburetama - CE,2014,30 a 34 anos,60.0
2313807,Uruburetama - CE,2014,35 a 39 anos,16.0
2313807,Uruburetama - CE,2014,40 a 44 anos,6.0
2313807,Uruburetama - CE,2014,45 a 49 anos,2.0
2313807,Uruburetama - CE,2014,50 anos ou mais,
2313807,Uruburetama - CE,2014,Ignorada,
2313807,Uruburetama - CE,2015,Total,363.0
2313807,Uruburetama - CE,2015,Menos de 15 anos,5.0
2313807,Uruburetama - CE,2015,15 a 19 anos,77.0
2313807,Uruburetama - CE,2015,20 a 24 anos,99.0
2313807,Uruburetama - CE,2015,25 a 29 anos,83.0
2313807,Uruburetama - CE,2015,30 a 34 anos,60.0
2313807,Uruburetama - CE,2015,35 a 39 anos,30.0
2313807,Uruburetama - CE,2015,40 a 44 anos,8.0
2313807,Uruburetama - CE,2015,45 a 49 anos,1.0
2313807,Uruburetama - CE,2015,50 anos ou mais,
2313807,Uruburetama - CE,2015,Ignorada,
2313807,Uruburetama - CE,2016,Total,358.0
2313807,Uruburetama - CE,2016,Menos de 15 anos,7.0
2313807,Uruburetama - CE,2016,15 a 19 anos,71.0
2313807,Uruburetama - CE,2016,20 a 24 anos,99.0
2313807,Uruburetama - CE,2016,25 a 29 anos,93.0
2313807,Uruburetama - CE,2016,30 a 34 anos,59.0
2313807,Uruburetama - CE,2016,35 a 39 anos,23.0
2313807,Uruburetama - CE,2016,40 a 44 anos,6.0
2313807,Uruburetama - CE,2016,45 a 49 anos,
2313807,Uruburetama - CE,2016,50 anos ou mais,
2313807,Uruburetama - CE,2016,Ignorada,
2313807,Uruburetama - CE,2017,Total,322.0
2313807,Uruburetama - CE,2017,Menos de 15 anos,5.0
2313807,Uruburetama - CE,2017,15 a 19 anos,65.0
2313807,Uruburetama - CE,2017,20 a 24 anos,90.0
2313807,Uruburetama - CE,2017,25 a 29 anos,76.0
2313807,Uruburetama - CE,2017,30 a 34 anos,51.0
2313807,Uruburetama - CE,2017,35 a 39 anos,28.0
2313807,Uruburetama - CE,2017,40 a 44 anos,7.0
2313807,Uruburetama - CE,2017,45 a 49 anos,
2313807,Uruburetama - CE,2017,50 anos ou mais,
2313807,Uruburetama - CE,2017,Ignorada,
2313807,Uruburetama - CE,2018,Total,391.0
2313807,Uruburetama - CE,2018,Menos de 15 anos,7.0
2313807,Uruburetama - CE,2018,15 a 19 anos,82.0
2313807,Uruburetama - CE,2018,20 a 24 anos,98.0
2313807,Uruburetama - CE,2018,25 a 29 anos,82.0
2313807,Uruburetama - CE,2018,30 a 34 anos,85.0
2313807,Uruburetama - CE,2018,35 a 39 anos,31.0
2313807,Uruburetama - CE,2018,40 a 44 anos,6.0
2313807,Uruburetama - CE,2018,45 a 49 anos,
2313807,Uruburetama - CE,2018,50 anos ou mais,
2313807,Uruburetama - CE,2018,Ignorada,
2313807,Uruburetama - CE,2019,Total,375.0
2313807,Uruburetama - CE,2019,Menos de 15 anos,4.0
2313807,Uruburetama - CE,2019,15 a 19 anos,67.0
2313807,Uruburetama - CE,2019,20 a 24 anos,108.0
2313807,Uruburetama - CE,2019,25 a 29 anos,82.0
2313807,Uruburetama - CE,2019,30 a 34 anos,69.0
2313807,Uruburetama - CE,2019,35 a 39 anos,36.0
2313807,Uruburetama - CE,2019,40 a 44 anos,8.0
2313807,Uruburetama - CE,2019,45 a 49 anos,1.0
2313807,Uruburetama - CE,2019,50 anos ou mais,
2313807,Uruburetama - CE,2019,Ignorada,
2313906,Uruoca - CE,2014,Total,190.0
2313906,Uruoca - CE,2014,Menos de 15 anos,3.0
2313906,Uruoca - CE,2014,15 a 19 anos,37.0
2313906,Uruoca - CE,2014,20 a 24 anos,70.0
2313906,Uruoca - CE,2014,25 a 29 anos,46.0
2313906,Uruoca - CE,2014,30 a 34 anos,20.0
2313906,Uruoca - CE,2014,35 a 39 anos,9.0
2313906,Uruoca - CE,2014,40 a 44 anos,4.0
2313906,Uruoca - CE,2014,45 a 49 anos,1.0
2313906,Uruoca - CE,2014,50 anos ou mais,
2313906,Uruoca - CE,2014,Ignorada,
2313906,Uruoca - CE,2015,Total,199.0
2313906,Uruoca - CE,2015,Menos de 15 anos,5.0
2313906,Uruoca - CE,2015,15 a 19 anos,49.0
2313906,Uruoca - CE,2015,20 a 24 anos,52.0
2313906,Uruoca - CE,2015,25 a 29 anos,51.0
2313906,Uruoca - CE,2015,30 a 34 anos,28.0
2313906,Uruoca - CE,2015,35 a 39 anos,12.0
2313906,Uruoca - CE,2015,40 a 44 anos,2.0
2313906,Uruoca - CE,2015,45 a 49 anos,
2313906,Uruoca - CE,2015,50 anos ou mais,
2313906,Uruoca - CE,2015,Ignorada,
2313906,Uruoca - CE,2016,Total,181.0
2313906,Uruoca - CE,2016,Menos de 15 anos,4.0
2313906,Uruoca - CE,2016,15 a 19 anos,29.0
2313906,Uruoca - CE,2016,20 a 24 anos,53.0
2313906,Uruoca - CE,2016,25 a 29 anos,47.0
2313906,Uruoca - CE,2016,30 a 34 anos,30.0
2313906,Uruoca - CE,2016,35 a 39 anos,16.0
2313906,Uruoca - CE,2016,40 a 44 anos,1.0
2313906,Uruoca - CE,2016,45 a 49 anos,
2313906,Uruoca - CE,2016,50 anos ou mais,
2313906,Uruoca - CE,2016,Ignorada,1.0
2313906,Uruoca - CE,2017,Total,186.0
2313906,Uruoca - CE,2017,Menos de 15 anos,2.0
2313906,Uruoca - CE,2017,15 a 19 anos,35.0
2313906,Uruoca - CE,2017,20 a 24 anos,45.0
2313906,Uruoca - CE,2017,25 a 29 anos,49.0
2313906,Uruoca - CE,2017,30 a 34 anos,36.0
2313906,Uruoca - CE,2017,35 a 39 anos,16.0
2313906,Uruoca - CE,2017,40 a 44 anos,2.0
2313906,Uruoca - CE,2017,45 a 49 anos,
2313906,Uruoca - CE,2017,50 anos ou mais,
2313906,Uruoca - CE,2017,Ignorada,1.0
2313906,Uruoca - CE,2018,Total,183.0
2313906,Uruoca - CE,2018,Menos de 15 anos,1.0
2313906,Uruoca - CE,2018,15 a 19 anos,32.0
2313906,Uruoca - CE,2018,20 a 24 anos,53.0
2313906,Uruoca - CE,2018,25 a 29 anos,35.0
2313906,Uruoca - CE,2018,30 a 34 anos,35.0
2313906,Uruoca - CE,2018,35 a 39 anos,21.0
2313906,Uruoca - CE,2018,40 a 44 anos,6.0
2313906,Uruoca - CE,2018,45 a 49 anos,
2313906,Uruoca - CE,2018,50 anos ou mais,
2313906,Uruoca - CE,2018,Ignorada,
2313906,Uruoca - CE,2019,Total,201.0
2313906,Uruoca - CE,2019,Menos de 15 anos,2.0
2313906,Uruoca - CE,2019,15 a 19 anos,32.0
2313906,Uruoca - CE,2019,20 a 24 anos,64.0
2313906,Uruoca - CE,2019,25 a 29 anos,43.0
2313906,Uruoca - CE,2019,30 a 34 anos,40.0
2313906,Uruoca - CE,2019,35 a 39 anos,14.0
2313906,Uruoca - CE,2019,40 a 44 anos,6.0
2313906,Uruoca - CE,2019,45 a 49 anos,
2313906,Uruoca - CE,2019,50 anos ou mais,
2313906,Uruoca - CE,2019,Ignorada,
2313955,Varjota - CE,2014,Total,251.0
2313955,Varjota - CE,2014,Menos de 15 anos,6.0
2313955,Varjota - CE,2014,15 a 19 anos,66.0
2313955,Varjota - CE,2014,20 a 24 anos,58.0
2313955,Varjota - CE,2014,25 a 29 anos,61.0
2313955,Varjota - CE,2014,30 a 34 anos,33.0
2313955,Varjota - CE,2014,35 a 39 anos,22.0
2313955,Varjota - CE,2014,40 a 44 anos,5.0
2313955,Varjota - CE,2014,45 a 49 anos,
2313955,Varjota - CE,2014,50 anos ou mais,
2313955,Varjota - CE,2014,Ignorada,
2313955,Varjota - CE,2015,Total,270.0
2313955,Varjota - CE,2015,Menos de 15 anos,4.0
2313955,Varjota - CE,2015,15 a 19 anos,67.0
2313955,Varjota - CE,2015,20 a 24 anos,63.0
2313955,Varjota - CE,2015,25 a 29 anos,69.0
2313955,Varjota - CE,2015,30 a 34 anos,44.0
2313955,Varjota - CE,2015,35 a 39 anos,13.0
2313955,Varjota - CE,2015,40 a 44 anos,8.0
2313955,Varjota - CE,2015,45 a 49 anos,2.0
2313955,Varjota - CE,2015,50 anos ou mais,
2313955,Varjota - CE,2015,Ignorada,
2313955,Varjota - CE,2016,Total,305.0
2313955,Varjota - CE,2016,Menos de 15 anos,3.0
2313955,Varjota - CE,2016,15 a 19 anos,75.0
2313955,Varjota - CE,2016,20 a 24 anos,87.0
2313955,Varjota - CE,2016,25 a 29 anos,62.0
2313955,Varjota - CE,2016,30 a 34 anos,48.0
2313955,Varjota - CE,2016,35 a 39 anos,21.0
2313955,Varjota - CE,2016,40 a 44 anos,9.0
2313955,Varjota - CE,2016,45 a 49 anos,
2313955,Varjota - CE,2016,50 anos ou mais,
2313955,Varjota - CE,2016,Ignorada,
2313955,Varjota - CE,2017,Total,282.0
2313955,Varjota - CE,2017,Menos de 15 anos,3.0
2313955,Varjota - CE,2017,15 a 19 anos,79.0
2313955,Varjota - CE,2017,20 a 24 anos,74.0
2313955,Varjota - CE,2017,25 a 29 anos,52.0
2313955,Varjota - CE,2017,30 a 34 anos,40.0
2313955,Varjota - CE,2017,35 a 39 anos,24.0
2313955,Varjota - CE,2017,40 a 44 anos,10.0
2313955,Varjota - CE,2017,45 a 49 anos,
2313955,Varjota - CE,2017,50 anos ou mais,
2313955,Varjota - CE,2017,Ignorada,
2313955,Varjota - CE,2018,Total,335.0
2313955,Varjota - CE,2018,Menos de 15 anos,3.0
2313955,Varjota - CE,2018,15 a 19 anos,72.0
2313955,Varjota - CE,2018,20 a 24 anos,76.0
2313955,Varjota - CE,2018,25 a 29 anos,70.0
2313955,Varjota - CE,2018,30 a 34 anos,61.0
2313955,Varjota - CE,2018,35 a 39 anos,37.0
2313955,Varjota - CE,2018,40 a 44 anos,14.0
2313955,Varjota - CE,2018,45 a 49 anos,2.0
2313955,Varjota - CE,2018,50 anos ou mais,
2313955,Varjota - CE,2018,Ignorada,
2313955,Varjota - CE,2019,Total,278.0
2313955,Varjota - CE,2019,Menos de 15 anos,3.0
2313955,Varjota - CE,2019,15 a 19 anos,45.0
2313955,Varjota - CE,2019,20 a 24 anos,75.0
2313955,Varjota - CE,2019,25 a 29 anos,70.0
2313955,Varjota - CE,2019,30 a 34 anos,53.0
2313955,Varjota - CE,2019,35 a 39 anos,25.0
2313955,Varjota - CE,2019,40 a 44 anos,7.0
2313955,Varjota - CE,2019,45 a 49 anos,
2313955,Varjota - CE,2019,50 anos ou mais,
2313955,Varjota - CE,2019,Ignorada,
2314003,Várzea Alegre - CE,2014,Total,532.0
2314003,Várzea Alegre - CE,2014,Menos de 15 anos,1.0
2314003,Várzea Alegre - CE,2014,15 a 19 anos,106.0
2314003,Várzea Alegre - CE,2014,20 a 24 anos,154.0
2314003,Várzea Alegre - CE,2014,25 a 29 anos,138.0
2314003,Várzea Alegre - CE,2014,30 a 34 anos,80.0
2314003,Várzea Alegre - CE,2014,35 a 39 anos,40.0
2314003,Várzea Alegre - CE,2014,40 a 44 anos,11.0
2314003,Várzea Alegre - CE,2014,45 a 49 anos,2.0
2314003,Várzea Alegre - CE,2014,50 anos ou mais,
2314003,Várzea Alegre - CE,2014,Ignorada,
2314003,Várzea Alegre - CE,2015,Total,511.0
2314003,Várzea Alegre - CE,2015,Menos de 15 anos,7.0
2314003,Várzea Alegre - CE,2015,15 a 19 anos,100.0
2314003,Várzea Alegre - CE,2015,20 a 24 anos,128.0
2314003,Várzea Alegre - CE,2015,25 a 29 anos,138.0
2314003,Várzea Alegre - CE,2015,30 a 34 anos,81.0
2314003,Várzea Alegre - CE,2015,35 a 39 anos,52.0
2314003,Várzea Alegre - CE,2015,40 a 44 anos,5.0
2314003,Várzea Alegre - CE,2015,45 a 49 anos,
2314003,Várzea Alegre - CE,2015,50 anos ou mais,
2314003,Várzea Alegre - CE,2015,Ignorada,
2314003,Várzea Alegre - CE,2016,Total,445.0
2314003,Várzea Alegre - CE,2016,Menos de 15 anos,4.0
2314003,Várzea Alegre - CE,2016,15 a 19 anos,85.0
2314003,Várzea Alegre - CE,2016,20 a 24 anos,115.0
2314003,Várzea Alegre - CE,2016,25 a 29 anos,116.0
2314003,Várzea Alegre - CE,2016,30 a 34 anos,81.0
2314003,Várzea Alegre - CE,2016,35 a 39 anos,34.0
2314003,Várzea Alegre - CE,2016,40 a 44 anos,8.0
2314003,Várzea Alegre - CE,2016,45 a 49 anos,2.0
2314003,Várzea Alegre - CE,2016,50 anos ou mais,
2314003,Várzea Alegre - CE,2016,Ignorada,
2314003,Várzea Alegre - CE,2017,Total,408.0
2314003,Várzea Alegre - CE,2017,Menos de 15 anos,5.0
2314003,Várzea Alegre - CE,2017,15 a 19 anos,51.0
2314003,Várzea Alegre - CE,2017,20 a 24 anos,100.0
2314003,Várzea Alegre - CE,2017,25 a 29 anos,107.0
2314003,Várzea Alegre - CE,2017,30 a 34 anos,90.0
2314003,Várzea Alegre - CE,2017,35 a 39 anos,45.0
2314003,Várzea Alegre - CE,2017,40 a 44 anos,10.0
2314003,Várzea Alegre - CE,2017,45 a 49 anos,
2314003,Várzea Alegre - CE,2017,50 anos ou mais,
2314003,Várzea Alegre - CE,2017,Ignorada,
2314003,Várzea Alegre - CE,2018,Total,485.0
2314003,Várzea Alegre - CE,2018,Menos de 15 anos,1.0
2314003,Várzea Alegre - CE,2018,15 a 19 anos,76.0
2314003,Várzea Alegre - CE,2018,20 a 24 anos,127.0
2314003,Várzea Alegre - CE,2018,25 a 29 anos,132.0
2314003,Várzea Alegre - CE,2018,30 a 34 anos,88.0
2314003,Várzea Alegre - CE,2018,35 a 39 anos,49.0
2314003,Várzea Alegre - CE,2018,40 a 44 anos,12.0
2314003,Várzea Alegre - CE,2018,45 a 49 anos,
2314003,Várzea Alegre - CE,2018,50 anos ou mais,
2314003,Várzea Alegre - CE,2018,Ignorada,
2314003,Várzea Alegre - CE,2019,Total,495.0
2314003,Várzea Alegre - CE,2019,Menos de 15 anos,3.0
2314003,Várzea Alegre - CE,2019,15 a 19 anos,79.0
2314003,Várzea Alegre - CE,2019,20 a 24 anos,105.0
2314003,Várzea Alegre - CE,2019,25 a 29 anos,149.0
2314003,Várzea Alegre - CE,2019,30 a 34 anos,103.0
2314003,Várzea Alegre - CE,2019,35 a 39 anos,44.0
2314003,Várzea Alegre - CE,2019,40 a 44 anos,11.0
2314003,Várzea Alegre - CE,2019,45 a 49 anos,1.0
2314003,Várzea Alegre - CE,2019,50 anos ou mais,
2314003,Várzea Alegre - CE,2019,Ignorada,
2314102,Viçosa do Ceará - CE,2014,Total,884.0
2314102,Viçosa do Ceará - CE,2014,Menos de 15 anos,7.0
2314102,Viçosa do Ceará - CE,2014,15 a 19 anos,171.0
2314102,Viçosa do Ceará - CE,2014,20 a 24 anos,259.0
2314102,Viçosa do Ceará - CE,2014,25 a 29 anos,206.0
2314102,Viçosa do Ceará - CE,2014,30 a 34 anos,130.0
2314102,Viçosa do Ceará - CE,2014,35 a 39 anos,55.0
2314102,Viçosa do Ceará - CE,2014,40 a 44 anos,38.0
2314102,Viçosa do Ceará - CE,2014,45 a 49 anos,5.0
2314102,Viçosa do Ceará - CE,2014,50 anos ou mais,
2314102,Viçosa do Ceará - CE,2014,Ignorada,13.0
2314102,Viçosa do Ceará - CE,2015,Total,955.0
2314102,Viçosa do Ceará - CE,2015,Menos de 15 anos,11.0
2314102,Viçosa do Ceará - CE,2015,15 a 19 anos,183.0
2314102,Viçosa do Ceará - CE,2015,20 a 24 anos,273.0
2314102,Viçosa do Ceará - CE,2015,25 a 29 anos,201.0
2314102,Viçosa do Ceará - CE,2015,30 a 34 anos,168.0
2314102,Viçosa do Ceará - CE,2015,35 a 39 anos,71.0
2314102,Viçosa do Ceará - CE,2015,40 a 44 anos,26.0
2314102,Viçosa do Ceará - CE,2015,45 a 49 anos,2.0
2314102,Viçosa do Ceará - CE,2015,50 anos ou mais,
2314102,Viçosa do Ceará - CE,2015,Ignorada,20.0
2314102,Viçosa do Ceará - CE,2016,Total,905.0
2314102,Viçosa do Ceará - CE,2016,Menos de 15 anos,5.0
2314102,Viçosa do Ceará - CE,2016,15 a 19 anos,191.0
2314102,Viçosa do Ceará - CE,2016,20 a 24 anos,271.0
2314102,Viçosa do Ceará - CE,2016,25 a 29 anos,207.0
2314102,Viçosa do Ceará - CE,2016,30 a 34 anos,147.0
2314102,Viçosa do Ceará - CE,2016,35 a 39 anos,66.0
2314102,Viçosa do Ceará - CE,2016,40 a 44 anos,15.0
2314102,Viçosa do Ceará - CE,2016,45 a 49 anos,1.0
2314102,Viçosa do Ceará - CE,2016,50 anos ou mais,
2314102,Viçosa do Ceará - CE,2016,Ignorada,2.0
2314102,Viçosa do Ceará - CE,2017,Total,922.0
2314102,Viçosa do Ceará - CE,2017,Menos de 15 anos,4.0
2314102,Viçosa do Ceará - CE,2017,15 a 19 anos,183.0
2314102,Viçosa do Ceará - CE,2017,20 a 24 anos,239.0
2314102,Viçosa do Ceará - CE,2017,25 a 29 anos,214.0
2314102,Viçosa do Ceará - CE,2017,30 a 34 anos,166.0
2314102,Viçosa do Ceará - CE,2017,35 a 39 anos,81.0
2314102,Viçosa do Ceará - CE,2017,40 a 44 anos,28.0
2314102,Viçosa do Ceará - CE,2017,45 a 49 anos,
2314102,Viçosa do Ceará - CE,2017,50 anos ou mais,
2314102,Viçosa do Ceará - CE,2017,Ignorada,7.0
2314102,Viçosa do Ceará - CE,2018,Total,1021.0
2314102,Viçosa do Ceará - CE,2018,Menos de 15 anos,8.0
2314102,Viçosa do Ceará - CE,2018,15 a 19 anos,193.0
2314102,Viçosa do Ceará - CE,2018,20 a 24 anos,306.0
2314102,Viçosa do Ceará - CE,2018,25 a 29 anos,222.0
2314102,Viçosa do Ceará - CE,2018,30 a 34 anos,163.0
2314102,Viçosa do Ceará - CE,2018,35 a 39 anos,104.0
2314102,Viçosa do Ceará - CE,2018,40 a 44 anos,22.0
2314102,Viçosa do Ceará - CE,2018,45 a 49 anos,2.0
2314102,Viçosa do Ceará - CE,2018,50 anos ou mais,
2314102,Viçosa do Ceará - CE,2018,Ignorada,1.0
2314102,Viçosa do Ceará - CE,2019,Total,963.0
2314102,Viçosa do Ceará - CE,2019,Menos de 15 anos,8.0
2314102,Viçosa do Ceará - CE,2019,15 a 19 anos,157.0
2314102,Viçosa do Ceará - CE,2019,20 a 24 anos,246.0
2314102,Viçosa do Ceará - CE,2019,25 a 29 anos,236.0
2314102,Viçosa do Ceará - CE,2019,30 a 34 anos,175.0
2314102,Viçosa do Ceará - CE,2019,35 a 39 anos,108.0
2314102,Viçosa do Ceará - CE,2019,40 a 44 anos,31.0
2314102,Viçosa do Ceará - CE,2019,45 a 49 anos,2.0
2314102,Viçosa do Ceará - CE,2019,50 anos ou mais,
2314102,Viçosa do Ceará - CE,2019,Ignorada,
2300101,Abaiara - CE,2020,Total,149.0
2300101,Abaiara - CE,2020,Menos de 15 anos,
2300101,Abaiara - CE,2020,15 a 19 anos,27.0
2300101,Abaiara - CE,2020,20 a 24 anos,36.0
2300101,Abaiara - CE,2020,25 a 29 anos,40.0
2300101,Abaiara - CE,2020,30 a 34 anos,30.0
2300101,Abaiara - CE,2020,35 a 39 anos,9.0
2300101,Abaiara - CE,2020,40 a 44 anos,6.0
2300101,Abaiara - CE,2020,45 a 49 anos,1.0
2300101,Abaiara - CE,2020,50 anos ou mais,
2300101,Abaiara - CE,2020,Ignorada,
2300101,Abaiara - CE,2021,Total,136.0
2300101,Abaiara - CE,2021,Menos de 15 anos,2.0
2300101,Abaiara - CE,2021,15 a 19 anos,21.0
2300101,Abaiara - CE,2021,20 a 24 anos,38.0
2300101,Abaiara - CE,2021,25 a 29 anos,26.0
2300101,Abaiara - CE,2021,30 a 34 anos,27.0
2300101,Abaiara - CE,2021,35 a 39 anos,15.0
2300101,Abaiara - CE,2021,40 a 44 anos,7.0
2300101,Abaiara - CE,2021,45 a 49 anos,
2300101,Abaiara - CE,2021,50 anos ou mais,
2300101,Abaiara - CE,2021,Ignorada,
2300101,Abaiara - CE,2022,Total,141.0
2300101,Abaiara - CE,2022,Menos de 15 anos,
2300101,Abaiara - CE,2022,15 a 19 anos,19.0
2300101,Abaiara - CE,2022,20 a 24 anos,28.0
2300101,Abaiara - CE,2022,25 a 29 anos,51.0
2300101,Abaiara - CE,2022,30 a 34 anos,25.0
2300101,Abaiara - CE,2022,35 a 39 anos,15.0
2300101,Abaiara - CE,2022,40 a 44 anos,3.0
2300101,Abaiara - CE,2022,45 a 49 anos,
2300101,Abaiara - CE,2022,50 anos ou mais,
2300101,Abaiara - CE,2022,Ignorada,
2300101,Abaiara - CE,2023,Total,122.0
2300101,Abaiara - CE,2023,Menos de 15 anos,
2300101,Abaiara - CE,2023,15 a 19 anos,13.0
2300101,Abaiara - CE,2023,20 a 24 anos,37.0
2300101,Abaiara - CE,2023,25 a 29 anos,40.0
2300101,Abaiara - CE,2023,30 a 34 anos,15.0
2300101,Abaiara - CE,2023,35 a 39 anos,16.0
2300101,Abaiara - CE,2023,40 a 44 anos,1.0
2300101,Abaiara - CE,2023,45 a 49 anos,
2300101,Abaiara - CE,2023,50 anos ou mais,
2300101,Abaiara - CE,2023,Ignorada,
2300101,Abaiara - CE,2024,Total,105.0
2300101,Abaiara - CE,2024,Menos de 15 anos,
2300101,Abaiara - CE,2024,15 a 19 anos,9.0
2300101,Abaiara - CE,2024,20 a 24 anos,24.0
2300101,Abaiara - CE,2024,25 a 29 anos,39.0
2300101,Abaiara - CE,2024,30 a 34 anos,20.0
2300101,Abaiara - CE,2024,35 a 39 anos,8.0
2300101,Abaiara - CE,2024,40 a 44 anos,3.0
2300101,Abaiara - CE,2024,45 a 49 anos,
2300101,Abaiara - CE,2024,50 anos ou mais,
2300101,Abaiara - CE,2024,Ignorada,2.0
2300150,Acarape - CE,2020,Total,192.0
2300150,Acarape - CE,2020,Menos de 15 anos,1.0
2300150,Acarape - CE,2020,15 a 19 anos,33.0
2300150,Acarape - CE,2020,20 a 24 anos,54.0
2300150,Acarape - CE,2020,25 a 29 anos,48.0
2300150,Acarape - CE,2020,30 a 34 anos,33.0
2300150,Acarape - CE,2020,35 a 39 anos,14.0
2300150,Acarape - CE,2020,40 a 44 anos,9.0
2300150,Acarape - CE,2020,45 a 49 anos,
2300150,Acarape - CE,2020,50 anos ou mais,
2300150,Acarape - CE,2020,Ignorada,
2300150,Acarape - CE,2021,Total,217.0
2300150,Acarape - CE,2021,Menos de 15 anos,6.0
2300150,Acarape - CE,2021,15 a 19 anos,35.0
2300150,Acarape - CE,2021,20 a 24 anos,56.0
2300150,Acarape - CE,2021,25 a 29 anos,53.0
2300150,Acarape - CE,2021,30 a 34 anos,39.0
2300150,Acarape - CE,2021,35 a 39 anos,24.0
2300150,Acarape - CE,2021,40 a 44 anos,4.0
2300150,Acarape - CE,2021,45 a 49 anos,
2300150,Acarape - CE,2021,50 anos ou mais,
2300150,Acarape - CE,2021,Ignorada,
2300150,Acarape - CE,2022,Total,222.0
2300150,Acarape - CE,2022,Menos de 15 anos,3.0
2300150,Acarape - CE,2022,15 a 19 anos,29.0
2300150,Acarape - CE,2022,20 a 24 anos,60.0
2300150,Acarape - CE,2022,25 a 29 anos,67.0
2300150,Acarape - CE,2022,30 a 34 anos,36.0
2300150,Acarape - CE,2022,35 a 39 anos,20.0
2300150,Acarape - CE,2022,40 a 44 anos,7.0
2300150,Acarape - CE,2022,45 a 49 anos,
2300150,Acarape - CE,2022,50 anos ou mais,
2300150,Acarape - CE,2022,Ignorada,
2300150,Acarape - CE,2023,Total,244.0
2300150,Acarape - CE,2023,Menos de 15 anos,4.0
2300150,Acarape - CE,2023,15 a 19 anos,40.0
2300150,Acarape - CE,2023,20 a 24 anos,62.0
2300150,Acarape - CE,2023,25 a 29 anos,64.0
2300150,Acarape - CE,2023,30 a 34 anos,33.0
2300150,Acarape - CE,2023,35 a 39 anos,30.0
2300150,Acarape - CE,2023,40 a 44 anos,4.0
2300150,Acarape - CE,2023,45 a 49 anos,2.0
2300150,Acarape - CE,2023,50 anos ou mais,
2300150,Acarape - CE,2023,Ignorada,5.0
2300150,Acarape - CE,2024,Total,181.0
2300150,Acarape - CE,2024,Menos de 15 anos,3.0
2300150,Acarape - CE,2024,15 a 19 anos,25.0
2300150,Acarape - CE,2024,20 a 24 anos,48.0
2300150,Acarape - CE,2024,25 a 29 anos,52.0
2300150,Acarape - CE,2024,30 a 34 anos,29.0
2300150,Acarape - CE,2024,35 a 39 anos,20.0
2300150,Acarape - CE,2024,40 a 44 anos,4.0
2300150,Acarape - CE,2024,45 a 49 anos,
2300150,Acarape - CE,2024,50 anos ou mais,
2300150,Acarape - CE,2024,Ignorada,
2300200,Acaraú - CE,2020,Total,922.0
2300200,Acaraú - CE,2020,Menos de 15 anos,4.0
2300200,Acaraú - CE,2020,15 a 19 anos,119.0
2300200,Acaraú - CE,2020,20 a 24 anos,269.0
2300200,Acaraú - CE,2020,25 a 29 anos,238.0
2300200,Acaraú - CE,2020,30 a 34 anos,167.0
2300200,Acaraú - CE,2020,35 a 39 anos,93.0
2300200,Acaraú - CE,2020,40 a 44 anos,30.0
2300200,Acaraú - CE,2020,45 a 49 anos,
2300200,Acaraú - CE,2020,50 anos ou mais,2.0
2300200,Acaraú - CE,2020,Ignorada,
2300200,Acaraú - CE,2021,Total,887.0
2300200,Acaraú - CE,2021,Menos de 15 anos,11.0
2300200,Acaraú - CE,2021,15 a 19 anos,113.0
2300200,Acaraú - CE,2021,20 a 24 anos,212.0
2300200,Acaraú - CE,2021,25 a 29 anos,253.0
2300200,Acaraú - CE,2021,30 a 34 anos,168.0
2300200,Acaraú - CE,2021,35 a 39 anos,106.0
2300200,Acaraú - CE,2021,40 a 44 anos,23.0
2300200,Acaraú - CE,2021,45 a 49 anos,
2300200,Acaraú - CE,2021,50 anos ou mais,1.0
2300200,Acaraú - CE,2021,Ignorada,
2300200,Acaraú - CE,2022,Total,910.0
2300200,Acaraú - CE,2022,Menos de 15 anos,4.0
2300200,Acaraú - CE,2022,15 a 19 anos,111.0
2300200,Acaraú - CE,2022,20 a 24 anos,213.0
2300200,Acaraú - CE,2022,25 a 29 anos,256.0
2300200,Acaraú - CE,2022,30 a 34 anos,176.0
2300200,Acaraú - CE,2022,35 a 39 anos,114.0
2300200,Acaraú - CE,2022,40 a 44 anos,32.0
2300200,Acaraú - CE,2022,45 a 49 anos,4.0
2300200,Acaraú - CE,2022,50 anos ou mais,
2300200,Acaraú - CE,2022,Ignorada,
2300200,Acaraú - CE,2023,Total,868.0
2300200,Acaraú - CE,2023,Menos de 15 anos,6.0
2300200,Acaraú - CE,2023,15 a 19 anos,103.0
2300200,Acaraú - CE,2023,20 a 24 anos,214.0
2300200,Acaraú - CE,2023,25 a 29 anos,241.0
2300200,Acaraú - CE,2023,30 a 34 anos,157.0
2300200,Acaraú - CE,2023,35 a 39 anos,110.0
2300200,Acaraú - CE,2023,40 a 44 anos,32.0
2300200,Acaraú - CE,2023,45 a 49 anos,5.0
2300200,Acaraú - CE,2023,50 anos ou mais,
2300200,Acaraú - CE,2023,Ignorada,
2300200,Acaraú - CE,2024,Total,814.0
2300200,Acaraú - CE,2024,Menos de 15 anos,3.0
2300200,Acaraú - CE,2024,15 a 19 anos,82.0
2300200,Acaraú - CE,2024,20 a 24 anos,168.0
2300200,Acaraú - CE,2024,25 a 29 anos,225.0
2300200,Acaraú - CE,2024,30 a 34 anos,179.0
2300200,Acaraú - CE,2024,35 a 39 anos,124.0
2300200,Acaraú - CE,2024,40 a 44 anos,30.0
2300200,Acaraú - CE,2024,45 a 49 anos,3.0
2300200,Acaraú - CE,2024,50 anos ou mais,
2300200,Acaraú - CE,2024,Ignorada,
2300309,Acopiara - CE,2020,Total,536.0
2300309,Acopiara - CE,2020,Menos de 15 anos,3.0
2300309,Acopiara - CE,2020,15 a 19 anos,91.0
2300309,Acopiara - CE,2020,20 a 24 anos,149.0
2300309,Acopiara - CE,2020,25 a 29 anos,115.0
2300309,Acopiara - CE,2020,30 a 34 anos,106.0
2300309,Acopiara - CE,2020,35 a 39 anos,53.0
2300309,Acopiara - CE,2020,40 a 44 anos,17.0
2300309,Acopiara - CE,2020,45 a 49 anos,1.0
2300309,Acopiara - CE,2020,50 anos ou mais,
2300309,Acopiara - CE,2020,Ignorada,1.0
2300309,Acopiara - CE,2021,Total,543.0
2300309,Acopiara - CE,2021,Menos de 15 anos,4.0
2300309,Acopiara - CE,2021,15 a 19 anos,83.0
2300309,Acopiara - CE,2021,20 a 24 anos,160.0
2300309,Acopiara - CE,2021,25 a 29 anos,117.0
2300309,Acopiara - CE,2021,30 a 34 anos,101.0
2300309,Acopiara - CE,2021,35 a 39 anos,51.0
2300309,Acopiara - CE,2021,40 a 44 anos,15.0
2300309,Acopiara - CE,2021,45 a 49 anos,
2300309,Acopiara - CE,2021,50 anos ou mais,1.0
2300309,Acopiara - CE,2021,Ignorada,11.0
2300309,Acopiara - CE,2022,Total,520.0
2300309,Acopiara - CE,2022,Menos de 15 anos,8.0
2300309,Acopiara - CE,2022,15 a 19 anos,66.0
2300309,Acopiara - CE,2022,20 a 24 anos,148.0
2300309,Acopiara - CE,2022,25 a 29 anos,125.0
2300309,Acopiara - CE,2022,30 a 34 anos,96.0
2300309,Acopiara - CE,2022,35 a 39 anos,59.0
2300309,Acopiara - CE,2022,40 a 44 anos,15.0
2300309,Acopiara - CE,2022,45 a 49 anos,1.0
2300309,Acopiara - CE,2022,50 anos ou mais,
2300309,Acopiara - CE,2022,Ignorada,2.0
2300309,Acopiara - CE,2023,Total,450.0
2300309,Acopiara - CE,2023,Menos de 15 anos,3.0
2300309,Acopiara - CE,2023,15 a 19 anos,80.0
2300309,Acopiara - CE,2023,20 a 24 anos,98.0
2300309,Acopiara - CE,2023,25 a 29 anos,121.0
2300309,Acopiara - CE,2023,30 a 34 anos,83.0
2300309,Acopiara - CE,2023,35 a 39 anos,55.0
2300309,Acopiara - CE,2023,40 a 44 anos,8.0
2300309,Acopiara - CE,2023,45 a 49 anos,2.0
2300309,Acopiara - CE,2023,50 anos ou mais,
2300309,Acopiara - CE,2023,Ignorada,
2300309,Acopiara - CE,2024,Total,415.0
2300309,Acopiara - CE,2024,Menos de 15 anos,4.0
2300309,Acopiara - CE,2024,15 a 19 anos,59.0
2300309,Acopiara - CE,2024,20 a 24 anos,82.0
2300309,Acopiara - CE,2024,25 a 29 anos,120.0
2300309,Acopiara - CE,2024,30 a 34 anos,83.0
2300309,Acopiara - CE,2024,35 a 39 anos,57.0
2300309,Acopiara - CE,2024,40 a 44 anos,10.0
2300309,Acopiara - CE,2024,45 a 49 anos,
2300309,Acopiara - CE,2024,50 anos ou mais,
2300309,Acopiara - CE,2024,Ignorada,
2300408,Aiuaba - CE,2020,Total,201.0
2300408,Aiuaba - CE,2020,Menos de 15 anos,1.0
2300408,Aiuaba - CE,2020,15 a 19 anos,37.0
2300408,Aiuaba - CE,2020,20 a 24 anos,43.0
2300408,Aiuaba - CE,2020,25 a 29 anos,44.0
2300408,Aiuaba - CE,2020,30 a 34 anos,38.0
2300408,Aiuaba - CE,2020,35 a 39 anos,26.0
2300408,Aiuaba - CE,2020,40 a 44 anos,9.0
2300408,Aiuaba - CE,2020,45 a 49 anos,
2300408,Aiuaba - CE,2020,50 anos ou mais,
2300408,Aiuaba - CE,2020,Ignorada,3.0
2300408,Aiuaba - CE,2021,Total,169.0
2300408,Aiuaba - CE,2021,Menos de 15 anos,4.0
2300408,Aiuaba - CE,2021,15 a 19 anos,31.0
2300408,Aiuaba - CE,2021,20 a 24 anos,42.0
2300408,Aiuaba - CE,2021,25 a 29 anos,32.0
2300408,Aiuaba - CE,2021,30 a 34 anos,31.0
2300408,Aiuaba - CE,2021,35 a 39 anos,19.0
2300408,Aiuaba - CE,2021,40 a 44 anos,10.0
2300408,Aiuaba - CE,2021,45 a 49 anos,
2300408,Aiuaba - CE,2021,50 anos ou mais,
2300408,Aiuaba - CE,2021,Ignorada,
2300408,Aiuaba - CE,2022,Total,171.0
2300408,Aiuaba - CE,2022,Menos de 15 anos,1.0
2300408,Aiuaba - CE,2022,15 a 19 anos,24.0
2300408,Aiuaba - CE,2022,20 a 24 anos,39.0
2300408,Aiuaba - CE,2022,25 a 29 anos,40.0
2300408,Aiuaba - CE,2022,30 a 34 anos,35.0
2300408,Aiuaba - CE,2022,35 a 39 anos,28.0
2300408,Aiuaba - CE,2022,40 a 44 anos,4.0
2300408,Aiuaba - CE,2022,45 a 49 anos,
2300408,Aiuaba - CE,2022,50 anos ou mais,
2300408,Aiuaba - CE,2022,Ignorada,
2300408,Aiuaba - CE,2023,Total,133.0
2300408,Aiuaba - CE,2023,Menos de 15 anos,
2300408,Aiuaba - CE,2023,15 a 19 anos,24.0
2300408,Aiuaba - CE,2023,20 a 24 anos,34.0
2300408,Aiuaba - CE,2023,25 a 29 anos,37.0
2300408,Aiuaba - CE,2023,30 a 34 anos,21.0
2300408,Aiuaba - CE,2023,35 a 39 anos,14.0
2300408,Aiuaba - CE,2023,40 a 44 anos,3.0
2300408,Aiuaba - CE,2023,45 a 49 anos,
2300408,Aiuaba - CE,2023,50 anos ou mais,
2300408,Aiuaba - CE,2023,Ignorada,
2300408,Aiuaba - CE,2024,Total,151.0
2300408,Aiuaba - CE,2024,Menos de 15 anos,1.0
2300408,Aiuaba - CE,2024,15 a 19 anos,25.0
2300408,Aiuaba - CE,2024,20 a 24 anos,37.0
2300408,Aiuaba - CE,2024,25 a 29 anos,42.0
2300408,Aiuaba - CE,2024,30 a 34 anos,22.0
2300408,Aiuaba - CE,2024,35 a 39 anos,21.0
2300408,Aiuaba - CE,2024,40 a 44 anos,2.0
2300408,Aiuaba - CE,2024,45 a 49 anos,1.0
2300408,Aiuaba - CE,2024,50 anos ou mais,
2300408,Aiuaba - CE,2024,Ignorada,
2300507,Alcântaras - CE,2020,Total,150.0
2300507,Alcântaras - CE,2020,Menos de 15 anos,
2300507,Alcântaras - CE,2020,15 a 19 anos,19.0
2300507,Alcântaras - CE,2020,20 a 24 anos,32.0
2300507,Alcântaras - CE,2020,25 a 29 anos,35.0
2300507,Alcântaras - CE,2020,30 a 34 anos,39.0
2300507,Alcântaras - CE,2020,35 a 39 anos,16.0
2300507,Alcântaras - CE,2020,40 a 44 anos,9.0
2300507,Alcântaras - CE,2020,45 a 49 anos,
2300507,Alcântaras - CE,2020,50 anos ou mais,
2300507,Alcântaras - CE,2020,Ignorada,
2300507,Alcântaras - CE,2021,Total,149.0
2300507,Alcântaras - CE,2021,Menos de 15 anos,
2300507,Alcântaras - CE,2021,15 a 19 anos,17.0
2300507,Alcântaras - CE,2021,20 a 24 anos,29.0
2300507,Alcântaras - CE,2021,25 a 29 anos,35.0
2300507,Alcântaras - CE,2021,30 a 34 anos,34.0
2300507,Alcântaras - CE,2021,35 a 39 anos,26.0
2300507,Alcântaras - CE,2021,40 a 44 anos,8.0
2300507,Alcântaras - CE,2021,45 a 49 anos,
2300507,Alcântaras - CE,2021,50 anos ou mais,
2300507,Alcântaras - CE,2021,Ignorada,
2300507,Alcântaras - CE,2022,Total,128.0
2300507,Alcântaras - CE,2022,Menos de 15 anos,
2300507,Alcântaras - CE,2022,15 a 19 anos,10.0
2300507,Alcântaras - CE,2022,20 a 24 anos,24.0
2300507,Alcântaras - CE,2022,25 a 29 anos,39.0
2300507,Alcântaras - CE,2022,30 a 34 anos,33.0
2300507,Alcântaras - CE,2022,35 a 39 anos,20.0
2300507,Alcântaras - CE,2022,40 a 44 anos,2.0
2300507,Alcântaras - CE,2022,45 a 49 anos,
2300507,Alcântaras - CE,2022,50 anos ou mais,
2300507,Alcântaras - CE,2022,Ignorada,
2300507,Alcântaras - CE,2023,Total,130.0
2300507,Alcântaras - CE,2023,Menos de 15 anos,
2300507,Alcântaras - CE,2023,15 a 19 anos,11.0
2300507,Alcântaras - CE,2023,20 a 24 anos,26.0
2300507,Alcântaras - CE,2023,25 a 29 anos,32.0
2300507,Alcântaras - CE,2023,30 a 34 anos,32.0
2300507,Alcântaras - CE,2023,35 a 39 anos,23.0
2300507,Alcântaras - CE,2023,40 a 44 anos,6.0
2300507,Alcântaras - CE,2023,45 a 49 anos,
2300507,Alcântaras - CE,2023,50 anos ou mais,
2300507,Alcântaras - CE,2023,Ignorada,
2300507,Alcântaras - CE,2024,Total,126.0
2300507,Alcântaras - CE,2024,Menos de 15 anos,
2300507,Alcântaras - CE,2024,15 a 19 anos,18.0
2300507,Alcântaras - CE,2024,20 a 24 anos,19.0
2300507,Alcântaras - CE,2024,25 a 29 anos,34.0
2300507,Alcântaras - CE,2024,30 a 34 anos,35.0
2300507,Alcântaras - CE,2024,35 a 39 anos,15.0
2300507,Alcântaras - CE,2024,40 a 44 anos,4.0
2300507,Alcântaras - CE,2024,45 a 49 anos,1.0
2300507,Alcântaras - CE,2024,50 anos ou mais,
2300507,Alcântaras - CE,2024,Ignorada,
2300606,Altaneira - CE,2020,Total,114.0
2300606,Altaneira - CE,2020,Menos de 15 anos,1.0
2300606,Altaneira - CE,2020,15 a 19 anos,20.0
2300606,Altaneira - CE,2020,20 a 24 anos,31.0
2300606,Altaneira - CE,2020,25 a 29 anos,24.0
2300606,Altaneira - CE,2020,30 a 34 anos,25.0
2300606,Altaneira - CE,2020,35 a 39 anos,12.0
2300606,Altaneira - CE,2020,40 a 44 anos,1.0
2300606,Altaneira - CE,2020,45 a 49 anos,
2300606,Altaneira - CE,2020,50 anos ou mais,
2300606,Altaneira - CE,2020,Ignorada,
2300606,Altaneira - CE,2021,Total,114.0
2300606,Altaneira - CE,2021,Menos de 15 anos,2.0
2300606,Altaneira - CE,2021,15 a 19 anos,21.0
2300606,Altaneira - CE,2021,20 a 24 anos,21.0
2300606,Altaneira - CE,2021,25 a 29 anos,26.0
2300606,Altaneira - CE,2021,30 a 34 anos,24.0
2300606,Altaneira - CE,2021,35 a 39 anos,14.0
2300606,Altaneira - CE,2021,40 a 44 anos,6.0
2300606,Altaneira - CE,2021,45 a 49 anos,
2300606,Altaneira - CE,2021,50 anos ou mais,
2300606,Altaneira - CE,2021,Ignorada,
2300606,Altaneira - CE,2022,Total,121.0
2300606,Altaneira - CE,2022,Menos de 15 anos,
2300606,Altaneira - CE,2022,15 a 19 anos,18.0
2300606,Altaneira - CE,2022,20 a 24 anos,33.0
2300606,Altaneira - CE,2022,25 a 29 anos,32.0
2300606,Altaneira - CE,2022,30 a 34 anos,27.0
2300606,Altaneira - CE,2022,35 a 39 anos,8.0
2300606,Altaneira - CE,2022,40 a 44 anos,3.0
2300606,Altaneira - CE,2022,45 a 49 anos,
2300606,Altaneira - CE,2022,50 anos ou mais,
2300606,Altaneira - CE,2022,Ignorada,
2300606,Altaneira - CE,2023,Total,80.0
2300606,Altaneira - CE,2023,Menos de 15 anos,1.0
2300606,Altaneira - CE,2023,15 a 19 anos,12.0
2300606,Altaneira - CE,2023,20 a 24 anos,18.0
2300606,Altaneira - CE,2023,25 a 29 anos,22.0
2300606,Altaneira - CE,2023,30 a 34 anos,14.0
2300606,Altaneira - CE,2023,35 a 39 anos,8.0
2300606,Altaneira - CE,2023,40 a 44 anos,5.0
2300606,Altaneira - CE,2023,45 a 49 anos,
2300606,Altaneira - CE,2023,50 anos ou mais,
2300606,Altaneira - CE,2023,Ignorada,
2300606,Altaneira - CE,2024,Total,95.0
2300606,Altaneira - CE,2024,Menos de 15 anos,
2300606,Altaneira - CE,2024,15 a 19 anos,15.0
2300606,Altaneira - CE,2024,20 a 24 anos,29.0
2300606,Altaneira - CE,2024,25 a 29 anos,25.0
2300606,Altaneira - CE,2024,30 a 34 anos,13.0
2300606,Altaneira - CE,2024,35 a 39 anos,9.0
2300606,Altaneira - CE,2024,40 a 44 anos,4.0
2300606,Altaneira - CE,2024,45 a 49 anos,
2300606,Altaneira - CE,2024,50 anos ou mais,
2300606,Altaneira - CE,2024,Ignorada,
2300705,Alto Santo - CE,2020,Total,175.0
2300705,Alto Santo - CE,2020,Menos de 15 anos,
2300705,Alto Santo - CE,2020,15 a 19 anos,31.0
2300705,Alto Santo - CE,2020,20 a 24 anos,42.0
2300705,Alto Santo - CE,2020,25 a 29 anos,48.0
2300705,Alto Santo - CE,2020,30 a 34 anos,34.0
2300705,Alto Santo - CE,2020,35 a 39 anos,15.0
2300705,Alto Santo - CE,2020,40 a 44 anos,5.0
2300705,Alto Santo - CE,2020,45 a 49 anos,
2300705,Alto Santo - CE,2020,50 anos ou mais,
2300705,Alto Santo - CE,2020,Ignorada,
2300705,Alto Santo - CE,2021,Total,192.0
2300705,Alto Santo - CE,2021,Menos de 15 anos,3.0
2300705,Alto Santo - CE,2021,15 a 19 anos,35.0
2300705,Alto Santo - CE,2021,20 a 24 anos,47.0
2300705,Alto Santo - CE,2021,25 a 29 anos,55.0
2300705,Alto Santo - CE,2021,30 a 34 anos,29.0
2300705,Alto Santo - CE,2021,35 a 39 anos,15.0
2300705,Alto Santo - CE,2021,40 a 44 anos,8.0
2300705,Alto Santo - CE,2021,45 a 49 anos,
2300705,Alto Santo - CE,2021,50 anos ou mais,
2300705,Alto Santo - CE,2021,Ignorada,
2300705,Alto Santo - CE,2022,Total,172.0
2300705,Alto Santo - CE,2022,Menos de 15 anos,3.0
2300705,Alto Santo - CE,2022,15 a 19 anos,25.0
2300705,Alto Santo - CE,2022,20 a 24 anos,42.0
2300705,Alto Santo - CE,2022,25 a 29 anos,47.0
2300705,Alto Santo - CE,2022,30 a 34 anos,34.0
2300705,Alto Santo - CE,2022,35 a 39 anos,14.0
2300705,Alto Santo - CE,2022,40 a 44 anos,7.0
2300705,Alto Santo - CE,2022,45 a 49 anos,
2300705,Alto Santo - CE,2022,50 anos ou mais,
2300705,Alto Santo - CE,2022,Ignorada,
2300705,Alto Santo - CE,2023,Total,145.0
2300705,Alto Santo - CE,2023,Menos de 15 anos,
2300705,Alto Santo - CE,2023,15 a 19 anos,23.0
2300705,Alto Santo - CE,2023,20 a 24 anos,35.0
2300705,Alto Santo - CE,2023,25 a 29 anos,35.0
2300705,Alto Santo - CE,2023,30 a 34 anos,29.0
2300705,Alto Santo - CE,2023,35 a 39 anos,18.0
2300705,Alto Santo - CE,2023,40 a 44 anos,4.0
2300705,Alto Santo - CE,2023,45 a 49 anos,1.0
2300705,Alto Santo - CE,2023,50 anos ou mais,
2300705,Alto Santo - CE,2023,Ignorada,
2300705,Alto Santo - CE,2024,Total,147.0
2300705,Alto Santo - CE,2024,Menos de 15 anos,
2300705,Alto Santo - CE,2024,15 a 19 anos,25.0
2300705,Alto Santo - CE,2024,20 a 24 anos,31.0
2300705,Alto Santo - CE,2024,25 a 29 anos,33.0
2300705,Alto Santo - CE,2024,30 a 34 anos,35.0
2300705,Alto Santo - CE,2024,35 a 39 anos,18.0
2300705,Alto Santo - CE,2024,40 a 44 anos,5.0
2300705,Alto Santo - CE,2024,45 a 49 anos,
2300705,Alto Santo - CE,2024,50 anos ou mais,
2300705,Alto Santo - CE,2024,Ignorada,
2300754,Amontada - CE,2020,Total,682.0
2300754,Amontada - CE,2020,Menos de 15 anos,4.0
2300754,Amontada - CE,2020,15 a 19 anos,108.0
2300754,Amontada - CE,2020,20 a 24 anos,192.0
2300754,Amontada - CE,2020,25 a 29 anos,155.0
2300754,Amontada - CE,2020,30 a 34 anos,128.0
2300754,Amontada - CE,2020,35 a 39 anos,65.0
2300754,Amontada - CE,2020,40 a 44 anos,27.0
2300754,Amontada - CE,2020,45 a 49 anos,2.0
2300754,Amontada - CE,2020,50 anos ou mais,
2300754,Amontada - CE,2020,Ignorada,1.0
2300754,Amontada - CE,2021,Total,763.0
2300754,Amontada - CE,2021,Menos de 15 anos,6.0
2300754,Amontada - CE,2021,15 a 19 anos,127.0
2300754,Amontada - CE,2021,20 a 24 anos,207.0
2300754,Amontada - CE,2021,25 a 29 anos,176.0
2300754,Amontada - CE,2021,30 a 34 anos,130.0
2300754,Amontada - CE,2021,35 a 39 anos,86.0
2300754,Amontada - CE,2021,40 a 44 anos,29.0
2300754,Amontada - CE,2021,45 a 49 anos,2.0
2300754,Amontada - CE,2021,50 anos ou mais,
2300754,Amontada - CE,2021,Ignorada,
2300754,Amontada - CE,2022,Total,650.0
2300754,Amontada - CE,2022,Menos de 15 anos,10.0
2300754,Amontada - CE,2022,15 a 19 anos,106.0
2300754,Amontada - CE,2022,20 a 24 anos,154.0
2300754,Amontada - CE,2022,25 a 29 anos,161.0
2300754,Amontada - CE,2022,30 a 34 anos,128.0
2300754,Amontada - CE,2022,35 a 39 anos,78.0
2300754,Amontada - CE,2022,40 a 44 anos,13.0
2300754,Amontada - CE,2022,45 a 49 anos,
2300754,Amontada - CE,2022,50 anos ou mais,
2300754,Amontada - CE,2022,Ignorada,
2300754,Amontada - CE,2023,Total,685.0
2300754,Amontada - CE,2023,Menos de 15 anos,7.0
2300754,Amontada - CE,2023,15 a 19 anos,104.0
2300754,Amontada - CE,2023,20 a 24 anos,188.0
2300754,Amontada - CE,2023,25 a 29 anos,135.0
2300754,Amontada - CE,2023,30 a 34 anos,133.0
2300754,Amontada - CE,2023,35 a 39 anos,80.0
2300754,Amontada - CE,2023,40 a 44 anos,34.0
2300754,Amontada - CE,2023,45 a 49 anos,4.0
2300754,Amontada - CE,2023,50 anos ou mais,
2300754,Amontada - CE,2023,Ignorada,
2300754,Amontada - CE,2024,Total,625.0
2300754,Amontada - CE,2024,Menos de 15 anos,6.0
2300754,Amontada - CE,2024,15 a 19 anos,88.0
2300754,Amontada - CE,2024,20 a 24 anos,132.0
2300754,Amontada - CE,2024,25 a 29 anos,155.0
2300754,Amontada - CE,2024,30 a 34 anos,129.0
2300754,Amontada - CE,2024,35 a 39 anos,84.0
2300754,Amontada - CE,2024,40 a 44 anos,28.0
2300754,Amontada - CE,2024,45 a 49 anos,3.0
2300754,Amontada - CE,2024,50 anos ou mais,
2300754,Amontada - CE,2024,Ignorada,
2300804,Antonina do Norte - CE,2020,Total,93.0
2300804,Antonina do Norte - CE,2020,Menos de 15 anos,
2300804,Antonina do Norte - CE,2020,15 a 19 anos,10.0
2300804,Antonina do Norte - CE,2020,20 a 24 anos,21.0
2300804,Antonina do Norte - CE,2020,25 a 29 anos,27.0
2300804,Antonina do Norte - CE,2020,30 a 34 anos,20.0
2300804,Antonina do Norte - CE,2020,35 a 39 anos,11.0
2300804,Antonina do Norte - CE,2020,40 a 44 anos,4.0
2300804,Antonina do Norte - CE,2020,45 a 49 anos,
2300804,Antonina do Norte - CE,2020,50 anos ou mais,
2300804,Antonina do Norte - CE,2020,Ignorada,
2300804,Antonina do Norte - CE,2021,Total,84.0
2300804,Antonina do Norte - CE,2021,Menos de 15 anos,
2300804,Antonina do Norte - CE,2021,15 a 19 anos,13.0
2300804,Antonina do Norte - CE,2021,20 a 24 anos,18.0
2300804,Antonina do Norte - CE,2021,25 a 29 anos,18.0
2300804,Antonina do Norte - CE,2021,30 a 34 anos,18.0
2300804,Antonina do Norte - CE,2021,35 a 39 anos,14.0
2300804,Antonina do Norte - CE,2021,40 a 44 anos,3.0
2300804,Antonina do Norte - CE,2021,45 a 49 anos,
2300804,Antonina do Norte - CE,2021,50 anos ou mais,
2300804,Antonina do Norte - CE,2021,Ignorada,
2300804,Antonina do Norte - CE,2022,Total,97.0
2300804,Antonina do Norte - CE,2022,Menos de 15 anos,1.0
2300804,Antonina do Norte - CE,2022,15 a 19 anos,12.0
2300804,Antonina do Norte - CE,2022,20 a 24 anos,26.0
2300804,Antonina do Norte - CE,2022,25 a 29 anos,24.0
2300804,Antonina do Norte - CE,2022,30 a 34 anos,14.0
2300804,Antonina do Norte - CE,2022,35 a 39 anos,13.0
2300804,Antonina do Norte - CE,2022,40 a 44 anos,7.0
2300804,Antonina do Norte - CE,2022,45 a 49 anos,
2300804,Antonina do Norte - CE,2022,50 anos ou mais,
2300804,Antonina do Norte - CE,2022,Ignorada,
2300804,Antonina do Norte - CE,2023,Total,80.0
2300804,Antonina do Norte - CE,2023,Menos de 15 anos,1.0
2300804,Antonina do Norte - CE,2023,15 a 19 anos,11.0
2300804,Antonina do Norte - CE,2023,20 a 24 anos,22.0
2300804,Antonina do Norte - CE,2023,25 a 29 anos,13.0
2300804,Antonina do Norte - CE,2023,30 a 34 anos,15.0
2300804,Antonina do Norte - CE,2023,35 a 39 anos,12.0
2300804,Antonina do Norte - CE,2023,40 a 44 anos,5.0
2300804,Antonina do Norte - CE,2023,45 a 49 anos,1.0
2300804,Antonina do Norte - CE,2023,50 anos ou mais,
2300804,Antonina do Norte - CE,2023,Ignorada,
2300804,Antonina do Norte - CE,2024,Total,92.0
2300804,Antonina do Norte - CE,2024,Menos de 15 anos,1.0
2300804,Antonina do Norte - CE,2024,15 a 19 anos,15.0
2300804,Antonina do Norte - CE,2024,20 a 24 anos,29.0
2300804,Antonina do Norte - CE,2024,25 a 29 anos,19.0
2300804,Antonina do Norte - CE,2024,30 a 34 anos,17.0
2300804,Antonina do Norte - CE,2024,35 a 39 anos,11.0
2300804,Antonina do Norte - CE,2024,40 a 44 anos,
2300804,Antonina do Norte - CE,2024,45 a 49 anos,
2300804,Antonina do Norte - CE,2024,50 anos ou mais,
2300804,Antonina do Norte - CE,2024,Ignorada,
2300903,Apuiarés - CE,2020,Total,156.0
2300903,Apuiarés - CE,2020,Menos de 15 anos,
2300903,Apuiarés - CE,2020,15 a 19 anos,20.0
2300903,Apuiarés - CE,2020,20 a 24 anos,29.0
2300903,Apuiarés - CE,2020,25 a 29 anos,35.0
2300903,Apuiarés - CE,2020,30 a 34 anos,40.0
2300903,Apuiarés - CE,2020,35 a 39 anos,25.0
2300903,Apuiarés - CE,2020,40 a 44 anos,5.0
2300903,Apuiarés - CE,2020,45 a 49 anos,1.0
2300903,Apuiarés - CE,2020,50 anos ou mais,
2300903,Apuiarés - CE,2020,Ignorada,1.0
2300903,Apuiarés - CE,2021,Total,174.0
2300903,Apuiarés - CE,2021,Menos de 15 anos,4.0
2300903,Apuiarés - CE,2021,15 a 19 anos,23.0
2300903,Apuiarés - CE,2021,20 a 24 anos,50.0
2300903,Apuiarés - CE,2021,25 a 29 anos,44.0
2300903,Apuiarés - CE,2021,30 a 34 anos,26.0
2300903,Apuiarés - CE,2021,35 a 39 anos,22.0
2300903,Apuiarés - CE,2021,40 a 44 anos,5.0
2300903,Apuiarés - CE,2021,45 a 49 anos,
2300903,Apuiarés - CE,2021,50 anos ou mais,
2300903,Apuiarés - CE,2021,Ignorada,
2300903,Apuiarés - CE,2022,Total,137.0
2300903,Apuiarés - CE,2022,Menos de 15 anos,2.0
2300903,Apuiarés - CE,2022,15 a 19 anos,17.0
2300903,Apuiarés - CE,2022,20 a 24 anos,41.0
2300903,Apuiarés - CE,2022,25 a 29 anos,22.0
2300903,Apuiarés - CE,2022,30 a 34 anos,30.0
2300903,Apuiarés - CE,2022,35 a 39 anos,18.0
2300903,Apuiarés - CE,2022,40 a 44 anos,6.0
2300903,Apuiarés - CE,2022,45 a 49 anos,1.0
2300903,Apuiarés - CE,2022,50 anos ou mais,
2300903,Apuiarés - CE,2022,Ignorada,
2300903,Apuiarés - CE,2023,Total,147.0
2300903,Apuiarés - CE,2023,Menos de 15 anos,2.0
2300903,Apuiarés - CE,2023,15 a 19 anos,18.0
2300903,Apuiarés - CE,2023,20 a 24 anos,30.0
2300903,Apuiarés - CE,2023,25 a 29 anos,38.0
2300903,Apuiarés - CE,2023,30 a 34 anos,34.0
2300903,Apuiarés - CE,2023,35 a 39 anos,23.0
2300903,Apuiarés - CE,2023,40 a 44 anos,2.0
2300903,Apuiarés - CE,2023,45 a 49 anos,
2300903,Apuiarés - CE,2023,50 anos ou mais,
2300903,Apuiarés - CE,2023,Ignorada,
2300903,Apuiarés - CE,2024,Total,142.0
2300903,Apuiarés - CE,2024,Menos de 15 anos,
2300903,Apuiarés - CE,2024,15 a 19 anos,16.0
2300903,Apuiarés - CE,2024,20 a 24 anos,35.0
2300903,Apuiarés - CE,2024,25 a 29 anos,41.0
2300903,Apuiarés - CE,2024,30 a 34 anos,30.0
2300903,Apuiarés - CE,2024,35 a 39 anos,12.0
2300903,Apuiarés - CE,2024,40 a 44 anos,7.0
2300903,Apuiarés - CE,2024,45 a 49 anos,1.0
2300903,Apuiarés - CE,2024,50 anos ou mais,
2300903,Apuiarés - CE,2024,Ignorada,
2301000,Aquiraz - CE,2020,Total,1017.0
2301000,Aquiraz - CE,2020,Menos de 15 anos,8.0
2301000,Aquiraz - CE,2020,15 a 19 anos,134.0
2301000,Aquiraz - CE,2020,20 a 24 anos,265.0
2301000,Aquiraz - CE,2020,25 a 29 anos,257.0
2301000,Aquiraz - CE,2020,30 a 34 anos,196.0
2301000,Aquiraz - CE,2020,35 a 39 anos,117.0
2301000,Aquiraz - CE,2020,40 a 44 anos,38.0
2301000,Aquiraz - CE,2020,45 a 49 anos,1.0
2301000,Aquiraz - CE,2020,50 anos ou mais,1.0
2301000,Aquiraz - CE,2020,Ignorada,
2301000,Aquiraz - CE,2021,Total,1059.0
2301000,Aquiraz - CE,2021,Menos de 15 anos,5.0
2301000,Aquiraz - CE,2021,15 a 19 anos,119.0
2301000,Aquiraz - CE,2021,20 a 24 anos,294.0
2301000,Aquiraz - CE,2021,25 a 29 anos,257.0
2301000,Aquiraz - CE,2021,30 a 34 anos,220.0
2301000,Aquiraz - CE,2021,35 a 39 anos,121.0
2301000,Aquiraz - CE,2021,40 a 44 anos,42.0
2301000,Aquiraz - CE,2021,45 a 49 anos,
2301000,Aquiraz - CE,2021,50 anos ou mais,
2301000,Aquiraz - CE,2021,Ignorada,1.0
2301000,Aquiraz - CE,2022,Total,1080.0
2301000,Aquiraz - CE,2022,Menos de 15 anos,8.0
2301000,Aquiraz - CE,2022,15 a 19 anos,116.0
2301000,Aquiraz - CE,2022,20 a 24 anos,264.0
2301000,Aquiraz - CE,2022,25 a 29 anos,299.0
2301000,Aquiraz - CE,2022,30 a 34 anos,222.0
2301000,Aquiraz - CE,2022,35 a 39 anos,134.0
2301000,Aquiraz - CE,2022,40 a 44 anos,36.0
2301000,Aquiraz - CE,2022,45 a 49 anos,
2301000,Aquiraz - CE,2022,50 anos ou mais,1.0
2301000,Aquiraz - CE,2022,Ignorada,
2301000,Aquiraz - CE,2023,Total,1135.0
2301000,Aquiraz - CE,2023,Menos de 15 anos,9.0
2301000,Aquiraz - CE,2023,15 a 19 anos,124.0
2301000,Aquiraz - CE,2023,20 a 24 anos,326.0
2301000,Aquiraz - CE,2023,25 a 29 anos,283.0
2301000,Aquiraz - CE,2023,30 a 34 anos,227.0
2301000,Aquiraz - CE,2023,35 a 39 anos,130.0
2301000,Aquiraz - CE,2023,40 a 44 anos,35.0
2301000,Aquiraz - CE,2023,45 a 49 anos,1.0
2301000,Aquiraz - CE,2023,50 anos ou mais,
2301000,Aquiraz - CE,2023,Ignorada,
2301000,Aquiraz - CE,2024,Total,987.0
2301000,Aquiraz - CE,2024,Menos de 15 anos,8.0
2301000,Aquiraz - CE,2024,15 a 19 anos,110.0
2301000,Aquiraz - CE,2024,20 a 24 anos,249.0
2301000,Aquiraz - CE,2024,25 a 29 anos,235.0
2301000,Aquiraz - CE,2024,30 a 34 anos,199.0
2301000,Aquiraz - CE,2024,35 a 39 anos,141.0
2301000,Aquiraz - CE,2024,40 a 44 anos,40.0
2301000,Aquiraz - CE,2024,45 a 49 anos,3.0
2301000,Aquiraz - CE,2024,50 anos ou mais,
2301000,Aquiraz - CE,2024,Ignorada,2.0
2301109,Aracati - CE,2020,Total,954.0
2301109,Aracati - CE,2020,Menos de 15 anos,2.0
2301109,Aracati - CE,2020,15 a 19 anos,105.0
2301109,Aracati - CE,2020,20 a 24 anos,247.0
2301109,Aracati - CE,2020,25 a 29 anos,242.0
2301109,Aracati - CE,2020,30 a 34 anos,203.0
2301109,Aracati - CE,2020,35 a 39 anos,124.0
2301109,Aracati - CE,2020,40 a 44 anos,18.0
2301109,Aracati - CE,2020,45 a 49 anos,1.0
2301109,Aracati - CE,2020,50 anos ou mais,1.0
2301109,Aracati - CE,2020,Ignorada,11.0
2301109,Aracati - CE,2021,Total,935.0
2301109,Aracati - CE,2021,Menos de 15 anos,3.0
2301109,Aracati - CE,2021,15 a 19 anos,100.0
2301109,Aracati - CE,2021,20 a 24 anos,238.0
2301109,Aracati - CE,2021,25 a 29 anos,285.0
2301109,Aracati - CE,2021,30 a 34 anos,175.0
2301109,Aracati - CE,2021,35 a 39 anos,96.0
2301109,Aracati - CE,2021,40 a 44 anos,37.0
2301109,Aracati - CE,2021,45 a 49 anos,1.0
2301109,Aracati - CE,2021,50 anos ou mais,
2301109,Aracati - CE,2021,Ignorada,
2301109,Aracati - CE,2022,Total,867.0
2301109,Aracati - CE,2022,Menos de 15 anos,
2301109,Aracati - CE,2022,15 a 19 anos,99.0
2301109,Aracati - CE,2022,20 a 24 anos,211.0
2301109,Aracati - CE,2022,25 a 29 anos,239.0
2301109,Aracati - CE,2022,30 a 34 anos,172.0
2301109,Aracati - CE,2022,35 a 39 anos,114.0
2301109,Aracati - CE,2022,40 a 44 anos,31.0
2301109,Aracati - CE,2022,45 a 49 anos,1.0
2301109,Aracati - CE,2022,50 anos ou mais,
2301109,Aracati - CE,2022,Ignorada,
2301109,Aracati - CE,2023,Total,817.0
2301109,Aracati - CE,2023,Menos de 15 anos,2.0
2301109,Aracati - CE,2023,15 a 19 anos,77.0
2301109,Aracati - CE,2023,20 a 24 anos,177.0
2301109,Aracati - CE,2023,25 a 29 anos,230.0
2301109,Aracati - CE,2023,30 a 34 anos,178.0
2301109,Aracati - CE,2023,35 a 39 anos,112.0
2301109,Aracati - CE,2023,40 a 44 anos,40.0
2301109,Aracati - CE,2023,45 a 49 anos,1.0
2301109,Aracati - CE,2023,50 anos ou mais,
2301109,Aracati - CE,2023,Ignorada,
2301109,Aracati - CE,2024,Total,807.0
2301109,Aracati - CE,2024,Menos de 15 anos,10.0
2301109,Aracati - CE,2024,15 a 19 anos,66.0
2301109,Aracati - CE,2024,20 a 24 anos,168.0
2301109,Aracati - CE,2024,25 a 29 anos,205.0
2301109,Aracati - CE,2024,30 a 34 anos,184.0
2301109,Aracati - CE,2024,35 a 39 anos,133.0
2301109,Aracati - CE,2024,40 a 44 anos,39.0
2301109,Aracati - CE,2024,45 a 49 anos,2.0
2301109,Aracati - CE,2024,50 anos ou mais,
2301109,Aracati - CE,2024,Ignorada,
2301208,Aracoiaba - CE,2020,Total,317.0
2301208,Aracoiaba - CE,2020,Menos de 15 anos,1.0
2301208,Aracoiaba - CE,2020,15 a 19 anos,41.0
2301208,Aracoiaba - CE,2020,20 a 24 anos,82.0
2301208,Aracoiaba - CE,2020,25 a 29 anos,94.0
2301208,Aracoiaba - CE,2020,30 a 34 anos,63.0
2301208,Aracoiaba - CE,2020,35 a 39 anos,32.0
2301208,Aracoiaba - CE,2020,40 a 44 anos,3.0
2301208,Aracoiaba - CE,2020,45 a 49 anos,1.0
2301208,Aracoiaba - CE,2020,50 anos ou mais,
2301208,Aracoiaba - CE,2020,Ignorada,
2301208,Aracoiaba - CE,2021,Total,342.0
2301208,Aracoiaba - CE,2021,Menos de 15 anos,2.0
2301208,Aracoiaba - CE,2021,15 a 19 anos,40.0
2301208,Aracoiaba - CE,2021,20 a 24 anos,75.0
2301208,Aracoiaba - CE,2021,25 a 29 anos,92.0
2301208,Aracoiaba - CE,2021,30 a 34 anos,71.0
2301208,Aracoiaba - CE,2021,35 a 39 anos,48.0
2301208,Aracoiaba - CE,2021,40 a 44 anos,14.0
2301208,Aracoiaba - CE,2021,45 a 49 anos,
2301208,Aracoiaba - CE,2021,50 anos ou mais,
2301208,Aracoiaba - CE,2021,Ignorada,
2301208,Aracoiaba - CE,2022,Total,295.0
2301208,Aracoiaba - CE,2022,Menos de 15 anos,2.0
2301208,Aracoiaba - CE,2022,15 a 19 anos,36.0
2301208,Aracoiaba - CE,2022,20 a 24 anos,81.0
2301208,Aracoiaba - CE,2022,25 a 29 anos,71.0
2301208,Aracoiaba - CE,2022,30 a 34 anos,58.0
2301208,Aracoiaba - CE,2022,35 a 39 anos,35.0
2301208,Aracoiaba - CE,2022,40 a 44 anos,11.0
2301208,Aracoiaba - CE,2022,45 a 49 anos,
2301208,Aracoiaba - CE,2022,50 anos ou mais,1.0
2301208,Aracoiaba - CE,2022,Ignorada,
2301208,Aracoiaba - CE,2023,Total,305.0
2301208,Aracoiaba - CE,2023,Menos de 15 anos,6.0
2301208,Aracoiaba - CE,2023,15 a 19 anos,35.0
2301208,Aracoiaba - CE,2023,20 a 24 anos,75.0
2301208,Aracoiaba - CE,2023,25 a 29 anos,77.0
2301208,Aracoiaba - CE,2023,30 a 34 anos,62.0
2301208,Aracoiaba - CE,2023,35 a 39 anos,35.0
2301208,Aracoiaba - CE,2023,40 a 44 anos,15.0
2301208,Aracoiaba - CE,2023,45 a 49 anos,
2301208,Aracoiaba - CE,2023,50 anos ou mais,
2301208,Aracoiaba - CE,2023,Ignorada,
2301208,Aracoiaba - CE,2024,Total,281.0
2301208,Aracoiaba - CE,2024,Menos de 15 anos,1.0
2301208,Aracoiaba - CE,2024,15 a 19 anos,31.0
2301208,Aracoiaba - CE,2024,20 a 24 anos,61.0
2301208,Aracoiaba - CE,2024,25 a 29 anos,83.0
2301208,Aracoiaba - CE,2024,30 a 34 anos,56.0
2301208,Aracoiaba - CE,2024,35 a 39 anos,36.0
2301208,Aracoiaba - CE,2024,40 a 44 anos,13.0
2301208,Aracoiaba - CE,2024,45 a 49 anos,
2301208,Aracoiaba - CE,2024,50 anos ou mais,
2301208,Aracoiaba - CE,2024,Ignorada,
2301257,Ararendá - CE,2020,Total,148.0
2301257,Ararendá - CE,2020,Menos de 15 anos,4.0
2301257,Ararendá - CE,2020,15 a 19 anos,25.0
2301257,Ararendá - CE,2020,20 a 24 anos,37.0
2301257,Ararendá - CE,2020,25 a 29 anos,31.0
2301257,Ararendá - CE,2020,30 a 34 anos,29.0
2301257,Ararendá - CE,2020,35 a 39 anos,18.0
2301257,Ararendá - CE,2020,40 a 44 anos,4.0
2301257,Ararendá - CE,2020,45 a 49 anos,
2301257,Ararendá - CE,2020,50 anos ou mais,
2301257,Ararendá - CE,2020,Ignorada,
2301257,Ararendá - CE,2021,Total,133.0
2301257,Ararendá - CE,2021,Menos de 15 anos,
2301257,Ararendá - CE,2021,15 a 19 anos,16.0
2301257,Ararendá - CE,2021,20 a 24 anos,28.0
2301257,Ararendá - CE,2021,25 a 29 anos,31.0
2301257,Ararendá - CE,2021,30 a 34 anos,23.0
2301257,Ararendá - CE,2021,35 a 39 anos,25.0
2301257,Ararendá - CE,2021,40 a 44 anos,7.0
2301257,Ararendá - CE,2021,45 a 49 anos,3.0
2301257,Ararendá - CE,2021,50 anos ou mais,
2301257,Ararendá - CE,2021,Ignorada,
2301257,Ararendá - CE,2022,Total,151.0
2301257,Ararendá - CE,2022,Menos de 15 anos,1.0
2301257,Ararendá - CE,2022,15 a 19 anos,21.0
2301257,Ararendá - CE,2022,20 a 24 anos,33.0
2301257,Ararendá - CE,2022,25 a 29 anos,48.0
2301257,Ararendá - CE,2022,30 a 34 anos,27.0
2301257,Ararendá - CE,2022,35 a 39 anos,15.0
2301257,Ararendá - CE,2022,40 a 44 anos,6.0
2301257,Ararendá - CE,2022,45 a 49 anos,
2301257,Ararendá - CE,2022,50 anos ou mais,
2301257,Ararendá - CE,2022,Ignorada,
2301257,Ararendá - CE,2023,Total,167.0
2301257,Ararendá - CE,2023,Menos de 15 anos,
2301257,Ararendá - CE,2023,15 a 19 anos,22.0
2301257,Ararendá - CE,2023,20 a 24 anos,43.0
2301257,Ararendá - CE,2023,25 a 29 anos,44.0
2301257,Ararendá - CE,2023,30 a 34 anos,36.0
2301257,Ararendá - CE,2023,35 a 39 anos,19.0
2301257,Ararendá - CE,2023,40 a 44 anos,3.0
2301257,Ararendá - CE,2023,45 a 49 anos,
2301257,Ararendá - CE,2023,50 anos ou mais,
2301257,Ararendá - CE,2023,Ignorada,
2301257,Ararendá - CE,2024,Total,110.0
2301257,Ararendá - CE,2024,Menos de 15 anos,1.0
2301257,Ararendá - CE,2024,15 a 19 anos,13.0
2301257,Ararendá - CE,2024,20 a 24 anos,27.0
2301257,Ararendá - CE,2024,25 a 29 anos,35.0
2301257,Ararendá - CE,2024,30 a 34 anos,16.0
2301257,Ararendá - CE,2024,35 a 39 anos,16.0
2301257,Ararendá - CE,2024,40 a 44 anos,2.0
2301257,Ararendá - CE,2024,45 a 49 anos,
2301257,Ararendá - CE,2024,50 anos ou mais,
2301257,Ararendá - CE,2024,Ignorada,
2301307,Araripe - CE,2020,Total,336.0
2301307,Araripe - CE,2020,Menos de 15 anos,6.0
2301307,Araripe - CE,2020,15 a 19 anos,55.0
2301307,Araripe - CE,2020,20 a 24 anos,99.0
2301307,Araripe - CE,2020,25 a 29 anos,66.0
2301307,Araripe - CE,2020,30 a 34 anos,50.0
2301307,Araripe - CE,2020,35 a 39 anos,45.0
2301307,Araripe - CE,2020,40 a 44 anos,13.0
2301307,Araripe - CE,2020,45 a 49 anos,2.0
2301307,Araripe - CE,2020,50 anos ou mais,
2301307,Araripe - CE,2020,Ignorada,
2301307,Araripe - CE,2021,Total,337.0
2301307,Araripe - CE,2021,Menos de 15 anos,9.0
2301307,Araripe - CE,2021,15 a 19 anos,71.0
2301307,Araripe - CE,2021,20 a 24 anos,103.0
2301307,Araripe - CE,2021,25 a 29 anos,63.0
2301307,Araripe - CE,2021,30 a 34 anos,51.0
2301307,Araripe - CE,2021,35 a 39 anos,30.0
2301307,Araripe - CE,2021,40 a 44 anos,7.0
2301307,Araripe - CE,2021,45 a 49 anos,3.0
2301307,Araripe - CE,2021,50 anos ou mais,
2301307,Araripe - CE,2021,Ignorada,
2301307,Araripe - CE,2022,Total,295.0
2301307,Araripe - CE,2022,Menos de 15 anos,5.0
2301307,Araripe - CE,2022,15 a 19 anos,53.0
2301307,Araripe - CE,2022,20 a 24 anos,65.0
2301307,Araripe - CE,2022,25 a 29 anos,76.0
2301307,Araripe - CE,2022,30 a 34 anos,53.0
2301307,Araripe - CE,2022,35 a 39 anos,31.0
2301307,Araripe - CE,2022,40 a 44 anos,11.0
2301307,Araripe - CE,2022,45 a 49 anos,1.0
2301307,Araripe - CE,2022,50 anos ou mais,
2301307,Araripe - CE,2022,Ignorada,
2301307,Araripe - CE,2023,Total,311.0
2301307,Araripe - CE,2023,Menos de 15 anos,2.0
2301307,Araripe - CE,2023,15 a 19 anos,65.0
2301307,Araripe - CE,2023,20 a 24 anos,82.0
2301307,Araripe - CE,2023,25 a 29 anos,74.0
2301307,Araripe - CE,2023,30 a 34 anos,48.0
2301307,Araripe - CE,2023,35 a 39 anos,31.0
2301307,Araripe - CE,2023,40 a 44 anos,9.0
2301307,Araripe - CE,2023,45 a 49 anos,
2301307,Araripe - CE,2023,50 anos ou mais,
2301307,Araripe - CE,2023,Ignorada,
2301307,Araripe - CE,2024,Total,276.0
2301307,Araripe - CE,2024,Menos de 15 anos,3.0
2301307,Araripe - CE,2024,15 a 19 anos,52.0
2301307,Araripe - CE,2024,20 a 24 anos,60.0
2301307,Araripe - CE,2024,25 a 29 anos,76.0
2301307,Araripe - CE,2024,30 a 34 anos,40.0
2301307,Araripe - CE,2024,35 a 39 anos,36.0
2301307,Araripe - CE,2024,40 a 44 anos,9.0
2301307,Araripe - CE,2024,45 a 49 anos,
2301307,Araripe - CE,2024,50 anos ou mais,
2301307,Araripe - CE,2024,Ignorada,
2301406,Aratuba - CE,2020,Total,171.0
2301406,Aratuba - CE,2020,Menos de 15 anos,4.0
2301406,Aratuba - CE,2020,15 a 19 anos,25.0
2301406,Aratuba - CE,2020,20 a 24 anos,44.0
2301406,Aratuba - CE,2020,25 a 29 anos,43.0
2301406,Aratuba - CE,2020,30 a 34 anos,27.0
2301406,Aratuba - CE,2020,35 a 39 anos,21.0
2301406,Aratuba - CE,2020,40 a 44 anos,6.0
2301406,Aratuba - CE,2020,45 a 49 anos,1.0
2301406,Aratuba - CE,2020,50 anos ou mais,
2301406,Aratuba - CE,2020,Ignorada,
2301406,Aratuba - CE,2021,Total,160.0
2301406,Aratuba - CE,2021,Menos de 15 anos,1.0
2301406,Aratuba - CE,2021,15 a 19 anos,20.0
2301406,Aratuba - CE,2021,20 a 24 anos,53.0
2301406,Aratuba - CE,2021,25 a 29 anos,31.0
2301406,Aratuba - CE,2021,30 a 34 anos,30.0
2301406,Aratuba - CE,2021,35 a 39 anos,20.0
2301406,Aratuba - CE,2021,40 a 44 anos,4.0
2301406,Aratuba - CE,2021,45 a 49 anos,1.0
2301406,Aratuba - CE,2021,50 anos ou mais,
2301406,Aratuba - CE,2021,Ignorada,
2301406,Aratuba - CE,2022,Total,150.0
2301406,Aratuba - CE,2022,Menos de 15 anos,
2301406,Aratuba - CE,2022,15 a 19 anos,23.0
2301406,Aratuba - CE,2022,20 a 24 anos,38.0
2301406,Aratuba - CE,2022,25 a 29 anos,30.0
2301406,Aratuba - CE,2022,30 a 34 anos,34.0
2301406,Aratuba - CE,2022,35 a 39 anos,22.0
2301406,Aratuba - CE,2022,40 a 44 anos,3.0
2301406,Aratuba - CE,2022,45 a 49 anos,
2301406,Aratuba - CE,2022,50 anos ou mais,
2301406,Aratuba - CE,2022,Ignorada,
2301406,Aratuba - CE,2023,Total,131.0
2301406,Aratuba - CE,2023,Menos de 15 anos,
2301406,Aratuba - CE,2023,15 a 19 anos,11.0
2301406,Aratuba - CE,2023,20 a 24 anos,27.0
2301406,Aratuba - CE,2023,25 a 29 anos,31.0
2301406,Aratuba - CE,2023,30 a 34 anos,37.0
2301406,Aratuba - CE,2023,35 a 39 anos,18.0
2301406,Aratuba - CE,2023,40 a 44 anos,7.0
2301406,Aratuba - CE,2023,45 a 49 anos,
2301406,Aratuba - CE,2023,50 anos ou mais,
2301406,Aratuba - CE,2023,Ignorada,
2301406,Aratuba - CE,2024,Total,156.0
2301406,Aratuba - CE,2024,Menos de 15 anos,2.0
2301406,Aratuba - CE,2024,15 a 19 anos,18.0
2301406,Aratuba - CE,2024,20 a 24 anos,28.0
2301406,Aratuba - CE,2024,25 a 29 anos,50.0
2301406,Aratuba - CE,2024,30 a 34 anos,28.0
2301406,Aratuba - CE,2024,35 a 39 anos,20.0
2301406,Aratuba - CE,2024,40 a 44 anos,8.0
2301406,Aratuba - CE,2024,45 a 49 anos,1.0
2301406,Aratuba - CE,2024,50 anos ou mais,
2301406,Aratuba - CE,2024,Ignorada,1.0
2301505,Arneiroz - CE,2020,Total,98.0
2301505,Arneiroz - CE,2020,Menos de 15 anos,2.0
2301505,Arneiroz - CE,2020,15 a 19 anos,14.0
2301505,Arneiroz - CE,2020,20 a 24 anos,35.0
2301505,Arneiroz - CE,2020,25 a 29 anos,22.0
2301505,Arneiroz - CE,2020,30 a 34 anos,9.0
2301505,Arneiroz - CE,2020,35 a 39 anos,11.0
2301505,Arneiroz - CE,2020,40 a 44 anos,3.0
2301505,Arneiroz - CE,2020,45 a 49 anos,1.0
2301505,Arneiroz - CE,2020,50 anos ou mais,
2301505,Arneiroz - CE,2020,Ignorada,1.0
2301505,Arneiroz - CE,2021,Total,90.0
2301505,Arneiroz - CE,2021,Menos de 15 anos,
2301505,Arneiroz - CE,2021,15 a 19 anos,9.0
2301505,Arneiroz - CE,2021,20 a 24 anos,26.0
2301505,Arneiroz - CE,2021,25 a 29 anos,23.0
2301505,Arneiroz - CE,2021,30 a 34 anos,15.0
2301505,Arneiroz - CE,2021,35 a 39 anos,11.0
2301505,Arneiroz - CE,2021,40 a 44 anos,6.0
2301505,Arneiroz - CE,2021,45 a 49 anos,
2301505,Arneiroz - CE,2021,50 anos ou mais,
2301505,Arneiroz - CE,2021,Ignorada,
2301505,Arneiroz - CE,2022,Total,75.0
2301505,Arneiroz - CE,2022,Menos de 15 anos,
2301505,Arneiroz - CE,2022,15 a 19 anos,12.0
2301505,Arneiroz - CE,2022,20 a 24 anos,16.0
2301505,Arneiroz - CE,2022,25 a 29 anos,13.0
2301505,Arneiroz - CE,2022,30 a 34 anos,19.0
2301505,Arneiroz - CE,2022,35 a 39 anos,10.0
2301505,Arneiroz - CE,2022,40 a 44 anos,5.0
2301505,Arneiroz - CE,2022,45 a 49 anos,
2301505,Arneiroz - CE,2022,50 anos ou mais,
2301505,Arneiroz - CE,2022,Ignorada,
2301505,Arneiroz - CE,2023,Total,85.0
2301505,Arneiroz - CE,2023,Menos de 15 anos,
2301505,Arneiroz - CE,2023,15 a 19 anos,13.0
2301505,Arneiroz - CE,2023,20 a 24 anos,19.0
2301505,Arneiroz - CE,2023,25 a 29 anos,27.0
2301505,Arneiroz - CE,2023,30 a 34 anos,15.0
2301505,Arneiroz - CE,2023,35 a 39 anos,5.0
2301505,Arneiroz - CE,2023,40 a 44 anos,6.0
2301505,Arneiroz - CE,2023,45 a 49 anos,
2301505,Arneiroz - CE,2023,50 anos ou mais,
2301505,Arneiroz - CE,2023,Ignorada,
2301505,Arneiroz - CE,2024,Total,75.0
2301505,Arneiroz - CE,2024,Menos de 15 anos,
2301505,Arneiroz - CE,2024,15 a 19 anos,13.0
2301505,Arneiroz - CE,2024,20 a 24 anos,19.0
2301505,Arneiroz - CE,2024,25 a 29 anos,14.0
2301505,Arneiroz - CE,2024,30 a 34 anos,15.0
2301505,Arneiroz - CE,2024,35 a 39 anos,11.0
2301505,Arneiroz - CE,2024,40 a 44 anos,2.0
2301505,Arneiroz - CE,2024,45 a 49 anos,1.0
2301505,Arneiroz - CE,2024,50 anos ou mais,
2301505,Arneiroz - CE,2024,Ignorada,
2301604,Assaré - CE,2020,Total,267.0
2301604,Assaré - CE,2020,Menos de 15 anos,3.0
2301604,Assaré - CE,2020,15 a 19 anos,43.0
2301604,Assaré - CE,2020,20 a 24 anos,58.0
2301604,Assaré - CE,2020,25 a 29 anos,87.0
2301604,Assaré - CE,2020,30 a 34 anos,49.0
2301604,Assaré - CE,2020,35 a 39 anos,15.0
2301604,Assaré - CE,2020,40 a 44 anos,10.0
2301604,Assaré - CE,2020,45 a 49 anos,1.0
2301604,Assaré - CE,2020,50 anos ou mais,
2301604,Assaré - CE,2020,Ignorada,1.0
2301604,Assaré - CE,2021,Total,275.0
2301604,Assaré - CE,2021,Menos de 15 anos,2.0
2301604,Assaré - CE,2021,15 a 19 anos,45.0
2301604,Assaré - CE,2021,20 a 24 anos,69.0
2301604,Assaré - CE,2021,25 a 29 anos,75.0
2301604,Assaré - CE,2021,30 a 34 anos,48.0
2301604,Assaré - CE,2021,35 a 39 anos,30.0
2301604,Assaré - CE,2021,40 a 44 anos,4.0
2301604,Assaré - CE,2021,45 a 49 anos,2.0
2301604,Assaré - CE,2021,50 anos ou mais,
2301604,Assaré - CE,2021,Ignorada,
2301604,Assaré - CE,2022,Total,251.0
2301604,Assaré - CE,2022,Menos de 15 anos,3.0
2301604,Assaré - CE,2022,15 a 19 anos,38.0
2301604,Assaré - CE,2022,20 a 24 anos,68.0
2301604,Assaré - CE,2022,25 a 29 anos,62.0
2301604,Assaré - CE,2022,30 a 34 anos,58.0
2301604,Assaré - CE,2022,35 a 39 anos,12.0
2301604,Assaré - CE,2022,40 a 44 anos,9.0
2301604,Assaré - CE,2022,45 a 49 anos,
2301604,Assaré - CE,2022,50 anos ou mais,1.0
2301604,Assaré - CE,2022,Ignorada,
2301604,Assaré - CE,2023,Total,246.0
2301604,Assaré - CE,2023,Menos de 15 anos,1.0
2301604,Assaré - CE,2023,15 a 19 anos,40.0
2301604,Assaré - CE,2023,20 a 24 anos,43.0
2301604,Assaré - CE,2023,25 a 29 anos,74.0
2301604,Assaré - CE,2023,30 a 34 anos,50.0
2301604,Assaré - CE,2023,35 a 39 anos,33.0
2301604,Assaré - CE,2023,40 a 44 anos,5.0
2301604,Assaré - CE,2023,45 a 49 anos,
2301604,Assaré - CE,2023,50 anos ou mais,
2301604,Assaré - CE,2023,Ignorada,
2301604,Assaré - CE,2024,Total,244.0
2301604,Assaré - CE,2024,Menos de 15 anos,1.0
2301604,Assaré - CE,2024,15 a 19 anos,31.0
2301604,Assaré - CE,2024,20 a 24 anos,60.0
2301604,Assaré - CE,2024,25 a 29 anos,64.0
2301604,Assaré - CE,2024,30 a 34 anos,48.0
2301604,Assaré - CE,2024,35 a 39 anos,33.0
2301604,Assaré - CE,2024,40 a 44 anos,7.0
2301604,Assaré - CE,2024,45 a 49 anos,
2301604,Assaré - CE,2024,50 anos ou mais,
2301604,Assaré - CE,2024,Ignorada,
2301703,Aurora - CE,2020,Total,302.0
2301703,Aurora - CE,2020,Menos de 15 anos,2.0
2301703,Aurora - CE,2020,15 a 19 anos,46.0
2301703,Aurora - CE,2020,20 a 24 anos,92.0
2301703,Aurora - CE,2020,25 a 29 anos,80.0
2301703,Aurora - CE,2020,30 a 34 anos,49.0
2301703,Aurora - CE,2020,35 a 39 anos,25.0
2301703,Aurora - CE,2020,40 a 44 anos,8.0
2301703,Aurora - CE,2020,45 a 49 anos,
2301703,Aurora - CE,2020,50 anos ou mais,
2301703,Aurora - CE,2020,Ignorada,
2301703,Aurora - CE,2021,Total,283.0
2301703,Aurora - CE,2021,Menos de 15 anos,4.0
2301703,Aurora - CE,2021,15 a 19 anos,39.0
2301703,Aurora - CE,2021,20 a 24 anos,72.0
2301703,Aurora - CE,2021,25 a 29 anos,70.0
2301703,Aurora - CE,2021,30 a 34 anos,60.0
2301703,Aurora - CE,2021,35 a 39 anos,29.0
2301703,Aurora - CE,2021,40 a 44 anos,9.0
2301703,Aurora - CE,2021,45 a 49 anos,
2301703,Aurora - CE,2021,50 anos ou mais,
2301703,Aurora - CE,2021,Ignorada,
2301703,Aurora - CE,2022,Total,282.0
2301703,Aurora - CE,2022,Menos de 15 anos,
2301703,Aurora - CE,2022,15 a 19 anos,38.0
2301703,Aurora - CE,2022,20 a 24 anos,76.0
2301703,Aurora - CE,2022,25 a 29 anos,73.0
2301703,Aurora - CE,2022,30 a 34 anos,56.0
2301703,Aurora - CE,2022,35 a 39 anos,30.0
2301703,Aurora - CE,2022,40 a 44 anos,8.0
2301703,Aurora - CE,2022,45 a 49 anos,1.0
2301703,Aurora - CE,2022,50 anos ou mais,
2301703,Aurora - CE,2022,Ignorada,
2301703,Aurora - CE,2023,Total,237.0
2301703,Aurora - CE,2023,Menos de 15 anos,
2301703,Aurora - CE,2023,15 a 19 anos,34.0
2301703,Aurora - CE,2023,20 a 24 anos,57.0
2301703,Aurora - CE,2023,25 a 29 anos,60.0
2301703,Aurora - CE,2023,30 a 34 anos,45.0
2301703,Aurora - CE,2023,35 a 39 anos,32.0
2301703,Aurora - CE,2023,40 a 44 anos,9.0
2301703,Aurora - CE,2023,45 a 49 anos,
2301703,Aurora - CE,2023,50 anos ou mais,
2301703,Aurora - CE,2023,Ignorada,
2301703,Aurora - CE,2024,Total,259.0
2301703,Aurora - CE,2024,Menos de 15 anos,
2301703,Aurora - CE,2024,15 a 19 anos,35.0
2301703,Aurora - CE,2024,20 a 24 anos,57.0
2301703,Aurora - CE,2024,25 a 29 anos,63.0
2301703,Aurora - CE,2024,30 a 34 anos,59.0
2301703,Aurora - CE,2024,35 a 39 anos,38.0
2301703,Aurora - CE,2024,40 a 44 anos,7.0
2301703,Aurora - CE,2024,45 a 49 anos,
2301703,Aurora - CE,2024,50 anos ou mais,
2301703,Aurora - CE,2024,Ignorada,
2301802,Baixio - CE,2020,Total,66.0
2301802,Baixio - CE,2020,Menos de 15 anos,2.0
2301802,Baixio - CE,2020,15 a 19 anos,9.0
2301802,Baixio - CE,2020,20 a 24 anos,11.0
2301802,Baixio - CE,2020,25 a 29 anos,16.0
2301802,Baixio - CE,2020,30 a 34 anos,20.0
2301802,Baixio - CE,2020,35 a 39 anos,5.0
2301802,Baixio - CE,2020,40 a 44 anos,3.0
2301802,Baixio - CE,2020,45 a 49 anos,
2301802,Baixio - CE,2020,50 anos ou mais,
2301802,Baixio - CE,2020,Ignorada,
2301802,Baixio - CE,2021,Total,63.0
2301802,Baixio - CE,2021,Menos de 15 anos,
2301802,Baixio - CE,2021,15 a 19 anos,11.0
2301802,Baixio - CE,2021,20 a 24 anos,13.0
2301802,Baixio - CE,2021,25 a 29 anos,17.0
2301802,Baixio - CE,2021,30 a 34 anos,12.0
2301802,Baixio - CE,2021,35 a 39 anos,9.0
2301802,Baixio - CE,2021,40 a 44 anos,1.0
2301802,Baixio - CE,2021,45 a 49 anos,
2301802,Baixio - CE,2021,50 anos ou mais,
2301802,Baixio - CE,2021,Ignorada,
2301802,Baixio - CE,2022,Total,51.0
2301802,Baixio - CE,2022,Menos de 15 anos,
2301802,Baixio - CE,2022,15 a 19 anos,8.0
2301802,Baixio - CE,2022,20 a 24 anos,12.0
2301802,Baixio - CE,2022,25 a 29 anos,12.0
2301802,Baixio - CE,2022,30 a 34 anos,10.0
2301802,Baixio - CE,2022,35 a 39 anos,7.0
2301802,Baixio - CE,2022,40 a 44 anos,1.0
2301802,Baixio - CE,2022,45 a 49 anos,1.0
2301802,Baixio - CE,2022,50 anos ou mais,
2301802,Baixio - CE,2022,Ignorada,
2301802,Baixio - CE,2023,Total,61.0
2301802,Baixio - CE,2023,Menos de 15 anos,
2301802,Baixio - CE,2023,15 a 19 anos,7.0
2301802,Baixio - CE,2023,20 a 24 anos,7.0
2301802,Baixio - CE,2023,25 a 29 anos,15.0
2301802,Baixio - CE,2023,30 a 34 anos,19.0
2301802,Baixio - CE,2023,35 a 39 anos,12.0
2301802,Baixio - CE,2023,40 a 44 anos,1.0
2301802,Baixio - CE,2023,45 a 49 anos,
2301802,Baixio - CE,2023,50 anos ou mais,
2301802,Baixio - CE,2023,Ignorada,
2301802,Baixio - CE,2024,Total,59.0
2301802,Baixio - CE,2024,Menos de 15 anos,
2301802,Baixio - CE,2024,15 a 19 anos,7.0
2301802,Baixio - CE,2024,20 a 24 anos,15.0
2301802,Baixio - CE,2024,25 a 29 anos,17.0
2301802,Baixio - CE,2024,30 a 34 anos,14.0
2301802,Baixio - CE,2024,35 a 39 anos,4.0
2301802,Baixio - CE,2024,40 a 44 anos,2.0
2301802,Baixio - CE,2024,45 a 49 anos,
2301802,Baixio - CE,2024,50 anos ou mais,
2301802,Baixio - CE,2024,Ignorada,
2301851,Banabuiú - CE,2020,Total,245.0
2301851,Banabuiú - CE,2020,Menos de 15 anos,3.0
2301851,Banabuiú - CE,2020,15 a 19 anos,39.0
2301851,Banabuiú - CE,2020,20 a 24 anos,77.0
2301851,Banabuiú - CE,2020,25 a 29 anos,64.0
2301851,Banabuiú - CE,2020,30 a 34 anos,32.0
2301851,Banabuiú - CE,2020,35 a 39 anos,18.0
2301851,Banabuiú - CE,2020,40 a 44 anos,11.0
2301851,Banabuiú - CE,2020,45 a 49 anos,
2301851,Banabuiú - CE,2020,50 anos ou mais,1.0
2301851,Banabuiú - CE,2020,Ignorada,
2301851,Banabuiú - CE,2021,Total,226.0
2301851,Banabuiú - CE,2021,Menos de 15 anos,2.0
2301851,Banabuiú - CE,2021,15 a 19 anos,33.0
2301851,Banabuiú - CE,2021,20 a 24 anos,66.0
2301851,Banabuiú - CE,2021,25 a 29 anos,56.0
2301851,Banabuiú - CE,2021,30 a 34 anos,32.0
2301851,Banabuiú - CE,2021,35 a 39 anos,28.0
2301851,Banabuiú - CE,2021,40 a 44 anos,8.0
2301851,Banabuiú - CE,2021,45 a 49 anos,
2301851,Banabuiú - CE,2021,50 anos ou mais,1.0
2301851,Banabuiú - CE,2021,Ignorada,
2301851,Banabuiú - CE,2022,Total,203.0
2301851,Banabuiú - CE,2022,Menos de 15 anos,3.0
2301851,Banabuiú - CE,2022,15 a 19 anos,23.0
2301851,Banabuiú - CE,2022,20 a 24 anos,52.0
2301851,Banabuiú - CE,2022,25 a 29 anos,58.0
2301851,Banabuiú - CE,2022,30 a 34 anos,33.0
2301851,Banabuiú - CE,2022,35 a 39 anos,28.0
2301851,Banabuiú - CE,2022,40 a 44 anos,5.0
2301851,Banabuiú - CE,2022,45 a 49 anos,1.0
2301851,Banabuiú - CE,2022,50 anos ou mais,
2301851,Banabuiú - CE,2022,Ignorada,
2301851,Banabuiú - CE,2023,Total,258.0
2301851,Banabuiú - CE,2023,Menos de 15 anos,3.0
2301851,Banabuiú - CE,2023,15 a 19 anos,38.0
2301851,Banabuiú - CE,2023,20 a 24 anos,64.0
2301851,Banabuiú - CE,2023,25 a 29 anos,72.0
2301851,Banabuiú - CE,2023,30 a 34 anos,50.0
2301851,Banabuiú - CE,2023,35 a 39 anos,22.0
2301851,Banabuiú - CE,2023,40 a 44 anos,7.0
2301851,Banabuiú - CE,2023,45 a 49 anos,2.0
2301851,Banabuiú - CE,2023,50 anos ou mais,
2301851,Banabuiú - CE,2023,Ignorada,
2301851,Banabuiú - CE,2024,Total,198.0
2301851,Banabuiú - CE,2024,Menos de 15 anos,4.0
2301851,Banabuiú - CE,2024,15 a 19 anos,16.0
2301851,Banabuiú - CE,2024,20 a 24 anos,40.0
2301851,Banabuiú - CE,2024,25 a 29 anos,59.0
2301851,Banabuiú - CE,2024,30 a 34 anos,41.0
2301851,Banabuiú - CE,2024,35 a 39 anos,26.0
2301851,Banabuiú - CE,2024,40 a 44 anos,9.0
2301851,Banabuiú - CE,2024,45 a 49 anos,1.0
2301851,Banabuiú - CE,2024,50 anos ou mais,
2301851,Banabuiú - CE,2024,Ignorada,2.0
2301901,Barbalha - CE,2020,Total,1247.0
2301901,Barbalha - CE,2020,Menos de 15 anos,7.0
2301901,Barbalha - CE,2020,15 a 19 anos,179.0
2301901,Barbalha - CE,2020,20 a 24 anos,307.0
2301901,Barbalha - CE,2020,25 a 29 anos,297.0
2301901,Barbalha - CE,2020,30 a 34 anos,270.0
2301901,Barbalha - CE,2020,35 a 39 anos,143.0
2301901,Barbalha - CE,2020,40 a 44 anos,43.0
2301901,Barbalha - CE,2020,45 a 49 anos,1.0
2301901,Barbalha - CE,2020,50 anos ou mais,
2301901,Barbalha - CE,2020,Ignorada,
2301901,Barbalha - CE,2021,Total,1169.0
2301901,Barbalha - CE,2021,Menos de 15 anos,12.0
2301901,Barbalha - CE,2021,15 a 19 anos,148.0
2301901,Barbalha - CE,2021,20 a 24 anos,280.0
2301901,Barbalha - CE,2021,25 a 29 anos,300.0
2301901,Barbalha - CE,2021,30 a 34 anos,251.0
2301901,Barbalha - CE,2021,35 a 39 anos,143.0
2301901,Barbalha - CE,2021,40 a 44 anos,34.0
2301901,Barbalha - CE,2021,45 a 49 anos,1.0
2301901,Barbalha - CE,2021,50 anos ou mais,
2301901,Barbalha - CE,2021,Ignorada,
2301901,Barbalha - CE,2022,Total,1098.0
2301901,Barbalha - CE,2022,Menos de 15 anos,5.0
2301901,Barbalha - CE,2022,15 a 19 anos,114.0
2301901,Barbalha - CE,2022,20 a 24 anos,254.0
2301901,Barbalha - CE,2022,25 a 29 anos,289.0
2301901,Barbalha - CE,2022,30 a 34 anos,247.0
2301901,Barbalha - CE,2022,35 a 39 anos,152.0
2301901,Barbalha - CE,2022,40 a 44 anos,36.0
2301901,Barbalha - CE,2022,45 a 49 anos,1.0
2301901,Barbalha - CE,2022,50 anos ou mais,
2301901,Barbalha - CE,2022,Ignorada,
2301901,Barbalha - CE,2023,Total,1058.0
2301901,Barbalha - CE,2023,Menos de 15 anos,4.0
2301901,Barbalha - CE,2023,15 a 19 anos,102.0
2301901,Barbalha - CE,2023,20 a 24 anos,236.0
2301901,Barbalha - CE,2023,25 a 29 anos,276.0
2301901,Barbalha - CE,2023,30 a 34 anos,225.0
2301901,Barbalha - CE,2023,35 a 39 anos,174.0
2301901,Barbalha - CE,2023,40 a 44 anos,39.0
2301901,Barbalha - CE,2023,45 a 49 anos,2.0
2301901,Barbalha - CE,2023,50 anos ou mais,
2301901,Barbalha - CE,2023,Ignorada,
2301901,Barbalha - CE,2024,Total,1054.0
2301901,Barbalha - CE,2024,Menos de 15 anos,5.0
2301901,Barbalha - CE,2024,15 a 19 anos,92.0
2301901,Barbalha - CE,2024,20 a 24 anos,212.0
2301901,Barbalha - CE,2024,25 a 29 anos,296.0
2301901,Barbalha - CE,2024,30 a 34 anos,258.0
2301901,Barbalha - CE,2024,35 a 39 anos,146.0
2301901,Barbalha - CE,2024,40 a 44 anos,43.0
2301901,Barbalha - CE,2024,45 a 49 anos,1.0
2301901,Barbalha - CE,2024,50 anos ou mais,1.0
2301901,Barbalha - CE,2024,Ignorada,
2301950,Barreira - CE,2020,Total,376.0
2301950,Barreira - CE,2020,Menos de 15 anos,11.0
2301950,Barreira - CE,2020,15 a 19 anos,55.0
2301950,Barreira - CE,2020,20 a 24 anos,87.0
2301950,Barreira - CE,2020,25 a 29 anos,103.0
2301950,Barreira - CE,2020,30 a 34 anos,59.0
2301950,Barreira - CE,2020,35 a 39 anos,50.0
2301950,Barreira - CE,2020,40 a 44 anos,9.0
2301950,Barreira - CE,2020,45 a 49 anos,2.0
2301950,Barreira - CE,2020,50 anos ou mais,
2301950,Barreira - CE,2020,Ignorada,
2301950,Barreira - CE,2021,Total,323.0
2301950,Barreira - CE,2021,Menos de 15 anos,1.0
2301950,Barreira - CE,2021,15 a 19 anos,44.0
2301950,Barreira - CE,2021,20 a 24 anos,96.0
2301950,Barreira - CE,2021,25 a 29 anos,81.0
2301950,Barreira - CE,2021,30 a 34 anos,66.0
2301950,Barreira - CE,2021,35 a 39 anos,26.0
2301950,Barreira - CE,2021,40 a 44 anos,9.0
2301950,Barreira - CE,2021,45 a 49 anos,
2301950,Barreira - CE,2021,50 anos ou mais,
2301950,Barreira - CE,2021,Ignorada,
2301950,Barreira - CE,2022,Total,296.0
2301950,Barreira - CE,2022,Menos de 15 anos,2.0
2301950,Barreira - CE,2022,15 a 19 anos,50.0
2301950,Barreira - CE,2022,20 a 24 anos,84.0
2301950,Barreira - CE,2022,25 a 29 anos,64.0
2301950,Barreira - CE,2022,30 a 34 anos,53.0
2301950,Barreira - CE,2022,35 a 39 anos,34.0
2301950,Barreira - CE,2022,40 a 44 anos,9.0
2301950,Barreira - CE,2022,45 a 49 anos,
2301950,Barreira - CE,2022,50 anos ou mais,
2301950,Barreira - CE,2022,Ignorada,
2301950,Barreira - CE,2023,Total,298.0
2301950,Barreira - CE,2023,Menos de 15 anos,3.0
2301950,Barreira - CE,2023,15 a 19 anos,44.0
2301950,Barreira - CE,2023,20 a 24 anos,67.0
2301950,Barreira - CE,2023,25 a 29 anos,87.0
2301950,Barreira - CE,2023,30 a 34 anos,60.0
2301950,Barreira - CE,2023,35 a 39 anos,27.0
2301950,Barreira - CE,2023,40 a 44 anos,9.0
2301950,Barreira - CE,2023,45 a 49 anos,1.0
2301950,Barreira - CE,2023,50 anos ou mais,
2301950,Barreira - CE,2023,Ignorada,
2301950,Barreira - CE,2024,Total,262.0
2301950,Barreira - CE,2024,Menos de 15 anos,3.0
2301950,Barreira - CE,2024,15 a 19 anos,30.0
2301950,Barreira - CE,2024,20 a 24 anos,60.0
2301950,Barreira - CE,2024,25 a 29 anos,78.0
2301950,Barreira - CE,2024,30 a 34 anos,54.0
2301950,Barreira - CE,2024,35 a 39 anos,27.0
2301950,Barreira - CE,2024,40 a 44 anos,10.0
2301950,Barreira - CE,2024,45 a 49 anos,
2301950,Barreira - CE,2024,50 anos ou mais,
2301950,Barreira - CE,2024,Ignorada,
2302008,Barro - CE,2020,Total,220.0
2302008,Barro - CE,2020,Menos de 15 anos,1.0
2302008,Barro - CE,2020,15 a 19 anos,39.0
2302008,Barro - CE,2020,20 a 24 anos,49.0
2302008,Barro - CE,2020,25 a 29 anos,64.0
2302008,Barro - CE,2020,30 a 34 anos,35.0
2302008,Barro - CE,2020,35 a 39 anos,24.0
2302008,Barro - CE,2020,40 a 44 anos,8.0
2302008,Barro - CE,2020,45 a 49 anos,
2302008,Barro - CE,2020,50 anos ou mais,
2302008,Barro - CE,2020,Ignorada,
2302008,Barro - CE,2021,Total,233.0
2302008,Barro - CE,2021,Menos de 15 anos,2.0
2302008,Barro - CE,2021,15 a 19 anos,23.0
2302008,Barro - CE,2021,20 a 24 anos,56.0
2302008,Barro - CE,2021,25 a 29 anos,59.0
2302008,Barro - CE,2021,30 a 34 anos,57.0
2302008,Barro - CE,2021,35 a 39 anos,29.0
2302008,Barro - CE,2021,40 a 44 anos,7.0
2302008,Barro - CE,2021,45 a 49 anos,
2302008,Barro - CE,2021,50 anos ou mais,
2302008,Barro - CE,2021,Ignorada,
2302008,Barro - CE,2022,Total,205.0
2302008,Barro - CE,2022,Menos de 15 anos,
2302008,Barro - CE,2022,15 a 19 anos,23.0
2302008,Barro - CE,2022,20 a 24 anos,55.0
2302008,Barro - CE,2022,25 a 29 anos,47.0
2302008,Barro - CE,2022,30 a 34 anos,40.0
2302008,Barro - CE,2022,35 a 39 anos,31.0
2302008,Barro - CE,2022,40 a 44 anos,9.0
2302008,Barro - CE,2022,45 a 49 anos,
2302008,Barro - CE,2022,50 anos ou mais,
2302008,Barro - CE,2022,Ignorada,
2302008,Barro - CE,2023,Total,187.0
2302008,Barro - CE,2023,Menos de 15 anos,
2302008,Barro - CE,2023,15 a 19 anos,24.0
2302008,Barro - CE,2023,20 a 24 anos,44.0
2302008,Barro - CE,2023,25 a 29 anos,58.0
2302008,Barro - CE,2023,30 a 34 anos,41.0
2302008,Barro - CE,2023,35 a 39 anos,13.0
2302008,Barro - CE,2023,40 a 44 anos,6.0
2302008,Barro - CE,2023,45 a 49 anos,1.0
2302008,Barro - CE,2023,50 anos ou mais,
2302008,Barro - CE,2023,Ignorada,
2302008,Barro - CE,2024,Total,193.0
2302008,Barro - CE,2024,Menos de 15 anos,1.0
2302008,Barro - CE,2024,15 a 19 anos,16.0
2302008,Barro - CE,2024,20 a 24 anos,50.0
2302008,Barro - CE,2024,25 a 29 anos,56.0
2302008,Barro - CE,2024,30 a 34 anos,37.0
2302008,Barro - CE,2024,35 a 39 anos,25.0
2302008,Barro - CE,2024,40 a 44 anos,8.0
2302008,Barro - CE,2024,45 a 49 anos,
2302008,Barro - CE,2024,50 anos ou mais,
2302008,Barro - CE,2024,Ignorada,
2302057,Barroquinha - CE,2020,Total,224.0
2302057,Barroquinha - CE,2020,Menos de 15 anos,2.0
2302057,Barroquinha - CE,2020,15 a 19 anos,39.0
2302057,Barroquinha - CE,2020,20 a 24 anos,60.0
2302057,Barroquinha - CE,2020,25 a 29 anos,63.0
2302057,Barroquinha - CE,2020,30 a 34 anos,34.0
2302057,Barroquinha - CE,2020,35 a 39 anos,19.0
2302057,Barroquinha - CE,2020,40 a 44 anos,7.0
2302057,Barroquinha - CE,2020,45 a 49 anos,
2302057,Barroquinha - CE,2020,50 anos ou mais,
2302057,Barroquinha - CE,2020,Ignorada,
2302057,Barroquinha - CE,2021,Total,216.0
2302057,Barroquinha - CE,2021,Menos de 15 anos,3.0
2302057,Barroquinha - CE,2021,15 a 19 anos,34.0
2302057,Barroquinha - CE,2021,20 a 24 anos,67.0
2302057,Barroquinha - CE,2021,25 a 29 anos,48.0
2302057,Barroquinha - CE,2021,30 a 34 anos,31.0
2302057,Barroquinha - CE,2021,35 a 39 anos,28.0
2302057,Barroquinha - CE,2021,40 a 44 anos,5.0
2302057,Barroquinha - CE,2021,45 a 49 anos,
2302057,Barroquinha - CE,2021,50 anos ou mais,
2302057,Barroquinha - CE,2021,Ignorada,
2302057,Barroquinha - CE,2022,Total,202.0
2302057,Barroquinha - CE,2022,Menos de 15 anos,3.0
2302057,Barroquinha - CE,2022,15 a 19 anos,34.0
2302057,Barroquinha - CE,2022,20 a 24 anos,40.0
2302057,Barroquinha - CE,2022,25 a 29 anos,54.0
2302057,Barroquinha - CE,2022,30 a 34 anos,32.0
2302057,Barroquinha - CE,2022,35 a 39 anos,33.0
2302057,Barroquinha - CE,2022,40 a 44 anos,6.0
2302057,Barroquinha - CE,2022,45 a 49 anos,
2302057,Barroquinha - CE,2022,50 anos ou mais,
2302057,Barroquinha - CE,2022,Ignorada,
2302057,Barroquinha - CE,2023,Total,214.0
2302057,Barroquinha - CE,2023,Menos de 15 anos,1.0
2302057,Barroquinha - CE,2023,15 a 19 anos,29.0
2302057,Barroquinha - CE,2023,20 a 24 anos,48.0
2302057,Barroquinha - CE,2023,25 a 29 anos,57.0
2302057,Barroquinha - CE,2023,30 a 34 anos,44.0
2302057,Barroquinha - CE,2023,35 a 39 anos,28.0
2302057,Barroquinha - CE,2023,40 a 44 anos,7.0
2302057,Barroquinha - CE,2023,45 a 49 anos,
2302057,Barroquinha - CE,2023,50 anos ou mais,
2302057,Barroquinha - CE,2023,Ignorada,
2302057,Barroquinha - CE,2024,Total,210.0
2302057,Barroquinha - CE,2024,Menos de 15 anos,3.0
2302057,Barroquinha - CE,2024,15 a 19 anos,39.0
2302057,Barroquinha - CE,2024,20 a 24 anos,48.0
2302057,Barroquinha - CE,2024,25 a 29 anos,50.0
2302057,Barroquinha - CE,2024,30 a 34 anos,34.0
2302057,Barroquinha - CE,2024,35 a 39 anos,22.0
2302057,Barroquinha - CE,2024,40 a 44 anos,14.0
2302057,Barroquinha - CE,2024,45 a 49 anos,
2302057,Barroquinha - CE,2024,50 anos ou mais,
2302057,Barroquinha - CE,2024,Ignorada,
2302107,Baturité - CE,2020,Total,454.0
2302107,Baturité - CE,2020,Menos de 15 anos,1.0
2302107,Baturité - CE,2020,15 a 19 anos,55.0
2302107,Baturité - CE,2020,20 a 24 anos,123.0
2302107,Baturité - CE,2020,25 a 29 anos,125.0
2302107,Baturité - CE,2020,30 a 34 anos,87.0
2302107,Baturité - CE,2020,35 a 39 anos,47.0
2302107,Baturité - CE,2020,40 a 44 anos,14.0
2302107,Baturité - CE,2020,45 a 49 anos,1.0
2302107,Baturité - CE,2020,50 anos ou mais,
2302107,Baturité - CE,2020,Ignorada,1.0
2302107,Baturité - CE,2021,Total,435.0
2302107,Baturité - CE,2021,Menos de 15 anos,1.0
2302107,Baturité - CE,2021,15 a 19 anos,42.0
2302107,Baturité - CE,2021,20 a 24 anos,112.0
2302107,Baturité - CE,2021,25 a 29 anos,121.0
2302107,Baturité - CE,2021,30 a 34 anos,82.0
2302107,Baturité - CE,2021,35 a 39 anos,52.0
2302107,Baturité - CE,2021,40 a 44 anos,22.0
2302107,Baturité - CE,2021,45 a 49 anos,2.0
2302107,Baturité - CE,2021,50 anos ou mais,1.0
2302107,Baturité - CE,2021,Ignorada,
2302107,Baturité - CE,2022,Total,438.0
2302107,Baturité - CE,2022,Menos de 15 anos,1.0
2302107,Baturité - CE,2022,15 a 19 anos,61.0
2302107,Baturité - CE,2022,20 a 24 anos,114.0
2302107,Baturité - CE,2022,25 a 29 anos,103.0
2302107,Baturité - CE,2022,30 a 34 anos,82.0
2302107,Baturité - CE,2022,35 a 39 anos,57.0
2302107,Baturité - CE,2022,40 a 44 anos,18.0
2302107,Baturité - CE,2022,45 a 49 anos,2.0
2302107,Baturité - CE,2022,50 anos ou mais,
2302107,Baturité - CE,2022,Ignorada,
2302107,Baturité - CE,2023,Total,432.0
2302107,Baturité - CE,2023,Menos de 15 anos,3.0
2302107,Baturité - CE,2023,15 a 19 anos,58.0
2302107,Baturité - CE,2023,20 a 24 anos,94.0
2302107,Baturité - CE,2023,25 a 29 anos,124.0
2302107,Baturité - CE,2023,30 a 34 anos,69.0
2302107,Baturité - CE,2023,35 a 39 anos,65.0
2302107,Baturité - CE,2023,40 a 44 anos,19.0
2302107,Baturité - CE,2023,45 a 49 anos,
2302107,Baturité - CE,2023,50 anos ou mais,
2302107,Baturité - CE,2023,Ignorada,
2302107,Baturité - CE,2024,Total,407.0
2302107,Baturité - CE,2024,Menos de 15 anos,2.0
2302107,Baturité - CE,2024,15 a 19 anos,53.0
2302107,Baturité - CE,2024,20 a 24 anos,96.0
2302107,Baturité - CE,2024,25 a 29 anos,117.0
2302107,Baturité - CE,2024,30 a 34 anos,86.0
2302107,Baturité - CE,2024,35 a 39 anos,37.0
2302107,Baturité - CE,2024,40 a 44 anos,15.0
2302107,Baturité - CE,2024,45 a 49 anos,1.0
2302107,Baturité - CE,2024,50 anos ou mais,
2302107,Baturité - CE,2024,Ignorada,
2302206,Beberibe - CE,2020,Total,581.0
2302206,Beberibe - CE,2020,Menos de 15 anos,4.0
2302206,Beberibe - CE,2020,15 a 19 anos,67.0
2302206,Beberibe - CE,2020,20 a 24 anos,139.0
2302206,Beberibe - CE,2020,25 a 29 anos,153.0
2302206,Beberibe - CE,2020,30 a 34 anos,117.0
2302206,Beberibe - CE,2020,35 a 39 anos,75.0
2302206,Beberibe - CE,2020,40 a 44 anos,24.0
2302206,Beberibe - CE,2020,45 a 49 anos,2.0
2302206,Beberibe - CE,2020,50 anos ou mais,
2302206,Beberibe - CE,2020,Ignorada,
2302206,Beberibe - CE,2021,Total,644.0
2302206,Beberibe - CE,2021,Menos de 15 anos,2.0
2302206,Beberibe - CE,2021,15 a 19 anos,80.0
2302206,Beberibe - CE,2021,20 a 24 anos,134.0
2302206,Beberibe - CE,2021,25 a 29 anos,176.0
2302206,Beberibe - CE,2021,30 a 34 anos,132.0
2302206,Beberibe - CE,2021,35 a 39 anos,99.0
2302206,Beberibe - CE,2021,40 a 44 anos,19.0
2302206,Beberibe - CE,2021,45 a 49 anos,2.0
2302206,Beberibe - CE,2021,50 anos ou mais,
2302206,Beberibe - CE,2021,Ignorada,
2302206,Beberibe - CE,2022,Total,601.0
2302206,Beberibe - CE,2022,Menos de 15 anos,3.0
2302206,Beberibe - CE,2022,15 a 19 anos,65.0
2302206,Beberibe - CE,2022,20 a 24 anos,141.0
2302206,Beberibe - CE,2022,25 a 29 anos,169.0
2302206,Beberibe - CE,2022,30 a 34 anos,116.0
2302206,Beberibe - CE,2022,35 a 39 anos,79.0
2302206,Beberibe - CE,2022,40 a 44 anos,28.0
2302206,Beberibe - CE,2022,45 a 49 anos,
2302206,Beberibe - CE,2022,50 anos ou mais,
2302206,Beberibe - CE,2022,Ignorada,
2302206,Beberibe - CE,2023,Total,567.0
2302206,Beberibe - CE,2023,Menos de 15 anos,5.0
2302206,Beberibe - CE,2023,15 a 19 anos,72.0
2302206,Beberibe - CE,2023,20 a 24 anos,133.0
2302206,Beberibe - CE,2023,25 a 29 anos,158.0
2302206,Beberibe - CE,2023,30 a 34 anos,101.0
2302206,Beberibe - CE,2023,35 a 39 anos,71.0
2302206,Beberibe - CE,2023,40 a 44 anos,26.0
2302206,Beberibe - CE,2023,45 a 49 anos,1.0
2302206,Beberibe - CE,2023,50 anos ou mais,
2302206,Beberibe - CE,2023,Ignorada,
2302206,Beberibe - CE,2024,Total,511.0
2302206,Beberibe - CE,2024,Menos de 15 anos,2.0
2302206,Beberibe - CE,2024,15 a 19 anos,72.0
2302206,Beberibe - CE,2024,20 a 24 anos,118.0
2302206,Beberibe - CE,2024,25 a 29 anos,127.0
2302206,Beberibe - CE,2024,30 a 34 anos,102.0
2302206,Beberibe - CE,2024,35 a 39 anos,73.0
2302206,Beberibe - CE,2024,40 a 44 anos,17.0
2302206,Beberibe - CE,2024,45 a 49 anos,
2302206,Beberibe - CE,2024,50 anos ou mais,
2302206,Beberibe - CE,2024,Ignorada,
2302305,Bela Cruz - CE,2020,Total,381.0
2302305,Bela Cruz - CE,2020,Menos de 15 anos,6.0
2302305,Bela Cruz - CE,2020,15 a 19 anos,55.0
2302305,Bela Cruz - CE,2020,20 a 24 anos,82.0
2302305,Bela Cruz - CE,2020,25 a 29 anos,97.0
2302305,Bela Cruz - CE,2020,30 a 34 anos,79.0
2302305,Bela Cruz - CE,2020,35 a 39 anos,46.0
2302305,Bela Cruz - CE,2020,40 a 44 anos,16.0
2302305,Bela Cruz - CE,2020,45 a 49 anos,
2302305,Bela Cruz - CE,2020,50 anos ou mais,
2302305,Bela Cruz - CE,2020,Ignorada,
2302305,Bela Cruz - CE,2021,Total,395.0
2302305,Bela Cruz - CE,2021,Menos de 15 anos,6.0
2302305,Bela Cruz - CE,2021,15 a 19 anos,59.0
2302305,Bela Cruz - CE,2021,20 a 24 anos,99.0
2302305,Bela Cruz - CE,2021,25 a 29 anos,99.0
2302305,Bela Cruz - CE,2021,30 a 34 anos,72.0
2302305,Bela Cruz - CE,2021,35 a 39 anos,42.0
2302305,Bela Cruz - CE,2021,40 a 44 anos,15.0
2302305,Bela Cruz - CE,2021,45 a 49 anos,3.0
2302305,Bela Cruz - CE,2021,50 anos ou mais,
2302305,Bela Cruz - CE,2021,Ignorada,
2302305,Bela Cruz - CE,2022,Total,358.0
2302305,Bela Cruz - CE,2022,Menos de 15 anos,3.0
2302305,Bela Cruz - CE,2022,15 a 19 anos,52.0
2302305,Bela Cruz - CE,2022,20 a 24 anos,87.0
2302305,Bela Cruz - CE,2022,25 a 29 anos,83.0
2302305,Bela Cruz - CE,2022,30 a 34 anos,67.0
2302305,Bela Cruz - CE,2022,35 a 39 anos,49.0
2302305,Bela Cruz - CE,2022,40 a 44 anos,14.0
2302305,Bela Cruz - CE,2022,45 a 49 anos,3.0
2302305,Bela Cruz - CE,2022,50 anos ou mais,
2302305,Bela Cruz - CE,2022,Ignorada,
2302305,Bela Cruz - CE,2023,Total,337.0
2302305,Bela Cruz - CE,2023,Menos de 15 anos,2.0
2302305,Bela Cruz - CE,2023,15 a 19 anos,43.0
2302305,Bela Cruz - CE,2023,20 a 24 anos,81.0
2302305,Bela Cruz - CE,2023,25 a 29 anos,94.0
2302305,Bela Cruz - CE,2023,30 a 34 anos,72.0
2302305,Bela Cruz - CE,2023,35 a 39 anos,30.0
2302305,Bela Cruz - CE,2023,40 a 44 anos,12.0
2302305,Bela Cruz - CE,2023,45 a 49 anos,3.0
2302305,Bela Cruz - CE,2023,50 anos ou mais,
2302305,Bela Cruz - CE,2023,Ignorada,
2302305,Bela Cruz - CE,2024,Total,351.0
2302305,Bela Cruz - CE,2024,Menos de 15 anos,3.0
2302305,Bela Cruz - CE,2024,15 a 19 anos,35.0
2302305,Bela Cruz - CE,2024,20 a 24 anos,68.0
2302305,Bela Cruz - CE,2024,25 a 29 anos,106.0
2302305,Bela Cruz - CE,2024,30 a 34 anos,78.0
2302305,Bela Cruz - CE,2024,35 a 39 anos,50.0
2302305,Bela Cruz - CE,2024,40 a 44 anos,10.0
2302305,Bela Cruz - CE,2024,45 a 49 anos,1.0
2302305,Bela Cruz - CE,2024,50 anos ou mais,
2302305,Bela Cruz - CE,2024,Ignorada,
2302404,Boa Viagem - CE,2020,Total,571.0
2302404,Boa Viagem - CE,2020,Menos de 15 anos,4.0
2302404,Boa Viagem - CE,2020,15 a 19 anos,101.0
2302404,Boa Viagem - CE,2020,20 a 24 anos,144.0
2302404,Boa Viagem - CE,2020,25 a 29 anos,131.0
2302404,Boa Viagem - CE,2020,30 a 34 anos,108.0
2302404,Boa Viagem - CE,2020,35 a 39 anos,63.0
2302404,Boa Viagem - CE,2020,40 a 44 anos,20.0
2302404,Boa Viagem - CE,2020,45 a 49 anos,
2302404,Boa Viagem - CE,2020,50 anos ou mais,
2302404,Boa Viagem - CE,2020,Ignorada,
2302404,Boa Viagem - CE,2021,Total,613.0
2302404,Boa Viagem - CE,2021,Menos de 15 anos,8.0
2302404,Boa Viagem - CE,2021,15 a 19 anos,101.0
2302404,Boa Viagem - CE,2021,20 a 24 anos,172.0
2302404,Boa Viagem - CE,2021,25 a 29 anos,170.0
2302404,Boa Viagem - CE,2021,30 a 34 anos,89.0
2302404,Boa Viagem - CE,2021,35 a 39 anos,53.0
2302404,Boa Viagem - CE,2021,40 a 44 anos,18.0
2302404,Boa Viagem - CE,2021,45 a 49 anos,2.0
2302404,Boa Viagem - CE,2021,50 anos ou mais,
2302404,Boa Viagem - CE,2021,Ignorada,
2302404,Boa Viagem - CE,2022,Total,557.0
2302404,Boa Viagem - CE,2022,Menos de 15 anos,5.0
2302404,Boa Viagem - CE,2022,15 a 19 anos,95.0
2302404,Boa Viagem - CE,2022,20 a 24 anos,140.0
2302404,Boa Viagem - CE,2022,25 a 29 anos,141.0
2302404,Boa Viagem - CE,2022,30 a 34 anos,101.0
2302404,Boa Viagem - CE,2022,35 a 39 anos,57.0
2302404,Boa Viagem - CE,2022,40 a 44 anos,18.0
2302404,Boa Viagem - CE,2022,45 a 49 anos,
2302404,Boa Viagem - CE,2022,50 anos ou mais,
2302404,Boa Viagem - CE,2022,Ignorada,
2302404,Boa Viagem - CE,2023,Total,580.0
2302404,Boa Viagem - CE,2023,Menos de 15 anos,2.0
2302404,Boa Viagem - CE,2023,15 a 19 anos,77.0
2302404,Boa Viagem - CE,2023,20 a 24 anos,162.0
2302404,Boa Viagem - CE,2023,25 a 29 anos,153.0
2302404,Boa Viagem - CE,2023,30 a 34 anos,105.0
2302404,Boa Viagem - CE,2023,35 a 39 anos,67.0
2302404,Boa Viagem - CE,2023,40 a 44 anos,13.0
2302404,Boa Viagem - CE,2023,45 a 49 anos,1.0
2302404,Boa Viagem - CE,2023,50 anos ou mais,
2302404,Boa Viagem - CE,2023,Ignorada,
2302404,Boa Viagem - CE,2024,Total,539.0
2302404,Boa Viagem - CE,2024,Menos de 15 anos,6.0
2302404,Boa Viagem - CE,2024,15 a 19 anos,91.0
2302404,Boa Viagem - CE,2024,20 a 24 anos,119.0
2302404,Boa Viagem - CE,2024,25 a 29 anos,138.0
2302404,Boa Viagem - CE,2024,30 a 34 anos,106.0
2302404,Boa Viagem - CE,2024,35 a 39 anos,60.0
2302404,Boa Viagem - CE,2024,40 a 44 anos,18.0
2302404,Boa Viagem - CE,2024,45 a 49 anos,1.0
2302404,Boa Viagem - CE,2024,50 anos ou mais,
2302404,Boa Viagem - CE,2024,Ignorada,
2302503,Brejo Santo - CE,2020,Total,777.0
2302503,Brejo Santo - CE,2020,Menos de 15 anos,5.0
2302503,Brejo Santo - CE,2020,15 a 19 anos,89.0
2302503,Brejo Santo - CE,2020,20 a 24 anos,224.0
2302503,Brejo Santo - CE,2020,25 a 29 anos,185.0
2302503,Brejo Santo - CE,2020,30 a 34 anos,175.0
2302503,Brejo Santo - CE,2020,35 a 39 anos,82.0
2302503,Brejo Santo - CE,2020,40 a 44 anos,15.0
2302503,Brejo Santo - CE,2020,45 a 49 anos,2.0
2302503,Brejo Santo - CE,2020,50 anos ou mais,
2302503,Brejo Santo - CE,2020,Ignorada,
2302503,Brejo Santo - CE,2021,Total,657.0
2302503,Brejo Santo - CE,2021,Menos de 15 anos,2.0
2302503,Brejo Santo - CE,2021,15 a 19 anos,88.0
2302503,Brejo Santo - CE,2021,20 a 24 anos,184.0
2302503,Brejo Santo - CE,2021,25 a 29 anos,162.0
2302503,Brejo Santo - CE,2021,30 a 34 anos,135.0
2302503,Brejo Santo - CE,2021,35 a 39 anos,63.0
2302503,Brejo Santo - CE,2021,40 a 44 anos,18.0
2302503,Brejo Santo - CE,2021,45 a 49 anos,4.0
2302503,Brejo Santo - CE,2021,50 anos ou mais,1.0
2302503,Brejo Santo - CE,2021,Ignorada,
2302503,Brejo Santo - CE,2022,Total,699.0
2302503,Brejo Santo - CE,2022,Menos de 15 anos,7.0
2302503,Brejo Santo - CE,2022,15 a 19 anos,85.0
2302503,Brejo Santo - CE,2022,20 a 24 anos,183.0
2302503,Brejo Santo - CE,2022,25 a 29 anos,156.0
2302503,Brejo Santo - CE,2022,30 a 34 anos,154.0
2302503,Brejo Santo - CE,2022,35 a 39 anos,89.0
2302503,Brejo Santo - CE,2022,40 a 44 anos,23.0
2302503,Brejo Santo - CE,2022,45 a 49 anos,2.0
2302503,Brejo Santo - CE,2022,50 anos ou mais,
2302503,Brejo Santo - CE,2022,Ignorada,
2302503,Brejo Santo - CE,2023,Total,714.0
2302503,Brejo Santo - CE,2023,Menos de 15 anos,5.0
2302503,Brejo Santo - CE,2023,15 a 19 anos,90.0
2302503,Brejo Santo - CE,2023,20 a 24 anos,179.0
2302503,Brejo Santo - CE,2023,25 a 29 anos,178.0
2302503,Brejo Santo - CE,2023,30 a 34 anos,145.0
2302503,Brejo Santo - CE,2023,35 a 39 anos,89.0
2302503,Brejo Santo - CE,2023,40 a 44 anos,27.0
2302503,Brejo Santo - CE,2023,45 a 49 anos,1.0
2302503,Brejo Santo - CE,2023,50 anos ou mais,
2302503,Brejo Santo - CE,2023,Ignorada,
2302503,Brejo Santo - CE,2024,Total,677.0
2302503,Brejo Santo - CE,2024,Menos de 15 anos,6.0
2302503,Brejo Santo - CE,2024,15 a 19 anos,74.0
2302503,Brejo Santo - CE,2024,20 a 24 anos,190.0
2302503,Brejo Santo - CE,2024,25 a 29 anos,178.0
2302503,Brejo Santo - CE,2024,30 a 34 anos,138.0
2302503,Brejo Santo - CE,2024,35 a 39 anos,77.0
2302503,Brejo Santo - CE,2024,40 a 44 anos,14.0
2302503,Brejo Santo - CE,2024,45 a 49 anos,
2302503,Brejo Santo - CE,2024,50 anos ou mais,
2302503,Brejo Santo - CE,2024,Ignorada,
2302602,Camocim - CE,2020,Total,862.0
2302602,Camocim - CE,2020,Menos de 15 anos,11.0
2302602,Camocim - CE,2020,15 a 19 anos,142.0
2302602,Camocim - CE,2020,20 a 24 anos,240.0
2302602,Camocim - CE,2020,25 a 29 anos,205.0
2302602,Camocim - CE,2020,30 a 34 anos,160.0
2302602,Camocim - CE,2020,35 a 39 anos,79.0
2302602,Camocim - CE,2020,40 a 44 anos,24.0
2302602,Camocim - CE,2020,45 a 49 anos,1.0
2302602,Camocim - CE,2020,50 anos ou mais,
2302602,Camocim - CE,2020,Ignorada,
2302602,Camocim - CE,2021,Total,922.0
2302602,Camocim - CE,2021,Menos de 15 anos,9.0
2302602,Camocim - CE,2021,15 a 19 anos,142.0
2302602,Camocim - CE,2021,20 a 24 anos,223.0
2302602,Camocim - CE,2021,25 a 29 anos,230.0
2302602,Camocim - CE,2021,30 a 34 anos,186.0
2302602,Camocim - CE,2021,35 a 39 anos,102.0
2302602,Camocim - CE,2021,40 a 44 anos,27.0
2302602,Camocim - CE,2021,45 a 49 anos,3.0
2302602,Camocim - CE,2021,50 anos ou mais,
2302602,Camocim - CE,2021,Ignorada,
2302602,Camocim - CE,2022,Total,785.0
2302602,Camocim - CE,2022,Menos de 15 anos,6.0
2302602,Camocim - CE,2022,15 a 19 anos,98.0
2302602,Camocim - CE,2022,20 a 24 anos,194.0
2302602,Camocim - CE,2022,25 a 29 anos,217.0
2302602,Camocim - CE,2022,30 a 34 anos,170.0
2302602,Camocim - CE,2022,35 a 39 anos,76.0
2302602,Camocim - CE,2022,40 a 44 anos,24.0
2302602,Camocim - CE,2022,45 a 49 anos,
2302602,Camocim - CE,2022,50 anos ou mais,
2302602,Camocim - CE,2022,Ignorada,
2302602,Camocim - CE,2023,Total,933.0
2302602,Camocim - CE,2023,Menos de 15 anos,9.0
2302602,Camocim - CE,2023,15 a 19 anos,124.0
2302602,Camocim - CE,2023,20 a 24 anos,214.0
2302602,Camocim - CE,2023,25 a 29 anos,264.0
2302602,Camocim - CE,2023,30 a 34 anos,184.0
2302602,Camocim - CE,2023,35 a 39 anos,106.0
2302602,Camocim - CE,2023,40 a 44 anos,28.0
2302602,Camocim - CE,2023,45 a 49 anos,4.0
2302602,Camocim - CE,2023,50 anos ou mais,
2302602,Camocim - CE,2023,Ignorada,
2302602,Camocim - CE,2024,Total,785.0
2302602,Camocim - CE,2024,Menos de 15 anos,9.0
2302602,Camocim - CE,2024,15 a 19 anos,106.0
2302602,Camocim - CE,2024,20 a 24 anos,188.0
2302602,Camocim - CE,2024,25 a 29 anos,217.0
2302602,Camocim - CE,2024,30 a 34 anos,164.0
2302602,Camocim - CE,2024,35 a 39 anos,75.0
2302602,Camocim - CE,2024,40 a 44 anos,24.0
2302602,Camocim - CE,2024,45 a 49 anos,1.0
2302602,Camocim - CE,2024,50 anos ou mais,
2302602,Camocim - CE,2024,Ignorada,1.0
2302701,Campos Sales - CE,2020,Total,324.0
2302701,Campos Sales - CE,2020,Menos de 15 anos,3.0
2302701,Campos Sales - CE,2020,15 a 19 anos,57.0
2302701,Campos Sales - CE,2020,20 a 24 anos,80.0
2302701,Campos Sales - CE,2020,25 a 29 anos,64.0
2302701,Campos Sales - CE,2020,30 a 34 anos,73.0
2302701,Campos Sales - CE,2020,35 a 39 anos,35.0
2302701,Campos Sales - CE,2020,40 a 44 anos,9.0
2302701,Campos Sales - CE,2020,45 a 49 anos,
2302701,Campos Sales - CE,2020,50 anos ou mais,
2302701,Campos Sales - CE,2020,Ignorada,3.0
2302701,Campos Sales - CE,2021,Total,363.0
2302701,Campos Sales - CE,2021,Menos de 15 anos,5.0
2302701,Campos Sales - CE,2021,15 a 19 anos,53.0
2302701,Campos Sales - CE,2021,20 a 24 anos,106.0
2302701,Campos Sales - CE,2021,25 a 29 anos,88.0
2302701,Campos Sales - CE,2021,30 a 34 anos,70.0
2302701,Campos Sales - CE,2021,35 a 39 anos,35.0
2302701,Campos Sales - CE,2021,40 a 44 anos,5.0
2302701,Campos Sales - CE,2021,45 a 49 anos,
2302701,Campos Sales - CE,2021,50 anos ou mais,
2302701,Campos Sales - CE,2021,Ignorada,1.0
2302701,Campos Sales - CE,2022,Total,365.0
2302701,Campos Sales - CE,2022,Menos de 15 anos,3.0
2302701,Campos Sales - CE,2022,15 a 19 anos,59.0
2302701,Campos Sales - CE,2022,20 a 24 anos,94.0
2302701,Campos Sales - CE,2022,25 a 29 anos,82.0
2302701,Campos Sales - CE,2022,30 a 34 anos,69.0
2302701,Campos Sales - CE,2022,35 a 39 anos,44.0
2302701,Campos Sales - CE,2022,40 a 44 anos,13.0
2302701,Campos Sales - CE,2022,45 a 49 anos,1.0
2302701,Campos Sales - CE,2022,50 anos ou mais,
2302701,Campos Sales - CE,2022,Ignorada,
2302701,Campos Sales - CE,2023,Total,340.0
2302701,Campos Sales - CE,2023,Menos de 15 anos,2.0
2302701,Campos Sales - CE,2023,15 a 19 anos,56.0
2302701,Campos Sales - CE,2023,20 a 24 anos,90.0
2302701,Campos Sales - CE,2023,25 a 29 anos,77.0
2302701,Campos Sales - CE,2023,30 a 34 anos,66.0
2302701,Campos Sales - CE,2023,35 a 39 anos,39.0
2302701,Campos Sales - CE,2023,40 a 44 anos,9.0
2302701,Campos Sales - CE,2023,45 a 49 anos,1.0
2302701,Campos Sales - CE,2023,50 anos ou mais,
2302701,Campos Sales - CE,2023,Ignorada,
2302701,Campos Sales - CE,2024,Total,322.0
2302701,Campos Sales - CE,2024,Menos de 15 anos,2.0
2302701,Campos Sales - CE,2024,15 a 19 anos,43.0
2302701,Campos Sales - CE,2024,20 a 24 anos,80.0
2302701,Campos Sales - CE,2024,25 a 29 anos,76.0
2302701,Campos Sales - CE,2024,30 a 34 anos,83.0
2302701,Campos Sales - CE,2024,35 a 39 anos,29.0
2302701,Campos Sales - CE,2024,40 a 44 anos,9.0
2302701,Campos Sales - CE,2024,45 a 49 anos,
2302701,Campos Sales - CE,2024,50 anos ou mais,
2302701,Campos Sales - CE,2024,Ignorada,
2302800,Canindé - CE,2020,Total,900.0
2302800,Canindé - CE,2020,Menos de 15 anos,14.0
2302800,Canindé - CE,2020,15 a 19 anos,158.0
2302800,Canindé - CE,2020,20 a 24 anos,248.0
2302800,Canindé - CE,2020,25 a 29 anos,204.0
2302800,Canindé - CE,2020,30 a 34 anos,156.0
2302800,Canindé - CE,2020,35 a 39 anos,89.0
2302800,Canindé - CE,2020,40 a 44 anos,29.0
2302800,Canindé - CE,2020,45 a 49 anos,2.0
2302800,Canindé - CE,2020,50 anos ou mais,
2302800,Canindé - CE,2020,Ignorada,
2302800,Canindé - CE,2021,Total,1020.0
2302800,Canindé - CE,2021,Menos de 15 anos,9.0
2302800,Canindé - CE,2021,15 a 19 anos,135.0
2302800,Canindé - CE,2021,20 a 24 anos,286.0
2302800,Canindé - CE,2021,25 a 29 anos,259.0
2302800,Canindé - CE,2021,30 a 34 anos,188.0
2302800,Canindé - CE,2021,35 a 39 anos,119.0
2302800,Canindé - CE,2021,40 a 44 anos,23.0
2302800,Canindé - CE,2021,45 a 49 anos,1.0
2302800,Canindé - CE,2021,50 anos ou mais,
2302800,Canindé - CE,2021,Ignorada,
2302800,Canindé - CE,2022,Total,988.0
2302800,Canindé - CE,2022,Menos de 15 anos,9.0
2302800,Canindé - CE,2022,15 a 19 anos,131.0
2302800,Canindé - CE,2022,20 a 24 anos,259.0
2302800,Canindé - CE,2022,25 a 29 anos,237.0
2302800,Canindé - CE,2022,30 a 34 anos,197.0
2302800,Canindé - CE,2022,35 a 39 anos,124.0
2302800,Canindé - CE,2022,40 a 44 anos,29.0
2302800,Canindé - CE,2022,45 a 49 anos,2.0
2302800,Canindé - CE,2022,50 anos ou mais,
2302800,Canindé - CE,2022,Ignorada,
2302800,Canindé - CE,2023,Total,1017.0
2302800,Canindé - CE,2023,Menos de 15 anos,10.0
2302800,Canindé - CE,2023,15 a 19 anos,148.0
2302800,Canindé - CE,2023,20 a 24 anos,209.0
2302800,Canindé - CE,2023,25 a 29 anos,282.0
2302800,Canindé - CE,2023,30 a 34 anos,211.0
2302800,Canindé - CE,2023,35 a 39 anos,120.0
2302800,Canindé - CE,2023,40 a 44 anos,35.0
2302800,Canindé - CE,2023,45 a 49 anos,2.0
2302800,Canindé - CE,2023,50 anos ou mais,
2302800,Canindé - CE,2023,Ignorada,
2302800,Canindé - CE,2024,Total,858.0
2302800,Canindé - CE,2024,Menos de 15 anos,4.0
2302800,Canindé - CE,2024,15 a 19 anos,106.0
2302800,Canindé - CE,2024,20 a 24 anos,194.0
2302800,Canindé - CE,2024,25 a 29 anos,238.0
2302800,Canindé - CE,2024,30 a 34 anos,182.0
2302800,Canindé - CE,2024,35 a 39 anos,111.0
2302800,Canindé - CE,2024,40 a 44 anos,19.0
2302800,Canindé - CE,2024,45 a 49 anos,4.0
2302800,Canindé - CE,2024,50 anos ou mais,
2302800,Canindé - CE,2024,Ignorada,
2302909,Capistrano - CE,2020,Total,256.0
2302909,Capistrano - CE,2020,Menos de 15 anos,1.0
2302909,Capistrano - CE,2020,15 a 19 anos,33.0
2302909,Capistrano - CE,2020,20 a 24 anos,50.0
2302909,Capistrano - CE,2020,25 a 29 anos,65.0
2302909,Capistrano - CE,2020,30 a 34 anos,63.0
2302909,Capistrano - CE,2020,35 a 39 anos,34.0
2302909,Capistrano - CE,2020,40 a 44 anos,8.0
2302909,Capistrano - CE,2020,45 a 49 anos,1.0
2302909,Capistrano - CE,2020,50 anos ou mais,
2302909,Capistrano - CE,2020,Ignorada,1.0
2302909,Capistrano - CE,2021,Total,225.0
2302909,Capistrano - CE,2021,Menos de 15 anos,4.0
2302909,Capistrano - CE,2021,15 a 19 anos,31.0
2302909,Capistrano - CE,2021,20 a 24 anos,51.0
2302909,Capistrano - CE,2021,25 a 29 anos,51.0
2302909,Capistrano - CE,2021,30 a 34 anos,44.0
2302909,Capistrano - CE,2021,35 a 39 anos,33.0
2302909,Capistrano - CE,2021,40 a 44 anos,10.0
2302909,Capistrano - CE,2021,45 a 49 anos,1.0
2302909,Capistrano - CE,2021,50 anos ou mais,
2302909,Capistrano - CE,2021,Ignorada,
2302909,Capistrano - CE,2022,Total,242.0
2302909,Capistrano - CE,2022,Menos de 15 anos,
2302909,Capistrano - CE,2022,15 a 19 anos,26.0
2302909,Capistrano - CE,2022,20 a 24 anos,51.0
2302909,Capistrano - CE,2022,25 a 29 anos,70.0
2302909,Capistrano - CE,2022,30 a 34 anos,44.0
2302909,Capistrano - CE,2022,35 a 39 anos,34.0
2302909,Capistrano - CE,2022,40 a 44 anos,16.0
2302909,Capistrano - CE,2022,45 a 49 anos,
2302909,Capistrano - CE,2022,50 anos ou mais,
2302909,Capistrano - CE,2022,Ignorada,1.0
2302909,Capistrano - CE,2023,Total,216.0
2302909,Capistrano - CE,2023,Menos de 15 anos,
2302909,Capistrano - CE,2023,15 a 19 anos,28.0
2302909,Capistrano - CE,2023,20 a 24 anos,47.0
2302909,Capistrano - CE,2023,25 a 29 anos,59.0
2302909,Capistrano - CE,2023,30 a 34 anos,43.0
2302909,Capistrano - CE,2023,35 a 39 anos,29.0
2302909,Capistrano - CE,2023,40 a 44 anos,7.0
2302909,Capistrano - CE,2023,45 a 49 anos,3.0
2302909,Capistrano - CE,2023,50 anos ou mais,
2302909,Capistrano - CE,2023,Ignorada,
2302909,Capistrano - CE,2024,Total,200.0
2302909,Capistrano - CE,2024,Menos de 15 anos,2.0
2302909,Capistrano - CE,2024,15 a 19 anos,20.0
2302909,Capistrano - CE,2024,20 a 24 anos,42.0
2302909,Capistrano - CE,2024,25 a 29 anos,65.0
2302909,Capistrano - CE,2024,30 a 34 anos,44.0
2302909,Capistrano - CE,2024,35 a 39 anos,19.0
2302909,Capistrano - CE,2024,40 a 44 anos,8.0
2302909,Capistrano - CE,2024,45 a 49 anos,
2302909,Capistrano - CE,2024,50 anos ou mais,
2302909,Capistrano - CE,2024,Ignorada,
2303006,Caridade - CE,2020,Total,244.0
2303006,Caridade - CE,2020,Menos de 15 anos,1.0
2303006,Caridade - CE,2020,15 a 19 anos,32.0
2303006,Caridade - CE,2020,20 a 24 anos,68.0
2303006,Caridade - CE,2020,25 a 29 anos,47.0
2303006,Caridade - CE,2020,30 a 34 anos,52.0
2303006,Caridade - CE,2020,35 a 39 anos,37.0
2303006,Caridade - CE,2020,40 a 44 anos,6.0
2303006,Caridade - CE,2020,45 a 49 anos,1.0
2303006,Caridade - CE,2020,50 anos ou mais,
2303006,Caridade - CE,2020,Ignorada,
2303006,Caridade - CE,2021,Total,274.0
2303006,Caridade - CE,2021,Menos de 15 anos,5.0
2303006,Caridade - CE,2021,15 a 19 anos,38.0
2303006,Caridade - CE,2021,20 a 24 anos,68.0
2303006,Caridade - CE,2021,25 a 29 anos,69.0
2303006,Caridade - CE,2021,30 a 34 anos,53.0
2303006,Caridade - CE,2021,35 a 39 anos,30.0
2303006,Caridade - CE,2021,40 a 44 anos,11.0
2303006,Caridade - CE,2021,45 a 49 anos,
2303006,Caridade - CE,2021,50 anos ou mais,
2303006,Caridade - CE,2021,Ignorada,
2303006,Caridade - CE,2022,Total,215.0
2303006,Caridade - CE,2022,Menos de 15 anos,1.0
2303006,Caridade - CE,2022,15 a 19 anos,37.0
2303006,Caridade - CE,2022,20 a 24 anos,61.0
2303006,Caridade - CE,2022,25 a 29 anos,44.0
2303006,Caridade - CE,2022,30 a 34 anos,38.0
2303006,Caridade - CE,2022,35 a 39 anos,22.0
2303006,Caridade - CE,2022,40 a 44 anos,11.0
2303006,Caridade - CE,2022,45 a 49 anos,1.0
2303006,Caridade - CE,2022,50 anos ou mais,
2303006,Caridade - CE,2022,Ignorada,
2303006,Caridade - CE,2023,Total,207.0
2303006,Caridade - CE,2023,Menos de 15 anos,2.0
2303006,Caridade - CE,2023,15 a 19 anos,31.0
2303006,Caridade - CE,2023,20 a 24 anos,48.0
2303006,Caridade - CE,2023,25 a 29 anos,55.0
2303006,Caridade - CE,2023,30 a 34 anos,49.0
2303006,Caridade - CE,2023,35 a 39 anos,16.0
2303006,Caridade - CE,2023,40 a 44 anos,5.0
2303006,Caridade - CE,2023,45 a 49 anos,1.0
2303006,Caridade - CE,2023,50 anos ou mais,
2303006,Caridade - CE,2023,Ignorada,
2303006,Caridade - CE,2024,Total,203.0
2303006,Caridade - CE,2024,Menos de 15 anos,1.0
2303006,Caridade - CE,2024,15 a 19 anos,27.0
2303006,Caridade - CE,2024,20 a 24 anos,48.0
2303006,Caridade - CE,2024,25 a 29 anos,55.0
2303006,Caridade - CE,2024,30 a 34 anos,37.0
2303006,Caridade - CE,2024,35 a 39 anos,28.0
2303006,Caridade - CE,2024,40 a 44 anos,7.0
2303006,Caridade - CE,2024,45 a 49 anos,
2303006,Caridade - CE,2024,50 anos ou mais,
2303006,Caridade - CE,2024,Ignorada,
2303105,Cariré - CE,2020,Total,252.0
2303105,Cariré - CE,2020,Menos de 15 anos,3.0
2303105,Cariré - CE,2020,15 a 19 anos,34.0
2303105,Cariré - CE,2020,20 a 24 anos,57.0
2303105,Cariré - CE,2020,25 a 29 anos,67.0
2303105,Cariré - CE,2020,30 a 34 anos,48.0
2303105,Cariré - CE,2020,35 a 39 anos,29.0
2303105,Cariré - CE,2020,40 a 44 anos,10.0
2303105,Cariré - CE,2020,45 a 49 anos,1.0
2303105,Cariré - CE,2020,50 anos ou mais,
2303105,Cariré - CE,2020,Ignorada,3.0
2303105,Cariré - CE,2021,Total,225.0
2303105,Cariré - CE,2021,Menos de 15 anos,
2303105,Cariré - CE,2021,15 a 19 anos,37.0
2303105,Cariré - CE,2021,20 a 24 anos,49.0
2303105,Cariré - CE,2021,25 a 29 anos,56.0
2303105,Cariré - CE,2021,30 a 34 anos,47.0
2303105,Cariré - CE,2021,35 a 39 anos,22.0
2303105,Cariré - CE,2021,40 a 44 anos,12.0
2303105,Cariré - CE,2021,45 a 49 anos,1.0
2303105,Cariré - CE,2021,50 anos ou mais,
2303105,Cariré - CE,2021,Ignorada,1.0
2303105,Cariré - CE,2022,Total,202.0
2303105,Cariré - CE,2022,Menos de 15 anos,
2303105,Cariré - CE,2022,15 a 19 anos,31.0
2303105,Cariré - CE,2022,20 a 24 anos,48.0
2303105,Cariré - CE,2022,25 a 29 anos,46.0
2303105,Cariré - CE,2022,30 a 34 anos,42.0
2303105,Cariré - CE,2022,35 a 39 anos,26.0
2303105,Cariré - CE,2022,40 a 44 anos,7.0
2303105,Cariré - CE,2022,45 a 49 anos,1.0
2303105,Cariré - CE,2022,50 anos ou mais,
2303105,Cariré - CE,2022,Ignorada,1.0
2303105,Cariré - CE,2023,Total,184.0
2303105,Cariré - CE,2023,Menos de 15 anos,1.0
2303105,Cariré - CE,2023,15 a 19 anos,27.0
2303105,Cariré - CE,2023,20 a 24 anos,34.0
2303105,Cariré - CE,2023,25 a 29 anos,45.0
2303105,Cariré - CE,2023,30 a 34 anos,45.0
2303105,Cariré - CE,2023,35 a 39 anos,21.0
2303105,Cariré - CE,2023,40 a 44 anos,9.0
2303105,Cariré - CE,2023,45 a 49 anos,2.0
2303105,Cariré - CE,2023,50 anos ou mais,
2303105,Cariré - CE,2023,Ignorada,
2303105,Cariré - CE,2024,Total,163.0
2303105,Cariré - CE,2024,Menos de 15 anos,1.0
2303105,Cariré - CE,2024,15 a 19 anos,16.0
2303105,Cariré - CE,2024,20 a 24 anos,16.0
2303105,Cariré - CE,2024,25 a 29 anos,49.0
2303105,Cariré - CE,2024,30 a 34 anos,41.0
2303105,Cariré - CE,2024,35 a 39 anos,34.0
2303105,Cariré - CE,2024,40 a 44 anos,6.0
2303105,Cariré - CE,2024,45 a 49 anos,
2303105,Cariré - CE,2024,50 anos ou mais,
2303105,Cariré - CE,2024,Ignorada,
2303204,Caririaçu - CE,2020,Total,401.0
2303204,Caririaçu - CE,2020,Menos de 15 anos,2.0
2303204,Caririaçu - CE,2020,15 a 19 anos,42.0
2303204,Caririaçu - CE,2020,20 a 24 anos,114.0
2303204,Caririaçu - CE,2020,25 a 29 anos,99.0
2303204,Caririaçu - CE,2020,30 a 34 anos,86.0
2303204,Caririaçu - CE,2020,35 a 39 anos,44.0
2303204,Caririaçu - CE,2020,40 a 44 anos,12.0
2303204,Caririaçu - CE,2020,45 a 49 anos,1.0
2303204,Caririaçu - CE,2020,50 anos ou mais,
2303204,Caririaçu - CE,2020,Ignorada,1.0
2303204,Caririaçu - CE,2021,Total,366.0
2303204,Caririaçu - CE,2021,Menos de 15 anos,5.0
2303204,Caririaçu - CE,2021,15 a 19 anos,56.0
2303204,Caririaçu - CE,2021,20 a 24 anos,105.0
2303204,Caririaçu - CE,2021,25 a 29 anos,77.0
2303204,Caririaçu - CE,2021,30 a 34 anos,78.0
2303204,Caririaçu - CE,2021,35 a 39 anos,30.0
2303204,Caririaçu - CE,2021,40 a 44 anos,14.0
2303204,Caririaçu - CE,2021,45 a 49 anos,1.0
2303204,Caririaçu - CE,2021,50 anos ou mais,
2303204,Caririaçu - CE,2021,Ignorada,
2303204,Caririaçu - CE,2022,Total,388.0
2303204,Caririaçu - CE,2022,Menos de 15 anos,1.0
2303204,Caririaçu - CE,2022,15 a 19 anos,50.0
2303204,Caririaçu - CE,2022,20 a 24 anos,86.0
2303204,Caririaçu - CE,2022,25 a 29 anos,103.0
2303204,Caririaçu - CE,2022,30 a 34 anos,79.0
2303204,Caririaçu - CE,2022,35 a 39 anos,51.0
2303204,Caririaçu - CE,2022,40 a 44 anos,17.0
2303204,Caririaçu - CE,2022,45 a 49 anos,1.0
2303204,Caririaçu - CE,2022,50 anos ou mais,
2303204,Caririaçu - CE,2022,Ignorada,
2303204,Caririaçu - CE,2023,Total,382.0
2303204,Caririaçu - CE,2023,Menos de 15 anos,1.0
2303204,Caririaçu - CE,2023,15 a 19 anos,40.0
2303204,Caririaçu - CE,2023,20 a 24 anos,83.0
2303204,Caririaçu - CE,2023,25 a 29 anos,115.0
2303204,Caririaçu - CE,2023,30 a 34 anos,80.0
2303204,Caririaçu - CE,2023,35 a 39 anos,54.0
2303204,Caririaçu - CE,2023,40 a 44 anos,8.0
2303204,Caririaçu - CE,2023,45 a 49 anos,1.0
2303204,Caririaçu - CE,2023,50 anos ou mais,
2303204,Caririaçu - CE,2023,Ignorada,
2303204,Caririaçu - CE,2024,Total,370.0
2303204,Caririaçu - CE,2024,Menos de 15 anos,2.0
2303204,Caririaçu - CE,2024,15 a 19 anos,36.0
2303204,Caririaçu - CE,2024,20 a 24 anos,85.0
2303204,Caririaçu - CE,2024,25 a 29 anos,105.0
2303204,Caririaçu - CE,2024,30 a 34 anos,86.0
2303204,Caririaçu - CE,2024,35 a 39 anos,35.0
2303204,Caririaçu - CE,2024,40 a 44 anos,19.0
2303204,Caririaçu - CE,2024,45 a 49 anos,2.0
2303204,Caririaçu - CE,2024,50 anos ou mais,
2303204,Caririaçu - CE,2024,Ignorada,
2303303,Cariús - CE,2020,Total,168.0
2303303,Cariús - CE,2020,Menos de 15 anos,
2303303,Cariús - CE,2020,15 a 19 anos,24.0
2303303,Cariús - CE,2020,20 a 24 anos,34.0
2303303,Cariús - CE,2020,25 a 29 anos,45.0
2303303,Cariús - CE,2020,30 a 34 anos,39.0
2303303,Cariús - CE,2020,35 a 39 anos,21.0
2303303,Cariús - CE,2020,40 a 44 anos,5.0
2303303,Cariús - CE,2020,45 a 49 anos,
2303303,Cariús - CE,2020,50 anos ou mais,
2303303,Cariús - CE,2020,Ignorada,
2303303,Cariús - CE,2021,Total,148.0
2303303,Cariús - CE,2021,Menos de 15 anos,1.0
2303303,Cariús - CE,2021,15 a 19 anos,15.0
2303303,Cariús - CE,2021,20 a 24 anos,28.0
2303303,Cariús - CE,2021,25 a 29 anos,51.0
2303303,Cariús - CE,2021,30 a 34 anos,37.0
2303303,Cariús - CE,2021,35 a 39 anos,14.0
2303303,Cariús - CE,2021,40 a 44 anos,2.0
2303303,Cariús - CE,2021,45 a 49 anos,
2303303,Cariús - CE,2021,50 anos ou mais,
2303303,Cariús - CE,2021,Ignorada,
2303303,Cariús - CE,2022,Total,196.0
2303303,Cariús - CE,2022,Menos de 15 anos,1.0
2303303,Cariús - CE,2022,15 a 19 anos,21.0
2303303,Cariús - CE,2022,20 a 24 anos,52.0
2303303,Cariús - CE,2022,25 a 29 anos,45.0
2303303,Cariús - CE,2022,30 a 34 anos,45.0
2303303,Cariús - CE,2022,35 a 39 anos,27.0
2303303,Cariús - CE,2022,40 a 44 anos,5.0
2303303,Cariús - CE,2022,45 a 49 anos,
2303303,Cariús - CE,2022,50 anos ou mais,
2303303,Cariús - CE,2022,Ignorada,
2303303,Cariús - CE,2023,Total,144.0
2303303,Cariús - CE,2023,Menos de 15 anos,2.0
2303303,Cariús - CE,2023,15 a 19 anos,20.0
2303303,Cariús - CE,2023,20 a 24 anos,37.0
2303303,Cariús - CE,2023,25 a 29 anos,40.0
2303303,Cariús - CE,2023,30 a 34 anos,31.0
2303303,Cariús - CE,2023,35 a 39 anos,13.0
2303303,Cariús - CE,2023,40 a 44 anos,1.0
2303303,Cariús - CE,2023,45 a 49 anos,
2303303,Cariús - CE,2023,50 anos ou mais,
2303303,Cariús - CE,2023,Ignorada,
2303303,Cariús - CE,2024,Total,150.0
2303303,Cariús - CE,2024,Menos de 15 anos,1.0
2303303,Cariús - CE,2024,15 a 19 anos,20.0
2303303,Cariús - CE,2024,20 a 24 anos,34.0
2303303,Cariús - CE,2024,25 a 29 anos,41.0
2303303,Cariús - CE,2024,30 a 34 anos,28.0
2303303,Cariús - CE,2024,35 a 39 anos,21.0
2303303,Cariús - CE,2024,40 a 44 anos,5.0
2303303,Cariús - CE,2024,45 a 49 anos,
2303303,Cariús - CE,2024,50 anos ou mais,
2303303,Cariús - CE,2024,Ignorada,
2303402,Carnaubal - CE,2020,Total,230.0
2303402,Carnaubal - CE,2020,Menos de 15 anos,1.0
2303402,Carnaubal - CE,2020,15 a 19 anos,33.0
2303402,Carnaubal - CE,2020,20 a 24 anos,54.0
2303402,Carnaubal - CE,2020,25 a 29 anos,56.0
2303402,Carnaubal - CE,2020,30 a 34 anos,43.0
2303402,Carnaubal - CE,2020,35 a 39 anos,28.0
2303402,Carnaubal - CE,2020,40 a 44 anos,14.0
2303402,Carnaubal - CE,2020,45 a 49 anos,1.0
2303402,Carnaubal - CE,2020,50 anos ou mais,
2303402,Carnaubal - CE,2020,Ignorada,
2303402,Carnaubal - CE,2021,Total,279.0
2303402,Carnaubal - CE,2021,Menos de 15 anos,3.0
2303402,Carnaubal - CE,2021,15 a 19 anos,48.0
2303402,Carnaubal - CE,2021,20 a 24 anos,77.0
2303402,Carnaubal - CE,2021,25 a 29 anos,56.0
2303402,Carnaubal - CE,2021,30 a 34 anos,35.0
2303402,Carnaubal - CE,2021,35 a 39 anos,39.0
2303402,Carnaubal - CE,2021,40 a 44 anos,21.0
2303402,Carnaubal - CE,2021,45 a 49 anos,
2303402,Carnaubal - CE,2021,50 anos ou mais,
2303402,Carnaubal - CE,2021,Ignorada,
2303402,Carnaubal - CE,2022,Total,243.0
2303402,Carnaubal - CE,2022,Menos de 15 anos,3.0
2303402,Carnaubal - CE,2022,15 a 19 anos,25.0
2303402,Carnaubal - CE,2022,20 a 24 anos,64.0
2303402,Carnaubal - CE,2022,25 a 29 anos,60.0
2303402,Carnaubal - CE,2022,30 a 34 anos,49.0
2303402,Carnaubal - CE,2022,35 a 39 anos,33.0
2303402,Carnaubal - CE,2022,40 a 44 anos,9.0
2303402,Carnaubal - CE,2022,45 a 49 anos,
2303402,Carnaubal - CE,2022,50 anos ou mais,
2303402,Carnaubal - CE,2022,Ignorada,
2303402,Carnaubal - CE,2023,Total,227.0
2303402,Carnaubal - CE,2023,Menos de 15 anos,1.0
2303402,Carnaubal - CE,2023,15 a 19 anos,34.0
2303402,Carnaubal - CE,2023,20 a 24 anos,48.0
2303402,Carnaubal - CE,2023,25 a 29 anos,60.0
2303402,Carnaubal - CE,2023,30 a 34 anos,43.0
2303402,Carnaubal - CE,2023,35 a 39 anos,29.0
2303402,Carnaubal - CE,2023,40 a 44 anos,12.0
2303402,Carnaubal - CE,2023,45 a 49 anos,
2303402,Carnaubal - CE,2023,50 anos ou mais,
2303402,Carnaubal - CE,2023,Ignorada,
2303402,Carnaubal - CE,2024,Total,203.0
2303402,Carnaubal - CE,2024,Menos de 15 anos,
2303402,Carnaubal - CE,2024,15 a 19 anos,19.0
2303402,Carnaubal - CE,2024,20 a 24 anos,44.0
2303402,Carnaubal - CE,2024,25 a 29 anos,55.0
2303402,Carnaubal - CE,2024,30 a 34 anos,47.0
2303402,Carnaubal - CE,2024,35 a 39 anos,24.0
2303402,Carnaubal - CE,2024,40 a 44 anos,14.0
2303402,Carnaubal - CE,2024,45 a 49 anos,
2303402,Carnaubal - CE,2024,50 anos ou mais,
2303402,Carnaubal - CE,2024,Ignorada,
2303501,Cascavel - CE,2020,Total,996.0
2303501,Cascavel - CE,2020,Menos de 15 anos,5.0
2303501,Cascavel - CE,2020,15 a 19 anos,119.0
2303501,Cascavel - CE,2020,20 a 24 anos,253.0
2303501,Cascavel - CE,2020,25 a 29 anos,231.0
2303501,Cascavel - CE,2020,30 a 34 anos,233.0
2303501,Cascavel - CE,2020,35 a 39 anos,104.0
2303501,Cascavel - CE,2020,40 a 44 anos,49.0
2303501,Cascavel - CE,2020,45 a 49 anos,
2303501,Cascavel - CE,2020,50 anos ou mais,1.0
2303501,Cascavel - CE,2020,Ignorada,1.0
2303501,Cascavel - CE,2021,Total,921.0
2303501,Cascavel - CE,2021,Menos de 15 anos,2.0
2303501,Cascavel - CE,2021,15 a 19 anos,122.0
2303501,Cascavel - CE,2021,20 a 24 anos,243.0
2303501,Cascavel - CE,2021,25 a 29 anos,231.0
2303501,Cascavel - CE,2021,30 a 34 anos,190.0
2303501,Cascavel - CE,2021,35 a 39 anos,95.0
2303501,Cascavel - CE,2021,40 a 44 anos,35.0
2303501,Cascavel - CE,2021,45 a 49 anos,3.0
2303501,Cascavel - CE,2021,50 anos ou mais,
2303501,Cascavel - CE,2021,Ignorada,
2303501,Cascavel - CE,2022,Total,872.0
2303501,Cascavel - CE,2022,Menos de 15 anos,3.0
2303501,Cascavel - CE,2022,15 a 19 anos,92.0
2303501,Cascavel - CE,2022,20 a 24 anos,212.0
2303501,Cascavel - CE,2022,25 a 29 anos,236.0
2303501,Cascavel - CE,2022,30 a 34 anos,201.0
2303501,Cascavel - CE,2022,35 a 39 anos,96.0
2303501,Cascavel - CE,2022,40 a 44 anos,29.0
2303501,Cascavel - CE,2022,45 a 49 anos,2.0
2303501,Cascavel - CE,2022,50 anos ou mais,1.0
2303501,Cascavel - CE,2022,Ignorada,
2303501,Cascavel - CE,2023,Total,883.0
2303501,Cascavel - CE,2023,Menos de 15 anos,5.0
2303501,Cascavel - CE,2023,15 a 19 anos,93.0
2303501,Cascavel - CE,2023,20 a 24 anos,199.0
2303501,Cascavel - CE,2023,25 a 29 anos,261.0
2303501,Cascavel - CE,2023,30 a 34 anos,176.0
2303501,Cascavel - CE,2023,35 a 39 anos,110.0
2303501,Cascavel - CE,2023,40 a 44 anos,38.0
2303501,Cascavel - CE,2023,45 a 49 anos,1.0
2303501,Cascavel - CE,2023,50 anos ou mais,
2303501,Cascavel - CE,2023,Ignorada,
2303501,Cascavel - CE,2024,Total,804.0
2303501,Cascavel - CE,2024,Menos de 15 anos,5.0
2303501,Cascavel - CE,2024,15 a 19 anos,97.0
2303501,Cascavel - CE,2024,20 a 24 anos,181.0
2303501,Cascavel - CE,2024,25 a 29 anos,214.0
2303501,Cascavel - CE,2024,30 a 34 anos,165.0
2303501,Cascavel - CE,2024,35 a 39 anos,105.0
2303501,Cascavel - CE,2024,40 a 44 anos,34.0
2303501,Cascavel - CE,2024,45 a 49 anos,2.0
2303501,Cascavel - CE,2024,50 anos ou mais,1.0
2303501,Cascavel - CE,2024,Ignorada,
2303600,Catarina - CE,2020,Total,141.0
2303600,Catarina - CE,2020,Menos de 15 anos,
2303600,Catarina - CE,2020,15 a 19 anos,20.0
2303600,Catarina - CE,2020,20 a 24 anos,46.0
2303600,Catarina - CE,2020,25 a 29 anos,24.0
2303600,Catarina - CE,2020,30 a 34 anos,39.0
2303600,Catarina - CE,2020,35 a 39 anos,7.0
2303600,Catarina - CE,2020,40 a 44 anos,4.0
2303600,Catarina - CE,2020,45 a 49 anos,1.0
2303600,Catarina - CE,2020,50 anos ou mais,
2303600,Catarina - CE,2020,Ignorada,
2303600,Catarina - CE,2021,Total,127.0
2303600,Catarina - CE,2021,Menos de 15 anos,2.0
2303600,Catarina - CE,2021,15 a 19 anos,23.0
2303600,Catarina - CE,2021,20 a 24 anos,30.0
2303600,Catarina - CE,2021,25 a 29 anos,26.0
2303600,Catarina - CE,2021,30 a 34 anos,28.0
2303600,Catarina - CE,2021,35 a 39 anos,14.0
2303600,Catarina - CE,2021,40 a 44 anos,4.0
2303600,Catarina - CE,2021,45 a 49 anos,
2303600,Catarina - CE,2021,50 anos ou mais,
2303600,Catarina - CE,2021,Ignorada,
2303600,Catarina - CE,2022,Total,125.0
2303600,Catarina - CE,2022,Menos de 15 anos,
2303600,Catarina - CE,2022,15 a 19 anos,21.0
2303600,Catarina - CE,2022,20 a 24 anos,23.0
2303600,Catarina - CE,2022,25 a 29 anos,31.0
2303600,Catarina - CE,2022,30 a 34 anos,29.0
2303600,Catarina - CE,2022,35 a 39 anos,13.0
2303600,Catarina - CE,2022,40 a 44 anos,8.0
2303600,Catarina - CE,2022,45 a 49 anos,
2303600,Catarina - CE,2022,50 anos ou mais,
2303600,Catarina - CE,2022,Ignorada,
2303600,Catarina - CE,2023,Total,110.0
2303600,Catarina - CE,2023,Menos de 15 anos,
2303600,Catarina - CE,2023,15 a 19 anos,20.0
2303600,Catarina - CE,2023,20 a 24 anos,19.0
2303600,Catarina - CE,2023,25 a 29 anos,30.0
2303600,Catarina - CE,2023,30 a 34 anos,26.0
2303600,Catarina - CE,2023,35 a 39 anos,15.0
2303600,Catarina - CE,2023,40 a 44 anos,
2303600,Catarina - CE,2023,45 a 49 anos,
2303600,Catarina - CE,2023,50 anos ou mais,
2303600,Catarina - CE,2023,Ignorada,
2303600,Catarina - CE,2024,Total,142.0
2303600,Catarina - CE,2024,Menos de 15 anos,1.0
2303600,Catarina - CE,2024,15 a 19 anos,19.0
2303600,Catarina - CE,2024,20 a 24 anos,37.0
2303600,Catarina - CE,2024,25 a 29 anos,33.0
2303600,Catarina - CE,2024,30 a 34 anos,31.0
2303600,Catarina - CE,2024,35 a 39 anos,16.0
2303600,Catarina - CE,2024,40 a 44 anos,5.0
2303600,Catarina - CE,2024,45 a 49 anos,
2303600,Catarina - CE,2024,50 anos ou mais,
2303600,Catarina - CE,2024,Ignorada,
2303659,Catunda - CE,2020,Total,105.0
2303659,Catunda - CE,2020,Menos de 15 anos,2.0
2303659,Catunda - CE,2020,15 a 19 anos,16.0
2303659,Catunda - CE,2020,20 a 24 anos,34.0
2303659,Catunda - CE,2020,25 a 29 anos,16.0
2303659,Catunda - CE,2020,30 a 34 anos,24.0
2303659,Catunda - CE,2020,35 a 39 anos,12.0
2303659,Catunda - CE,2020,40 a 44 anos,1.0
2303659,Catunda - CE,2020,45 a 49 anos,
2303659,Catunda - CE,2020,50 anos ou mais,
2303659,Catunda - CE,2020,Ignorada,
2303659,Catunda - CE,2021,Total,89.0
2303659,Catunda - CE,2021,Menos de 15 anos,2.0
2303659,Catunda - CE,2021,15 a 19 anos,14.0
2303659,Catunda - CE,2021,20 a 24 anos,23.0
2303659,Catunda - CE,2021,25 a 29 anos,17.0
2303659,Catunda - CE,2021,30 a 34 anos,18.0
2303659,Catunda - CE,2021,35 a 39 anos,12.0
2303659,Catunda - CE,2021,40 a 44 anos,3.0
2303659,Catunda - CE,2021,45 a 49 anos,
2303659,Catunda - CE,2021,50 anos ou mais,
2303659,Catunda - CE,2021,Ignorada,
2303659,Catunda - CE,2022,Total,97.0
2303659,Catunda - CE,2022,Menos de 15 anos,3.0
2303659,Catunda - CE,2022,15 a 19 anos,17.0
2303659,Catunda - CE,2022,20 a 24 anos,23.0
2303659,Catunda - CE,2022,25 a 29 anos,25.0
2303659,Catunda - CE,2022,30 a 34 anos,15.0
2303659,Catunda - CE,2022,35 a 39 anos,12.0
2303659,Catunda - CE,2022,40 a 44 anos,2.0
2303659,Catunda - CE,2022,45 a 49 anos,
2303659,Catunda - CE,2022,50 anos ou mais,
2303659,Catunda - CE,2022,Ignorada,
2303659,Catunda - CE,2023,Total,81.0
2303659,Catunda - CE,2023,Menos de 15 anos,3.0
2303659,Catunda - CE,2023,15 a 19 anos,14.0
2303659,Catunda - CE,2023,20 a 24 anos,13.0
2303659,Catunda - CE,2023,25 a 29 anos,21.0
2303659,Catunda - CE,2023,30 a 34 anos,15.0
2303659,Catunda - CE,2023,35 a 39 anos,7.0
2303659,Catunda - CE,2023,40 a 44 anos,8.0
2303659,Catunda - CE,2023,45 a 49 anos,
2303659,Catunda - CE,2023,50 anos ou mais,
2303659,Catunda - CE,2023,Ignorada,
2303659,Catunda - CE,2024,Total,83.0
2303659,Catunda - CE,2024,Menos de 15 anos,
2303659,Catunda - CE,2024,15 a 19 anos,18.0
2303659,Catunda - CE,2024,20 a 24 anos,20.0
2303659,Catunda - CE,2024,25 a 29 anos,15.0
2303659,Catunda - CE,2024,30 a 34 anos,13.0
2303659,Catunda - CE,2024,35 a 39 anos,15.0
2303659,Catunda - CE,2024,40 a 44 anos,2.0
2303659,Catunda - CE,2024,45 a 49 anos,
2303659,Catunda - CE,2024,50 anos ou mais,
2303659,Catunda - CE,2024,Ignorada,
2303709,Caucaia - CE,2020,Total,4959.0
2303709,Caucaia - CE,2020,Menos de 15 anos,29.0
2303709,Caucaia - CE,2020,15 a 19 anos,644.0
2303709,Caucaia - CE,2020,20 a 24 anos,1279.0
2303709,Caucaia - CE,2020,25 a 29 anos,1308.0
2303709,Caucaia - CE,2020,30 a 34 anos,1008.0
2303709,Caucaia - CE,2020,35 a 39 anos,533.0
2303709,Caucaia - CE,2020,40 a 44 anos,144.0
2303709,Caucaia - CE,2020,45 a 49 anos,7.0
2303709,Caucaia - CE,2020,50 anos ou mais,
2303709,Caucaia - CE,2020,Ignorada,7.0
2303709,Caucaia - CE,2021,Total,4974.0
2303709,Caucaia - CE,2021,Menos de 15 anos,30.0
2303709,Caucaia - CE,2021,15 a 19 anos,627.0
2303709,Caucaia - CE,2021,20 a 24 anos,1274.0
2303709,Caucaia - CE,2021,25 a 29 anos,1331.0
2303709,Caucaia - CE,2021,30 a 34 anos,976.0
2303709,Caucaia - CE,2021,35 a 39 anos,581.0
2303709,Caucaia - CE,2021,40 a 44 anos,146.0
2303709,Caucaia - CE,2021,45 a 49 anos,9.0
2303709,Caucaia - CE,2021,50 anos ou mais,
2303709,Caucaia - CE,2021,Ignorada,
2303709,Caucaia - CE,2022,Total,4759.0
2303709,Caucaia - CE,2022,Menos de 15 anos,36.0
2303709,Caucaia - CE,2022,15 a 19 anos,543.0
2303709,Caucaia - CE,2022,20 a 24 anos,1163.0
2303709,Caucaia - CE,2022,25 a 29 anos,1304.0
2303709,Caucaia - CE,2022,30 a 34 anos,973.0
2303709,Caucaia - CE,2022,35 a 39 anos,565.0
2303709,Caucaia - CE,2022,40 a 44 anos,162.0
2303709,Caucaia - CE,2022,45 a 49 anos,12.0
2303709,Caucaia - CE,2022,50 anos ou mais,
2303709,Caucaia - CE,2022,Ignorada,1.0
2303709,Caucaia - CE,2023,Total,4601.0
2303709,Caucaia - CE,2023,Menos de 15 anos,32.0
2303709,Caucaia - CE,2023,15 a 19 anos,488.0
2303709,Caucaia - CE,2023,20 a 24 anos,1036.0
2303709,Caucaia - CE,2023,25 a 29 anos,1280.0
2303709,Caucaia - CE,2023,30 a 34 anos,1052.0
2303709,Caucaia - CE,2023,35 a 39 anos,541.0
2303709,Caucaia - CE,2023,40 a 44 anos,164.0
2303709,Caucaia - CE,2023,45 a 49 anos,8.0
2303709,Caucaia - CE,2023,50 anos ou mais,
2303709,Caucaia - CE,2023,Ignorada,
2303709,Caucaia - CE,2024,Total,4403.0
2303709,Caucaia - CE,2024,Menos de 15 anos,38.0
2303709,Caucaia - CE,2024,15 a 19 anos,463.0
2303709,Caucaia - CE,2024,20 a 24 anos,999.0
2303709,Caucaia - CE,2024,25 a 29 anos,1230.0
2303709,Caucaia - CE,2024,30 a 34 anos,881.0
2303709,Caucaia - CE,2024,35 a 39 anos,623.0
2303709,Caucaia - CE,2024,40 a 44 anos,160.0
2303709,Caucaia - CE,2024,45 a 49 anos,9.0
2303709,Caucaia - CE,2024,50 anos ou mais,
2303709,Caucaia - CE,2024,Ignorada,
2303808,Cedro - CE,2020,Total,251.0
2303808,Cedro - CE,2020,Menos de 15 anos,4.0
2303808,Cedro - CE,2020,15 a 19 anos,38.0
2303808,Cedro - CE,2020,20 a 24 anos,72.0
2303808,Cedro - CE,2020,25 a 29 anos,50.0
2303808,Cedro - CE,2020,30 a 34 anos,55.0
2303808,Cedro - CE,2020,35 a 39 anos,22.0
2303808,Cedro - CE,2020,40 a 44 anos,10.0
2303808,Cedro - CE,2020,45 a 49 anos,
2303808,Cedro - CE,2020,50 anos ou mais,
2303808,Cedro - CE,2020,Ignorada,
2303808,Cedro - CE,2021,Total,248.0
2303808,Cedro - CE,2021,Menos de 15 anos,
2303808,Cedro - CE,2021,15 a 19 anos,47.0
2303808,Cedro - CE,2021,20 a 24 anos,79.0
2303808,Cedro - CE,2021,25 a 29 anos,52.0
2303808,Cedro - CE,2021,30 a 34 anos,32.0
2303808,Cedro - CE,2021,35 a 39 anos,32.0
2303808,Cedro - CE,2021,40 a 44 anos,5.0
2303808,Cedro - CE,2021,45 a 49 anos,1.0
2303808,Cedro - CE,2021,50 anos ou mais,
2303808,Cedro - CE,2021,Ignorada,
2303808,Cedro - CE,2022,Total,254.0
2303808,Cedro - CE,2022,Menos de 15 anos,2.0
2303808,Cedro - CE,2022,15 a 19 anos,35.0
2303808,Cedro - CE,2022,20 a 24 anos,62.0
2303808,Cedro - CE,2022,25 a 29 anos,77.0
2303808,Cedro - CE,2022,30 a 34 anos,39.0
2303808,Cedro - CE,2022,35 a 39 anos,33.0
2303808,Cedro - CE,2022,40 a 44 anos,6.0
2303808,Cedro - CE,2022,45 a 49 anos,
2303808,Cedro - CE,2022,50 anos ou mais,
2303808,Cedro - CE,2022,Ignorada,
2303808,Cedro - CE,2023,Total,237.0
2303808,Cedro - CE,2023,Menos de 15 anos,1.0
2303808,Cedro - CE,2023,15 a 19 anos,38.0
2303808,Cedro - CE,2023,20 a 24 anos,52.0
2303808,Cedro - CE,2023,25 a 29 anos,51.0
2303808,Cedro - CE,2023,30 a 34 anos,56.0
2303808,Cedro - CE,2023,35 a 39 anos,28.0
2303808,Cedro - CE,2023,40 a 44 anos,10.0
2303808,Cedro - CE,2023,45 a 49 anos,1.0
2303808,Cedro - CE,2023,50 anos ou mais,
2303808,Cedro - CE,2023,Ignorada,
2303808,Cedro - CE,2024,Total,213.0
2303808,Cedro - CE,2024,Menos de 15 anos,3.0
2303808,Cedro - CE,2024,15 a 19 anos,28.0
2303808,Cedro - CE,2024,20 a 24 anos,49.0
2303808,Cedro - CE,2024,25 a 29 anos,43.0
2303808,Cedro - CE,2024,30 a 34 anos,47.0
2303808,Cedro - CE,2024,35 a 39 anos,37.0
2303808,Cedro - CE,2024,40 a 44 anos,6.0
2303808,Cedro - CE,2024,45 a 49 anos,
2303808,Cedro - CE,2024,50 anos ou mais,
2303808,Cedro - CE,2024,Ignorada,
2303907,Chaval - CE,2020,Total,180.0
2303907,Chaval - CE,2020,Menos de 15 anos,
2303907,Chaval - CE,2020,15 a 19 anos,27.0
2303907,Chaval - CE,2020,20 a 24 anos,47.0
2303907,Chaval - CE,2020,25 a 29 anos,55.0
2303907,Chaval - CE,2020,30 a 34 anos,25.0
2303907,Chaval - CE,2020,35 a 39 anos,19.0
2303907,Chaval - CE,2020,40 a 44 anos,6.0
2303907,Chaval - CE,2020,45 a 49 anos,
2303907,Chaval - CE,2020,50 anos ou mais,1.0
2303907,Chaval - CE,2020,Ignorada,
2303907,Chaval - CE,2021,Total,210.0
2303907,Chaval - CE,2021,Menos de 15 anos,1.0
2303907,Chaval - CE,2021,15 a 19 anos,35.0
2303907,Chaval - CE,2021,20 a 24 anos,70.0
2303907,Chaval - CE,2021,25 a 29 anos,43.0
2303907,Chaval - CE,2021,30 a 34 anos,45.0
2303907,Chaval - CE,2021,35 a 39 anos,9.0
2303907,Chaval - CE,2021,40 a 44 anos,7.0
2303907,Chaval - CE,2021,45 a 49 anos,
2303907,Chaval - CE,2021,50 anos ou mais,
2303907,Chaval - CE,2021,Ignorada,
2303907,Chaval - CE,2022,Total,168.0
2303907,Chaval - CE,2022,Menos de 15 anos,2.0
2303907,Chaval - CE,2022,15 a 19 anos,30.0
2303907,Chaval - CE,2022,20 a 24 anos,43.0
2303907,Chaval - CE,2022,25 a 29 anos,42.0
2303907,Chaval - CE,2022,30 a 34 anos,31.0
2303907,Chaval - CE,2022,35 a 39 anos,17.0
2303907,Chaval - CE,2022,40 a 44 anos,3.0
2303907,Chaval - CE,2022,45 a 49 anos,
2303907,Chaval - CE,2022,50 anos ou mais,
2303907,Chaval - CE,2022,Ignorada,
2303907,Chaval - CE,2023,Total,163.0
2303907,Chaval - CE,2023,Menos de 15 anos,1.0
2303907,Chaval - CE,2023,15 a 19 anos,11.0
2303907,Chaval - CE,2023,20 a 24 anos,37.0
2303907,Chaval - CE,2023,25 a 29 anos,45.0
2303907,Chaval - CE,2023,30 a 34 anos,40.0
2303907,Chaval - CE,2023,35 a 39 anos,22.0
2303907,Chaval - CE,2023,40 a 44 anos,6.0
2303907,Chaval - CE,2023,45 a 49 anos,1.0
2303907,Chaval - CE,2023,50 anos ou mais,
2303907,Chaval - CE,2023,Ignorada,
2303907,Chaval - CE,2024,Total,160.0
2303907,Chaval - CE,2024,Menos de 15 anos,1.0
2303907,Chaval - CE,2024,15 a 19 anos,21.0
2303907,Chaval - CE,2024,20 a 24 anos,32.0
2303907,Chaval - CE,2024,25 a 29 anos,44.0
2303907,Chaval - CE,2024,30 a 34 anos,35.0
2303907,Chaval - CE,2024,35 a 39 anos,20.0
2303907,Chaval - CE,2024,40 a 44 anos,7.0
2303907,Chaval - CE,2024,45 a 49 anos,
2303907,Chaval - CE,2024,50 anos ou mais,
2303907,Chaval - CE,2024,Ignorada,
2303931,Choró - CE,2020,Total,129.0
2303931,Choró - CE,2020,Menos de 15 anos,
2303931,Choró - CE,2020,15 a 19 anos,15.0
2303931,Choró - CE,2020,20 a 24 anos,28.0
2303931,Choró - CE,2020,25 a 29 anos,36.0
2303931,Choró - CE,2020,30 a 34 anos,27.0
2303931,Choró - CE,2020,35 a 39 anos,18.0
2303931,Choró - CE,2020,40 a 44 anos,5.0
2303931,Choró - CE,2020,45 a 49 anos,
2303931,Choró - CE,2020,50 anos ou mais,
2303931,Choró - CE,2020,Ignorada,
2303931,Choró - CE,2021,Total,139.0
2303931,Choró - CE,2021,Menos de 15 anos,
2303931,Choró - CE,2021,15 a 19 anos,23.0
2303931,Choró - CE,2021,20 a 24 anos,32.0
2303931,Choró - CE,2021,25 a 29 anos,32.0
2303931,Choró - CE,2021,30 a 34 anos,24.0
2303931,Choró - CE,2021,35 a 39 anos,20.0
2303931,Choró - CE,2021,40 a 44 anos,8.0
2303931,Choró - CE,2021,45 a 49 anos,
2303931,Choró - CE,2021,50 anos ou mais,
2303931,Choró - CE,2021,Ignorada,
2303931,Choró - CE,2022,Total,141.0
2303931,Choró - CE,2022,Menos de 15 anos,1.0
2303931,Choró - CE,2022,15 a 19 anos,23.0
2303931,Choró - CE,2022,20 a 24 anos,27.0
2303931,Choró - CE,2022,25 a 29 anos,25.0
2303931,Choró - CE,2022,30 a 34 anos,23.0
2303931,Choró - CE,2022,35 a 39 anos,31.0
2303931,Choró - CE,2022,40 a 44 anos,10.0
2303931,Choró - CE,2022,45 a 49 anos,1.0
2303931,Choró - CE,2022,50 anos ou mais,
2303931,Choró - CE,2022,Ignorada,
2303931,Choró - CE,2023,Total,130.0
2303931,Choró - CE,2023,Menos de 15 anos,
2303931,Choró - CE,2023,15 a 19 anos,14.0
2303931,Choró - CE,2023,20 a 24 anos,39.0
2303931,Choró - CE,2023,25 a 29 anos,30.0
2303931,Choró - CE,2023,30 a 34 anos,21.0
2303931,Choró - CE,2023,35 a 39 anos,20.0
2303931,Choró - CE,2023,40 a 44 anos,5.0
2303931,Choró - CE,2023,45 a 49 anos,
2303931,Choró - CE,2023,50 anos ou mais,
2303931,Choró - CE,2023,Ignorada,1.0
2303931,Choró - CE,2024,Total,124.0
2303931,Choró - CE,2024,Menos de 15 anos,3.0
2303931,Choró - CE,2024,15 a 19 anos,19.0
2303931,Choró - CE,2024,20 a 24 anos,27.0
2303931,Choró - CE,2024,25 a 29 anos,28.0
2303931,Choró - CE,2024,30 a 34 anos,25.0
2303931,Choró - CE,2024,35 a 39 anos,18.0
2303931,Choró - CE,2024,40 a 44 anos,3.0
2303931,Choró - CE,2024,45 a 49 anos,
2303931,Choró - CE,2024,50 anos ou mais,
2303931,Choró - CE,2024,Ignorada,1.0
2303956,Chorozinho - CE,2020,Total,279.0
2303956,Chorozinho - CE,2020,Menos de 15 anos,
2303956,Chorozinho - CE,2020,15 a 19 anos,42.0
2303956,Chorozinho - CE,2020,20 a 24 anos,75.0
2303956,Chorozinho - CE,2020,25 a 29 anos,72.0
2303956,Chorozinho - CE,2020,30 a 34 anos,51.0
2303956,Chorozinho - CE,2020,35 a 39 anos,36.0
2303956,Chorozinho - CE,2020,40 a 44 anos,3.0
2303956,Chorozinho - CE,2020,45 a 49 anos,
2303956,Chorozinho - CE,2020,50 anos ou mais,
2303956,Chorozinho - CE,2020,Ignorada,
2303956,Chorozinho - CE,2021,Total,258.0
2303956,Chorozinho - CE,2021,Menos de 15 anos,1.0
2303956,Chorozinho - CE,2021,15 a 19 anos,35.0
2303956,Chorozinho - CE,2021,20 a 24 anos,69.0
2303956,Chorozinho - CE,2021,25 a 29 anos,72.0
2303956,Chorozinho - CE,2021,30 a 34 anos,51.0
2303956,Chorozinho - CE,2021,35 a 39 anos,28.0
2303956,Chorozinho - CE,2021,40 a 44 anos,2.0
2303956,Chorozinho - CE,2021,45 a 49 anos,
2303956,Chorozinho - CE,2021,50 anos ou mais,
2303956,Chorozinho - CE,2021,Ignorada,
2303956,Chorozinho - CE,2022,Total,194.0
2303956,Chorozinho - CE,2022,Menos de 15 anos,1.0
2303956,Chorozinho - CE,2022,15 a 19 anos,20.0
2303956,Chorozinho - CE,2022,20 a 24 anos,60.0
2303956,Chorozinho - CE,2022,25 a 29 anos,49.0
2303956,Chorozinho - CE,2022,30 a 34 anos,43.0
2303956,Chorozinho - CE,2022,35 a 39 anos,16.0
2303956,Chorozinho - CE,2022,40 a 44 anos,5.0
2303956,Chorozinho - CE,2022,45 a 49 anos,
2303956,Chorozinho - CE,2022,50 anos ou mais,
2303956,Chorozinho - CE,2022,Ignorada,
2303956,Chorozinho - CE,2023,Total,217.0
2303956,Chorozinho - CE,2023,Menos de 15 anos,
2303956,Chorozinho - CE,2023,15 a 19 anos,22.0
2303956,Chorozinho - CE,2023,20 a 24 anos,46.0
2303956,Chorozinho - CE,2023,25 a 29 anos,61.0
2303956,Chorozinho - CE,2023,30 a 34 anos,53.0
2303956,Chorozinho - CE,2023,35 a 39 anos,30.0
2303956,Chorozinho - CE,2023,40 a 44 anos,5.0
2303956,Chorozinho - CE,2023,45 a 49 anos,
2303956,Chorozinho - CE,2023,50 anos ou mais,
2303956,Chorozinho - CE,2023,Ignorada,
2303956,Chorozinho - CE,2024,Total,228.0
2303956,Chorozinho - CE,2024,Menos de 15 anos,2.0
2303956,Chorozinho - CE,2024,15 a 19 anos,25.0
2303956,Chorozinho - CE,2024,20 a 24 anos,65.0
2303956,Chorozinho - CE,2024,25 a 29 anos,51.0
2303956,Chorozinho - CE,2024,30 a 34 anos,51.0
2303956,Chorozinho - CE,2024,35 a 39 anos,29.0
2303956,Chorozinho - CE,2024,40 a 44 anos,5.0
2303956,Chorozinho - CE,2024,45 a 49 anos,
2303956,Chorozinho - CE,2024,50 anos ou mais,
2303956,Chorozinho - CE,2024,Ignorada,
2304004,Coreaú - CE,2020,Total,317.0
2304004,Coreaú - CE,2020,Menos de 15 anos,3.0
2304004,Coreaú - CE,2020,15 a 19 anos,55.0
2304004,Coreaú - CE,2020,20 a 24 anos,58.0
2304004,Coreaú - CE,2020,25 a 29 anos,85.0
2304004,Coreaú - CE,2020,30 a 34 anos,72.0
2304004,Coreaú - CE,2020,35 a 39 anos,39.0
2304004,Coreaú - CE,2020,40 a 44 anos,4.0
2304004,Coreaú - CE,2020,45 a 49 anos,1.0
2304004,Coreaú - CE,2020,50 anos ou mais,
2304004,Coreaú - CE,2020,Ignorada,
2304004,Coreaú - CE,2021,Total,280.0
2304004,Coreaú - CE,2021,Menos de 15 anos,4.0
2304004,Coreaú - CE,2021,15 a 19 anos,33.0
2304004,Coreaú - CE,2021,20 a 24 anos,83.0
2304004,Coreaú - CE,2021,25 a 29 anos,80.0
2304004,Coreaú - CE,2021,30 a 34 anos,43.0
2304004,Coreaú - CE,2021,35 a 39 anos,30.0
2304004,Coreaú - CE,2021,40 a 44 anos,5.0
2304004,Coreaú - CE,2021,45 a 49 anos,2.0
2304004,Coreaú - CE,2021,50 anos ou mais,
2304004,Coreaú - CE,2021,Ignorada,
2304004,Coreaú - CE,2022,Total,261.0
2304004,Coreaú - CE,2022,Menos de 15 anos,2.0
2304004,Coreaú - CE,2022,15 a 19 anos,37.0
2304004,Coreaú - CE,2022,20 a 24 anos,78.0
2304004,Coreaú - CE,2022,25 a 29 anos,54.0
2304004,Coreaú - CE,2022,30 a 34 anos,49.0
2304004,Coreaú - CE,2022,35 a 39 anos,30.0
2304004,Coreaú - CE,2022,40 a 44 anos,10.0
2304004,Coreaú - CE,2022,45 a 49 anos,1.0
2304004,Coreaú - CE,2022,50 anos ou mais,
2304004,Coreaú - CE,2022,Ignorada,
2304004,Coreaú - CE,2023,Total,257.0
2304004,Coreaú - CE,2023,Menos de 15 anos,2.0
2304004,Coreaú - CE,2023,15 a 19 anos,29.0
2304004,Coreaú - CE,2023,20 a 24 anos,56.0
2304004,Coreaú - CE,2023,25 a 29 anos,75.0
2304004,Coreaú - CE,2023,30 a 34 anos,55.0
2304004,Coreaú - CE,2023,35 a 39 anos,37.0
2304004,Coreaú - CE,2023,40 a 44 anos,3.0
2304004,Coreaú - CE,2023,45 a 49 anos,
2304004,Coreaú - CE,2023,50 anos ou mais,
2304004,Coreaú - CE,2023,Ignorada,
2304004,Coreaú - CE,2024,Total,251.0
2304004,Coreaú - CE,2024,Menos de 15 anos,3.0
2304004,Coreaú - CE,2024,15 a 19 anos,26.0
2304004,Coreaú - CE,2024,20 a 24 anos,67.0
2304004,Coreaú - CE,2024,25 a 29 anos,65.0
2304004,Coreaú - CE,2024,30 a 34 anos,45.0
2304004,Coreaú - CE,2024,35 a 39 anos,37.0
2304004,Coreaú - CE,2024,40 a 44 anos,6.0
2304004,Coreaú - CE,2024,45 a 49 anos,1.0
2304004,Coreaú - CE,2024,50 anos ou mais,
2304004,Coreaú - CE,2024,Ignorada,1.0
2304103,Crateús - CE,2020,Total,1023.0
2304103,Crateús - CE,2020,Menos de 15 anos,7.0
2304103,Crateús - CE,2020,15 a 19 anos,146.0
2304103,Crateús - CE,2020,20 a 24 anos,241.0
2304103,Crateús - CE,2020,25 a 29 anos,243.0
2304103,Crateús - CE,2020,30 a 34 anos,213.0
2304103,Crateús - CE,2020,35 a 39 anos,129.0
2304103,Crateús - CE,2020,40 a 44 anos,41.0
2304103,Crateús - CE,2020,45 a 49 anos,2.0
2304103,Crateús - CE,2020,50 anos ou mais,1.0
2304103,Crateús - CE,2020,Ignorada,
2304103,Crateús - CE,2021,Total,957.0
2304103,Crateús - CE,2021,Menos de 15 anos,8.0
2304103,Crateús - CE,2021,15 a 19 anos,140.0
2304103,Crateús - CE,2021,20 a 24 anos,233.0
2304103,Crateús - CE,2021,25 a 29 anos,226.0
2304103,Crateús - CE,2021,30 a 34 anos,196.0
2304103,Crateús - CE,2021,35 a 39 anos,103.0
2304103,Crateús - CE,2021,40 a 44 anos,41.0
2304103,Crateús - CE,2021,45 a 49 anos,8.0
2304103,Crateús - CE,2021,50 anos ou mais,
2304103,Crateús - CE,2021,Ignorada,2.0
2304103,Crateús - CE,2022,Total,928.0
2304103,Crateús - CE,2022,Menos de 15 anos,5.0
2304103,Crateús - CE,2022,15 a 19 anos,110.0
2304103,Crateús - CE,2022,20 a 24 anos,226.0
2304103,Crateús - CE,2022,25 a 29 anos,248.0
2304103,Crateús - CE,2022,30 a 34 anos,178.0
2304103,Crateús - CE,2022,35 a 39 anos,117.0
2304103,Crateús - CE,2022,40 a 44 anos,40.0
2304103,Crateús - CE,2022,45 a 49 anos,4.0
2304103,Crateús - CE,2022,50 anos ou mais,
2304103,Crateús - CE,2022,Ignorada,
2304103,Crateús - CE,2023,Total,907.0
2304103,Crateús - CE,2023,Menos de 15 anos,3.0
2304103,Crateús - CE,2023,15 a 19 anos,120.0
2304103,Crateús - CE,2023,20 a 24 anos,207.0
2304103,Crateús - CE,2023,25 a 29 anos,244.0
2304103,Crateús - CE,2023,30 a 34 anos,179.0
2304103,Crateús - CE,2023,35 a 39 anos,117.0
2304103,Crateús - CE,2023,40 a 44 anos,35.0
2304103,Crateús - CE,2023,45 a 49 anos,2.0
2304103,Crateús - CE,2023,50 anos ou mais,
2304103,Crateús - CE,2023,Ignorada,
2304103,Crateús - CE,2024,Total,866.0
2304103,Crateús - CE,2024,Menos de 15 anos,8.0
2304103,Crateús - CE,2024,15 a 19 anos,95.0
2304103,Crateús - CE,2024,20 a 24 anos,213.0
2304103,Crateús - CE,2024,25 a 29 anos,224.0
2304103,Crateús - CE,2024,30 a 34 anos,188.0
2304103,Crateús - CE,2024,35 a 39 anos,109.0
2304103,Crateús - CE,2024,40 a 44 anos,29.0
2304103,Crateús - CE,2024,45 a 49 anos,
2304103,Crateús - CE,2024,50 anos ou mais,
2304103,Crateús - CE,2024,Ignorada,
2304202,Crato - CE,2020,Total,1981.0
2304202,Crato - CE,2020,Menos de 15 anos,23.0
2304202,Crato - CE,2020,15 a 19 anos,256.0
2304202,Crato - CE,2020,20 a 24 anos,476.0
2304202,Crato - CE,2020,25 a 29 anos,474.0
2304202,Crato - CE,2020,30 a 34 anos,432.0
2304202,Crato - CE,2020,35 a 39 anos,249.0
2304202,Crato - CE,2020,40 a 44 anos,65.0
2304202,Crato - CE,2020,45 a 49 anos,5.0
2304202,Crato - CE,2020,50 anos ou mais,
2304202,Crato - CE,2020,Ignorada,1.0
2304202,Crato - CE,2021,Total,1936.0
2304202,Crato - CE,2021,Menos de 15 anos,18.0
2304202,Crato - CE,2021,15 a 19 anos,244.0
2304202,Crato - CE,2021,20 a 24 anos,486.0
2304202,Crato - CE,2021,25 a 29 anos,480.0
2304202,Crato - CE,2021,30 a 34 anos,405.0
2304202,Crato - CE,2021,35 a 39 anos,232.0
2304202,Crato - CE,2021,40 a 44 anos,68.0
2304202,Crato - CE,2021,45 a 49 anos,2.0
2304202,Crato - CE,2021,50 anos ou mais,1.0
2304202,Crato - CE,2021,Ignorada,
2304202,Crato - CE,2022,Total,1742.0
2304202,Crato - CE,2022,Menos de 15 anos,8.0
2304202,Crato - CE,2022,15 a 19 anos,213.0
2304202,Crato - CE,2022,20 a 24 anos,384.0
2304202,Crato - CE,2022,25 a 29 anos,461.0
2304202,Crato - CE,2022,30 a 34 anos,391.0
2304202,Crato - CE,2022,35 a 39 anos,214.0
2304202,Crato - CE,2022,40 a 44 anos,65.0
2304202,Crato - CE,2022,45 a 49 anos,3.0
2304202,Crato - CE,2022,50 anos ou mais,
2304202,Crato - CE,2022,Ignorada,3.0
2304202,Crato - CE,2023,Total,1716.0
2304202,Crato - CE,2023,Menos de 15 anos,9.0
2304202,Crato - CE,2023,15 a 19 anos,192.0
2304202,Crato - CE,2023,20 a 24 anos,394.0
2304202,Crato - CE,2023,25 a 29 anos,442.0
2304202,Crato - CE,2023,30 a 34 anos,368.0
2304202,Crato - CE,2023,35 a 39 anos,239.0
2304202,Crato - CE,2023,40 a 44 anos,68.0
2304202,Crato - CE,2023,45 a 49 anos,2.0
2304202,Crato - CE,2023,50 anos ou mais,
2304202,Crato - CE,2023,Ignorada,2.0
2304202,Crato - CE,2024,Total,1700.0
2304202,Crato - CE,2024,Menos de 15 anos,6.0
2304202,Crato - CE,2024,15 a 19 anos,186.0
2304202,Crato - CE,2024,20 a 24 anos,373.0
2304202,Crato - CE,2024,25 a 29 anos,449.0
2304202,Crato - CE,2024,30 a 34 anos,385.0
2304202,Crato - CE,2024,35 a 39 anos,240.0
2304202,Crato - CE,2024,40 a 44 anos,56.0
2304202,Crato - CE,2024,45 a 49 anos,5.0
2304202,Crato - CE,2024,50 anos ou mais,
2304202,Crato - CE,2024,Ignorada,
2304236,Croatá - CE,2020,Total,254.0
2304236,Croatá - CE,2020,Menos de 15 anos,1.0
2304236,Croatá - CE,2020,15 a 19 anos,41.0
2304236,Croatá - CE,2020,20 a 24 anos,66.0
2304236,Croatá - CE,2020,25 a 29 anos,62.0
2304236,Croatá - CE,2020,30 a 34 anos,45.0
2304236,Croatá - CE,2020,35 a 39 anos,29.0
2304236,Croatá - CE,2020,40 a 44 anos,10.0
2304236,Croatá - CE,2020,45 a 49 anos,
2304236,Croatá - CE,2020,50 anos ou mais,
2304236,Croatá - CE,2020,Ignorada,
2304236,Croatá - CE,2021,Total,255.0
2304236,Croatá - CE,2021,Menos de 15 anos,1.0
2304236,Croatá - CE,2021,15 a 19 anos,45.0
2304236,Croatá - CE,2021,20 a 24 anos,65.0
2304236,Croatá - CE,2021,25 a 29 anos,53.0
2304236,Croatá - CE,2021,30 a 34 anos,51.0
2304236,Croatá - CE,2021,35 a 39 anos,31.0
2304236,Croatá - CE,2021,40 a 44 anos,8.0
2304236,Croatá - CE,2021,45 a 49 anos,1.0
2304236,Croatá - CE,2021,50 anos ou mais,
2304236,Croatá - CE,2021,Ignorada,
2304236,Croatá - CE,2022,Total,212.0
2304236,Croatá - CE,2022,Menos de 15 anos,3.0
2304236,Croatá - CE,2022,15 a 19 anos,34.0
2304236,Croatá - CE,2022,20 a 24 anos,42.0
2304236,Croatá - CE,2022,25 a 29 anos,61.0
2304236,Croatá - CE,2022,30 a 34 anos,39.0
2304236,Croatá - CE,2022,35 a 39 anos,23.0
2304236,Croatá - CE,2022,40 a 44 anos,10.0
2304236,Croatá - CE,2022,45 a 49 anos,
2304236,Croatá - CE,2022,50 anos ou mais,
2304236,Croatá - CE,2022,Ignorada,
2304236,Croatá - CE,2023,Total,209.0
2304236,Croatá - CE,2023,Menos de 15 anos,1.0
2304236,Croatá - CE,2023,15 a 19 anos,18.0
2304236,Croatá - CE,2023,20 a 24 anos,60.0
2304236,Croatá - CE,2023,25 a 29 anos,49.0
2304236,Croatá - CE,2023,30 a 34 anos,35.0
2304236,Croatá - CE,2023,35 a 39 anos,36.0
2304236,Croatá - CE,2023,40 a 44 anos,8.0
2304236,Croatá - CE,2023,45 a 49 anos,2.0
2304236,Croatá - CE,2023,50 anos ou mais,
2304236,Croatá - CE,2023,Ignorada,
2304236,Croatá - CE,2024,Total,199.0
2304236,Croatá - CE,2024,Menos de 15 anos,1.0
2304236,Croatá - CE,2024,15 a 19 anos,22.0
2304236,Croatá - CE,2024,20 a 24 anos,34.0
2304236,Croatá - CE,2024,25 a 29 anos,50.0
2304236,Croatá - CE,2024,30 a 34 anos,39.0
2304236,Croatá - CE,2024,35 a 39 anos,41.0
2304236,Croatá - CE,2024,40 a 44 anos,10.0
2304236,Croatá - CE,2024,45 a 49 anos,2.0
2304236,Croatá - CE,2024,50 anos ou mais,
2304236,Croatá - CE,2024,Ignorada,
2304251,Cruz - CE,2020,Total,423.0
2304251,Cruz - CE,2020,Menos de 15 anos,2.0
2304251,Cruz - CE,2020,15 a 19 anos,36.0
2304251,Cruz - CE,2020,20 a 24 anos,111.0
2304251,Cruz - CE,2020,25 a 29 anos,105.0
2304251,Cruz - CE,2020,30 a 34 anos,105.0
2304251,Cruz - CE,2020,35 a 39 anos,51.0
2304251,Cruz - CE,2020,40 a 44 anos,11.0
2304251,Cruz - CE,2020,45 a 49 anos,2.0
2304251,Cruz - CE,2020,50 anos ou mais,
2304251,Cruz - CE,2020,Ignorada,
2304251,Cruz - CE,2021,Total,422.0
2304251,Cruz - CE,2021,Menos de 15 anos,1.0
2304251,Cruz - CE,2021,15 a 19 anos,39.0
2304251,Cruz - CE,2021,20 a 24 anos,106.0
2304251,Cruz - CE,2021,25 a 29 anos,115.0
2304251,Cruz - CE,2021,30 a 34 anos,100.0
2304251,Cruz - CE,2021,35 a 39 anos,45.0
2304251,Cruz - CE,2021,40 a 44 anos,16.0
2304251,Cruz - CE,2021,45 a 49 anos,
2304251,Cruz - CE,2021,50 anos ou mais,
2304251,Cruz - CE,2021,Ignorada,
2304251,Cruz - CE,2022,Total,408.0
2304251,Cruz - CE,2022,Menos de 15 anos,2.0
2304251,Cruz - CE,2022,15 a 19 anos,42.0
2304251,Cruz - CE,2022,20 a 24 anos,94.0
2304251,Cruz - CE,2022,25 a 29 anos,116.0
2304251,Cruz - CE,2022,30 a 34 anos,83.0
2304251,Cruz - CE,2022,35 a 39 anos,54.0
2304251,Cruz - CE,2022,40 a 44 anos,16.0
2304251,Cruz - CE,2022,45 a 49 anos,1.0
2304251,Cruz - CE,2022,50 anos ou mais,
2304251,Cruz - CE,2022,Ignorada,
2304251,Cruz - CE,2023,Total,451.0
2304251,Cruz - CE,2023,Menos de 15 anos,3.0
2304251,Cruz - CE,2023,15 a 19 anos,42.0
2304251,Cruz - CE,2023,20 a 24 anos,99.0
2304251,Cruz - CE,2023,25 a 29 anos,121.0
2304251,Cruz - CE,2023,30 a 34 anos,97.0
2304251,Cruz - CE,2023,35 a 39 anos,66.0
2304251,Cruz - CE,2023,40 a 44 anos,22.0
2304251,Cruz - CE,2023,45 a 49 anos,1.0
2304251,Cruz - CE,2023,50 anos ou mais,
2304251,Cruz - CE,2023,Ignorada,
2304251,Cruz - CE,2024,Total,457.0
2304251,Cruz - CE,2024,Menos de 15 anos,2.0
2304251,Cruz - CE,2024,15 a 19 anos,38.0
2304251,Cruz - CE,2024,20 a 24 anos,103.0
2304251,Cruz - CE,2024,25 a 29 anos,141.0
2304251,Cruz - CE,2024,30 a 34 anos,93.0
2304251,Cruz - CE,2024,35 a 39 anos,66.0
2304251,Cruz - CE,2024,40 a 44 anos,12.0
2304251,Cruz - CE,2024,45 a 49 anos,2.0
2304251,Cruz - CE,2024,50 anos ou mais,
2304251,Cruz - CE,2024,Ignorada,
2304269,Deputado Irapuan Pinheiro - CE,2020,Total,77.0
2304269,Deputado Irapuan Pinheiro - CE,2020,Menos de 15 anos,
2304269,Deputado Irapuan Pinheiro - CE,2020,15 a 19 anos,7.0
2304269,Deputado Irapuan Pinheiro - CE,2020,20 a 24 anos,16.0
2304269,Deputado Irapuan Pinheiro - CE,2020,25 a 29 anos,23.0
2304269,Deputado Irapuan Pinheiro - CE,2020,30 a 34 anos,11.0
2304269,Deputado Irapuan Pinheiro - CE,2020,35 a 39 anos,15.0
2304269,Deputado Irapuan Pinheiro - CE,2020,40 a 44 anos,5.0
2304269,Deputado Irapuan Pinheiro - CE,2020,45 a 49 anos,
2304269,Deputado Irapuan Pinheiro - CE,2020,50 anos ou mais,
2304269,Deputado Irapuan Pinheiro - CE,2020,Ignorada,
2304269,Deputado Irapuan Pinheiro - CE,2021,Total,89.0
2304269,Deputado Irapuan Pinheiro - CE,2021,Menos de 15 anos,1.0
2304269,Deputado Irapuan Pinheiro - CE,2021,15 a 19 anos,11.0
2304269,Deputado Irapuan Pinheiro - CE,2021,20 a 24 anos,25.0
2304269,Deputado Irapuan Pinheiro - CE,2021,25 a 29 anos,17.0
2304269,Deputado Irapuan Pinheiro - CE,2021,30 a 34 anos,16.0
2304269,Deputado Irapuan Pinheiro - CE,2021,35 a 39 anos,15.0
2304269,Deputado Irapuan Pinheiro - CE,2021,40 a 44 anos,4.0
2304269,Deputado Irapuan Pinheiro - CE,2021,45 a 49 anos,
2304269,Deputado Irapuan Pinheiro - CE,2021,50 anos ou mais,
2304269,Deputado Irapuan Pinheiro - CE,2021,Ignorada,
2304269,Deputado Irapuan Pinheiro - CE,2022,Total,91.0
2304269,Deputado Irapuan Pinheiro - CE,2022,Menos de 15 anos,
2304269,Deputado Irapuan Pinheiro - CE,2022,15 a 19 anos,10.0
2304269,Deputado Irapuan Pinheiro - CE,2022,20 a 24 anos,20.0
2304269,Deputado Irapuan Pinheiro - CE,2022,25 a 29 anos,24.0
2304269,Deputado Irapuan Pinheiro - CE,2022,30 a 34 anos,16.0
2304269,Deputado Irapuan Pinheiro - CE,2022,35 a 39 anos,17.0
2304269,Deputado Irapuan Pinheiro - CE,2022,40 a 44 anos,4.0
2304269,Deputado Irapuan Pinheiro - CE,2022,45 a 49 anos,
2304269,Deputado Irapuan Pinheiro - CE,2022,50 anos ou mais,
2304269,Deputado Irapuan Pinheiro - CE,2022,Ignorada,
2304269,Deputado Irapuan Pinheiro - CE,2023,Total,85.0
2304269,Deputado Irapuan Pinheiro - CE,2023,Menos de 15 anos,
2304269,Deputado Irapuan Pinheiro - CE,2023,15 a 19 anos,12.0
2304269,Deputado Irapuan Pinheiro - CE,2023,20 a 24 anos,24.0
2304269,Deputado Irapuan Pinheiro - CE,2023,25 a 29 anos,13.0
2304269,Deputado Irapuan Pinheiro - CE,2023,30 a 34 anos,25.0
2304269,Deputado Irapuan Pinheiro - CE,2023,35 a 39 anos,10.0
2304269,Deputado Irapuan Pinheiro - CE,2023,40 a 44 anos,1.0
2304269,Deputado Irapuan Pinheiro - CE,2023,45 a 49 anos,
2304269,Deputado Irapuan Pinheiro - CE,2023,50 anos ou mais,
2304269,Deputado Irapuan Pinheiro - CE,2023,Ignorada,
2304269,Deputado Irapuan Pinheiro - CE,2024,Total,86.0
2304269,Deputado Irapuan Pinheiro - CE,2024,Menos de 15 anos,2.0
2304269,Deputado Irapuan Pinheiro - CE,2024,15 a 19 anos,13.0
2304269,Deputado Irapuan Pinheiro - CE,2024,20 a 24 anos,20.0
2304269,Deputado Irapuan Pinheiro - CE,2024,25 a 29 anos,22.0
2304269,Deputado Irapuan Pinheiro - CE,2024,30 a 34 anos,13.0
2304269,Deputado Irapuan Pinheiro - CE,2024,35 a 39 anos,11.0
2304269,Deputado Irapuan Pinheiro - CE,2024,40 a 44 anos,5.0
2304269,Deputado Irapuan Pinheiro - CE,2024,45 a 49 anos,
2304269,Deputado Irapuan Pinheiro - CE,2024,50 anos ou mais,
2304269,Deputado Irapuan Pinheiro - CE,2024,Ignorada,
2304277,Ereré - CE,2020,Total,78.0
2304277,Ereré - CE,2020,Menos de 15 anos,
2304277,Ereré - CE,2020,15 a 19 anos,12.0
2304277,Ereré - CE,2020,20 a 24 anos,20.0
2304277,Ereré - CE,2020,25 a 29 anos,18.0
2304277,Ereré - CE,2020,30 a 34 anos,17.0
2304277,Ereré - CE,2020,35 a 39 anos,8.0
2304277,Ereré - CE,2020,40 a 44 anos,3.0
2304277,Ereré - CE,2020,45 a 49 anos,
2304277,Ereré - CE,2020,50 anos ou mais,
2304277,Ereré - CE,2020,Ignorada,
2304277,Ereré - CE,2021,Total,71.0
2304277,Ereré - CE,2021,Menos de 15 anos,
2304277,Ereré - CE,2021,15 a 19 anos,13.0
2304277,Ereré - CE,2021,20 a 24 anos,13.0
2304277,Ereré - CE,2021,25 a 29 anos,14.0
2304277,Ereré - CE,2021,30 a 34 anos,16.0
2304277,Ereré - CE,2021,35 a 39 anos,13.0
2304277,Ereré - CE,2021,40 a 44 anos,2.0
2304277,Ereré - CE,2021,45 a 49 anos,
2304277,Ereré - CE,2021,50 anos ou mais,
2304277,Ereré - CE,2021,Ignorada,
2304277,Ereré - CE,2022,Total,70.0
2304277,Ereré - CE,2022,Menos de 15 anos,
2304277,Ereré - CE,2022,15 a 19 anos,10.0
2304277,Ereré - CE,2022,20 a 24 anos,16.0
2304277,Ereré - CE,2022,25 a 29 anos,14.0
2304277,Ereré - CE,2022,30 a 34 anos,16.0
2304277,Ereré - CE,2022,35 a 39 anos,11.0
2304277,Ereré - CE,2022,40 a 44 anos,3.0
2304277,Ereré - CE,2022,45 a 49 anos,
2304277,Ereré - CE,2022,50 anos ou mais,
2304277,Ereré - CE,2022,Ignorada,
2304277,Ereré - CE,2023,Total,47.0
2304277,Ereré - CE,2023,Menos de 15 anos,
2304277,Ereré - CE,2023,15 a 19 anos,9.0
2304277,Ereré - CE,2023,20 a 24 anos,8.0
2304277,Ereré - CE,2023,25 a 29 anos,13.0
2304277,Ereré - CE,2023,30 a 34 anos,13.0
2304277,Ereré - CE,2023,35 a 39 anos,3.0
2304277,Ereré - CE,2023,40 a 44 anos,1.0
2304277,Ereré - CE,2023,45 a 49 anos,
2304277,Ereré - CE,2023,50 anos ou mais,
2304277,Ereré - CE,2023,Ignorada,
2304277,Ereré - CE,2024,Total,65.0
2304277,Ereré - CE,2024,Menos de 15 anos,
2304277,Ereré - CE,2024,15 a 19 anos,8.0
2304277,Ereré - CE,2024,20 a 24 anos,17.0
2304277,Ereré - CE,2024,25 a 29 anos,18.0
2304277,Ereré - CE,2024,30 a 34 anos,15.0
2304277,Ereré - CE,2024,35 a 39 anos,5.0
2304277,Ereré - CE,2024,40 a 44 anos,1.0
2304277,Ereré - CE,2024,45 a 49 anos,1.0
2304277,Ereré - CE,2024,50 anos ou mais,
2304277,Ereré - CE,2024,Ignorada,
2304285,Eusébio - CE,2020,Total,1207.0
2304285,Eusébio - CE,2020,Menos de 15 anos,8.0
2304285,Eusébio - CE,2020,15 a 19 anos,95.0
2304285,Eusébio - CE,2020,20 a 24 anos,299.0
2304285,Eusébio - CE,2020,25 a 29 anos,286.0
2304285,Eusébio - CE,2020,30 a 34 anos,324.0
2304285,Eusébio - CE,2020,35 a 39 anos,151.0
2304285,Eusébio - CE,2020,40 a 44 anos,39.0
2304285,Eusébio - CE,2020,45 a 49 anos,2.0
2304285,Eusébio - CE,2020,50 anos ou mais,
2304285,Eusébio - CE,2020,Ignorada,3.0
2304285,Eusébio - CE,2021,Total,1200.0
2304285,Eusébio - CE,2021,Menos de 15 anos,2.0
2304285,Eusébio - CE,2021,15 a 19 anos,110.0
2304285,Eusébio - CE,2021,20 a 24 anos,267.0
2304285,Eusébio - CE,2021,25 a 29 anos,307.0
2304285,Eusébio - CE,2021,30 a 34 anos,269.0
2304285,Eusébio - CE,2021,35 a 39 anos,205.0
2304285,Eusébio - CE,2021,40 a 44 anos,40.0
2304285,Eusébio - CE,2021,45 a 49 anos,
2304285,Eusébio - CE,2021,50 anos ou mais,
2304285,Eusébio - CE,2021,Ignorada,
2304285,Eusébio - CE,2022,Total,1148.0
2304285,Eusébio - CE,2022,Menos de 15 anos,6.0
2304285,Eusébio - CE,2022,15 a 19 anos,96.0
2304285,Eusébio - CE,2022,20 a 24 anos,246.0
2304285,Eusébio - CE,2022,25 a 29 anos,276.0
2304285,Eusébio - CE,2022,30 a 34 anos,310.0
2304285,Eusébio - CE,2022,35 a 39 anos,165.0
2304285,Eusébio - CE,2022,40 a 44 anos,47.0
2304285,Eusébio - CE,2022,45 a 49 anos,2.0
2304285,Eusébio - CE,2022,50 anos ou mais,
2304285,Eusébio - CE,2022,Ignorada,
2304285,Eusébio - CE,2023,Total,1185.0
2304285,Eusébio - CE,2023,Menos de 15 anos,4.0
2304285,Eusébio - CE,2023,15 a 19 anos,90.0
2304285,Eusébio - CE,2023,20 a 24 anos,257.0
2304285,Eusébio - CE,2023,25 a 29 anos,287.0
2304285,Eusébio - CE,2023,30 a 34 anos,286.0
2304285,Eusébio - CE,2023,35 a 39 anos,196.0
2304285,Eusébio - CE,2023,40 a 44 anos,65.0
2304285,Eusébio - CE,2023,45 a 49 anos,
2304285,Eusébio - CE,2023,50 anos ou mais,
2304285,Eusébio - CE,2023,Ignorada,
2304285,Eusébio - CE,2024,Total,1260.0
2304285,Eusébio - CE,2024,Menos de 15 anos,7.0
2304285,Eusébio - CE,2024,15 a 19 anos,103.0
2304285,Eusébio - CE,2024,20 a 24 anos,198.0
2304285,Eusébio - CE,2024,25 a 29 anos,340.0
2304285,Eusébio - CE,2024,30 a 34 anos,319.0
2304285,Eusébio - CE,2024,35 a 39 anos,227.0
2304285,Eusébio - CE,2024,40 a 44 anos,62.0
2304285,Eusébio - CE,2024,45 a 49 anos,2.0
2304285,Eusébio - CE,2024,50 anos ou mais,2.0
2304285,Eusébio - CE,2024,Ignorada,
2304301,Farias Brito - CE,2020,Total,230.0
2304301,Farias Brito - CE,2020,Menos de 15 anos,2.0
2304301,Farias Brito - CE,2020,15 a 19 anos,35.0
2304301,Farias Brito - CE,2020,20 a 24 anos,59.0
2304301,Farias Brito - CE,2020,25 a 29 anos,52.0
2304301,Farias Brito - CE,2020,30 a 34 anos,53.0
2304301,Farias Brito - CE,2020,35 a 39 anos,24.0
2304301,Farias Brito - CE,2020,40 a 44 anos,5.0
2304301,Farias Brito - CE,2020,45 a 49 anos,
2304301,Farias Brito - CE,2020,50 anos ou mais,
2304301,Farias Brito - CE,2020,Ignorada,
2304301,Farias Brito - CE,2021,Total,237.0
2304301,Farias Brito - CE,2021,Menos de 15 anos,3.0
2304301,Farias Brito - CE,2021,15 a 19 anos,42.0
2304301,Farias Brito - CE,2021,20 a 24 anos,65.0
2304301,Farias Brito - CE,2021,25 a 29 anos,48.0
2304301,Farias Brito - CE,2021,30 a 34 anos,46.0
2304301,Farias Brito - CE,2021,35 a 39 anos,25.0
2304301,Farias Brito - CE,2021,40 a 44 anos,8.0
2304301,Farias Brito - CE,2021,45 a 49 anos,
2304301,Farias Brito - CE,2021,50 anos ou mais,
2304301,Farias Brito - CE,2021,Ignorada,
2304301,Farias Brito - CE,2022,Total,193.0
2304301,Farias Brito - CE,2022,Menos de 15 anos,1.0
2304301,Farias Brito - CE,2022,15 a 19 anos,34.0
2304301,Farias Brito - CE,2022,20 a 24 anos,51.0
2304301,Farias Brito - CE,2022,25 a 29 anos,47.0
2304301,Farias Brito - CE,2022,30 a 34 anos,31.0
2304301,Farias Brito - CE,2022,35 a 39 anos,23.0
2304301,Farias Brito - CE,2022,40 a 44 anos,6.0
2304301,Farias Brito - CE,2022,45 a 49 anos,
2304301,Farias Brito - CE,2022,50 anos ou mais,
2304301,Farias Brito - CE,2022,Ignorada,
2304301,Farias Brito - CE,2023,Total,207.0
2304301,Farias Brito - CE,2023,Menos de 15 anos,
2304301,Farias Brito - CE,2023,15 a 19 anos,37.0
2304301,Farias Brito - CE,2023,20 a 24 anos,49.0
2304301,Farias Brito - CE,2023,25 a 29 anos,51.0
2304301,Farias Brito - CE,2023,30 a 34 anos,49.0
2304301,Farias Brito - CE,2023,35 a 39 anos,17.0
2304301,Farias Brito - CE,2023,40 a 44 anos,4.0
2304301,Farias Brito - CE,2023,45 a 49 anos,
2304301,Farias Brito - CE,2023,50 anos ou mais,
2304301,Farias Brito - CE,2023,Ignorada,
2304301,Farias Brito - CE,2024,Total,190.0
2304301,Farias Brito - CE,2024,Menos de 15 anos,1.0
2304301,Farias Brito - CE,2024,15 a 19 anos,25.0
2304301,Farias Brito - CE,2024,20 a 24 anos,41.0
2304301,Farias Brito - CE,2024,25 a 29 anos,57.0
2304301,Farias Brito - CE,2024,30 a 34 anos,29.0
2304301,Farias Brito - CE,2024,35 a 39 anos,29.0
2304301,Farias Brito - CE,2024,40 a 44 anos,8.0
2304301,Farias Brito - CE,2024,45 a 49 anos,
2304301,Farias Brito - CE,2024,50 anos ou mais,
2304301,Farias Brito - CE,2024,Ignorada,
2304350,Forquilha - CE,2020,Total,323.0
2304350,Forquilha - CE,2020,Menos de 15 anos,1.0
2304350,Forquilha - CE,2020,15 a 19 anos,40.0
2304350,Forquilha - CE,2020,20 a 24 anos,85.0
2304350,Forquilha - CE,2020,25 a 29 anos,93.0
2304350,Forquilha - CE,2020,30 a 34 anos,67.0
2304350,Forquilha - CE,2020,35 a 39 anos,30.0
2304350,Forquilha - CE,2020,40 a 44 anos,7.0
2304350,Forquilha - CE,2020,45 a 49 anos,
2304350,Forquilha - CE,2020,50 anos ou mais,
2304350,Forquilha - CE,2020,Ignorada,
2304350,Forquilha - CE,2021,Total,270.0
2304350,Forquilha - CE,2021,Menos de 15 anos,2.0
2304350,Forquilha - CE,2021,15 a 19 anos,37.0
2304350,Forquilha - CE,2021,20 a 24 anos,61.0
2304350,Forquilha - CE,2021,25 a 29 anos,76.0
2304350,Forquilha - CE,2021,30 a 34 anos,46.0
2304350,Forquilha - CE,2021,35 a 39 anos,40.0
2304350,Forquilha - CE,2021,40 a 44 anos,8.0
2304350,Forquilha - CE,2021,45 a 49 anos,
2304350,Forquilha - CE,2021,50 anos ou mais,
2304350,Forquilha - CE,2021,Ignorada,
2304350,Forquilha - CE,2022,Total,247.0
2304350,Forquilha - CE,2022,Menos de 15 anos,1.0
2304350,Forquilha - CE,2022,15 a 19 anos,27.0
2304350,Forquilha - CE,2022,20 a 24 anos,61.0
2304350,Forquilha - CE,2022,25 a 29 anos,79.0
2304350,Forquilha - CE,2022,30 a 34 anos,43.0
2304350,Forquilha - CE,2022,35 a 39 anos,34.0
2304350,Forquilha - CE,2022,40 a 44 anos,1.0
2304350,Forquilha - CE,2022,45 a 49 anos,1.0
2304350,Forquilha - CE,2022,50 anos ou mais,
2304350,Forquilha - CE,2022,Ignorada,
2304350,Forquilha - CE,2023,Total,249.0
2304350,Forquilha - CE,2023,Menos de 15 anos,1.0
2304350,Forquilha - CE,2023,15 a 19 anos,35.0
2304350,Forquilha - CE,2023,20 a 24 anos,55.0
2304350,Forquilha - CE,2023,25 a 29 anos,57.0
2304350,Forquilha - CE,2023,30 a 34 anos,64.0
2304350,Forquilha - CE,2023,35 a 39 anos,29.0
2304350,Forquilha - CE,2023,40 a 44 anos,8.0
2304350,Forquilha - CE,2023,45 a 49 anos,
2304350,Forquilha - CE,2023,50 anos ou mais,
2304350,Forquilha - CE,2023,Ignorada,
2304350,Forquilha - CE,2024,Total,231.0
2304350,Forquilha - CE,2024,Menos de 15 anos,
2304350,Forquilha - CE,2024,15 a 19 anos,23.0
2304350,Forquilha - CE,2024,20 a 24 anos,49.0
2304350,Forquilha - CE,2024,25 a 29 anos,60.0
2304350,Forquilha - CE,2024,30 a 34 anos,53.0
2304350,Forquilha - CE,2024,35 a 39 anos,37.0
2304350,Forquilha - CE,2024,40 a 44 anos,8.0
2304350,Forquilha - CE,2024,45 a 49 anos,1.0
2304350,Forquilha - CE,2024,50 anos ou mais,
2304350,Forquilha - CE,2024,Ignorada,
2304400,Fortaleza - CE,2020,Total,30828.0
2304400,Fortaleza - CE,2020,Menos de 15 anos,162.0
2304400,Fortaleza - CE,2020,15 a 19 anos,3305.0
2304400,Fortaleza - CE,2020,20 a 24 anos,7017.0
2304400,Fortaleza - CE,2020,25 a 29 anos,7416.0
2304400,Fortaleza - CE,2020,30 a 34 anos,7221.0
2304400,Fortaleza - CE,2020,35 a 39 anos,4481.0
2304400,Fortaleza - CE,2020,40 a 44 anos,1115.0
2304400,Fortaleza - CE,2020,45 a 49 anos,72.0
2304400,Fortaleza - CE,2020,50 anos ou mais,8.0
2304400,Fortaleza - CE,2020,Ignorada,31.0
2304400,Fortaleza - CE,2021,Total,30431.0
2304400,Fortaleza - CE,2021,Menos de 15 anos,154.0
2304400,Fortaleza - CE,2021,15 a 19 anos,3119.0
2304400,Fortaleza - CE,2021,20 a 24 anos,6988.0
2304400,Fortaleza - CE,2021,25 a 29 anos,7593.0
2304400,Fortaleza - CE,2021,30 a 34 anos,6795.0
2304400,Fortaleza - CE,2021,35 a 39 anos,4439.0
2304400,Fortaleza - CE,2021,40 a 44 anos,1255.0
2304400,Fortaleza - CE,2021,45 a 49 anos,68.0
2304400,Fortaleza - CE,2021,50 anos ou mais,6.0
2304400,Fortaleza - CE,2021,Ignorada,14.0
2304400,Fortaleza - CE,2022,Total,29057.0
2304400,Fortaleza - CE,2022,Menos de 15 anos,133.0
2304400,Fortaleza - CE,2022,15 a 19 anos,2840.0
2304400,Fortaleza - CE,2022,20 a 24 anos,6341.0
2304400,Fortaleza - CE,2022,25 a 29 anos,7411.0
2304400,Fortaleza - CE,2022,30 a 34 anos,6518.0
2304400,Fortaleza - CE,2022,35 a 39 anos,4513.0
2304400,Fortaleza - CE,2022,40 a 44 anos,1213.0
2304400,Fortaleza - CE,2022,45 a 49 anos,77.0
2304400,Fortaleza - CE,2022,50 anos ou mais,5.0
2304400,Fortaleza - CE,2022,Ignorada,6.0
2304400,Fortaleza - CE,2023,Total,28738.0
2304400,Fortaleza - CE,2023,Menos de 15 anos,141.0
2304400,Fortaleza - CE,2023,15 a 19 anos,2769.0
2304400,Fortaleza - CE,2023,20 a 24 anos,6001.0
2304400,Fortaleza - CE,2023,25 a 29 anos,7348.0
2304400,Fortaleza - CE,2023,30 a 34 anos,6548.0
2304400,Fortaleza - CE,2023,35 a 39 anos,4542.0
2304400,Fortaleza - CE,2023,40 a 44 anos,1314.0
2304400,Fortaleza - CE,2023,45 a 49 anos,63.0
2304400,Fortaleza - CE,2023,50 anos ou mais,4.0
2304400,Fortaleza - CE,2023,Ignorada,8.0
2304400,Fortaleza - CE,2024,Total,27447.0
2304400,Fortaleza - CE,2024,Menos de 15 anos,125.0
2304400,Fortaleza - CE,2024,15 a 19 anos,2490.0
2304400,Fortaleza - CE,2024,20 a 24 anos,5869.0
2304400,Fortaleza - CE,2024,25 a 29 anos,7021.0
2304400,Fortaleza - CE,2024,30 a 34 anos,6158.0
2304400,Fortaleza - CE,2024,35 a 39 anos,4446.0
2304400,Fortaleza - CE,2024,40 a 44 anos,1250.0
2304400,Fortaleza - CE,2024,45 a 49 anos,76.0
2304400,Fortaleza - CE,2024,50 anos ou mais,3.0
2304400,Fortaleza - CE,2024,Ignorada,9.0
2304459,Fortim - CE,2020,Total,184.0
2304459,Fortim - CE,2020,Menos de 15 anos,1.0
2304459,Fortim - CE,2020,15 a 19 anos,30.0
2304459,Fortim - CE,2020,20 a 24 anos,60.0
2304459,Fortim - CE,2020,25 a 29 anos,39.0
2304459,Fortim - CE,2020,30 a 34 anos,32.0
2304459,Fortim - CE,2020,35 a 39 anos,16.0
2304459,Fortim - CE,2020,40 a 44 anos,5.0
2304459,Fortim - CE,2020,45 a 49 anos,1.0
2304459,Fortim - CE,2020,50 anos ou mais,
2304459,Fortim - CE,2020,Ignorada,
2304459,Fortim - CE,2021,Total,224.0
2304459,Fortim - CE,2021,Menos de 15 anos,
2304459,Fortim - CE,2021,15 a 19 anos,37.0
2304459,Fortim - CE,2021,20 a 24 anos,51.0
2304459,Fortim - CE,2021,25 a 29 anos,55.0
2304459,Fortim - CE,2021,30 a 34 anos,54.0
2304459,Fortim - CE,2021,35 a 39 anos,21.0
2304459,Fortim - CE,2021,40 a 44 anos,6.0
2304459,Fortim - CE,2021,45 a 49 anos,
2304459,Fortim - CE,2021,50 anos ou mais,
2304459,Fortim - CE,2021,Ignorada,
2304459,Fortim - CE,2022,Total,212.0
2304459,Fortim - CE,2022,Menos de 15 anos,1.0
2304459,Fortim - CE,2022,15 a 19 anos,28.0
2304459,Fortim - CE,2022,20 a 24 anos,51.0
2304459,Fortim - CE,2022,25 a 29 anos,51.0
2304459,Fortim - CE,2022,30 a 34 anos,36.0
2304459,Fortim - CE,2022,35 a 39 anos,28.0
2304459,Fortim - CE,2022,40 a 44 anos,15.0
2304459,Fortim - CE,2022,45 a 49 anos,2.0
2304459,Fortim - CE,2022,50 anos ou mais,
2304459,Fortim - CE,2022,Ignorada,
2304459,Fortim - CE,2023,Total,211.0
2304459,Fortim - CE,2023,Menos de 15 anos,1.0
2304459,Fortim - CE,2023,15 a 19 anos,25.0
2304459,Fortim - CE,2023,20 a 24 anos,38.0
2304459,Fortim - CE,2023,25 a 29 anos,64.0
2304459,Fortim - CE,2023,30 a 34 anos,47.0
2304459,Fortim - CE,2023,35 a 39 anos,28.0
2304459,Fortim - CE,2023,40 a 44 anos,6.0
2304459,Fortim - CE,2023,45 a 49 anos,2.0
2304459,Fortim - CE,2023,50 anos ou mais,
2304459,Fortim - CE,2023,Ignorada,
2304459,Fortim - CE,2024,Total,200.0
2304459,Fortim - CE,2024,Menos de 15 anos,2.0
2304459,Fortim - CE,2024,15 a 19 anos,22.0
2304459,Fortim - CE,2024,20 a 24 anos,43.0
2304459,Fortim - CE,2024,25 a 29 anos,63.0
2304459,Fortim - CE,2024,30 a 34 anos,42.0
2304459,Fortim - CE,2024,35 a 39 anos,21.0
2304459,Fortim - CE,2024,40 a 44 anos,7.0
2304459,Fortim - CE,2024,45 a 49 anos,
2304459,Fortim - CE,2024,50 anos ou mais,
2304459,Fortim - CE,2024,Ignorada,
2304509,Frecheirinha - CE,2020,Total,267.0
2304509,Frecheirinha - CE,2020,Menos de 15 anos,2.0
2304509,Frecheirinha - CE,2020,15 a 19 anos,39.0
2304509,Frecheirinha - CE,2020,20 a 24 anos,77.0
2304509,Frecheirinha - CE,2020,25 a 29 anos,69.0
2304509,Frecheirinha - CE,2020,30 a 34 anos,36.0
2304509,Frecheirinha - CE,2020,35 a 39 anos,32.0
2304509,Frecheirinha - CE,2020,40 a 44 anos,11.0
2304509,Frecheirinha - CE,2020,45 a 49 anos,1.0
2304509,Frecheirinha - CE,2020,50 anos ou mais,
2304509,Frecheirinha - CE,2020,Ignorada,
2304509,Frecheirinha - CE,2021,Total,240.0
2304509,Frecheirinha - CE,2021,Menos de 15 anos,3.0
2304509,Frecheirinha - CE,2021,15 a 19 anos,29.0
2304509,Frecheirinha - CE,2021,20 a 24 anos,71.0
2304509,Frecheirinha - CE,2021,25 a 29 anos,66.0
2304509,Frecheirinha - CE,2021,30 a 34 anos,43.0
2304509,Frecheirinha - CE,2021,35 a 39 anos,19.0
2304509,Frecheirinha - CE,2021,40 a 44 anos,8.0
2304509,Frecheirinha - CE,2021,45 a 49 anos,1.0
2304509,Frecheirinha - CE,2021,50 anos ou mais,
2304509,Frecheirinha - CE,2021,Ignorada,
2304509,Frecheirinha - CE,2022,Total,214.0
2304509,Frecheirinha - CE,2022,Menos de 15 anos,2.0
2304509,Frecheirinha - CE,2022,15 a 19 anos,24.0
2304509,Frecheirinha - CE,2022,20 a 24 anos,64.0
2304509,Frecheirinha - CE,2022,25 a 29 anos,63.0
2304509,Frecheirinha - CE,2022,30 a 34 anos,34.0
2304509,Frecheirinha - CE,2022,35 a 39 anos,22.0
2304509,Frecheirinha - CE,2022,40 a 44 anos,5.0
2304509,Frecheirinha - CE,2022,45 a 49 anos,
2304509,Frecheirinha - CE,2022,50 anos ou mais,
2304509,Frecheirinha - CE,2022,Ignorada,
2304509,Frecheirinha - CE,2023,Total,251.0
2304509,Frecheirinha - CE,2023,Menos de 15 anos,3.0
2304509,Frecheirinha - CE,2023,15 a 19 anos,28.0
2304509,Frecheirinha - CE,2023,20 a 24 anos,73.0
2304509,Frecheirinha - CE,2023,25 a 29 anos,74.0
2304509,Frecheirinha - CE,2023,30 a 34 anos,41.0
2304509,Frecheirinha - CE,2023,35 a 39 anos,23.0
2304509,Frecheirinha - CE,2023,40 a 44 anos,8.0
2304509,Frecheirinha - CE,2023,45 a 49 anos,1.0
2304509,Frecheirinha - CE,2023,50 anos ou mais,
2304509,Frecheirinha - CE,2023,Ignorada,
2304509,Frecheirinha - CE,2024,Total,236.0
2304509,Frecheirinha - CE,2024,Menos de 15 anos,2.0
2304509,Frecheirinha - CE,2024,15 a 19 anos,28.0
2304509,Frecheirinha - CE,2024,20 a 24 anos,45.0
2304509,Frecheirinha - CE,2024,25 a 29 anos,81.0
2304509,Frecheirinha - CE,2024,30 a 34 anos,46.0
2304509,Frecheirinha - CE,2024,35 a 39 anos,28.0
2304509,Frecheirinha - CE,2024,40 a 44 anos,5.0
2304509,Frecheirinha - CE,2024,45 a 49 anos,1.0
2304509,Frecheirinha - CE,2024,50 anos ou mais,
2304509,Frecheirinha - CE,2024,Ignorada,
2304608,General Sampaio - CE,2020,Total,113.0
2304608,General Sampaio - CE,2020,Menos de 15 anos,1.0
2304608,General Sampaio - CE,2020,15 a 19 anos,19.0
2304608,General Sampaio - CE,2020,20 a 24 anos,35.0
2304608,General Sampaio - CE,2020,25 a 29 anos,25.0
2304608,General Sampaio - CE,2020,30 a 34 anos,17.0
2304608,General Sampaio - CE,2020,35 a 39 anos,11.0
2304608,General Sampaio - CE,2020,40 a 44 anos,5.0
2304608,General Sampaio - CE,2020,45 a 49 anos,
2304608,General Sampaio - CE,2020,50 anos ou mais,
2304608,General Sampaio - CE,2020,Ignorada,
2304608,General Sampaio - CE,2021,Total,92.0
2304608,General Sampaio - CE,2021,Menos de 15 anos,1.0
2304608,General Sampaio - CE,2021,15 a 19 anos,24.0
2304608,General Sampaio - CE,2021,20 a 24 anos,17.0
2304608,General Sampaio - CE,2021,25 a 29 anos,21.0
2304608,General Sampaio - CE,2021,30 a 34 anos,11.0
2304608,General Sampaio - CE,2021,35 a 39 anos,14.0
2304608,General Sampaio - CE,2021,40 a 44 anos,4.0
2304608,General Sampaio - CE,2021,45 a 49 anos,
2304608,General Sampaio - CE,2021,50 anos ou mais,
2304608,General Sampaio - CE,2021,Ignorada,
2304608,General Sampaio - CE,2022,Total,100.0
2304608,General Sampaio - CE,2022,Menos de 15 anos,
2304608,General Sampaio - CE,2022,15 a 19 anos,20.0
2304608,General Sampaio - CE,2022,20 a 24 anos,32.0
2304608,General Sampaio - CE,2022,25 a 29 anos,19.0
2304608,General Sampaio - CE,2022,30 a 34 anos,13.0
2304608,General Sampaio - CE,2022,35 a 39 anos,11.0
2304608,General Sampaio - CE,2022,40 a 44 anos,5.0
2304608,General Sampaio - CE,2022,45 a 49 anos,
2304608,General Sampaio - CE,2022,50 anos ou mais,
2304608,General Sampaio - CE,2022,Ignorada,
2304608,General Sampaio - CE,2023,Total,108.0
2304608,General Sampaio - CE,2023,Menos de 15 anos,
2304608,General Sampaio - CE,2023,15 a 19 anos,10.0
2304608,General Sampaio - CE,2023,20 a 24 anos,37.0
2304608,General Sampaio - CE,2023,25 a 29 anos,24.0
2304608,General Sampaio - CE,2023,30 a 34 anos,18.0
2304608,General Sampaio - CE,2023,35 a 39 anos,17.0
2304608,General Sampaio - CE,2023,40 a 44 anos,1.0
2304608,General Sampaio - CE,2023,45 a 49 anos,1.0
2304608,General Sampaio - CE,2023,50 anos ou mais,
2304608,General Sampaio - CE,2023,Ignorada,
2304608,General Sampaio - CE,2024,Total,83.0
2304608,General Sampaio - CE,2024,Menos de 15 anos,
2304608,General Sampaio - CE,2024,15 a 19 anos,12.0
2304608,General Sampaio - CE,2024,20 a 24 anos,15.0
2304608,General Sampaio - CE,2024,25 a 29 anos,27.0
2304608,General Sampaio - CE,2024,30 a 34 anos,14.0
2304608,General Sampaio - CE,2024,35 a 39 anos,11.0
2304608,General Sampaio - CE,2024,40 a 44 anos,4.0
2304608,General Sampaio - CE,2024,45 a 49 anos,
2304608,General Sampaio - CE,2024,50 anos ou mais,
2304608,General Sampaio - CE,2024,Ignorada,
2304657,Graça - CE,2020,Total,184.0
2304657,Graça - CE,2020,Menos de 15 anos,1.0
2304657,Graça - CE,2020,15 a 19 anos,26.0
2304657,Graça - CE,2020,20 a 24 anos,50.0
2304657,Graça - CE,2020,25 a 29 anos,33.0
2304657,Graça - CE,2020,30 a 34 anos,38.0
2304657,Graça - CE,2020,35 a 39 anos,32.0
2304657,Graça - CE,2020,40 a 44 anos,4.0
2304657,Graça - CE,2020,45 a 49 anos,
2304657,Graça - CE,2020,50 anos ou mais,
2304657,Graça - CE,2020,Ignorada,
2304657,Graça - CE,2021,Total,195.0
2304657,Graça - CE,2021,Menos de 15 anos,1.0
2304657,Graça - CE,2021,15 a 19 anos,31.0
2304657,Graça - CE,2021,20 a 24 anos,60.0
2304657,Graça - CE,2021,25 a 29 anos,47.0
2304657,Graça - CE,2021,30 a 34 anos,30.0
2304657,Graça - CE,2021,35 a 39 anos,20.0
2304657,Graça - CE,2021,40 a 44 anos,5.0
2304657,Graça - CE,2021,45 a 49 anos,1.0
2304657,Graça - CE,2021,50 anos ou mais,
2304657,Graça - CE,2021,Ignorada,
2304657,Graça - CE,2022,Total,156.0
2304657,Graça - CE,2022,Menos de 15 anos,3.0
2304657,Graça - CE,2022,15 a 19 anos,18.0
2304657,Graça - CE,2022,20 a 24 anos,30.0
2304657,Graça - CE,2022,25 a 29 anos,33.0
2304657,Graça - CE,2022,30 a 34 anos,39.0
2304657,Graça - CE,2022,35 a 39 anos,19.0
2304657,Graça - CE,2022,40 a 44 anos,14.0
2304657,Graça - CE,2022,45 a 49 anos,
2304657,Graça - CE,2022,50 anos ou mais,
2304657,Graça - CE,2022,Ignorada,
2304657,Graça - CE,2023,Total,161.0
2304657,Graça - CE,2023,Menos de 15 anos,
2304657,Graça - CE,2023,15 a 19 anos,15.0
2304657,Graça - CE,2023,20 a 24 anos,42.0
2304657,Graça - CE,2023,25 a 29 anos,42.0
2304657,Graça - CE,2023,30 a 34 anos,31.0
2304657,Graça - CE,2023,35 a 39 anos,24.0
2304657,Graça - CE,2023,40 a 44 anos,7.0
2304657,Graça - CE,2023,45 a 49 anos,
2304657,Graça - CE,2023,50 anos ou mais,
2304657,Graça - CE,2023,Ignorada,
2304657,Graça - CE,2024,Total,132.0
2304657,Graça - CE,2024,Menos de 15 anos,1.0
2304657,Graça - CE,2024,15 a 19 anos,20.0
2304657,Graça - CE,2024,20 a 24 anos,24.0
2304657,Graça - CE,2024,25 a 29 anos,43.0
2304657,Graça - CE,2024,30 a 34 anos,21.0
2304657,Graça - CE,2024,35 a 39 anos,18.0
2304657,Graça - CE,2024,40 a 44 anos,5.0
2304657,Graça - CE,2024,45 a 49 anos,
2304657,Graça - CE,2024,50 anos ou mais,
2304657,Graça - CE,2024,Ignorada,
2304707,Granja - CE,2020,Total,751.0
2304707,Granja - CE,2020,Menos de 15 anos,9.0
2304707,Granja - CE,2020,15 a 19 anos,105.0
2304707,Granja - CE,2020,20 a 24 anos,210.0
2304707,Granja - CE,2020,25 a 29 anos,194.0
2304707,Granja - CE,2020,30 a 34 anos,136.0
2304707,Granja - CE,2020,35 a 39 anos,81.0
2304707,Granja - CE,2020,40 a 44 anos,15.0
2304707,Granja - CE,2020,45 a 49 anos,
2304707,Granja - CE,2020,50 anos ou mais,
2304707,Granja - CE,2020,Ignorada,1.0
2304707,Granja - CE,2021,Total,719.0
2304707,Granja - CE,2021,Menos de 15 anos,12.0
2304707,Granja - CE,2021,15 a 19 anos,116.0
2304707,Granja - CE,2021,20 a 24 anos,188.0
2304707,Granja - CE,2021,25 a 29 anos,186.0
2304707,Granja - CE,2021,30 a 34 anos,135.0
2304707,Granja - CE,2021,35 a 39 anos,64.0
2304707,Granja - CE,2021,40 a 44 anos,17.0
2304707,Granja - CE,2021,45 a 49 anos,1.0
2304707,Granja - CE,2021,50 anos ou mais,
2304707,Granja - CE,2021,Ignorada,
2304707,Granja - CE,2022,Total,687.0
2304707,Granja - CE,2022,Menos de 15 anos,11.0
2304707,Granja - CE,2022,15 a 19 anos,107.0
2304707,Granja - CE,2022,20 a 24 anos,163.0
2304707,Granja - CE,2022,25 a 29 anos,192.0
2304707,Granja - CE,2022,30 a 34 anos,119.0
2304707,Granja - CE,2022,35 a 39 anos,69.0
2304707,Granja - CE,2022,40 a 44 anos,24.0
2304707,Granja - CE,2022,45 a 49 anos,1.0
2304707,Granja - CE,2022,50 anos ou mais,
2304707,Granja - CE,2022,Ignorada,1.0
2304707,Granja - CE,2023,Total,706.0
2304707,Granja - CE,2023,Menos de 15 anos,7.0
2304707,Granja - CE,2023,15 a 19 anos,90.0
2304707,Granja - CE,2023,20 a 24 anos,175.0
2304707,Granja - CE,2023,25 a 29 anos,204.0
2304707,Granja - CE,2023,30 a 34 anos,125.0
2304707,Granja - CE,2023,35 a 39 anos,76.0
2304707,Granja - CE,2023,40 a 44 anos,29.0
2304707,Granja - CE,2023,45 a 49 anos,
2304707,Granja - CE,2023,50 anos ou mais,
2304707,Granja - CE,2023,Ignorada,
2304707,Granja - CE,2024,Total,677.0
2304707,Granja - CE,2024,Menos de 15 anos,10.0
2304707,Granja - CE,2024,15 a 19 anos,98.0
2304707,Granja - CE,2024,20 a 24 anos,153.0
2304707,Granja - CE,2024,25 a 29 anos,170.0
2304707,Granja - CE,2024,30 a 34 anos,151.0
2304707,Granja - CE,2024,35 a 39 anos,76.0
2304707,Granja - CE,2024,40 a 44 anos,17.0
2304707,Granja - CE,2024,45 a 49 anos,1.0
2304707,Granja - CE,2024,50 anos ou mais,1.0
2304707,Granja - CE,2024,Ignorada,
2304806,Granjeiro - CE,2020,Total,84.0
2304806,Granjeiro - CE,2020,Menos de 15 anos,1.0
2304806,Granjeiro - CE,2020,15 a 19 anos,8.0
2304806,Granjeiro - CE,2020,20 a 24 anos,23.0
2304806,Granjeiro - CE,2020,25 a 29 anos,23.0
2304806,Granjeiro - CE,2020,30 a 34 anos,12.0
2304806,Granjeiro - CE,2020,35 a 39 anos,13.0
2304806,Granjeiro - CE,2020,40 a 44 anos,4.0
2304806,Granjeiro - CE,2020,45 a 49 anos,
2304806,Granjeiro - CE,2020,50 anos ou mais,
2304806,Granjeiro - CE,2020,Ignorada,
2304806,Granjeiro - CE,2021,Total,76.0
2304806,Granjeiro - CE,2021,Menos de 15 anos,
2304806,Granjeiro - CE,2021,15 a 19 anos,9.0
2304806,Granjeiro - CE,2021,20 a 24 anos,11.0
2304806,Granjeiro - CE,2021,25 a 29 anos,25.0
2304806,Granjeiro - CE,2021,30 a 34 anos,14.0
2304806,Granjeiro - CE,2021,35 a 39 anos,15.0
2304806,Granjeiro - CE,2021,40 a 44 anos,2.0
2304806,Granjeiro - CE,2021,45 a 49 anos,
2304806,Granjeiro - CE,2021,50 anos ou mais,
2304806,Granjeiro - CE,2021,Ignorada,
2304806,Granjeiro - CE,2022,Total,60.0
2304806,Granjeiro - CE,2022,Menos de 15 anos,2.0
2304806,Granjeiro - CE,2022,15 a 19 anos,10.0
2304806,Granjeiro - CE,2022,20 a 24 anos,17.0
2304806,Granjeiro - CE,2022,25 a 29 anos,11.0
2304806,Granjeiro - CE,2022,30 a 34 anos,9.0
2304806,Granjeiro - CE,2022,35 a 39 anos,6.0
2304806,Granjeiro - CE,2022,40 a 44 anos,5.0
2304806,Granjeiro - CE,2022,45 a 49 anos,
2304806,Granjeiro - CE,2022,50 anos ou mais,
2304806,Granjeiro - CE,2022,Ignorada,
2304806,Granjeiro - CE,2023,Total,71.0
2304806,Granjeiro - CE,2023,Menos de 15 anos,
2304806,Granjeiro - CE,2023,15 a 19 anos,9.0
2304806,Granjeiro - CE,2023,20 a 24 anos,15.0
2304806,Granjeiro - CE,2023,25 a 29 anos,17.0
2304806,Granjeiro - CE,2023,30 a 34 anos,11.0
2304806,Granjeiro - CE,2023,35 a 39 anos,10.0
2304806,Granjeiro - CE,2023,40 a 44 anos,7.0
2304806,Granjeiro - CE,2023,45 a 49 anos,2.0
2304806,Granjeiro - CE,2023,50 anos ou mais,
2304806,Granjeiro - CE,2023,Ignorada,
2304806,Granjeiro - CE,2024,Total,63.0
2304806,Granjeiro - CE,2024,Menos de 15 anos,
2304806,Granjeiro - CE,2024,15 a 19 anos,5.0
2304806,Granjeiro - CE,2024,20 a 24 anos,19.0
2304806,Granjeiro - CE,2024,25 a 29 anos,11.0
2304806,Granjeiro - CE,2024,30 a 34 anos,10.0
2304806,Granjeiro - CE,2024,35 a 39 anos,12.0
2304806,Granjeiro - CE,2024,40 a 44 anos,6.0
2304806,Granjeiro - CE,2024,45 a 49 anos,
2304806,Granjeiro - CE,2024,50 anos ou mais,
2304806,Granjeiro - CE,2024,Ignorada,
2304905,Groaíras - CE,2020,Total,144.0
2304905,Groaíras - CE,2020,Menos de 15 anos,1.0
2304905,Groaíras - CE,2020,15 a 19 anos,15.0
2304905,Groaíras - CE,2020,20 a 24 anos,38.0
2304905,Groaíras - CE,2020,25 a 29 anos,38.0
2304905,Groaíras - CE,2020,30 a 34 anos,33.0
2304905,Groaíras - CE,2020,35 a 39 anos,16.0
2304905,Groaíras - CE,2020,40 a 44 anos,3.0
2304905,Groaíras - CE,2020,45 a 49 anos,
2304905,Groaíras - CE,2020,50 anos ou mais,
2304905,Groaíras - CE,2020,Ignorada,
2304905,Groaíras - CE,2021,Total,115.0
2304905,Groaíras - CE,2021,Menos de 15 anos,1.0
2304905,Groaíras - CE,2021,15 a 19 anos,9.0
2304905,Groaíras - CE,2021,20 a 24 anos,28.0
2304905,Groaíras - CE,2021,25 a 29 anos,38.0
2304905,Groaíras - CE,2021,30 a 34 anos,20.0
2304905,Groaíras - CE,2021,35 a 39 anos,14.0
2304905,Groaíras - CE,2021,40 a 44 anos,5.0
2304905,Groaíras - CE,2021,45 a 49 anos,
2304905,Groaíras - CE,2021,50 anos ou mais,
2304905,Groaíras - CE,2021,Ignorada,
2304905,Groaíras - CE,2022,Total,111.0
2304905,Groaíras - CE,2022,Menos de 15 anos,
2304905,Groaíras - CE,2022,15 a 19 anos,11.0
2304905,Groaíras - CE,2022,20 a 24 anos,21.0
2304905,Groaíras - CE,2022,25 a 29 anos,25.0
2304905,Groaíras - CE,2022,30 a 34 anos,29.0
2304905,Groaíras - CE,2022,35 a 39 anos,21.0
2304905,Groaíras - CE,2022,40 a 44 anos,4.0
2304905,Groaíras - CE,2022,45 a 49 anos,
2304905,Groaíras - CE,2022,50 anos ou mais,
2304905,Groaíras - CE,2022,Ignorada,
2304905,Groaíras - CE,2023,Total,105.0
2304905,Groaíras - CE,2023,Menos de 15 anos,2.0
2304905,Groaíras - CE,2023,15 a 19 anos,10.0
2304905,Groaíras - CE,2023,20 a 24 anos,20.0
2304905,Groaíras - CE,2023,25 a 29 anos,24.0
2304905,Groaíras - CE,2023,30 a 34 anos,31.0
2304905,Groaíras - CE,2023,35 a 39 anos,13.0
2304905,Groaíras - CE,2023,40 a 44 anos,5.0
2304905,Groaíras - CE,2023,45 a 49 anos,
2304905,Groaíras - CE,2023,50 anos ou mais,
2304905,Groaíras - CE,2023,Ignorada,
2304905,Groaíras - CE,2024,Total,90.0
2304905,Groaíras - CE,2024,Menos de 15 anos,1.0
2304905,Groaíras - CE,2024,15 a 19 anos,8.0
2304905,Groaíras - CE,2024,20 a 24 anos,16.0
2304905,Groaíras - CE,2024,25 a 29 anos,32.0
2304905,Groaíras - CE,2024,30 a 34 anos,20.0
2304905,Groaíras - CE,2024,35 a 39 anos,9.0
2304905,Groaíras - CE,2024,40 a 44 anos,4.0
2304905,Groaíras - CE,2024,45 a 49 anos,
2304905,Groaíras - CE,2024,50 anos ou mais,
2304905,Groaíras - CE,2024,Ignorada,
2304954,Guaiúba - CE,2020,Total,323.0
2304954,Guaiúba - CE,2020,Menos de 15 anos,
2304954,Guaiúba - CE,2020,15 a 19 anos,46.0
2304954,Guaiúba - CE,2020,20 a 24 anos,94.0
2304954,Guaiúba - CE,2020,25 a 29 anos,82.0
2304954,Guaiúba - CE,2020,30 a 34 anos,63.0
2304954,Guaiúba - CE,2020,35 a 39 anos,26.0
2304954,Guaiúba - CE,2020,40 a 44 anos,12.0
2304954,Guaiúba - CE,2020,45 a 49 anos,
2304954,Guaiúba - CE,2020,50 anos ou mais,
2304954,Guaiúba - CE,2020,Ignorada,
2304954,Guaiúba - CE,2021,Total,306.0
2304954,Guaiúba - CE,2021,Menos de 15 anos,2.0
2304954,Guaiúba - CE,2021,15 a 19 anos,53.0
2304954,Guaiúba - CE,2021,20 a 24 anos,77.0
2304954,Guaiúba - CE,2021,25 a 29 anos,83.0
2304954,Guaiúba - CE,2021,30 a 34 anos,53.0
2304954,Guaiúba - CE,2021,35 a 39 anos,28.0
2304954,Guaiúba - CE,2021,40 a 44 anos,9.0
2304954,Guaiúba - CE,2021,45 a 49 anos,1.0
2304954,Guaiúba - CE,2021,50 anos ou mais,
2304954,Guaiúba - CE,2021,Ignorada,
2304954,Guaiúba - CE,2022,Total,264.0
2304954,Guaiúba - CE,2022,Menos de 15 anos,
2304954,Guaiúba - CE,2022,15 a 19 anos,24.0
2304954,Guaiúba - CE,2022,20 a 24 anos,69.0
2304954,Guaiúba - CE,2022,25 a 29 anos,87.0
2304954,Guaiúba - CE,2022,30 a 34 anos,46.0
2304954,Guaiúba - CE,2022,35 a 39 anos,30.0
2304954,Guaiúba - CE,2022,40 a 44 anos,8.0
2304954,Guaiúba - CE,2022,45 a 49 anos,
2304954,Guaiúba - CE,2022,50 anos ou mais,
2304954,Guaiúba - CE,2022,Ignorada,
2304954,Guaiúba - CE,2023,Total,233.0
2304954,Guaiúba - CE,2023,Menos de 15 anos,1.0
2304954,Guaiúba - CE,2023,15 a 19 anos,22.0
2304954,Guaiúba - CE,2023,20 a 24 anos,44.0
2304954,Guaiúba - CE,2023,25 a 29 anos,61.0
2304954,Guaiúba - CE,2023,30 a 34 anos,48.0
2304954,Guaiúba - CE,2023,35 a 39 anos,44.0
2304954,Guaiúba - CE,2023,40 a 44 anos,12.0
2304954,Guaiúba - CE,2023,45 a 49 anos,
2304954,Guaiúba - CE,2023,50 anos ou mais,
2304954,Guaiúba - CE,2023,Ignorada,1.0
2304954,Guaiúba - CE,2024,Total,235.0
2304954,Guaiúba - CE,2024,Menos de 15 anos,3.0
2304954,Guaiúba - CE,2024,15 a 19 anos,33.0
2304954,Guaiúba - CE,2024,20 a 24 anos,48.0
2304954,Guaiúba - CE,2024,25 a 29 anos,65.0
2304954,Guaiúba - CE,2024,30 a 34 anos,48.0
2304954,Guaiúba - CE,2024,35 a 39 anos,26.0
2304954,Guaiúba - CE,2024,40 a 44 anos,12.0
2304954,Guaiúba - CE,2024,45 a 49 anos,
2304954,Guaiúba - CE,2024,50 anos ou mais,
2304954,Guaiúba - CE,2024,Ignorada,
2305001,Guaraciaba do Norte - CE,2020,Total,664.0
2305001,Guaraciaba do Norte - CE,2020,Menos de 15 anos,7.0
2305001,Guaraciaba do Norte - CE,2020,15 a 19 anos,114.0
2305001,Guaraciaba do Norte - CE,2020,20 a 24 anos,160.0
2305001,Guaraciaba do Norte - CE,2020,25 a 29 anos,157.0
2305001,Guaraciaba do Norte - CE,2020,30 a 34 anos,125.0
2305001,Guaraciaba do Norte - CE,2020,35 a 39 anos,74.0
2305001,Guaraciaba do Norte - CE,2020,40 a 44 anos,25.0
2305001,Guaraciaba do Norte - CE,2020,45 a 49 anos,2.0
2305001,Guaraciaba do Norte - CE,2020,50 anos ou mais,
2305001,Guaraciaba do Norte - CE,2020,Ignorada,
2305001,Guaraciaba do Norte - CE,2021,Total,680.0
2305001,Guaraciaba do Norte - CE,2021,Menos de 15 anos,8.0
2305001,Guaraciaba do Norte - CE,2021,15 a 19 anos,102.0
2305001,Guaraciaba do Norte - CE,2021,20 a 24 anos,163.0
2305001,Guaraciaba do Norte - CE,2021,25 a 29 anos,184.0
2305001,Guaraciaba do Norte - CE,2021,30 a 34 anos,121.0
2305001,Guaraciaba do Norte - CE,2021,35 a 39 anos,73.0
2305001,Guaraciaba do Norte - CE,2021,40 a 44 anos,27.0
2305001,Guaraciaba do Norte - CE,2021,45 a 49 anos,2.0
2305001,Guaraciaba do Norte - CE,2021,50 anos ou mais,
2305001,Guaraciaba do Norte - CE,2021,Ignorada,
2305001,Guaraciaba do Norte - CE,2022,Total,597.0
2305001,Guaraciaba do Norte - CE,2022,Menos de 15 anos,2.0
2305001,Guaraciaba do Norte - CE,2022,15 a 19 anos,75.0
2305001,Guaraciaba do Norte - CE,2022,20 a 24 anos,153.0
2305001,Guaraciaba do Norte - CE,2022,25 a 29 anos,142.0
2305001,Guaraciaba do Norte - CE,2022,30 a 34 anos,125.0
2305001,Guaraciaba do Norte - CE,2022,35 a 39 anos,74.0
2305001,Guaraciaba do Norte - CE,2022,40 a 44 anos,26.0
2305001,Guaraciaba do Norte - CE,2022,45 a 49 anos,
2305001,Guaraciaba do Norte - CE,2022,50 anos ou mais,
2305001,Guaraciaba do Norte - CE,2022,Ignorada,
2305001,Guaraciaba do Norte - CE,2023,Total,562.0
2305001,Guaraciaba do Norte - CE,2023,Menos de 15 anos,5.0
2305001,Guaraciaba do Norte - CE,2023,15 a 19 anos,74.0
2305001,Guaraciaba do Norte - CE,2023,20 a 24 anos,125.0
2305001,Guaraciaba do Norte - CE,2023,25 a 29 anos,144.0
2305001,Guaraciaba do Norte - CE,2023,30 a 34 anos,119.0
2305001,Guaraciaba do Norte - CE,2023,35 a 39 anos,75.0
2305001,Guaraciaba do Norte - CE,2023,40 a 44 anos,19.0
2305001,Guaraciaba do Norte - CE,2023,45 a 49 anos,1.0
2305001,Guaraciaba do Norte - CE,2023,50 anos ou mais,
2305001,Guaraciaba do Norte - CE,2023,Ignorada,
2305001,Guaraciaba do Norte - CE,2024,Total,574.0
2305001,Guaraciaba do Norte - CE,2024,Menos de 15 anos,4.0
2305001,Guaraciaba do Norte - CE,2024,15 a 19 anos,71.0
2305001,Guaraciaba do Norte - CE,2024,20 a 24 anos,139.0
2305001,Guaraciaba do Norte - CE,2024,25 a 29 anos,139.0
2305001,Guaraciaba do Norte - CE,2024,30 a 34 anos,127.0
2305001,Guaraciaba do Norte - CE,2024,35 a 39 anos,74.0
2305001,Guaraciaba do Norte - CE,2024,40 a 44 anos,17.0
2305001,Guaraciaba do Norte - CE,2024,45 a 49 anos,3.0
2305001,Guaraciaba do Norte - CE,2024,50 anos ou mais,
2305001,Guaraciaba do Norte - CE,2024,Ignorada,
2305100,Guaramiranga - CE,2020,Total,74.0
2305100,Guaramiranga - CE,2020,Menos de 15 anos,1.0
2305100,Guaramiranga - CE,2020,15 a 19 anos,8.0
2305100,Guaramiranga - CE,2020,20 a 24 anos,29.0
2305100,Guaramiranga - CE,2020,25 a 29 anos,16.0
2305100,Guaramiranga - CE,2020,30 a 34 anos,11.0
2305100,Guaramiranga - CE,2020,35 a 39 anos,5.0
2305100,Guaramiranga - CE,2020,40 a 44 anos,4.0
2305100,Guaramiranga - CE,2020,45 a 49 anos,
2305100,Guaramiranga - CE,2020,50 anos ou mais,
2305100,Guaramiranga - CE,2020,Ignorada,
2305100,Guaramiranga - CE,2021,Total,78.0
2305100,Guaramiranga - CE,2021,Menos de 15 anos,
2305100,Guaramiranga - CE,2021,15 a 19 anos,12.0
2305100,Guaramiranga - CE,2021,20 a 24 anos,17.0
2305100,Guaramiranga - CE,2021,25 a 29 anos,15.0
2305100,Guaramiranga - CE,2021,30 a 34 anos,17.0
2305100,Guaramiranga - CE,2021,35 a 39 anos,11.0
2305100,Guaramiranga - CE,2021,40 a 44 anos,6.0
2305100,Guaramiranga - CE,2021,45 a 49 anos,
2305100,Guaramiranga - CE,2021,50 anos ou mais,
2305100,Guaramiranga - CE,2021,Ignorada,
2305100,Guaramiranga - CE,2022,Total,73.0
2305100,Guaramiranga - CE,2022,Menos de 15 anos,1.0
2305100,Guaramiranga - CE,2022,15 a 19 anos,16.0
2305100,Guaramiranga - CE,2022,20 a 24 anos,16.0
2305100,Guaramiranga - CE,2022,25 a 29 anos,18.0
2305100,Guaramiranga - CE,2022,30 a 34 anos,11.0
2305100,Guaramiranga - CE,2022,35 a 39 anos,6.0
2305100,Guaramiranga - CE,2022,40 a 44 anos,4.0
2305100,Guaramiranga - CE,2022,45 a 49 anos,1.0
2305100,Guaramiranga - CE,2022,50 anos ou mais,
2305100,Guaramiranga - CE,2022,Ignorada,
2305100,Guaramiranga - CE,2023,Total,59.0
2305100,Guaramiranga - CE,2023,Menos de 15 anos,
2305100,Guaramiranga - CE,2023,15 a 19 anos,3.0
2305100,Guaramiranga - CE,2023,20 a 24 anos,16.0
2305100,Guaramiranga - CE,2023,25 a 29 anos,14.0
2305100,Guaramiranga - CE,2023,30 a 34 anos,13.0
2305100,Guaramiranga - CE,2023,35 a 39 anos,8.0
2305100,Guaramiranga - CE,2023,40 a 44 anos,5.0
2305100,Guaramiranga - CE,2023,45 a 49 anos,
2305100,Guaramiranga - CE,2023,50 anos ou mais,
2305100,Guaramiranga - CE,2023,Ignorada,
2305100,Guaramiranga - CE,2024,Total,84.0
2305100,Guaramiranga - CE,2024,Menos de 15 anos,
2305100,Guaramiranga - CE,2024,15 a 19 anos,7.0
2305100,Guaramiranga - CE,2024,20 a 24 anos,18.0
2305100,Guaramiranga - CE,2024,25 a 29 anos,17.0
2305100,Guaramiranga - CE,2024,30 a 34 anos,20.0
2305100,Guaramiranga - CE,2024,35 a 39 anos,18.0
2305100,Guaramiranga - CE,2024,40 a 44 anos,3.0
2305100,Guaramiranga - CE,2024,45 a 49 anos,1.0
2305100,Guaramiranga - CE,2024,50 anos ou mais,
2305100,Guaramiranga - CE,2024,Ignorada,
2305209,Hidrolândia - CE,2020,Total,214.0
2305209,Hidrolândia - CE,2020,Menos de 15 anos,1.0
2305209,Hidrolândia - CE,2020,15 a 19 anos,21.0
2305209,Hidrolândia - CE,2020,20 a 24 anos,59.0
2305209,Hidrolândia - CE,2020,25 a 29 anos,47.0
2305209,Hidrolândia - CE,2020,30 a 34 anos,54.0
2305209,Hidrolândia - CE,2020,35 a 39 anos,24.0
2305209,Hidrolândia - CE,2020,40 a 44 anos,8.0
2305209,Hidrolândia - CE,2020,45 a 49 anos,
2305209,Hidrolândia - CE,2020,50 anos ou mais,
2305209,Hidrolândia - CE,2020,Ignorada,
2305209,Hidrolândia - CE,2021,Total,223.0
2305209,Hidrolândia - CE,2021,Menos de 15 anos,2.0
2305209,Hidrolândia - CE,2021,15 a 19 anos,42.0
2305209,Hidrolândia - CE,2021,20 a 24 anos,47.0
2305209,Hidrolândia - CE,2021,25 a 29 anos,52.0
2305209,Hidrolândia - CE,2021,30 a 34 anos,50.0
2305209,Hidrolândia - CE,2021,35 a 39 anos,22.0
2305209,Hidrolândia - CE,2021,40 a 44 anos,8.0
2305209,Hidrolândia - CE,2021,45 a 49 anos,
2305209,Hidrolândia - CE,2021,50 anos ou mais,
2305209,Hidrolândia - CE,2021,Ignorada,
2305209,Hidrolândia - CE,2022,Total,220.0
2305209,Hidrolândia - CE,2022,Menos de 15 anos,4.0
2305209,Hidrolândia - CE,2022,15 a 19 anos,25.0
2305209,Hidrolândia - CE,2022,20 a 24 anos,67.0
2305209,Hidrolândia - CE,2022,25 a 29 anos,55.0
2305209,Hidrolândia - CE,2022,30 a 34 anos,40.0
2305209,Hidrolândia - CE,2022,35 a 39 anos,20.0
2305209,Hidrolândia - CE,2022,40 a 44 anos,8.0
2305209,Hidrolândia - CE,2022,45 a 49 anos,1.0
2305209,Hidrolândia - CE,2022,50 anos ou mais,
2305209,Hidrolândia - CE,2022,Ignorada,
2305209,Hidrolândia - CE,2023,Total,159.0
2305209,Hidrolândia - CE,2023,Menos de 15 anos,1.0
2305209,Hidrolândia - CE,2023,15 a 19 anos,30.0
2305209,Hidrolândia - CE,2023,20 a 24 anos,37.0
2305209,Hidrolândia - CE,2023,25 a 29 anos,37.0
2305209,Hidrolândia - CE,2023,30 a 34 anos,28.0
2305209,Hidrolândia - CE,2023,35 a 39 anos,18.0
2305209,Hidrolândia - CE,2023,40 a 44 anos,7.0
2305209,Hidrolândia - CE,2023,45 a 49 anos,1.0
2305209,Hidrolândia - CE,2023,50 anos ou mais,
2305209,Hidrolândia - CE,2023,Ignorada,
2305209,Hidrolândia - CE,2024,Total,192.0
2305209,Hidrolândia - CE,2024,Menos de 15 anos,
2305209,Hidrolândia - CE,2024,15 a 19 anos,35.0
2305209,Hidrolândia - CE,2024,20 a 24 anos,41.0
2305209,Hidrolândia - CE,2024,25 a 29 anos,50.0
2305209,Hidrolândia - CE,2024,30 a 34 anos,36.0
2305209,Hidrolândia - CE,2024,35 a 39 anos,21.0
2305209,Hidrolândia - CE,2024,40 a 44 anos,9.0
2305209,Hidrolândia - CE,2024,45 a 49 anos,
2305209,Hidrolândia - CE,2024,50 anos ou mais,
2305209,Hidrolândia - CE,2024,Ignorada,
2305233,Horizonte - CE,2020,Total,1138.0
2305233,Horizonte - CE,2020,Menos de 15 anos,3.0
2305233,Horizonte - CE,2020,15 a 19 anos,150.0
2305233,Horizonte - CE,2020,20 a 24 anos,297.0
2305233,Horizonte - CE,2020,25 a 29 anos,286.0
2305233,Horizonte - CE,2020,30 a 34 anos,232.0
2305233,Horizonte - CE,2020,35 a 39 anos,128.0
2305233,Horizonte - CE,2020,40 a 44 anos,36.0
2305233,Horizonte - CE,2020,45 a 49 anos,2.0
2305233,Horizonte - CE,2020,50 anos ou mais,
2305233,Horizonte - CE,2020,Ignorada,4.0
2305233,Horizonte - CE,2021,Total,1116.0
2305233,Horizonte - CE,2021,Menos de 15 anos,10.0
2305233,Horizonte - CE,2021,15 a 19 anos,107.0
2305233,Horizonte - CE,2021,20 a 24 anos,260.0
2305233,Horizonte - CE,2021,25 a 29 anos,322.0
2305233,Horizonte - CE,2021,30 a 34 anos,227.0
2305233,Horizonte - CE,2021,35 a 39 anos,148.0
2305233,Horizonte - CE,2021,40 a 44 anos,38.0
2305233,Horizonte - CE,2021,45 a 49 anos,3.0
2305233,Horizonte - CE,2021,50 anos ou mais,
2305233,Horizonte - CE,2021,Ignorada,1.0
2305233,Horizonte - CE,2022,Total,1053.0
2305233,Horizonte - CE,2022,Menos de 15 anos,4.0
2305233,Horizonte - CE,2022,15 a 19 anos,120.0
2305233,Horizonte - CE,2022,20 a 24 anos,267.0
2305233,Horizonte - CE,2022,25 a 29 anos,277.0
2305233,Horizonte - CE,2022,30 a 34 anos,224.0
2305233,Horizonte - CE,2022,35 a 39 anos,121.0
2305233,Horizonte - CE,2022,40 a 44 anos,36.0
2305233,Horizonte - CE,2022,45 a 49 anos,2.0
2305233,Horizonte - CE,2022,50 anos ou mais,
2305233,Horizonte - CE,2022,Ignorada,2.0
2305233,Horizonte - CE,2023,Total,1078.0
2305233,Horizonte - CE,2023,Menos de 15 anos,13.0
2305233,Horizonte - CE,2023,15 a 19 anos,114.0
2305233,Horizonte - CE,2023,20 a 24 anos,252.0
2305233,Horizonte - CE,2023,25 a 29 anos,273.0
2305233,Horizonte - CE,2023,30 a 34 anos,239.0
2305233,Horizonte - CE,2023,35 a 39 anos,138.0
2305233,Horizonte - CE,2023,40 a 44 anos,46.0
2305233,Horizonte - CE,2023,45 a 49 anos,3.0
2305233,Horizonte - CE,2023,50 anos ou mais,
2305233,Horizonte - CE,2023,Ignorada,
2305233,Horizonte - CE,2024,Total,1036.0
2305233,Horizonte - CE,2024,Menos de 15 anos,8.0
2305233,Horizonte - CE,2024,15 a 19 anos,118.0
2305233,Horizonte - CE,2024,20 a 24 anos,241.0
2305233,Horizonte - CE,2024,25 a 29 anos,301.0
2305233,Horizonte - CE,2024,30 a 34 anos,206.0
2305233,Horizonte - CE,2024,35 a 39 anos,132.0
2305233,Horizonte - CE,2024,40 a 44 anos,28.0
2305233,Horizonte - CE,2024,45 a 49 anos,2.0
2305233,Horizonte - CE,2024,50 anos ou mais,
2305233,Horizonte - CE,2024,Ignorada,
2305266,Ibaretama - CE,2020,Total,194.0
2305266,Ibaretama - CE,2020,Menos de 15 anos,
2305266,Ibaretama - CE,2020,15 a 19 anos,30.0
2305266,Ibaretama - CE,2020,20 a 24 anos,56.0
2305266,Ibaretama - CE,2020,25 a 29 anos,44.0
2305266,Ibaretama - CE,2020,30 a 34 anos,35.0
2305266,Ibaretama - CE,2020,35 a 39 anos,21.0
2305266,Ibaretama - CE,2020,40 a 44 anos,8.0
2305266,Ibaretama - CE,2020,45 a 49 anos,
2305266,Ibaretama - CE,2020,50 anos ou mais,
2305266,Ibaretama - CE,2020,Ignorada,
2305266,Ibaretama - CE,2021,Total,171.0
2305266,Ibaretama - CE,2021,Menos de 15 anos,4.0
2305266,Ibaretama - CE,2021,15 a 19 anos,24.0
2305266,Ibaretama - CE,2021,20 a 24 anos,45.0
2305266,Ibaretama - CE,2021,25 a 29 anos,38.0
2305266,Ibaretama - CE,2021,30 a 34 anos,38.0
2305266,Ibaretama - CE,2021,35 a 39 anos,13.0
2305266,Ibaretama - CE,2021,40 a 44 anos,9.0
2305266,Ibaretama - CE,2021,45 a 49 anos,
2305266,Ibaretama - CE,2021,50 anos ou mais,
2305266,Ibaretama - CE,2021,Ignorada,
2305266,Ibaretama - CE,2022,Total,172.0
2305266,Ibaretama - CE,2022,Menos de 15 anos,1.0
2305266,Ibaretama - CE,2022,15 a 19 anos,31.0
2305266,Ibaretama - CE,2022,20 a 24 anos,46.0
2305266,Ibaretama - CE,2022,25 a 29 anos,36.0
2305266,Ibaretama - CE,2022,30 a 34 anos,35.0
2305266,Ibaretama - CE,2022,35 a 39 anos,19.0
2305266,Ibaretama - CE,2022,40 a 44 anos,4.0
2305266,Ibaretama - CE,2022,45 a 49 anos,
2305266,Ibaretama - CE,2022,50 anos ou mais,
2305266,Ibaretama - CE,2022,Ignorada,
2305266,Ibaretama - CE,2023,Total,157.0
2305266,Ibaretama - CE,2023,Menos de 15 anos,
2305266,Ibaretama - CE,2023,15 a 19 anos,26.0
2305266,Ibaretama - CE,2023,20 a 24 anos,49.0
2305266,Ibaretama - CE,2023,25 a 29 anos,32.0
2305266,Ibaretama - CE,2023,30 a 34 anos,33.0
2305266,Ibaretama - CE,2023,35 a 39 anos,15.0
2305266,Ibaretama - CE,2023,40 a 44 anos,2.0
2305266,Ibaretama - CE,2023,45 a 49 anos,
2305266,Ibaretama - CE,2023,50 anos ou mais,
2305266,Ibaretama - CE,2023,Ignorada,
2305266,Ibaretama - CE,2024,Total,139.0
2305266,Ibaretama - CE,2024,Menos de 15 anos,
2305266,Ibaretama - CE,2024,15 a 19 anos,29.0
2305266,Ibaretama - CE,2024,20 a 24 anos,22.0
2305266,Ibaretama - CE,2024,25 a 29 anos,39.0
2305266,Ibaretama - CE,2024,30 a 34 anos,32.0
2305266,Ibaretama - CE,2024,35 a 39 anos,16.0
2305266,Ibaretama - CE,2024,40 a 44 anos,
2305266,Ibaretama - CE,2024,45 a 49 anos,1.0
2305266,Ibaretama - CE,2024,50 anos ou mais,
2305266,Ibaretama - CE,2024,Ignorada,
2305308,Ibiapina - CE,2020,Total,384.0
2305308,Ibiapina - CE,2020,Menos de 15 anos,3.0
2305308,Ibiapina - CE,2020,15 a 19 anos,59.0
2305308,Ibiapina - CE,2020,20 a 24 anos,79.0
2305308,Ibiapina - CE,2020,25 a 29 anos,92.0
2305308,Ibiapina - CE,2020,30 a 34 anos,84.0
2305308,Ibiapina - CE,2020,35 a 39 anos,56.0
2305308,Ibiapina - CE,2020,40 a 44 anos,9.0
2305308,Ibiapina - CE,2020,45 a 49 anos,2.0
2305308,Ibiapina - CE,2020,50 anos ou mais,
2305308,Ibiapina - CE,2020,Ignorada,
2305308,Ibiapina - CE,2021,Total,381.0
2305308,Ibiapina - CE,2021,Menos de 15 anos,1.0
2305308,Ibiapina - CE,2021,15 a 19 anos,67.0
2305308,Ibiapina - CE,2021,20 a 24 anos,97.0
2305308,Ibiapina - CE,2021,25 a 29 anos,76.0
2305308,Ibiapina - CE,2021,30 a 34 anos,87.0
2305308,Ibiapina - CE,2021,35 a 39 anos,37.0
2305308,Ibiapina - CE,2021,40 a 44 anos,14.0
2305308,Ibiapina - CE,2021,45 a 49 anos,2.0
2305308,Ibiapina - CE,2021,50 anos ou mais,
2305308,Ibiapina - CE,2021,Ignorada,
2305308,Ibiapina - CE,2022,Total,372.0
2305308,Ibiapina - CE,2022,Menos de 15 anos,3.0
2305308,Ibiapina - CE,2022,15 a 19 anos,42.0
2305308,Ibiapina - CE,2022,20 a 24 anos,89.0
2305308,Ibiapina - CE,2022,25 a 29 anos,86.0
2305308,Ibiapina - CE,2022,30 a 34 anos,81.0
2305308,Ibiapina - CE,2022,35 a 39 anos,53.0
2305308,Ibiapina - CE,2022,40 a 44 anos,16.0
2305308,Ibiapina - CE,2022,45 a 49 anos,2.0
2305308,Ibiapina - CE,2022,50 anos ou mais,
2305308,Ibiapina - CE,2022,Ignorada,
2305308,Ibiapina - CE,2023,Total,336.0
2305308,Ibiapina - CE,2023,Menos de 15 anos,2.0
2305308,Ibiapina - CE,2023,15 a 19 anos,50.0
2305308,Ibiapina - CE,2023,20 a 24 anos,58.0
2305308,Ibiapina - CE,2023,25 a 29 anos,91.0
2305308,Ibiapina - CE,2023,30 a 34 anos,72.0
2305308,Ibiapina - CE,2023,35 a 39 anos,46.0
2305308,Ibiapina - CE,2023,40 a 44 anos,15.0
2305308,Ibiapina - CE,2023,45 a 49 anos,2.0
2305308,Ibiapina - CE,2023,50 anos ou mais,
2305308,Ibiapina - CE,2023,Ignorada,
2305308,Ibiapina - CE,2024,Total,313.0
2305308,Ibiapina - CE,2024,Menos de 15 anos,2.0
2305308,Ibiapina - CE,2024,15 a 19 anos,46.0
2305308,Ibiapina - CE,2024,20 a 24 anos,58.0
2305308,Ibiapina - CE,2024,25 a 29 anos,86.0
2305308,Ibiapina - CE,2024,30 a 34 anos,58.0
2305308,Ibiapina - CE,2024,35 a 39 anos,50.0
2305308,Ibiapina - CE,2024,40 a 44 anos,12.0
2305308,Ibiapina - CE,2024,45 a 49 anos,1.0
2305308,Ibiapina - CE,2024,50 anos ou mais,
2305308,Ibiapina - CE,2024,Ignorada,
2305332,Ibicuitinga - CE,2020,Total,152.0
2305332,Ibicuitinga - CE,2020,Menos de 15 anos,
2305332,Ibicuitinga - CE,2020,15 a 19 anos,21.0
2305332,Ibicuitinga - CE,2020,20 a 24 anos,31.0
2305332,Ibicuitinga - CE,2020,25 a 29 anos,39.0
2305332,Ibicuitinga - CE,2020,30 a 34 anos,36.0
2305332,Ibicuitinga - CE,2020,35 a 39 anos,16.0
2305332,Ibicuitinga - CE,2020,40 a 44 anos,8.0
2305332,Ibicuitinga - CE,2020,45 a 49 anos,
2305332,Ibicuitinga - CE,2020,50 anos ou mais,1.0
2305332,Ibicuitinga - CE,2020,Ignorada,
2305332,Ibicuitinga - CE,2021,Total,130.0
2305332,Ibicuitinga - CE,2021,Menos de 15 anos,
2305332,Ibicuitinga - CE,2021,15 a 19 anos,19.0
2305332,Ibicuitinga - CE,2021,20 a 24 anos,41.0
2305332,Ibicuitinga - CE,2021,25 a 29 anos,29.0
2305332,Ibicuitinga - CE,2021,30 a 34 anos,19.0
2305332,Ibicuitinga - CE,2021,35 a 39 anos,18.0
2305332,Ibicuitinga - CE,2021,40 a 44 anos,3.0
2305332,Ibicuitinga - CE,2021,45 a 49 anos,1.0
2305332,Ibicuitinga - CE,2021,50 anos ou mais,
2305332,Ibicuitinga - CE,2021,Ignorada,
2305332,Ibicuitinga - CE,2022,Total,112.0
2305332,Ibicuitinga - CE,2022,Menos de 15 anos,
2305332,Ibicuitinga - CE,2022,15 a 19 anos,15.0
2305332,Ibicuitinga - CE,2022,20 a 24 anos,26.0
2305332,Ibicuitinga - CE,2022,25 a 29 anos,25.0
2305332,Ibicuitinga - CE,2022,30 a 34 anos,26.0
2305332,Ibicuitinga - CE,2022,35 a 39 anos,18.0
2305332,Ibicuitinga - CE,2022,40 a 44 anos,2.0
2305332,Ibicuitinga - CE,2022,45 a 49 anos,
2305332,Ibicuitinga - CE,2022,50 anos ou mais,
2305332,Ibicuitinga - CE,2022,Ignorada,
2305332,Ibicuitinga - CE,2023,Total,106.0
2305332,Ibicuitinga - CE,2023,Menos de 15 anos,
2305332,Ibicuitinga - CE,2023,15 a 19 anos,8.0
2305332,Ibicuitinga - CE,2023,20 a 24 anos,24.0
2305332,Ibicuitinga - CE,2023,25 a 29 anos,33.0
2305332,Ibicuitinga - CE,2023,30 a 34 anos,26.0
2305332,Ibicuitinga - CE,2023,35 a 39 anos,14.0
2305332,Ibicuitinga - CE,2023,40 a 44 anos,1.0
2305332,Ibicuitinga - CE,2023,45 a 49 anos,
2305332,Ibicuitinga - CE,2023,50 anos ou mais,
2305332,Ibicuitinga - CE,2023,Ignorada,
2305332,Ibicuitinga - CE,2024,Total,101.0
2305332,Ibicuitinga - CE,2024,Menos de 15 anos,3.0
2305332,Ibicuitinga - CE,2024,15 a 19 anos,16.0
2305332,Ibicuitinga - CE,2024,20 a 24 anos,18.0
2305332,Ibicuitinga - CE,2024,25 a 29 anos,22.0
2305332,Ibicuitinga - CE,2024,30 a 34 anos,23.0
2305332,Ibicuitinga - CE,2024,35 a 39 anos,13.0
2305332,Ibicuitinga - CE,2024,40 a 44 anos,5.0
2305332,Ibicuitinga - CE,2024,45 a 49 anos,
2305332,Ibicuitinga - CE,2024,50 anos ou mais,
2305332,Ibicuitinga - CE,2024,Ignorada,1.0
2305357,Icapuí - CE,2020,Total,255.0
2305357,Icapuí - CE,2020,Menos de 15 anos,2.0
2305357,Icapuí - CE,2020,15 a 19 anos,24.0
2305357,Icapuí - CE,2020,20 a 24 anos,59.0
2305357,Icapuí - CE,2020,25 a 29 anos,62.0
2305357,Icapuí - CE,2020,30 a 34 anos,55.0
2305357,Icapuí - CE,2020,35 a 39 anos,38.0
2305357,Icapuí - CE,2020,40 a 44 anos,11.0
2305357,Icapuí - CE,2020,45 a 49 anos,3.0
2305357,Icapuí - CE,2020,50 anos ou mais,
2305357,Icapuí - CE,2020,Ignorada,1.0
2305357,Icapuí - CE,2021,Total,198.0
2305357,Icapuí - CE,2021,Menos de 15 anos,3.0
2305357,Icapuí - CE,2021,15 a 19 anos,24.0
2305357,Icapuí - CE,2021,20 a 24 anos,46.0
2305357,Icapuí - CE,2021,25 a 29 anos,49.0
2305357,Icapuí - CE,2021,30 a 34 anos,48.0
2305357,Icapuí - CE,2021,35 a 39 anos,16.0
2305357,Icapuí - CE,2021,40 a 44 anos,12.0
2305357,Icapuí - CE,2021,45 a 49 anos,
2305357,Icapuí - CE,2021,50 anos ou mais,
2305357,Icapuí - CE,2021,Ignorada,
2305357,Icapuí - CE,2022,Total,176.0
2305357,Icapuí - CE,2022,Menos de 15 anos,2.0
2305357,Icapuí - CE,2022,15 a 19 anos,17.0
2305357,Icapuí - CE,2022,20 a 24 anos,44.0
2305357,Icapuí - CE,2022,25 a 29 anos,40.0
2305357,Icapuí - CE,2022,30 a 34 anos,43.0
2305357,Icapuí - CE,2022,35 a 39 anos,21.0
2305357,Icapuí - CE,2022,40 a 44 anos,6.0
2305357,Icapuí - CE,2022,45 a 49 anos,3.0
2305357,Icapuí - CE,2022,50 anos ou mais,
2305357,Icapuí - CE,2022,Ignorada,
2305357,Icapuí - CE,2023,Total,150.0
2305357,Icapuí - CE,2023,Menos de 15 anos,
2305357,Icapuí - CE,2023,15 a 19 anos,19.0
2305357,Icapuí - CE,2023,20 a 24 anos,36.0
2305357,Icapuí - CE,2023,25 a 29 anos,32.0
2305357,Icapuí - CE,2023,30 a 34 anos,38.0
2305357,Icapuí - CE,2023,35 a 39 anos,16.0
2305357,Icapuí - CE,2023,40 a 44 anos,8.0
2305357,Icapuí - CE,2023,45 a 49 anos,1.0
2305357,Icapuí - CE,2023,50 anos ou mais,
2305357,Icapuí - CE,2023,Ignorada,
2305357,Icapuí - CE,2024,Total,145.0
2305357,Icapuí - CE,2024,Menos de 15 anos,1.0
2305357,Icapuí - CE,2024,15 a 19 anos,21.0
2305357,Icapuí - CE,2024,20 a 24 anos,29.0
2305357,Icapuí - CE,2024,25 a 29 anos,30.0
2305357,Icapuí - CE,2024,30 a 34 anos,35.0
2305357,Icapuí - CE,2024,35 a 39 anos,21.0
2305357,Icapuí - CE,2024,40 a 44 anos,5.0
2305357,Icapuí - CE,2024,45 a 49 anos,3.0
2305357,Icapuí - CE,2024,50 anos ou mais,
2305357,Icapuí - CE,2024,Ignorada,
2305407,Icó - CE,2020,Total,810.0
2305407,Icó - CE,2020,Menos de 15 anos,4.0
2305407,Icó - CE,2020,15 a 19 anos,133.0
2305407,Icó - CE,2020,20 a 24 anos,216.0
2305407,Icó - CE,2020,25 a 29 anos,179.0
2305407,Icó - CE,2020,30 a 34 anos,156.0
2305407,Icó - CE,2020,35 a 39 anos,90.0
2305407,Icó - CE,2020,40 a 44 anos,31.0
2305407,Icó - CE,2020,45 a 49 anos,
2305407,Icó - CE,2020,50 anos ou mais,
2305407,Icó - CE,2020,Ignorada,1.0
2305407,Icó - CE,2021,Total,751.0
2305407,Icó - CE,2021,Menos de 15 anos,5.0
2305407,Icó - CE,2021,15 a 19 anos,106.0
2305407,Icó - CE,2021,20 a 24 anos,188.0
2305407,Icó - CE,2021,25 a 29 anos,176.0
2305407,Icó - CE,2021,30 a 34 anos,158.0
2305407,Icó - CE,2021,35 a 39 anos,98.0
2305407,Icó - CE,2021,40 a 44 anos,18.0
2305407,Icó - CE,2021,45 a 49 anos,
2305407,Icó - CE,2021,50 anos ou mais,
2305407,Icó - CE,2021,Ignorada,2.0
2305407,Icó - CE,2022,Total,693.0
2305407,Icó - CE,2022,Menos de 15 anos,9.0
2305407,Icó - CE,2022,15 a 19 anos,98.0
2305407,Icó - CE,2022,20 a 24 anos,187.0
2305407,Icó - CE,2022,25 a 29 anos,165.0
2305407,Icó - CE,2022,30 a 34 anos,123.0
2305407,Icó - CE,2022,35 a 39 anos,80.0
2305407,Icó - CE,2022,40 a 44 anos,24.0
2305407,Icó - CE,2022,45 a 49 anos,5.0
2305407,Icó - CE,2022,50 anos ou mais,
2305407,Icó - CE,2022,Ignorada,2.0
2305407,Icó - CE,2023,Total,708.0
2305407,Icó - CE,2023,Menos de 15 anos,5.0
2305407,Icó - CE,2023,15 a 19 anos,112.0
2305407,Icó - CE,2023,20 a 24 anos,176.0
2305407,Icó - CE,2023,25 a 29 anos,181.0
2305407,Icó - CE,2023,30 a 34 anos,132.0
2305407,Icó - CE,2023,35 a 39 anos,85.0
2305407,Icó - CE,2023,40 a 44 anos,16.0
2305407,Icó - CE,2023,45 a 49 anos,1.0
2305407,Icó - CE,2023,50 anos ou mais,
2305407,Icó - CE,2023,Ignorada,
2305407,Icó - CE,2024,Total,677.0
2305407,Icó - CE,2024,Menos de 15 anos,8.0
2305407,Icó - CE,2024,15 a 19 anos,89.0
2305407,Icó - CE,2024,20 a 24 anos,172.0
2305407,Icó - CE,2024,25 a 29 anos,169.0
2305407,Icó - CE,2024,30 a 34 anos,135.0
2305407,Icó - CE,2024,35 a 39 anos,76.0
2305407,Icó - CE,2024,40 a 44 anos,19.0
2305407,Icó - CE,2024,45 a 49 anos,2.0
2305407,Icó - CE,2024,50 anos ou mais,
2305407,Icó - CE,2024,Ignorada,7.0
2305506,Iguatu - CE,2020,Total,1245.0
2305506,Iguatu - CE,2020,Menos de 15 anos,6.0
2305506,Iguatu - CE,2020,15 a 19 anos,155.0
2305506,Iguatu - CE,2020,20 a 24 anos,282.0
2305506,Iguatu - CE,2020,25 a 29 anos,326.0
2305506,Iguatu - CE,2020,30 a 34 anos,290.0
2305506,Iguatu - CE,2020,35 a 39 anos,141.0
2305506,Iguatu - CE,2020,40 a 44 anos,44.0
2305506,Iguatu - CE,2020,45 a 49 anos,1.0
2305506,Iguatu - CE,2020,50 anos ou mais,
2305506,Iguatu - CE,2020,Ignorada,
2305506,Iguatu - CE,2021,Total,1361.0
2305506,Iguatu - CE,2021,Menos de 15 anos,12.0
2305506,Iguatu - CE,2021,15 a 19 anos,144.0
2305506,Iguatu - CE,2021,20 a 24 anos,326.0
2305506,Iguatu - CE,2021,25 a 29 anos,343.0
2305506,Iguatu - CE,2021,30 a 34 anos,303.0
2305506,Iguatu - CE,2021,35 a 39 anos,182.0
2305506,Iguatu - CE,2021,40 a 44 anos,51.0
2305506,Iguatu - CE,2021,45 a 49 anos,
2305506,Iguatu - CE,2021,50 anos ou mais,
2305506,Iguatu - CE,2021,Ignorada,
2305506,Iguatu - CE,2022,Total,1127.0
2305506,Iguatu - CE,2022,Menos de 15 anos,10.0
2305506,Iguatu - CE,2022,15 a 19 anos,124.0
2305506,Iguatu - CE,2022,20 a 24 anos,260.0
2305506,Iguatu - CE,2022,25 a 29 anos,283.0
2305506,Iguatu - CE,2022,30 a 34 anos,254.0
2305506,Iguatu - CE,2022,35 a 39 anos,159.0
2305506,Iguatu - CE,2022,40 a 44 anos,36.0
2305506,Iguatu - CE,2022,45 a 49 anos,1.0
2305506,Iguatu - CE,2022,50 anos ou mais,
2305506,Iguatu - CE,2022,Ignorada,
2305506,Iguatu - CE,2023,Total,1112.0
2305506,Iguatu - CE,2023,Menos de 15 anos,4.0
2305506,Iguatu - CE,2023,15 a 19 anos,128.0
2305506,Iguatu - CE,2023,20 a 24 anos,237.0
2305506,Iguatu - CE,2023,25 a 29 anos,275.0
2305506,Iguatu - CE,2023,30 a 34 anos,273.0
2305506,Iguatu - CE,2023,35 a 39 anos,152.0
2305506,Iguatu - CE,2023,40 a 44 anos,41.0
2305506,Iguatu - CE,2023,45 a 49 anos,2.0
2305506,Iguatu - CE,2023,50 anos ou mais,
2305506,Iguatu - CE,2023,Ignorada,
2305506,Iguatu - CE,2024,Total,1085.0
2305506,Iguatu - CE,2024,Menos de 15 anos,6.0
2305506,Iguatu - CE,2024,15 a 19 anos,112.0
2305506,Iguatu - CE,2024,20 a 24 anos,231.0
2305506,Iguatu - CE,2024,25 a 29 anos,277.0
2305506,Iguatu - CE,2024,30 a 34 anos,242.0
2305506,Iguatu - CE,2024,35 a 39 anos,178.0
2305506,Iguatu - CE,2024,40 a 44 anos,39.0
2305506,Iguatu - CE,2024,45 a 49 anos,
2305506,Iguatu - CE,2024,50 anos ou mais,
2305506,Iguatu - CE,2024,Ignorada,
2305605,Independência - CE,2020,Total,298.0
2305605,Independência - CE,2020,Menos de 15 anos,
2305605,Independência - CE,2020,15 a 19 anos,48.0
2305605,Independência - CE,2020,20 a 24 anos,81.0
2305605,Independência - CE,2020,25 a 29 anos,65.0
2305605,Independência - CE,2020,30 a 34 anos,58.0
2305605,Independência - CE,2020,35 a 39 anos,36.0
2305605,Independência - CE,2020,40 a 44 anos,10.0
2305605,Independência - CE,2020,45 a 49 anos,
2305605,Independência - CE,2020,50 anos ou mais,
2305605,Independência - CE,2020,Ignorada,
2305605,Independência - CE,2021,Total,297.0
2305605,Independência - CE,2021,Menos de 15 anos,4.0
2305605,Independência - CE,2021,15 a 19 anos,39.0
2305605,Independência - CE,2021,20 a 24 anos,67.0
2305605,Independência - CE,2021,25 a 29 anos,78.0
2305605,Independência - CE,2021,30 a 34 anos,68.0
2305605,Independência - CE,2021,35 a 39 anos,31.0
2305605,Independência - CE,2021,40 a 44 anos,7.0
2305605,Independência - CE,2021,45 a 49 anos,3.0
2305605,Independência - CE,2021,50 anos ou mais,
2305605,Independência - CE,2021,Ignorada,
2305605,Independência - CE,2022,Total,284.0
2305605,Independência - CE,2022,Menos de 15 anos,2.0
2305605,Independência - CE,2022,15 a 19 anos,40.0
2305605,Independência - CE,2022,20 a 24 anos,66.0
2305605,Independência - CE,2022,25 a 29 anos,74.0
2305605,Independência - CE,2022,30 a 34 anos,52.0
2305605,Independência - CE,2022,35 a 39 anos,34.0
2305605,Independência - CE,2022,40 a 44 anos,14.0
2305605,Independência - CE,2022,45 a 49 anos,1.0
2305605,Independência - CE,2022,50 anos ou mais,
2305605,Independência - CE,2022,Ignorada,1.0
2305605,Independência - CE,2023,Total,216.0
2305605,Independência - CE,2023,Menos de 15 anos,1.0
2305605,Independência - CE,2023,15 a 19 anos,31.0
2305605,Independência - CE,2023,20 a 24 anos,58.0
2305605,Independência - CE,2023,25 a 29 anos,48.0
2305605,Independência - CE,2023,30 a 34 anos,32.0
2305605,Independência - CE,2023,35 a 39 anos,42.0
2305605,Independência - CE,2023,40 a 44 anos,4.0
2305605,Independência - CE,2023,45 a 49 anos,
2305605,Independência - CE,2023,50 anos ou mais,
2305605,Independência - CE,2023,Ignorada,
2305605,Independência - CE,2024,Total,245.0
2305605,Independência - CE,2024,Menos de 15 anos,1.0
2305605,Independência - CE,2024,15 a 19 anos,22.0
2305605,Independência - CE,2024,20 a 24 anos,65.0
2305605,Independência - CE,2024,25 a 29 anos,52.0
2305605,Independência - CE,2024,30 a 34 anos,62.0
2305605,Independência - CE,2024,35 a 39 anos,38.0
2305605,Independência - CE,2024,40 a 44 anos,4.0
2305605,Independência - CE,2024,45 a 49 anos,1.0
2305605,Independência - CE,2024,50 anos ou mais,
2305605,Independência - CE,2024,Ignorada,
2305654,Ipaporanga - CE,2020,Total,124.0
2305654,Ipaporanga - CE,2020,Menos de 15 anos,1.0
2305654,Ipaporanga - CE,2020,15 a 19 anos,20.0
2305654,Ipaporanga - CE,2020,20 a 24 anos,25.0
2305654,Ipaporanga - CE,2020,25 a 29 anos,27.0
2305654,Ipaporanga - CE,2020,30 a 34 anos,25.0
2305654,Ipaporanga - CE,2020,35 a 39 anos,15.0
2305654,Ipaporanga - CE,2020,40 a 44 anos,11.0
2305654,Ipaporanga - CE,2020,45 a 49 anos,
2305654,Ipaporanga - CE,2020,50 anos ou mais,
2305654,Ipaporanga - CE,2020,Ignorada,
2305654,Ipaporanga - CE,2021,Total,138.0
2305654,Ipaporanga - CE,2021,Menos de 15 anos,3.0
2305654,Ipaporanga - CE,2021,15 a 19 anos,27.0
2305654,Ipaporanga - CE,2021,20 a 24 anos,40.0
2305654,Ipaporanga - CE,2021,25 a 29 anos,40.0
2305654,Ipaporanga - CE,2021,30 a 34 anos,11.0
2305654,Ipaporanga - CE,2021,35 a 39 anos,14.0
2305654,Ipaporanga - CE,2021,40 a 44 anos,2.0
2305654,Ipaporanga - CE,2021,45 a 49 anos,1.0
2305654,Ipaporanga - CE,2021,50 anos ou mais,
2305654,Ipaporanga - CE,2021,Ignorada,
2305654,Ipaporanga - CE,2022,Total,130.0
2305654,Ipaporanga - CE,2022,Menos de 15 anos,
2305654,Ipaporanga - CE,2022,15 a 19 anos,32.0
2305654,Ipaporanga - CE,2022,20 a 24 anos,29.0
2305654,Ipaporanga - CE,2022,25 a 29 anos,23.0
2305654,Ipaporanga - CE,2022,30 a 34 anos,29.0
2305654,Ipaporanga - CE,2022,35 a 39 anos,10.0
2305654,Ipaporanga - CE,2022,40 a 44 anos,7.0
2305654,Ipaporanga - CE,2022,45 a 49 anos,
2305654,Ipaporanga - CE,2022,50 anos ou mais,
2305654,Ipaporanga - CE,2022,Ignorada,
2305654,Ipaporanga - CE,2023,Total,142.0
2305654,Ipaporanga - CE,2023,Menos de 15 anos,1.0
2305654,Ipaporanga - CE,2023,15 a 19 anos,18.0
2305654,Ipaporanga - CE,2023,20 a 24 anos,27.0
2305654,Ipaporanga - CE,2023,25 a 29 anos,36.0
2305654,Ipaporanga - CE,2023,30 a 34 anos,32.0
2305654,Ipaporanga - CE,2023,35 a 39 anos,23.0
2305654,Ipaporanga - CE,2023,40 a 44 anos,4.0
2305654,Ipaporanga - CE,2023,45 a 49 anos,1.0
2305654,Ipaporanga - CE,2023,50 anos ou mais,
2305654,Ipaporanga - CE,2023,Ignorada,
2305654,Ipaporanga - CE,2024,Total,141.0
2305654,Ipaporanga - CE,2024,Menos de 15 anos,1.0
2305654,Ipaporanga - CE,2024,15 a 19 anos,14.0
2305654,Ipaporanga - CE,2024,20 a 24 anos,25.0
2305654,Ipaporanga - CE,2024,25 a 29 anos,37.0
2305654,Ipaporanga - CE,2024,30 a 34 anos,32.0
2305654,Ipaporanga - CE,2024,35 a 39 anos,29.0
2305654,Ipaporanga - CE,2024,40 a 44 anos,3.0
2305654,Ipaporanga - CE,2024,45 a 49 anos,
2305654,Ipaporanga - CE,2024,50 anos ou mais,
2305654,Ipaporanga - CE,2024,Ignorada,
2305704,Ipaumirim - CE,2020,Total,134.0
2305704,Ipaumirim - CE,2020,Menos de 15 anos,2.0
2305704,Ipaumirim - CE,2020,15 a 19 anos,26.0
2305704,Ipaumirim - CE,2020,20 a 24 anos,26.0
2305704,Ipaumirim - CE,2020,25 a 29 anos,37.0
2305704,Ipaumirim - CE,2020,30 a 34 anos,20.0
2305704,Ipaumirim - CE,2020,35 a 39 anos,20.0
2305704,Ipaumirim - CE,2020,40 a 44 anos,3.0
2305704,Ipaumirim - CE,2020,45 a 49 anos,
2305704,Ipaumirim - CE,2020,50 anos ou mais,
2305704,Ipaumirim - CE,2020,Ignorada,
2305704,Ipaumirim - CE,2021,Total,131.0
2305704,Ipaumirim - CE,2021,Menos de 15 anos,2.0
2305704,Ipaumirim - CE,2021,15 a 19 anos,22.0
2305704,Ipaumirim - CE,2021,20 a 24 anos,34.0
2305704,Ipaumirim - CE,2021,25 a 29 anos,30.0
2305704,Ipaumirim - CE,2021,30 a 34 anos,25.0
2305704,Ipaumirim - CE,2021,35 a 39 anos,14.0
2305704,Ipaumirim - CE,2021,40 a 44 anos,4.0
2305704,Ipaumirim - CE,2021,45 a 49 anos,
2305704,Ipaumirim - CE,2021,50 anos ou mais,
2305704,Ipaumirim - CE,2021,Ignorada,
2305704,Ipaumirim - CE,2022,Total,129.0
2305704,Ipaumirim - CE,2022,Menos de 15 anos,
2305704,Ipaumirim - CE,2022,15 a 19 anos,14.0
2305704,Ipaumirim - CE,2022,20 a 24 anos,36.0
2305704,Ipaumirim - CE,2022,25 a 29 anos,27.0
2305704,Ipaumirim - CE,2022,30 a 34 anos,34.0
2305704,Ipaumirim - CE,2022,35 a 39 anos,12.0
2305704,Ipaumirim - CE,2022,40 a 44 anos,6.0
2305704,Ipaumirim - CE,2022,45 a 49 anos,
2305704,Ipaumirim - CE,2022,50 anos ou mais,
2305704,Ipaumirim - CE,2022,Ignorada,
2305704,Ipaumirim - CE,2023,Total,139.0
2305704,Ipaumirim - CE,2023,Menos de 15 anos,
2305704,Ipaumirim - CE,2023,15 a 19 anos,24.0
2305704,Ipaumirim - CE,2023,20 a 24 anos,40.0
2305704,Ipaumirim - CE,2023,25 a 29 anos,27.0
2305704,Ipaumirim - CE,2023,30 a 34 anos,31.0
2305704,Ipaumirim - CE,2023,35 a 39 anos,16.0
2305704,Ipaumirim - CE,2023,40 a 44 anos,1.0
2305704,Ipaumirim - CE,2023,45 a 49 anos,
2305704,Ipaumirim - CE,2023,50 anos ou mais,
2305704,Ipaumirim - CE,2023,Ignorada,
2305704,Ipaumirim - CE,2024,Total,115.0
2305704,Ipaumirim - CE,2024,Menos de 15 anos,
2305704,Ipaumirim - CE,2024,15 a 19 anos,18.0
2305704,Ipaumirim - CE,2024,20 a 24 anos,33.0
2305704,Ipaumirim - CE,2024,25 a 29 anos,22.0
2305704,Ipaumirim - CE,2024,30 a 34 anos,28.0
2305704,Ipaumirim - CE,2024,35 a 39 anos,12.0
2305704,Ipaumirim - CE,2024,40 a 44 anos,2.0
2305704,Ipaumirim - CE,2024,45 a 49 anos,
2305704,Ipaumirim - CE,2024,50 anos ou mais,
2305704,Ipaumirim - CE,2024,Ignorada,
2305803,Ipu - CE,2020,Total,674.0
2305803,Ipu - CE,2020,Menos de 15 anos,1.0
2305803,Ipu - CE,2020,15 a 19 anos,90.0
2305803,Ipu - CE,2020,20 a 24 anos,176.0
2305803,Ipu - CE,2020,25 a 29 anos,159.0
2305803,Ipu - CE,2020,30 a 34 anos,126.0
2305803,Ipu - CE,2020,35 a 39 anos,93.0
2305803,Ipu - CE,2020,40 a 44 anos,27.0
2305803,Ipu - CE,2020,45 a 49 anos,2.0
2305803,Ipu - CE,2020,50 anos ou mais,
2305803,Ipu - CE,2020,Ignorada,
2305803,Ipu - CE,2021,Total,676.0
2305803,Ipu - CE,2021,Menos de 15 anos,5.0
2305803,Ipu - CE,2021,15 a 19 anos,99.0
2305803,Ipu - CE,2021,20 a 24 anos,183.0
2305803,Ipu - CE,2021,25 a 29 anos,153.0
2305803,Ipu - CE,2021,30 a 34 anos,122.0
2305803,Ipu - CE,2021,35 a 39 anos,90.0
2305803,Ipu - CE,2021,40 a 44 anos,24.0
2305803,Ipu - CE,2021,45 a 49 anos,
2305803,Ipu - CE,2021,50 anos ou mais,
2305803,Ipu - CE,2021,Ignorada,
2305803,Ipu - CE,2022,Total,593.0
2305803,Ipu - CE,2022,Menos de 15 anos,1.0
2305803,Ipu - CE,2022,15 a 19 anos,82.0
2305803,Ipu - CE,2022,20 a 24 anos,146.0
2305803,Ipu - CE,2022,25 a 29 anos,157.0
2305803,Ipu - CE,2022,30 a 34 anos,105.0
2305803,Ipu - CE,2022,35 a 39 anos,75.0
2305803,Ipu - CE,2022,40 a 44 anos,24.0
2305803,Ipu - CE,2022,45 a 49 anos,3.0
2305803,Ipu - CE,2022,50 anos ou mais,
2305803,Ipu - CE,2022,Ignorada,
2305803,Ipu - CE,2023,Total,679.0
2305803,Ipu - CE,2023,Menos de 15 anos,2.0
2305803,Ipu - CE,2023,15 a 19 anos,79.0
2305803,Ipu - CE,2023,20 a 24 anos,188.0
2305803,Ipu - CE,2023,25 a 29 anos,172.0
2305803,Ipu - CE,2023,30 a 34 anos,119.0
2305803,Ipu - CE,2023,35 a 39 anos,84.0
2305803,Ipu - CE,2023,40 a 44 anos,28.0
2305803,Ipu - CE,2023,45 a 49 anos,6.0
2305803,Ipu - CE,2023,50 anos ou mais,1.0
2305803,Ipu - CE,2023,Ignorada,
2305803,Ipu - CE,2024,Total,688.0
2305803,Ipu - CE,2024,Menos de 15 anos,2.0
2305803,Ipu - CE,2024,15 a 19 anos,65.0
2305803,Ipu - CE,2024,20 a 24 anos,161.0
2305803,Ipu - CE,2024,25 a 29 anos,198.0
2305803,Ipu - CE,2024,30 a 34 anos,133.0
2305803,Ipu - CE,2024,35 a 39 anos,93.0
2305803,Ipu - CE,2024,40 a 44 anos,29.0
2305803,Ipu - CE,2024,45 a 49 anos,7.0
2305803,Ipu - CE,2024,50 anos ou mais,
2305803,Ipu - CE,2024,Ignorada,
2305902,Ipueiras - CE,2020,Total,514.0
2305902,Ipueiras - CE,2020,Menos de 15 anos,5.0
2305902,Ipueiras - CE,2020,15 a 19 anos,72.0
2305902,Ipueiras - CE,2020,20 a 24 anos,127.0
2305902,Ipueiras - CE,2020,25 a 29 anos,99.0
2305902,Ipueiras - CE,2020,30 a 34 anos,115.0
2305902,Ipueiras - CE,2020,35 a 39 anos,69.0
2305902,Ipueiras - CE,2020,40 a 44 anos,25.0
2305902,Ipueiras - CE,2020,45 a 49 anos,2.0
2305902,Ipueiras - CE,2020,50 anos ou mais,
2305902,Ipueiras - CE,2020,Ignorada,
2305902,Ipueiras - CE,2021,Total,470.0
2305902,Ipueiras - CE,2021,Menos de 15 anos,7.0
2305902,Ipueiras - CE,2021,15 a 19 anos,69.0
2305902,Ipueiras - CE,2021,20 a 24 anos,114.0
2305902,Ipueiras - CE,2021,25 a 29 anos,99.0
2305902,Ipueiras - CE,2021,30 a 34 anos,94.0
2305902,Ipueiras - CE,2021,35 a 39 anos,67.0
2305902,Ipueiras - CE,2021,40 a 44 anos,20.0
2305902,Ipueiras - CE,2021,45 a 49 anos,
2305902,Ipueiras - CE,2021,50 anos ou mais,
2305902,Ipueiras - CE,2021,Ignorada,
2305902,Ipueiras - CE,2022,Total,448.0
2305902,Ipueiras - CE,2022,Menos de 15 anos,1.0
2305902,Ipueiras - CE,2022,15 a 19 anos,68.0
2305902,Ipueiras - CE,2022,20 a 24 anos,104.0
2305902,Ipueiras - CE,2022,25 a 29 anos,114.0
2305902,Ipueiras - CE,2022,30 a 34 anos,78.0
2305902,Ipueiras - CE,2022,35 a 39 anos,56.0
2305902,Ipueiras - CE,2022,40 a 44 anos,23.0
2305902,Ipueiras - CE,2022,45 a 49 anos,3.0
2305902,Ipueiras - CE,2022,50 anos ou mais,
2305902,Ipueiras - CE,2022,Ignorada,1.0
2305902,Ipueiras - CE,2023,Total,442.0
2305902,Ipueiras - CE,2023,Menos de 15 anos,4.0
2305902,Ipueiras - CE,2023,15 a 19 anos,48.0
2305902,Ipueiras - CE,2023,20 a 24 anos,110.0
2305902,Ipueiras - CE,2023,25 a 29 anos,113.0
2305902,Ipueiras - CE,2023,30 a 34 anos,97.0
2305902,Ipueiras - CE,2023,35 a 39 anos,53.0
2305902,Ipueiras - CE,2023,40 a 44 anos,16.0
2305902,Ipueiras - CE,2023,45 a 49 anos,1.0
2305902,Ipueiras - CE,2023,50 anos ou mais,
2305902,Ipueiras - CE,2023,Ignorada,
2305902,Ipueiras - CE,2024,Total,433.0
2305902,Ipueiras - CE,2024,Menos de 15 anos,3.0
2305902,Ipueiras - CE,2024,15 a 19 anos,49.0
2305902,Ipueiras - CE,2024,20 a 24 anos,102.0
2305902,Ipueiras - CE,2024,25 a 29 anos,117.0
2305902,Ipueiras - CE,2024,30 a 34 anos,91.0
2305902,Ipueiras - CE,2024,35 a 39 anos,55.0
2305902,Ipueiras - CE,2024,40 a 44 anos,14.0
2305902,Ipueiras - CE,2024,45 a 49 anos,2.0
2305902,Ipueiras - CE,2024,50 anos ou mais,
2305902,Ipueiras - CE,2024,Ignorada,
2306009,Iracema - CE,2020,Total,179.0
2306009,Iracema - CE,2020,Menos de 15 anos,1.0
2306009,Iracema - CE,2020,15 a 19 anos,31.0
2306009,Iracema - CE,2020,20 a 24 anos,39.0
2306009,Iracema - CE,2020,25 a 29 anos,46.0
2306009,Iracema - CE,2020,30 a 34 anos,35.0
2306009,Iracema - CE,2020,35 a 39 anos,19.0
2306009,Iracema - CE,2020,40 a 44 anos,8.0
2306009,Iracema - CE,2020,45 a 49 anos,
2306009,Iracema - CE,2020,50 anos ou mais,
2306009,Iracema - CE,2020,Ignorada,
2306009,Iracema - CE,2021,Total,150.0
2306009,Iracema - CE,2021,Menos de 15 anos,2.0
2306009,Iracema - CE,2021,15 a 19 anos,24.0
2306009,Iracema - CE,2021,20 a 24 anos,31.0
2306009,Iracema - CE,2021,25 a 29 anos,33.0
2306009,Iracema - CE,2021,30 a 34 anos,34.0
2306009,Iracema - CE,2021,35 a 39 anos,20.0
2306009,Iracema - CE,2021,40 a 44 anos,6.0
2306009,Iracema - CE,2021,45 a 49 anos,
2306009,Iracema - CE,2021,50 anos ou mais,
2306009,Iracema - CE,2021,Ignorada,
2306009,Iracema - CE,2022,Total,145.0
2306009,Iracema - CE,2022,Menos de 15 anos,
2306009,Iracema - CE,2022,15 a 19 anos,21.0
2306009,Iracema - CE,2022,20 a 24 anos,34.0
2306009,Iracema - CE,2022,25 a 29 anos,40.0
2306009,Iracema - CE,2022,30 a 34 anos,23.0
2306009,Iracema - CE,2022,35 a 39 anos,19.0
2306009,Iracema - CE,2022,40 a 44 anos,8.0
2306009,Iracema - CE,2022,45 a 49 anos,
2306009,Iracema - CE,2022,50 anos ou mais,
2306009,Iracema - CE,2022,Ignorada,
2306009,Iracema - CE,2023,Total,156.0
2306009,Iracema - CE,2023,Menos de 15 anos,
2306009,Iracema - CE,2023,15 a 19 anos,15.0
2306009,Iracema - CE,2023,20 a 24 anos,43.0
2306009,Iracema - CE,2023,25 a 29 anos,40.0
2306009,Iracema - CE,2023,30 a 34 anos,32.0
2306009,Iracema - CE,2023,35 a 39 anos,20.0
2306009,Iracema - CE,2023,40 a 44 anos,6.0
2306009,Iracema - CE,2023,45 a 49 anos,
2306009,Iracema - CE,2023,50 anos ou mais,
2306009,Iracema - CE,2023,Ignorada,
2306009,Iracema - CE,2024,Total,124.0
2306009,Iracema - CE,2024,Menos de 15 anos,1.0
2306009,Iracema - CE,2024,15 a 19 anos,15.0
2306009,Iracema - CE,2024,20 a 24 anos,32.0
2306009,Iracema - CE,2024,25 a 29 anos,39.0
2306009,Iracema - CE,2024,30 a 34 anos,18.0
2306009,Iracema - CE,2024,35 a 39 anos,9.0
2306009,Iracema - CE,2024,40 a 44 anos,10.0
2306009,Iracema - CE,2024,45 a 49 anos,
2306009,Iracema - CE,2024,50 anos ou mais,
2306009,Iracema - CE,2024,Ignorada,
2306108,Irauçuba - CE,2020,Total,377.0
2306108,Irauçuba - CE,2020,Menos de 15 anos,1.0
2306108,Irauçuba - CE,2020,15 a 19 anos,64.0
2306108,Irauçuba - CE,2020,20 a 24 anos,110.0
2306108,Irauçuba - CE,2020,25 a 29 anos,78.0
2306108,Irauçuba - CE,2020,30 a 34 anos,74.0
2306108,Irauçuba - CE,2020,35 a 39 anos,39.0
2306108,Irauçuba - CE,2020,40 a 44 anos,8.0
2306108,Irauçuba - CE,2020,45 a 49 anos,1.0
2306108,Irauçuba - CE,2020,50 anos ou mais,
2306108,Irauçuba - CE,2020,Ignorada,2.0
2306108,Irauçuba - CE,2021,Total,398.0
2306108,Irauçuba - CE,2021,Menos de 15 anos,3.0
2306108,Irauçuba - CE,2021,15 a 19 anos,69.0
2306108,Irauçuba - CE,2021,20 a 24 anos,101.0
2306108,Irauçuba - CE,2021,25 a 29 anos,106.0
2306108,Irauçuba - CE,2021,30 a 34 anos,64.0
2306108,Irauçuba - CE,2021,35 a 39 anos,42.0
2306108,Irauçuba - CE,2021,40 a 44 anos,13.0
2306108,Irauçuba - CE,2021,45 a 49 anos,
2306108,Irauçuba - CE,2021,50 anos ou mais,
2306108,Irauçuba - CE,2021,Ignorada,
2306108,Irauçuba - CE,2022,Total,333.0
2306108,Irauçuba - CE,2022,Menos de 15 anos,2.0
2306108,Irauçuba - CE,2022,15 a 19 anos,60.0
2306108,Irauçuba - CE,2022,20 a 24 anos,87.0
2306108,Irauçuba - CE,2022,25 a 29 anos,80.0
2306108,Irauçuba - CE,2022,30 a 34 anos,63.0
2306108,Irauçuba - CE,2022,35 a 39 anos,31.0
2306108,Irauçuba - CE,2022,40 a 44 anos,10.0
2306108,Irauçuba - CE,2022,45 a 49 anos,
2306108,Irauçuba - CE,2022,50 anos ou mais,
2306108,Irauçuba - CE,2022,Ignorada,
2306108,Irauçuba - CE,2023,Total,381.0
2306108,Irauçuba - CE,2023,Menos de 15 anos,2.0
2306108,Irauçuba - CE,2023,15 a 19 anos,52.0
2306108,Irauçuba - CE,2023,20 a 24 anos,105.0
2306108,Irauçuba - CE,2023,25 a 29 anos,95.0
2306108,Irauçuba - CE,2023,30 a 34 anos,76.0
2306108,Irauçuba - CE,2023,35 a 39 anos,45.0
2306108,Irauçuba - CE,2023,40 a 44 anos,6.0
2306108,Irauçuba - CE,2023,45 a 49 anos,
2306108,Irauçuba - CE,2023,50 anos ou mais,
2306108,Irauçuba - CE,2023,Ignorada,
2306108,Irauçuba - CE,2024,Total,348.0
2306108,Irauçuba - CE,2024,Menos de 15 anos,2.0
2306108,Irauçuba - CE,2024,15 a 19 anos,49.0
2306108,Irauçuba - CE,2024,20 a 24 anos,85.0
2306108,Irauçuba - CE,2024,25 a 29 anos,102.0
2306108,Irauçuba - CE,2024,30 a 34 anos,52.0
2306108,Irauçuba - CE,2024,35 a 39 anos,44.0
2306108,Irauçuba - CE,2024,40 a 44 anos,14.0
2306108,Irauçuba - CE,2024,45 a 49 anos,
2306108,Irauçuba - CE,2024,50 anos ou mais,
2306108,Irauçuba - CE,2024,Ignorada,
2306207,Itaiçaba - CE,2020,Total,92.0
2306207,Itaiçaba - CE,2020,Menos de 15 anos,
2306207,Itaiçaba - CE,2020,15 a 19 anos,9.0
2306207,Itaiçaba - CE,2020,20 a 24 anos,18.0
2306207,Itaiçaba - CE,2020,25 a 29 anos,25.0
2306207,Itaiçaba - CE,2020,30 a 34 anos,22.0
2306207,Itaiçaba - CE,2020,35 a 39 anos,14.0
2306207,Itaiçaba - CE,2020,40 a 44 anos,4.0
2306207,Itaiçaba - CE,2020,45 a 49 anos,
2306207,Itaiçaba - CE,2020,50 anos ou mais,
2306207,Itaiçaba - CE,2020,Ignorada,
2306207,Itaiçaba - CE,2021,Total,76.0
2306207,Itaiçaba - CE,2021,Menos de 15 anos,
2306207,Itaiçaba - CE,2021,15 a 19 anos,12.0
2306207,Itaiçaba - CE,2021,20 a 24 anos,18.0
2306207,Itaiçaba - CE,2021,25 a 29 anos,23.0
2306207,Itaiçaba - CE,2021,30 a 34 anos,13.0
2306207,Itaiçaba - CE,2021,35 a 39 anos,10.0
2306207,Itaiçaba - CE,2021,40 a 44 anos,
2306207,Itaiçaba - CE,2021,45 a 49 anos,
2306207,Itaiçaba - CE,2021,50 anos ou mais,
2306207,Itaiçaba - CE,2021,Ignorada,
2306207,Itaiçaba - CE,2022,Total,69.0
2306207,Itaiçaba - CE,2022,Menos de 15 anos,1.0
2306207,Itaiçaba - CE,2022,15 a 19 anos,9.0
2306207,Itaiçaba - CE,2022,20 a 24 anos,11.0
2306207,Itaiçaba - CE,2022,25 a 29 anos,16.0
2306207,Itaiçaba - CE,2022,30 a 34 anos,16.0
2306207,Itaiçaba - CE,2022,35 a 39 anos,12.0
2306207,Itaiçaba - CE,2022,40 a 44 anos,4.0
2306207,Itaiçaba - CE,2022,45 a 49 anos,
2306207,Itaiçaba - CE,2022,50 anos ou mais,
2306207,Itaiçaba - CE,2022,Ignorada,
2306207,Itaiçaba - CE,2023,Total,64.0
2306207,Itaiçaba - CE,2023,Menos de 15 anos,
2306207,Itaiçaba - CE,2023,15 a 19 anos,11.0
2306207,Itaiçaba - CE,2023,20 a 24 anos,14.0
2306207,Itaiçaba - CE,2023,25 a 29 anos,14.0
2306207,Itaiçaba - CE,2023,30 a 34 anos,13.0
2306207,Itaiçaba - CE,2023,35 a 39 anos,11.0
2306207,Itaiçaba - CE,2023,40 a 44 anos,
2306207,Itaiçaba - CE,2023,45 a 49 anos,1.0
2306207,Itaiçaba - CE,2023,50 anos ou mais,
2306207,Itaiçaba - CE,2023,Ignorada,
2306207,Itaiçaba - CE,2024,Total,65.0
2306207,Itaiçaba - CE,2024,Menos de 15 anos,1.0
2306207,Itaiçaba - CE,2024,15 a 19 anos,7.0
2306207,Itaiçaba - CE,2024,20 a 24 anos,13.0
2306207,Itaiçaba - CE,2024,25 a 29 anos,12.0
2306207,Itaiçaba - CE,2024,30 a 34 anos,17.0
2306207,Itaiçaba - CE,2024,35 a 39 anos,12.0
2306207,Itaiçaba - CE,2024,40 a 44 anos,3.0
2306207,Itaiçaba - CE,2024,45 a 49 anos,
2306207,Itaiçaba - CE,2024,50 anos ou mais,
2306207,Itaiçaba - CE,2024,Ignorada,
2306256,Itaitinga - CE,2020,Total,712.0
2306256,Itaitinga - CE,2020,Menos de 15 anos,4.0
2306256,Itaitinga - CE,2020,15 a 19 anos,66.0
2306256,Itaitinga - CE,2020,20 a 24 anos,179.0
2306256,Itaitinga - CE,2020,25 a 29 anos,188.0
2306256,Itaitinga - CE,2020,30 a 34 anos,176.0
2306256,Itaitinga - CE,2020,35 a 39 anos,80.0
2306256,Itaitinga - CE,2020,40 a 44 anos,18.0
2306256,Itaitinga - CE,2020,45 a 49 anos,1.0
2306256,Itaitinga - CE,2020,50 anos ou mais,
2306256,Itaitinga - CE,2020,Ignorada,
2306256,Itaitinga - CE,2021,Total,769.0
2306256,Itaitinga - CE,2021,Menos de 15 anos,4.0
2306256,Itaitinga - CE,2021,15 a 19 anos,77.0
2306256,Itaitinga - CE,2021,20 a 24 anos,187.0
2306256,Itaitinga - CE,2021,25 a 29 anos,199.0
2306256,Itaitinga - CE,2021,30 a 34 anos,165.0
2306256,Itaitinga - CE,2021,35 a 39 anos,108.0
2306256,Itaitinga - CE,2021,40 a 44 anos,29.0
2306256,Itaitinga - CE,2021,45 a 49 anos,
2306256,Itaitinga - CE,2021,50 anos ou mais,
2306256,Itaitinga - CE,2021,Ignorada,
2306256,Itaitinga - CE,2022,Total,754.0
2306256,Itaitinga - CE,2022,Menos de 15 anos,6.0
2306256,Itaitinga - CE,2022,15 a 19 anos,69.0
2306256,Itaitinga - CE,2022,20 a 24 anos,170.0
2306256,Itaitinga - CE,2022,25 a 29 anos,208.0
2306256,Itaitinga - CE,2022,30 a 34 anos,188.0
2306256,Itaitinga - CE,2022,35 a 39 anos,91.0
2306256,Itaitinga - CE,2022,40 a 44 anos,20.0
2306256,Itaitinga - CE,2022,45 a 49 anos,2.0
2306256,Itaitinga - CE,2022,50 anos ou mais,
2306256,Itaitinga - CE,2022,Ignorada,
2306256,Itaitinga - CE,2023,Total,799.0
2306256,Itaitinga - CE,2023,Menos de 15 anos,5.0
2306256,Itaitinga - CE,2023,15 a 19 anos,63.0
2306256,Itaitinga - CE,2023,20 a 24 anos,179.0
2306256,Itaitinga - CE,2023,25 a 29 anos,229.0
2306256,Itaitinga - CE,2023,30 a 34 anos,182.0
2306256,Itaitinga - CE,2023,35 a 39 anos,111.0
2306256,Itaitinga - CE,2023,40 a 44 anos,30.0
2306256,Itaitinga - CE,2023,45 a 49 anos,
2306256,Itaitinga - CE,2023,50 anos ou mais,
2306256,Itaitinga - CE,2023,Ignorada,
2306256,Itaitinga - CE,2024,Total,813.0
2306256,Itaitinga - CE,2024,Menos de 15 anos,5.0
2306256,Itaitinga - CE,2024,15 a 19 anos,73.0
2306256,Itaitinga - CE,2024,20 a 24 anos,180.0
2306256,Itaitinga - CE,2024,25 a 29 anos,232.0
2306256,Itaitinga - CE,2024,30 a 34 anos,185.0
2306256,Itaitinga - CE,2024,35 a 39 anos,105.0
2306256,Itaitinga - CE,2024,40 a 44 anos,31.0
2306256,Itaitinga - CE,2024,45 a 49 anos,2.0
2306256,Itaitinga - CE,2024,50 anos ou mais,
2306256,Itaitinga - CE,2024,Ignorada,
2306306,Itapajé - CE,2020,Total,667.0
2306306,Itapajé - CE,2020,Menos de 15 anos,
2306306,Itapajé - CE,2020,15 a 19 anos,88.0
2306306,Itapajé - CE,2020,20 a 24 anos,182.0
2306306,Itapajé - CE,2020,25 a 29 anos,158.0
2306306,Itapajé - CE,2020,30 a 34 anos,138.0
2306306,Itapajé - CE,2020,35 a 39 anos,80.0
2306306,Itapajé - CE,2020,40 a 44 anos,17.0
2306306,Itapajé - CE,2020,45 a 49 anos,3.0
2306306,Itapajé - CE,2020,50 anos ou mais,
2306306,Itapajé - CE,2020,Ignorada,1.0
2306306,Itapajé - CE,2021,Total,655.0
2306306,Itapajé - CE,2021,Menos de 15 anos,7.0
2306306,Itapajé - CE,2021,15 a 19 anos,103.0
2306306,Itapajé - CE,2021,20 a 24 anos,169.0
2306306,Itapajé - CE,2021,25 a 29 anos,146.0
2306306,Itapajé - CE,2021,30 a 34 anos,139.0
2306306,Itapajé - CE,2021,35 a 39 anos,74.0
2306306,Itapajé - CE,2021,40 a 44 anos,15.0
2306306,Itapajé - CE,2021,45 a 49 anos,1.0
2306306,Itapajé - CE,2021,50 anos ou mais,
2306306,Itapajé - CE,2021,Ignorada,1.0
2306306,Itapajé - CE,2022,Total,580.0
2306306,Itapajé - CE,2022,Menos de 15 anos,2.0
2306306,Itapajé - CE,2022,15 a 19 anos,77.0
2306306,Itapajé - CE,2022,20 a 24 anos,144.0
2306306,Itapajé - CE,2022,25 a 29 anos,151.0
2306306,Itapajé - CE,2022,30 a 34 anos,110.0
2306306,Itapajé - CE,2022,35 a 39 anos,74.0
2306306,Itapajé - CE,2022,40 a 44 anos,21.0
2306306,Itapajé - CE,2022,45 a 49 anos,1.0
2306306,Itapajé - CE,2022,50 anos ou mais,
2306306,Itapajé - CE,2022,Ignorada,
2306306,Itapajé - CE,2023,Total,571.0
2306306,Itapajé - CE,2023,Menos de 15 anos,4.0
2306306,Itapajé - CE,2023,15 a 19 anos,56.0
2306306,Itapajé - CE,2023,20 a 24 anos,135.0
2306306,Itapajé - CE,2023,25 a 29 anos,163.0
2306306,Itapajé - CE,2023,30 a 34 anos,116.0
2306306,Itapajé - CE,2023,35 a 39 anos,74.0
2306306,Itapajé - CE,2023,40 a 44 anos,23.0
2306306,Itapajé - CE,2023,45 a 49 anos,
2306306,Itapajé - CE,2023,50 anos ou mais,
2306306,Itapajé - CE,2023,Ignorada,
2306306,Itapajé - CE,2024,Total,572.0
2306306,Itapajé - CE,2024,Menos de 15 anos,6.0
2306306,Itapajé - CE,2024,15 a 19 anos,52.0
2306306,Itapajé - CE,2024,20 a 24 anos,132.0
2306306,Itapajé - CE,2024,25 a 29 anos,170.0
2306306,Itapajé - CE,2024,30 a 34 anos,122.0
2306306,Itapajé - CE,2024,35 a 39 anos,69.0
2306306,Itapajé - CE,2024,40 a 44 anos,20.0
2306306,Itapajé - CE,2024,45 a 49 anos,
2306306,Itapajé - CE,2024,50 anos ou mais,
2306306,Itapajé - CE,2024,Ignorada,1.0
2306405,Itapipoca - CE,2020,Total,2026.0
2306405,Itapipoca - CE,2020,Menos de 15 anos,22.0
2306405,Itapipoca - CE,2020,15 a 19 anos,314.0
2306405,Itapipoca - CE,2020,20 a 24 anos,470.0
2306405,Itapipoca - CE,2020,25 a 29 anos,520.0
2306405,Itapipoca - CE,2020,30 a 34 anos,416.0
2306405,Itapipoca - CE,2020,35 a 39 anos,203.0
2306405,Itapipoca - CE,2020,40 a 44 anos,64.0
2306405,Itapipoca - CE,2020,45 a 49 anos,7.0
2306405,Itapipoca - CE,2020,50 anos ou mais,
2306405,Itapipoca - CE,2020,Ignorada,10.0
2306405,Itapipoca - CE,2021,Total,2066.0
2306405,Itapipoca - CE,2021,Menos de 15 anos,18.0
2306405,Itapipoca - CE,2021,15 a 19 anos,280.0
2306405,Itapipoca - CE,2021,20 a 24 anos,535.0
2306405,Itapipoca - CE,2021,25 a 29 anos,517.0
2306405,Itapipoca - CE,2021,30 a 34 anos,408.0
2306405,Itapipoca - CE,2021,35 a 39 anos,241.0
2306405,Itapipoca - CE,2021,40 a 44 anos,63.0
2306405,Itapipoca - CE,2021,45 a 49 anos,4.0
2306405,Itapipoca - CE,2021,50 anos ou mais,
2306405,Itapipoca - CE,2021,Ignorada,
2306405,Itapipoca - CE,2022,Total,2000.0
2306405,Itapipoca - CE,2022,Menos de 15 anos,20.0
2306405,Itapipoca - CE,2022,15 a 19 anos,280.0
2306405,Itapipoca - CE,2022,20 a 24 anos,519.0
2306405,Itapipoca - CE,2022,25 a 29 anos,481.0
2306405,Itapipoca - CE,2022,30 a 34 anos,383.0
2306405,Itapipoca - CE,2022,35 a 39 anos,253.0
2306405,Itapipoca - CE,2022,40 a 44 anos,60.0
2306405,Itapipoca - CE,2022,45 a 49 anos,3.0
2306405,Itapipoca - CE,2022,50 anos ou mais,
2306405,Itapipoca - CE,2022,Ignorada,1.0
2306405,Itapipoca - CE,2023,Total,2020.0
2306405,Itapipoca - CE,2023,Menos de 15 anos,17.0
2306405,Itapipoca - CE,2023,15 a 19 anos,287.0
2306405,Itapipoca - CE,2023,20 a 24 anos,469.0
2306405,Itapipoca - CE,2023,25 a 29 anos,527.0
2306405,Itapipoca - CE,2023,30 a 34 anos,398.0
2306405,Itapipoca - CE,2023,35 a 39 anos,257.0
2306405,Itapipoca - CE,2023,40 a 44 anos,58.0
2306405,Itapipoca - CE,2023,45 a 49 anos,5.0
2306405,Itapipoca - CE,2023,50 anos ou mais,
2306405,Itapipoca - CE,2023,Ignorada,2.0
2306405,Itapipoca - CE,2024,Total,1831.0
2306405,Itapipoca - CE,2024,Menos de 15 anos,6.0
2306405,Itapipoca - CE,2024,15 a 19 anos,222.0
2306405,Itapipoca - CE,2024,20 a 24 anos,435.0
2306405,Itapipoca - CE,2024,25 a 29 anos,465.0
2306405,Itapipoca - CE,2024,30 a 34 anos,388.0
2306405,Itapipoca - CE,2024,35 a 39 anos,239.0
2306405,Itapipoca - CE,2024,40 a 44 anos,71.0
2306405,Itapipoca - CE,2024,45 a 49 anos,5.0
2306405,Itapipoca - CE,2024,50 anos ou mais,
2306405,Itapipoca - CE,2024,Ignorada,
2306504,Itapiúna - CE,2020,Total,220.0
2306504,Itapiúna - CE,2020,Menos de 15 anos,2.0
2306504,Itapiúna - CE,2020,15 a 19 anos,36.0
2306504,Itapiúna - CE,2020,20 a 24 anos,47.0
2306504,Itapiúna - CE,2020,25 a 29 anos,51.0
2306504,Itapiúna - CE,2020,30 a 34 anos,47.0
2306504,Itapiúna - CE,2020,35 a 39 anos,25.0
2306504,Itapiúna - CE,2020,40 a 44 anos,8.0
2306504,Itapiúna - CE,2020,45 a 49 anos,1.0
2306504,Itapiúna - CE,2020,50 anos ou mais,
2306504,Itapiúna - CE,2020,Ignorada,3.0
2306504,Itapiúna - CE,2021,Total,234.0
2306504,Itapiúna - CE,2021,Menos de 15 anos,2.0
2306504,Itapiúna - CE,2021,15 a 19 anos,29.0
2306504,Itapiúna - CE,2021,20 a 24 anos,54.0
2306504,Itapiúna - CE,2021,25 a 29 anos,53.0
2306504,Itapiúna - CE,2021,30 a 34 anos,44.0
2306504,Itapiúna - CE,2021,35 a 39 anos,36.0
2306504,Itapiúna - CE,2021,40 a 44 anos,15.0
2306504,Itapiúna - CE,2021,45 a 49 anos,
2306504,Itapiúna - CE,2021,50 anos ou mais,
2306504,Itapiúna - CE,2021,Ignorada,1.0
2306504,Itapiúna - CE,2022,Total,191.0
2306504,Itapiúna - CE,2022,Menos de 15 anos,1.0
2306504,Itapiúna - CE,2022,15 a 19 anos,20.0
2306504,Itapiúna - CE,2022,20 a 24 anos,50.0
2306504,Itapiúna - CE,2022,25 a 29 anos,41.0
2306504,Itapiúna - CE,2022,30 a 34 anos,48.0
2306504,Itapiúna - CE,2022,35 a 39 anos,25.0
2306504,Itapiúna - CE,2022,40 a 44 anos,6.0
2306504,Itapiúna - CE,2022,45 a 49 anos,
2306504,Itapiúna - CE,2022,50 anos ou mais,
2306504,Itapiúna - CE,2022,Ignorada,
2306504,Itapiúna - CE,2023,Total,179.0
2306504,Itapiúna - CE,2023,Menos de 15 anos,1.0
2306504,Itapiúna - CE,2023,15 a 19 anos,28.0
2306504,Itapiúna - CE,2023,20 a 24 anos,37.0
2306504,Itapiúna - CE,2023,25 a 29 anos,46.0
2306504,Itapiúna - CE,2023,30 a 34 anos,29.0
2306504,Itapiúna - CE,2023,35 a 39 anos,25.0
2306504,Itapiúna - CE,2023,40 a 44 anos,11.0
2306504,Itapiúna - CE,2023,45 a 49 anos,1.0
2306504,Itapiúna - CE,2023,50 anos ou mais,1.0
2306504,Itapiúna - CE,2023,Ignorada,
2306504,Itapiúna - CE,2024,Total,164.0
2306504,Itapiúna - CE,2024,Menos de 15 anos,
2306504,Itapiúna - CE,2024,15 a 19 anos,24.0
2306504,Itapiúna - CE,2024,20 a 24 anos,36.0
2306504,Itapiúna - CE,2024,25 a 29 anos,38.0
2306504,Itapiúna - CE,2024,30 a 34 anos,37.0
2306504,Itapiúna - CE,2024,35 a 39 anos,22.0
2306504,Itapiúna - CE,2024,40 a 44 anos,6.0
2306504,Itapiúna - CE,2024,45 a 49 anos,
2306504,Itapiúna - CE,2024,50 anos ou mais,
2306504,Itapiúna - CE,2024,Ignorada,1.0
2306553,Itarema - CE,2020,Total,787.0
2306553,Itarema - CE,2020,Menos de 15 anos,3.0
2306553,Itarema - CE,2020,15 a 19 anos,118.0
2306553,Itarema - CE,2020,20 a 24 anos,204.0
2306553,Itarema - CE,2020,25 a 29 anos,184.0
2306553,Itarema - CE,2020,30 a 34 anos,162.0
2306553,Itarema - CE,2020,35 a 39 anos,91.0
2306553,Itarema - CE,2020,40 a 44 anos,21.0
2306553,Itarema - CE,2020,45 a 49 anos,4.0
2306553,Itarema - CE,2020,50 anos ou mais,
2306553,Itarema - CE,2020,Ignorada,
2306553,Itarema - CE,2021,Total,704.0
2306553,Itarema - CE,2021,Menos de 15 anos,3.0
2306553,Itarema - CE,2021,15 a 19 anos,86.0
2306553,Itarema - CE,2021,20 a 24 anos,202.0
2306553,Itarema - CE,2021,25 a 29 anos,171.0
2306553,Itarema - CE,2021,30 a 34 anos,133.0
2306553,Itarema - CE,2021,35 a 39 anos,79.0
2306553,Itarema - CE,2021,40 a 44 anos,27.0
2306553,Itarema - CE,2021,45 a 49 anos,3.0
2306553,Itarema - CE,2021,50 anos ou mais,
2306553,Itarema - CE,2021,Ignorada,
2306553,Itarema - CE,2022,Total,640.0
2306553,Itarema - CE,2022,Menos de 15 anos,6.0
2306553,Itarema - CE,2022,15 a 19 anos,85.0
2306553,Itarema - CE,2022,20 a 24 anos,150.0
2306553,Itarema - CE,2022,25 a 29 anos,165.0
2306553,Itarema - CE,2022,30 a 34 anos,129.0
2306553,Itarema - CE,2022,35 a 39 anos,73.0
2306553,Itarema - CE,2022,40 a 44 anos,31.0
2306553,Itarema - CE,2022,45 a 49 anos,1.0
2306553,Itarema - CE,2022,50 anos ou mais,
2306553,Itarema - CE,2022,Ignorada,
2306553,Itarema - CE,2023,Total,655.0
2306553,Itarema - CE,2023,Menos de 15 anos,7.0
2306553,Itarema - CE,2023,15 a 19 anos,80.0
2306553,Itarema - CE,2023,20 a 24 anos,171.0
2306553,Itarema - CE,2023,25 a 29 anos,168.0
2306553,Itarema - CE,2023,30 a 34 anos,123.0
2306553,Itarema - CE,2023,35 a 39 anos,80.0
2306553,Itarema - CE,2023,40 a 44 anos,25.0
2306553,Itarema - CE,2023,45 a 49 anos,1.0
2306553,Itarema - CE,2023,50 anos ou mais,
2306553,Itarema - CE,2023,Ignorada,
2306553,Itarema - CE,2024,Total,636.0
2306553,Itarema - CE,2024,Menos de 15 anos,7.0
2306553,Itarema - CE,2024,15 a 19 anos,71.0
2306553,Itarema - CE,2024,20 a 24 anos,145.0
2306553,Itarema - CE,2024,25 a 29 anos,165.0
2306553,Itarema - CE,2024,30 a 34 anos,134.0
2306553,Itarema - CE,2024,35 a 39 anos,83.0
2306553,Itarema - CE,2024,40 a 44 anos,29.0
2306553,Itarema - CE,2024,45 a 49 anos,1.0
2306553,Itarema - CE,2024,50 anos ou mais,1.0
2306553,Itarema - CE,2024,Ignorada,
2306603,Itatira - CE,2020,Total,287.0
2306603,Itatira - CE,2020,Menos de 15 anos,2.0
2306603,Itatira - CE,2020,15 a 19 anos,60.0
2306603,Itatira - CE,2020,20 a 24 anos,63.0
2306603,Itatira - CE,2020,25 a 29 anos,66.0
2306603,Itatira - CE,2020,30 a 34 anos,55.0
2306603,Itatira - CE,2020,35 a 39 anos,32.0
2306603,Itatira - CE,2020,40 a 44 anos,9.0
2306603,Itatira - CE,2020,45 a 49 anos,
2306603,Itatira - CE,2020,50 anos ou mais,
2306603,Itatira - CE,2020,Ignorada,
2306603,Itatira - CE,2021,Total,271.0
2306603,Itatira - CE,2021,Menos de 15 anos,1.0
2306603,Itatira - CE,2021,15 a 19 anos,46.0
2306603,Itatira - CE,2021,20 a 24 anos,81.0
2306603,Itatira - CE,2021,25 a 29 anos,77.0
2306603,Itatira - CE,2021,30 a 34 anos,35.0
2306603,Itatira - CE,2021,35 a 39 anos,23.0
2306603,Itatira - CE,2021,40 a 44 anos,7.0
2306603,Itatira - CE,2021,45 a 49 anos,1.0
2306603,Itatira - CE,2021,50 anos ou mais,
2306603,Itatira - CE,2021,Ignorada,
2306603,Itatira - CE,2022,Total,258.0
2306603,Itatira - CE,2022,Menos de 15 anos,3.0
2306603,Itatira - CE,2022,15 a 19 anos,44.0
2306603,Itatira - CE,2022,20 a 24 anos,73.0
2306603,Itatira - CE,2022,25 a 29 anos,64.0
2306603,Itatira - CE,2022,30 a 34 anos,42.0
2306603,Itatira - CE,2022,35 a 39 anos,25.0
2306603,Itatira - CE,2022,40 a 44 anos,7.0
2306603,Itatira - CE,2022,45 a 49 anos,
2306603,Itatira - CE,2022,50 anos ou mais,
2306603,Itatira - CE,2022,Ignorada,
2306603,Itatira - CE,2023,Total,246.0
2306603,Itatira - CE,2023,Menos de 15 anos,
2306603,Itatira - CE,2023,15 a 19 anos,42.0
2306603,Itatira - CE,2023,20 a 24 anos,61.0
2306603,Itatira - CE,2023,25 a 29 anos,59.0
2306603,Itatira - CE,2023,30 a 34 anos,48.0
2306603,Itatira - CE,2023,35 a 39 anos,30.0
2306603,Itatira - CE,2023,40 a 44 anos,6.0
2306603,Itatira - CE,2023,45 a 49 anos,
2306603,Itatira - CE,2023,50 anos ou mais,
2306603,Itatira - CE,2023,Ignorada,
2306603,Itatira - CE,2024,Total,205.0
2306603,Itatira - CE,2024,Menos de 15 anos,1.0
2306603,Itatira - CE,2024,15 a 19 anos,34.0
2306603,Itatira - CE,2024,20 a 24 anos,49.0
2306603,Itatira - CE,2024,25 a 29 anos,60.0
2306603,Itatira - CE,2024,30 a 34 anos,35.0
2306603,Itatira - CE,2024,35 a 39 anos,17.0
2306603,Itatira - CE,2024,40 a 44 anos,7.0
2306603,Itatira - CE,2024,45 a 49 anos,2.0
2306603,Itatira - CE,2024,50 anos ou mais,
2306603,Itatira - CE,2024,Ignorada,
2306702,Jaguaretama - CE,2020,Total,219.0
2306702,Jaguaretama - CE,2020,Menos de 15 anos,1.0
2306702,Jaguaretama - CE,2020,15 a 19 anos,35.0
2306702,Jaguaretama - CE,2020,20 a 24 anos,65.0
2306702,Jaguaretama - CE,2020,25 a 29 anos,52.0
2306702,Jaguaretama - CE,2020,30 a 34 anos,40.0
2306702,Jaguaretama - CE,2020,35 a 39 anos,20.0
2306702,Jaguaretama - CE,2020,40 a 44 anos,4.0
2306702,Jaguaretama - CE,2020,45 a 49 anos,1.0
2306702,Jaguaretama - CE,2020,50 anos ou mais,
2306702,Jaguaretama - CE,2020,Ignorada,1.0
2306702,Jaguaretama - CE,2021,Total,219.0
2306702,Jaguaretama - CE,2021,Menos de 15 anos,1.0
2306702,Jaguaretama - CE,2021,15 a 19 anos,32.0
2306702,Jaguaretama - CE,2021,20 a 24 anos,49.0
2306702,Jaguaretama - CE,2021,25 a 29 anos,61.0
2306702,Jaguaretama - CE,2021,30 a 34 anos,42.0
2306702,Jaguaretama - CE,2021,35 a 39 anos,29.0
2306702,Jaguaretama - CE,2021,40 a 44 anos,4.0
2306702,Jaguaretama - CE,2021,45 a 49 anos,1.0
2306702,Jaguaretama - CE,2021,50 anos ou mais,
2306702,Jaguaretama - CE,2021,Ignorada,
2306702,Jaguaretama - CE,2022,Total,203.0
2306702,Jaguaretama - CE,2022,Menos de 15 anos,3.0
2306702,Jaguaretama - CE,2022,15 a 19 anos,38.0
2306702,Jaguaretama - CE,2022,20 a 24 anos,50.0
2306702,Jaguaretama - CE,2022,25 a 29 anos,52.0
2306702,Jaguaretama - CE,2022,30 a 34 anos,33.0
2306702,Jaguaretama - CE,2022,35 a 39 anos,21.0
2306702,Jaguaretama - CE,2022,40 a 44 anos,6.0
2306702,Jaguaretama - CE,2022,45 a 49 anos,
2306702,Jaguaretama - CE,2022,50 anos ou mais,
2306702,Jaguaretama - CE,2022,Ignorada,
2306702,Jaguaretama - CE,2023,Total,194.0
2306702,Jaguaretama - CE,2023,Menos de 15 anos,1.0
2306702,Jaguaretama - CE,2023,15 a 19 anos,31.0
2306702,Jaguaretama - CE,2023,20 a 24 anos,54.0
2306702,Jaguaretama - CE,2023,25 a 29 anos,48.0
2306702,Jaguaretama - CE,2023,30 a 34 anos,35.0
2306702,Jaguaretama - CE,2023,35 a 39 anos,19.0
2306702,Jaguaretama - CE,2023,40 a 44 anos,6.0
2306702,Jaguaretama - CE,2023,45 a 49 anos,
2306702,Jaguaretama - CE,2023,50 anos ou mais,
2306702,Jaguaretama - CE,2023,Ignorada,
2306702,Jaguaretama - CE,2024,Total,197.0
2306702,Jaguaretama - CE,2024,Menos de 15 anos,1.0
2306702,Jaguaretama - CE,2024,15 a 19 anos,37.0
2306702,Jaguaretama - CE,2024,20 a 24 anos,46.0
2306702,Jaguaretama - CE,2024,25 a 29 anos,45.0
2306702,Jaguaretama - CE,2024,30 a 34 anos,42.0
2306702,Jaguaretama - CE,2024,35 a 39 anos,19.0
2306702,Jaguaretama - CE,2024,40 a 44 anos,6.0
2306702,Jaguaretama - CE,2024,45 a 49 anos,1.0
2306702,Jaguaretama - CE,2024,50 anos ou mais,
2306702,Jaguaretama - CE,2024,Ignorada,
2306801,Jaguaribara - CE,2020,Total,145.0
2306801,Jaguaribara - CE,2020,Menos de 15 anos,2.0
2306801,Jaguaribara - CE,2020,15 a 19 anos,26.0
2306801,Jaguaribara - CE,2020,20 a 24 anos,30.0
2306801,Jaguaribara - CE,2020,25 a 29 anos,28.0
2306801,Jaguaribara - CE,2020,30 a 34 anos,41.0
2306801,Jaguaribara - CE,2020,35 a 39 anos,13.0
2306801,Jaguaribara - CE,2020,40 a 44 anos,5.0
2306801,Jaguaribara - CE,2020,45 a 49 anos,
2306801,Jaguaribara - CE,2020,50 anos ou mais,
2306801,Jaguaribara - CE,2020,Ignorada,
2306801,Jaguaribara - CE,2021,Total,117.0
2306801,Jaguaribara - CE,2021,Menos de 15 anos,3.0
2306801,Jaguaribara - CE,2021,15 a 19 anos,16.0
2306801,Jaguaribara - CE,2021,20 a 24 anos,26.0
2306801,Jaguaribara - CE,2021,25 a 29 anos,36.0
2306801,Jaguaribara - CE,2021,30 a 34 anos,21.0
2306801,Jaguaribara - CE,2021,35 a 39 anos,10.0
2306801,Jaguaribara - CE,2021,40 a 44 anos,5.0
2306801,Jaguaribara - CE,2021,45 a 49 anos,
2306801,Jaguaribara - CE,2021,50 anos ou mais,
2306801,Jaguaribara - CE,2021,Ignorada,
2306801,Jaguaribara - CE,2022,Total,126.0
2306801,Jaguaribara - CE,2022,Menos de 15 anos,1.0
2306801,Jaguaribara - CE,2022,15 a 19 anos,22.0
2306801,Jaguaribara - CE,2022,20 a 24 anos,38.0
2306801,Jaguaribara - CE,2022,25 a 29 anos,25.0
2306801,Jaguaribara - CE,2022,30 a 34 anos,33.0
2306801,Jaguaribara - CE,2022,35 a 39 anos,4.0
2306801,Jaguaribara - CE,2022,40 a 44 anos,3.0
2306801,Jaguaribara - CE,2022,45 a 49 anos,
2306801,Jaguaribara - CE,2022,50 anos ou mais,
2306801,Jaguaribara - CE,2022,Ignorada,
2306801,Jaguaribara - CE,2023,Total,109.0
2306801,Jaguaribara - CE,2023,Menos de 15 anos,
2306801,Jaguaribara - CE,2023,15 a 19 anos,17.0
2306801,Jaguaribara - CE,2023,20 a 24 anos,25.0
2306801,Jaguaribara - CE,2023,25 a 29 anos,31.0
2306801,Jaguaribara - CE,2023,30 a 34 anos,19.0
2306801,Jaguaribara - CE,2023,35 a 39 anos,14.0
2306801,Jaguaribara - CE,2023,40 a 44 anos,2.0
2306801,Jaguaribara - CE,2023,45 a 49 anos,
2306801,Jaguaribara - CE,2023,50 anos ou mais,
2306801,Jaguaribara - CE,2023,Ignorada,1.0
2306801,Jaguaribara - CE,2024,Total,110.0
2306801,Jaguaribara - CE,2024,Menos de 15 anos,1.0
2306801,Jaguaribara - CE,2024,15 a 19 anos,9.0
2306801,Jaguaribara - CE,2024,20 a 24 anos,21.0
2306801,Jaguaribara - CE,2024,25 a 29 anos,39.0
2306801,Jaguaribara - CE,2024,30 a 34 anos,24.0
2306801,Jaguaribara - CE,2024,35 a 39 anos,12.0
2306801,Jaguaribara - CE,2024,40 a 44 anos,3.0
2306801,Jaguaribara - CE,2024,45 a 49 anos,1.0
2306801,Jaguaribara - CE,2024,50 anos ou mais,
2306801,Jaguaribara - CE,2024,Ignorada,
2306900,Jaguaribe - CE,2020,Total,417.0
2306900,Jaguaribe - CE,2020,Menos de 15 anos,4.0
2306900,Jaguaribe - CE,2020,15 a 19 anos,59.0
2306900,Jaguaribe - CE,2020,20 a 24 anos,102.0
2306900,Jaguaribe - CE,2020,25 a 29 anos,102.0
2306900,Jaguaribe - CE,2020,30 a 34 anos,90.0
2306900,Jaguaribe - CE,2020,35 a 39 anos,47.0
2306900,Jaguaribe - CE,2020,40 a 44 anos,13.0
2306900,Jaguaribe - CE,2020,45 a 49 anos,
2306900,Jaguaribe - CE,2020,50 anos ou mais,
2306900,Jaguaribe - CE,2020,Ignorada,
2306900,Jaguaribe - CE,2021,Total,390.0
2306900,Jaguaribe - CE,2021,Menos de 15 anos,4.0
2306900,Jaguaribe - CE,2021,15 a 19 anos,56.0
2306900,Jaguaribe - CE,2021,20 a 24 anos,95.0
2306900,Jaguaribe - CE,2021,25 a 29 anos,104.0
2306900,Jaguaribe - CE,2021,30 a 34 anos,75.0
2306900,Jaguaribe - CE,2021,35 a 39 anos,44.0
2306900,Jaguaribe - CE,2021,40 a 44 anos,12.0
2306900,Jaguaribe - CE,2021,45 a 49 anos,
2306900,Jaguaribe - CE,2021,50 anos ou mais,
2306900,Jaguaribe - CE,2021,Ignorada,
2306900,Jaguaribe - CE,2022,Total,368.0
2306900,Jaguaribe - CE,2022,Menos de 15 anos,
2306900,Jaguaribe - CE,2022,15 a 19 anos,38.0
2306900,Jaguaribe - CE,2022,20 a 24 anos,88.0
2306900,Jaguaribe - CE,2022,25 a 29 anos,92.0
2306900,Jaguaribe - CE,2022,30 a 34 anos,86.0
2306900,Jaguaribe - CE,2022,35 a 39 anos,45.0
2306900,Jaguaribe - CE,2022,40 a 44 anos,18.0
2306900,Jaguaribe - CE,2022,45 a 49 anos,1.0
2306900,Jaguaribe - CE,2022,50 anos ou mais,
2306900,Jaguaribe - CE,2022,Ignorada,
2306900,Jaguaribe - CE,2023,Total,358.0
2306900,Jaguaribe - CE,2023,Menos de 15 anos,2.0
2306900,Jaguaribe - CE,2023,15 a 19 anos,38.0
2306900,Jaguaribe - CE,2023,20 a 24 anos,88.0
2306900,Jaguaribe - CE,2023,25 a 29 anos,94.0
2306900,Jaguaribe - CE,2023,30 a 34 anos,76.0
2306900,Jaguaribe - CE,2023,35 a 39 anos,45.0
2306900,Jaguaribe - CE,2023,40 a 44 anos,14.0
2306900,Jaguaribe - CE,2023,45 a 49 anos,1.0
2306900,Jaguaribe - CE,2023,50 anos ou mais,
2306900,Jaguaribe - CE,2023,Ignorada,
2306900,Jaguaribe - CE,2024,Total,332.0
2306900,Jaguaribe - CE,2024,Menos de 15 anos,3.0
2306900,Jaguaribe - CE,2024,15 a 19 anos,51.0
2306900,Jaguaribe - CE,2024,20 a 24 anos,73.0
2306900,Jaguaribe - CE,2024,25 a 29 anos,87.0
2306900,Jaguaribe - CE,2024,30 a 34 anos,64.0
2306900,Jaguaribe - CE,2024,35 a 39 anos,34.0
2306900,Jaguaribe - CE,2024,40 a 44 anos,19.0
2306900,Jaguaribe - CE,2024,45 a 49 anos,1.0
2306900,Jaguaribe - CE,2024,50 anos ou mais,
2306900,Jaguaribe - CE,2024,Ignorada,
2307007,Jaguaruana - CE,2020,Total,337.0
2307007,Jaguaruana - CE,2020,Menos de 15 anos,1.0
2307007,Jaguaruana - CE,2020,15 a 19 anos,31.0
2307007,Jaguaruana - CE,2020,20 a 24 anos,91.0
2307007,Jaguaruana - CE,2020,25 a 29 anos,86.0
2307007,Jaguaruana - CE,2020,30 a 34 anos,68.0
2307007,Jaguaruana - CE,2020,35 a 39 anos,44.0
2307007,Jaguaruana - CE,2020,40 a 44 anos,14.0
2307007,Jaguaruana - CE,2020,45 a 49 anos,2.0
2307007,Jaguaruana - CE,2020,50 anos ou mais,
2307007,Jaguaruana - CE,2020,Ignorada,
2307007,Jaguaruana - CE,2021,Total,357.0
2307007,Jaguaruana - CE,2021,Menos de 15 anos,1.0
2307007,Jaguaruana - CE,2021,15 a 19 anos,50.0
2307007,Jaguaruana - CE,2021,20 a 24 anos,80.0
2307007,Jaguaruana - CE,2021,25 a 29 anos,94.0
2307007,Jaguaruana - CE,2021,30 a 34 anos,73.0
2307007,Jaguaruana - CE,2021,35 a 39 anos,44.0
2307007,Jaguaruana - CE,2021,40 a 44 anos,14.0
2307007,Jaguaruana - CE,2021,45 a 49 anos,1.0
2307007,Jaguaruana - CE,2021,50 anos ou mais,
2307007,Jaguaruana - CE,2021,Ignorada,
2307007,Jaguaruana - CE,2022,Total,296.0
2307007,Jaguaruana - CE,2022,Menos de 15 anos,2.0
2307007,Jaguaruana - CE,2022,15 a 19 anos,25.0
2307007,Jaguaruana - CE,2022,20 a 24 anos,55.0
2307007,Jaguaruana - CE,2022,25 a 29 anos,76.0
2307007,Jaguaruana - CE,2022,30 a 34 anos,79.0
2307007,Jaguaruana - CE,2022,35 a 39 anos,45.0
2307007,Jaguaruana - CE,2022,40 a 44 anos,13.0
2307007,Jaguaruana - CE,2022,45 a 49 anos,1.0
2307007,Jaguaruana - CE,2022,50 anos ou mais,
2307007,Jaguaruana - CE,2022,Ignorada,
2307007,Jaguaruana - CE,2023,Total,332.0
2307007,Jaguaruana - CE,2023,Menos de 15 anos,2.0
2307007,Jaguaruana - CE,2023,15 a 19 anos,26.0
2307007,Jaguaruana - CE,2023,20 a 24 anos,67.0
2307007,Jaguaruana - CE,2023,25 a 29 anos,98.0
2307007,Jaguaruana - CE,2023,30 a 34 anos,78.0
2307007,Jaguaruana - CE,2023,35 a 39 anos,43.0
2307007,Jaguaruana - CE,2023,40 a 44 anos,17.0
2307007,Jaguaruana - CE,2023,45 a 49 anos,1.0
2307007,Jaguaruana - CE,2023,50 anos ou mais,
2307007,Jaguaruana - CE,2023,Ignorada,
2307007,Jaguaruana - CE,2024,Total,248.0
2307007,Jaguaruana - CE,2024,Menos de 15 anos,1.0
2307007,Jaguaruana - CE,2024,15 a 19 anos,27.0
2307007,Jaguaruana - CE,2024,20 a 24 anos,57.0
2307007,Jaguaruana - CE,2024,25 a 29 anos,58.0
2307007,Jaguaruana - CE,2024,30 a 34 anos,56.0
2307007,Jaguaruana - CE,2024,35 a 39 anos,31.0
2307007,Jaguaruana - CE,2024,40 a 44 anos,15.0
2307007,Jaguaruana - CE,2024,45 a 49 anos,2.0
2307007,Jaguaruana - CE,2024,50 anos ou mais,
2307007,Jaguaruana - CE,2024,Ignorada,1.0
2307106,Jardim - CE,2020,Total,435.0
2307106,Jardim - CE,2020,Menos de 15 anos,4.0
2307106,Jardim - CE,2020,15 a 19 anos,77.0
2307106,Jardim - CE,2020,20 a 24 anos,112.0
2307106,Jardim - CE,2020,25 a 29 anos,98.0
2307106,Jardim - CE,2020,30 a 34 anos,85.0
2307106,Jardim - CE,2020,35 a 39 anos,42.0
2307106,Jardim - CE,2020,40 a 44 anos,16.0
2307106,Jardim - CE,2020,45 a 49 anos,1.0
2307106,Jardim - CE,2020,50 anos ou mais,
2307106,Jardim - CE,2020,Ignorada,
2307106,Jardim - CE,2021,Total,389.0
2307106,Jardim - CE,2021,Menos de 15 anos,2.0
2307106,Jardim - CE,2021,15 a 19 anos,60.0
2307106,Jardim - CE,2021,20 a 24 anos,102.0
2307106,Jardim - CE,2021,25 a 29 anos,86.0
2307106,Jardim - CE,2021,30 a 34 anos,77.0
2307106,Jardim - CE,2021,35 a 39 anos,45.0
2307106,Jardim - CE,2021,40 a 44 anos,16.0
2307106,Jardim - CE,2021,45 a 49 anos,1.0
2307106,Jardim - CE,2021,50 anos ou mais,
2307106,Jardim - CE,2021,Ignorada,
2307106,Jardim - CE,2022,Total,345.0
2307106,Jardim - CE,2022,Menos de 15 anos,3.0
2307106,Jardim - CE,2022,15 a 19 anos,57.0
2307106,Jardim - CE,2022,20 a 24 anos,68.0
2307106,Jardim - CE,2022,25 a 29 anos,82.0
2307106,Jardim - CE,2022,30 a 34 anos,80.0
2307106,Jardim - CE,2022,35 a 39 anos,38.0
2307106,Jardim - CE,2022,40 a 44 anos,15.0
2307106,Jardim - CE,2022,45 a 49 anos,2.0
2307106,Jardim - CE,2022,50 anos ou mais,
2307106,Jardim - CE,2022,Ignorada,
2307106,Jardim - CE,2023,Total,402.0
2307106,Jardim - CE,2023,Menos de 15 anos,2.0
2307106,Jardim - CE,2023,15 a 19 anos,42.0
2307106,Jardim - CE,2023,20 a 24 anos,101.0
2307106,Jardim - CE,2023,25 a 29 anos,107.0
2307106,Jardim - CE,2023,30 a 34 anos,64.0
2307106,Jardim - CE,2023,35 a 39 anos,59.0
2307106,Jardim - CE,2023,40 a 44 anos,27.0
2307106,Jardim - CE,2023,45 a 49 anos,
2307106,Jardim - CE,2023,50 anos ou mais,
2307106,Jardim - CE,2023,Ignorada,
2307106,Jardim - CE,2024,Total,359.0
2307106,Jardim - CE,2024,Menos de 15 anos,5.0
2307106,Jardim - CE,2024,15 a 19 anos,36.0
2307106,Jardim - CE,2024,20 a 24 anos,79.0
2307106,Jardim - CE,2024,25 a 29 anos,104.0
2307106,Jardim - CE,2024,30 a 34 anos,70.0
2307106,Jardim - CE,2024,35 a 39 anos,49.0
2307106,Jardim - CE,2024,40 a 44 anos,16.0
2307106,Jardim - CE,2024,45 a 49 anos,
2307106,Jardim - CE,2024,50 anos ou mais,
2307106,Jardim - CE,2024,Ignorada,
2307205,Jati - CE,2020,Total,117.0
2307205,Jati - CE,2020,Menos de 15 anos,1.0
2307205,Jati - CE,2020,15 a 19 anos,19.0
2307205,Jati - CE,2020,20 a 24 anos,31.0
2307205,Jati - CE,2020,25 a 29 anos,27.0
2307205,Jati - CE,2020,30 a 34 anos,24.0
2307205,Jati - CE,2020,35 a 39 anos,12.0
2307205,Jati - CE,2020,40 a 44 anos,3.0
2307205,Jati - CE,2020,45 a 49 anos,
2307205,Jati - CE,2020,50 anos ou mais,
2307205,Jati - CE,2020,Ignorada,
2307205,Jati - CE,2021,Total,89.0
2307205,Jati - CE,2021,Menos de 15 anos,2.0
2307205,Jati - CE,2021,15 a 19 anos,19.0
2307205,Jati - CE,2021,20 a 24 anos,22.0
2307205,Jati - CE,2021,25 a 29 anos,15.0
2307205,Jati - CE,2021,30 a 34 anos,17.0
2307205,Jati - CE,2021,35 a 39 anos,11.0
2307205,Jati - CE,2021,40 a 44 anos,3.0
2307205,Jati - CE,2021,45 a 49 anos,
2307205,Jati - CE,2021,50 anos ou mais,
2307205,Jati - CE,2021,Ignorada,
2307205,Jati - CE,2022,Total,97.0
2307205,Jati - CE,2022,Menos de 15 anos,1.0
2307205,Jati - CE,2022,15 a 19 anos,14.0
2307205,Jati - CE,2022,20 a 24 anos,18.0
2307205,Jati - CE,2022,25 a 29 anos,23.0
2307205,Jati - CE,2022,30 a 34 anos,17.0
2307205,Jati - CE,2022,35 a 39 anos,21.0
2307205,Jati - CE,2022,40 a 44 anos,3.0
2307205,Jati - CE,2022,45 a 49 anos,
2307205,Jati - CE,2022,50 anos ou mais,
2307205,Jati - CE,2022,Ignorada,
2307205,Jati - CE,2023,Total,103.0
2307205,Jati - CE,2023,Menos de 15 anos,
2307205,Jati - CE,2023,15 a 19 anos,14.0
2307205,Jati - CE,2023,20 a 24 anos,33.0
2307205,Jati - CE,2023,25 a 29 anos,22.0
2307205,Jati - CE,2023,30 a 34 anos,20.0
2307205,Jati - CE,2023,35 a 39 anos,13.0
2307205,Jati - CE,2023,40 a 44 anos,1.0
2307205,Jati - CE,2023,45 a 49 anos,
2307205,Jati - CE,2023,50 anos ou mais,
2307205,Jati - CE,2023,Ignorada,
2307205,Jati - CE,2024,Total,87.0
2307205,Jati - CE,2024,Menos de 15 anos,1.0
2307205,Jati - CE,2024,15 a 19 anos,14.0
2307205,Jati - CE,2024,20 a 24 anos,17.0
2307205,Jati - CE,2024,25 a 29 anos,22.0
2307205,Jati - CE,2024,30 a 34 anos,18.0
2307205,Jati - CE,2024,35 a 39 anos,11.0
2307205,Jati - CE,2024,40 a 44 anos,3.0
2307205,Jati - CE,2024,45 a 49 anos,1.0
2307205,Jati - CE,2024,50 anos ou mais,
2307205,Jati - CE,2024,Ignorada,
2307254,Jijoca de Jericoacoara - CE,2020,Total,334.0
2307254,Jijoca de Jericoacoara - CE,2020,Menos de 15 anos,2.0
2307254,Jijoca de Jericoacoara - CE,2020,15 a 19 anos,42.0
2307254,Jijoca de Jericoacoara - CE,2020,20 a 24 anos,100.0
2307254,Jijoca de Jericoacoara - CE,2020,25 a 29 anos,82.0
2307254,Jijoca de Jericoacoara - CE,2020,30 a 34 anos,62.0
2307254,Jijoca de Jericoacoara - CE,2020,35 a 39 anos,38.0
2307254,Jijoca de Jericoacoara - CE,2020,40 a 44 anos,8.0
2307254,Jijoca de Jericoacoara - CE,2020,45 a 49 anos,
2307254,Jijoca de Jericoacoara - CE,2020,50 anos ou mais,
2307254,Jijoca de Jericoacoara - CE,2020,Ignorada,
2307254,Jijoca de Jericoacoara - CE,2021,Total,357.0
2307254,Jijoca de Jericoacoara - CE,2021,Menos de 15 anos,3.0
2307254,Jijoca de Jericoacoara - CE,2021,15 a 19 anos,35.0
2307254,Jijoca de Jericoacoara - CE,2021,20 a 24 anos,87.0
2307254,Jijoca de Jericoacoara - CE,2021,25 a 29 anos,120.0
2307254,Jijoca de Jericoacoara - CE,2021,30 a 34 anos,57.0
2307254,Jijoca de Jericoacoara - CE,2021,35 a 39 anos,42.0
2307254,Jijoca de Jericoacoara - CE,2021,40 a 44 anos,13.0
2307254,Jijoca de Jericoacoara - CE,2021,45 a 49 anos,
2307254,Jijoca de Jericoacoara - CE,2021,50 anos ou mais,
2307254,Jijoca de Jericoacoara - CE,2021,Ignorada,
2307254,Jijoca de Jericoacoara - CE,2022,Total,430.0
2307254,Jijoca de Jericoacoara - CE,2022,Menos de 15 anos,
2307254,Jijoca de Jericoacoara - CE,2022,15 a 19 anos,68.0
2307254,Jijoca de Jericoacoara - CE,2022,20 a 24 anos,114.0
2307254,Jijoca de Jericoacoara - CE,2022,25 a 29 anos,128.0
2307254,Jijoca de Jericoacoara - CE,2022,30 a 34 anos,61.0
2307254,Jijoca de Jericoacoara - CE,2022,35 a 39 anos,47.0
2307254,Jijoca de Jericoacoara - CE,2022,40 a 44 anos,11.0
2307254,Jijoca de Jericoacoara - CE,2022,45 a 49 anos,1.0
2307254,Jijoca de Jericoacoara - CE,2022,50 anos ou mais,
2307254,Jijoca de Jericoacoara - CE,2022,Ignorada,
2307254,Jijoca de Jericoacoara - CE,2023,Total,468.0
2307254,Jijoca de Jericoacoara - CE,2023,Menos de 15 anos,2.0
2307254,Jijoca de Jericoacoara - CE,2023,15 a 19 anos,47.0
2307254,Jijoca de Jericoacoara - CE,2023,20 a 24 anos,111.0
2307254,Jijoca de Jericoacoara - CE,2023,25 a 29 anos,139.0
2307254,Jijoca de Jericoacoara - CE,2023,30 a 34 anos,93.0
2307254,Jijoca de Jericoacoara - CE,2023,35 a 39 anos,62.0
2307254,Jijoca de Jericoacoara - CE,2023,40 a 44 anos,13.0
2307254,Jijoca de Jericoacoara - CE,2023,45 a 49 anos,1.0
2307254,Jijoca de Jericoacoara - CE,2023,50 anos ou mais,
2307254,Jijoca de Jericoacoara - CE,2023,Ignorada,
2307254,Jijoca de Jericoacoara - CE,2024,Total,445.0
2307254,Jijoca de Jericoacoara - CE,2024,Menos de 15 anos,2.0
2307254,Jijoca de Jericoacoara - CE,2024,15 a 19 anos,54.0
2307254,Jijoca de Jericoacoara - CE,2024,20 a 24 anos,100.0
2307254,Jijoca de Jericoacoara - CE,2024,25 a 29 anos,114.0
2307254,Jijoca de Jericoacoara - CE,2024,30 a 34 anos,105.0
2307254,Jijoca de Jericoacoara - CE,2024,35 a 39 anos,56.0
2307254,Jijoca de Jericoacoara - CE,2024,40 a 44 anos,14.0
2307254,Jijoca de Jericoacoara - CE,2024,45 a 49 anos,
2307254,Jijoca de Jericoacoara - CE,2024,50 anos ou mais,
2307254,Jijoca de Jericoacoara - CE,2024,Ignorada,
2307304,Juazeiro do Norte - CE,2020,Total,3305.0
2307304,Juazeiro do Norte - CE,2020,Menos de 15 anos,23.0
2307304,Juazeiro do Norte - CE,2020,15 a 19 anos,419.0
2307304,Juazeiro do Norte - CE,2020,20 a 24 anos,796.0
2307304,Juazeiro do Norte - CE,2020,25 a 29 anos,814.0
2307304,Juazeiro do Norte - CE,2020,30 a 34 anos,743.0
2307304,Juazeiro do Norte - CE,2020,35 a 39 anos,396.0
2307304,Juazeiro do Norte - CE,2020,40 a 44 anos,111.0
2307304,Juazeiro do Norte - CE,2020,45 a 49 anos,3.0
2307304,Juazeiro do Norte - CE,2020,50 anos ou mais,
2307304,Juazeiro do Norte - CE,2020,Ignorada,
2307304,Juazeiro do Norte - CE,2021,Total,3923.0
2307304,Juazeiro do Norte - CE,2021,Menos de 15 anos,27.0
2307304,Juazeiro do Norte - CE,2021,15 a 19 anos,426.0
2307304,Juazeiro do Norte - CE,2021,20 a 24 anos,977.0
2307304,Juazeiro do Norte - CE,2021,25 a 29 anos,1045.0
2307304,Juazeiro do Norte - CE,2021,30 a 34 anos,841.0
2307304,Juazeiro do Norte - CE,2021,35 a 39 anos,469.0
2307304,Juazeiro do Norte - CE,2021,40 a 44 anos,127.0
2307304,Juazeiro do Norte - CE,2021,45 a 49 anos,5.0
2307304,Juazeiro do Norte - CE,2021,50 anos ou mais,2.0
2307304,Juazeiro do Norte - CE,2021,Ignorada,4.0
2307304,Juazeiro do Norte - CE,2022,Total,3689.0
2307304,Juazeiro do Norte - CE,2022,Menos de 15 anos,16.0
2307304,Juazeiro do Norte - CE,2022,15 a 19 anos,387.0
2307304,Juazeiro do Norte - CE,2022,20 a 24 anos,900.0
2307304,Juazeiro do Norte - CE,2022,25 a 29 anos,943.0
2307304,Juazeiro do Norte - CE,2022,30 a 34 anos,848.0
2307304,Juazeiro do Norte - CE,2022,35 a 39 anos,457.0
2307304,Juazeiro do Norte - CE,2022,40 a 44 anos,133.0
2307304,Juazeiro do Norte - CE,2022,45 a 49 anos,5.0
2307304,Juazeiro do Norte - CE,2022,50 anos ou mais,
2307304,Juazeiro do Norte - CE,2022,Ignorada,
2307304,Juazeiro do Norte - CE,2023,Total,3787.0
2307304,Juazeiro do Norte - CE,2023,Menos de 15 anos,17.0
2307304,Juazeiro do Norte - CE,2023,15 a 19 anos,390.0
2307304,Juazeiro do Norte - CE,2023,20 a 24 anos,867.0
2307304,Juazeiro do Norte - CE,2023,25 a 29 anos,1022.0
2307304,Juazeiro do Norte - CE,2023,30 a 34 anos,837.0
2307304,Juazeiro do Norte - CE,2023,35 a 39 anos,521.0
2307304,Juazeiro do Norte - CE,2023,40 a 44 anos,126.0
2307304,Juazeiro do Norte - CE,2023,45 a 49 anos,6.0
2307304,Juazeiro do Norte - CE,2023,50 anos ou mais,1.0
2307304,Juazeiro do Norte - CE,2023,Ignorada,
2307304,Juazeiro do Norte - CE,2024,Total,3655.0
2307304,Juazeiro do Norte - CE,2024,Menos de 15 anos,22.0
2307304,Juazeiro do Norte - CE,2024,15 a 19 anos,348.0
2307304,Juazeiro do Norte - CE,2024,20 a 24 anos,806.0
2307304,Juazeiro do Norte - CE,2024,25 a 29 anos,1041.0
2307304,Juazeiro do Norte - CE,2024,30 a 34 anos,807.0
2307304,Juazeiro do Norte - CE,2024,35 a 39 anos,494.0
2307304,Juazeiro do Norte - CE,2024,40 a 44 anos,126.0
2307304,Juazeiro do Norte - CE,2024,45 a 49 anos,6.0
2307304,Juazeiro do Norte - CE,2024,50 anos ou mais,1.0
2307304,Juazeiro do Norte - CE,2024,Ignorada,4.0
2307403,Jucás - CE,2020,Total,286.0
2307403,Jucás - CE,2020,Menos de 15 anos,1.0
2307403,Jucás - CE,2020,15 a 19 anos,32.0
2307403,Jucás - CE,2020,20 a 24 anos,73.0
2307403,Jucás - CE,2020,25 a 29 anos,85.0
2307403,Jucás - CE,2020,30 a 34 anos,64.0
2307403,Jucás - CE,2020,35 a 39 anos,25.0
2307403,Jucás - CE,2020,40 a 44 anos,6.0
2307403,Jucás - CE,2020,45 a 49 anos,
2307403,Jucás - CE,2020,50 anos ou mais,
2307403,Jucás - CE,2020,Ignorada,
2307403,Jucás - CE,2021,Total,321.0
2307403,Jucás - CE,2021,Menos de 15 anos,5.0
2307403,Jucás - CE,2021,15 a 19 anos,45.0
2307403,Jucás - CE,2021,20 a 24 anos,79.0
2307403,Jucás - CE,2021,25 a 29 anos,92.0
2307403,Jucás - CE,2021,30 a 34 anos,64.0
2307403,Jucás - CE,2021,35 a 39 anos,29.0
2307403,Jucás - CE,2021,40 a 44 anos,6.0
2307403,Jucás - CE,2021,45 a 49 anos,1.0
2307403,Jucás - CE,2021,50 anos ou mais,
2307403,Jucás - CE,2021,Ignorada,
2307403,Jucás - CE,2022,Total,304.0
2307403,Jucás - CE,2022,Menos de 15 anos,3.0
2307403,Jucás - CE,2022,15 a 19 anos,44.0
2307403,Jucás - CE,2022,20 a 24 anos,70.0
2307403,Jucás - CE,2022,25 a 29 anos,81.0
2307403,Jucás - CE,2022,30 a 34 anos,57.0
2307403,Jucás - CE,2022,35 a 39 anos,33.0
2307403,Jucás - CE,2022,40 a 44 anos,15.0
2307403,Jucás - CE,2022,45 a 49 anos,
2307403,Jucás - CE,2022,50 anos ou mais,1.0
2307403,Jucás - CE,2022,Ignorada,
2307403,Jucás - CE,2023,Total,309.0
2307403,Jucás - CE,2023,Menos de 15 anos,2.0
2307403,Jucás - CE,2023,15 a 19 anos,49.0
2307403,Jucás - CE,2023,20 a 24 anos,75.0
2307403,Jucás - CE,2023,25 a 29 anos,92.0
2307403,Jucás - CE,2023,30 a 34 anos,57.0
2307403,Jucás - CE,2023,35 a 39 anos,24.0
2307403,Jucás - CE,2023,40 a 44 anos,10.0
2307403,Jucás - CE,2023,45 a 49 anos,
2307403,Jucás - CE,2023,50 anos ou mais,
2307403,Jucás - CE,2023,Ignorada,
2307403,Jucás - CE,2024,Total,274.0
2307403,Jucás - CE,2024,Menos de 15 anos,
2307403,Jucás - CE,2024,15 a 19 anos,41.0
2307403,Jucás - CE,2024,20 a 24 anos,61.0
2307403,Jucás - CE,2024,25 a 29 anos,66.0
2307403,Jucás - CE,2024,30 a 34 anos,61.0
2307403,Jucás - CE,2024,35 a 39 anos,39.0
2307403,Jucás - CE,2024,40 a 44 anos,6.0
2307403,Jucás - CE,2024,45 a 49 anos,
2307403,Jucás - CE,2024,50 anos ou mais,
2307403,Jucás - CE,2024,Ignorada,
2307502,Lavras da Mangabeira - CE,2020,Total,343.0
2307502,Lavras da Mangabeira - CE,2020,Menos de 15 anos,7.0
2307502,Lavras da Mangabeira - CE,2020,15 a 19 anos,63.0
2307502,Lavras da Mangabeira - CE,2020,20 a 24 anos,86.0
2307502,Lavras da Mangabeira - CE,2020,25 a 29 anos,77.0
2307502,Lavras da Mangabeira - CE,2020,30 a 34 anos,64.0
2307502,Lavras da Mangabeira - CE,2020,35 a 39 anos,33.0
2307502,Lavras da Mangabeira - CE,2020,40 a 44 anos,13.0
2307502,Lavras da Mangabeira - CE,2020,45 a 49 anos,
2307502,Lavras da Mangabeira - CE,2020,50 anos ou mais,
2307502,Lavras da Mangabeira - CE,2020,Ignorada,
2307502,Lavras da Mangabeira - CE,2021,Total,348.0
2307502,Lavras da Mangabeira - CE,2021,Menos de 15 anos,1.0
2307502,Lavras da Mangabeira - CE,2021,15 a 19 anos,51.0
2307502,Lavras da Mangabeira - CE,2021,20 a 24 anos,97.0
2307502,Lavras da Mangabeira - CE,2021,25 a 29 anos,81.0
2307502,Lavras da Mangabeira - CE,2021,30 a 34 anos,78.0
2307502,Lavras da Mangabeira - CE,2021,35 a 39 anos,34.0
2307502,Lavras da Mangabeira - CE,2021,40 a 44 anos,5.0
2307502,Lavras da Mangabeira - CE,2021,45 a 49 anos,1.0
2307502,Lavras da Mangabeira - CE,2021,50 anos ou mais,
2307502,Lavras da Mangabeira - CE,2021,Ignorada,
2307502,Lavras da Mangabeira - CE,2022,Total,295.0
2307502,Lavras da Mangabeira - CE,2022,Menos de 15 anos,2.0
2307502,Lavras da Mangabeira - CE,2022,15 a 19 anos,42.0
2307502,Lavras da Mangabeira - CE,2022,20 a 24 anos,75.0
2307502,Lavras da Mangabeira - CE,2022,25 a 29 anos,67.0
2307502,Lavras da Mangabeira - CE,2022,30 a 34 anos,66.0
2307502,Lavras da Mangabeira - CE,2022,35 a 39 anos,34.0
2307502,Lavras da Mangabeira - CE,2022,40 a 44 anos,9.0
2307502,Lavras da Mangabeira - CE,2022,45 a 49 anos,
2307502,Lavras da Mangabeira - CE,2022,50 anos ou mais,
2307502,Lavras da Mangabeira - CE,2022,Ignorada,
2307502,Lavras da Mangabeira - CE,2023,Total,320.0
2307502,Lavras da Mangabeira - CE,2023,Menos de 15 anos,3.0
2307502,Lavras da Mangabeira - CE,2023,15 a 19 anos,35.0
2307502,Lavras da Mangabeira - CE,2023,20 a 24 anos,77.0
2307502,Lavras da Mangabeira - CE,2023,25 a 29 anos,92.0
2307502,Lavras da Mangabeira - CE,2023,30 a 34 anos,61.0
2307502,Lavras da Mangabeira - CE,2023,35 a 39 anos,43.0
2307502,Lavras da Mangabeira - CE,2023,40 a 44 anos,8.0
2307502,Lavras da Mangabeira - CE,2023,45 a 49 anos,
2307502,Lavras da Mangabeira - CE,2023,50 anos ou mais,1.0
2307502,Lavras da Mangabeira - CE,2023,Ignorada,
2307502,Lavras da Mangabeira - CE,2024,Total,277.0
2307502,Lavras da Mangabeira - CE,2024,Menos de 15 anos,
2307502,Lavras da Mangabeira - CE,2024,15 a 19 anos,30.0
2307502,Lavras da Mangabeira - CE,2024,20 a 24 anos,71.0
2307502,Lavras da Mangabeira - CE,2024,25 a 29 anos,78.0
2307502,Lavras da Mangabeira - CE,2024,30 a 34 anos,52.0
2307502,Lavras da Mangabeira - CE,2024,35 a 39 anos,34.0
2307502,Lavras da Mangabeira - CE,2024,40 a 44 anos,8.0
2307502,Lavras da Mangabeira - CE,2024,45 a 49 anos,2.0
2307502,Lavras da Mangabeira - CE,2024,50 anos ou mais,
2307502,Lavras da Mangabeira - CE,2024,Ignorada,2.0
2307601,Limoeiro do Norte - CE,2020,Total,715.0
2307601,Limoeiro do Norte - CE,2020,Menos de 15 anos,6.0
2307601,Limoeiro do Norte - CE,2020,15 a 19 anos,60.0
2307601,Limoeiro do Norte - CE,2020,20 a 24 anos,183.0
2307601,Limoeiro do Norte - CE,2020,25 a 29 anos,177.0
2307601,Limoeiro do Norte - CE,2020,30 a 34 anos,174.0
2307601,Limoeiro do Norte - CE,2020,35 a 39 anos,95.0
2307601,Limoeiro do Norte - CE,2020,40 a 44 anos,19.0
2307601,Limoeiro do Norte - CE,2020,45 a 49 anos,1.0
2307601,Limoeiro do Norte - CE,2020,50 anos ou mais,
2307601,Limoeiro do Norte - CE,2020,Ignorada,
2307601,Limoeiro do Norte - CE,2021,Total,675.0
2307601,Limoeiro do Norte - CE,2021,Menos de 15 anos,3.0
2307601,Limoeiro do Norte - CE,2021,15 a 19 anos,57.0
2307601,Limoeiro do Norte - CE,2021,20 a 24 anos,177.0
2307601,Limoeiro do Norte - CE,2021,25 a 29 anos,188.0
2307601,Limoeiro do Norte - CE,2021,30 a 34 anos,133.0
2307601,Limoeiro do Norte - CE,2021,35 a 39 anos,96.0
2307601,Limoeiro do Norte - CE,2021,40 a 44 anos,21.0
2307601,Limoeiro do Norte - CE,2021,45 a 49 anos,
2307601,Limoeiro do Norte - CE,2021,50 anos ou mais,
2307601,Limoeiro do Norte - CE,2021,Ignorada,
2307601,Limoeiro do Norte - CE,2022,Total,650.0
2307601,Limoeiro do Norte - CE,2022,Menos de 15 anos,2.0
2307601,Limoeiro do Norte - CE,2022,15 a 19 anos,64.0
2307601,Limoeiro do Norte - CE,2022,20 a 24 anos,153.0
2307601,Limoeiro do Norte - CE,2022,25 a 29 anos,189.0
2307601,Limoeiro do Norte - CE,2022,30 a 34 anos,133.0
2307601,Limoeiro do Norte - CE,2022,35 a 39 anos,82.0
2307601,Limoeiro do Norte - CE,2022,40 a 44 anos,25.0
2307601,Limoeiro do Norte - CE,2022,45 a 49 anos,2.0
2307601,Limoeiro do Norte - CE,2022,50 anos ou mais,
2307601,Limoeiro do Norte - CE,2022,Ignorada,
2307601,Limoeiro do Norte - CE,2023,Total,646.0
2307601,Limoeiro do Norte - CE,2023,Menos de 15 anos,1.0
2307601,Limoeiro do Norte - CE,2023,15 a 19 anos,47.0
2307601,Limoeiro do Norte - CE,2023,20 a 24 anos,139.0
2307601,Limoeiro do Norte - CE,2023,25 a 29 anos,200.0
2307601,Limoeiro do Norte - CE,2023,30 a 34 anos,147.0
2307601,Limoeiro do Norte - CE,2023,35 a 39 anos,95.0
2307601,Limoeiro do Norte - CE,2023,40 a 44 anos,16.0
2307601,Limoeiro do Norte - CE,2023,45 a 49 anos,1.0
2307601,Limoeiro do Norte - CE,2023,50 anos ou mais,
2307601,Limoeiro do Norte - CE,2023,Ignorada,
2307601,Limoeiro do Norte - CE,2024,Total,602.0
2307601,Limoeiro do Norte - CE,2024,Menos de 15 anos,5.0
2307601,Limoeiro do Norte - CE,2024,15 a 19 anos,47.0
2307601,Limoeiro do Norte - CE,2024,20 a 24 anos,127.0
2307601,Limoeiro do Norte - CE,2024,25 a 29 anos,181.0
2307601,Limoeiro do Norte - CE,2024,30 a 34 anos,122.0
2307601,Limoeiro do Norte - CE,2024,35 a 39 anos,96.0
2307601,Limoeiro do Norte - CE,2024,40 a 44 anos,23.0
2307601,Limoeiro do Norte - CE,2024,45 a 49 anos,1.0
2307601,Limoeiro do Norte - CE,2024,50 anos ou mais,
2307601,Limoeiro do Norte - CE,2024,Ignorada,
2307635,Madalena - CE,2020,Total,196.0
2307635,Madalena - CE,2020,Menos de 15 anos,1.0
2307635,Madalena - CE,2020,15 a 19 anos,40.0
2307635,Madalena - CE,2020,20 a 24 anos,53.0
2307635,Madalena - CE,2020,25 a 29 anos,45.0
2307635,Madalena - CE,2020,30 a 34 anos,30.0
2307635,Madalena - CE,2020,35 a 39 anos,20.0
2307635,Madalena - CE,2020,40 a 44 anos,6.0
2307635,Madalena - CE,2020,45 a 49 anos,1.0
2307635,Madalena - CE,2020,50 anos ou mais,
2307635,Madalena - CE,2020,Ignorada,
2307635,Madalena - CE,2021,Total,217.0
2307635,Madalena - CE,2021,Menos de 15 anos,1.0
2307635,Madalena - CE,2021,15 a 19 anos,35.0
2307635,Madalena - CE,2021,20 a 24 anos,48.0
2307635,Madalena - CE,2021,25 a 29 anos,68.0
2307635,Madalena - CE,2021,30 a 34 anos,36.0
2307635,Madalena - CE,2021,35 a 39 anos,21.0
2307635,Madalena - CE,2021,40 a 44 anos,7.0
2307635,Madalena - CE,2021,45 a 49 anos,1.0
2307635,Madalena - CE,2021,50 anos ou mais,
2307635,Madalena - CE,2021,Ignorada,
2307635,Madalena - CE,2022,Total,183.0
2307635,Madalena - CE,2022,Menos de 15 anos,2.0
2307635,Madalena - CE,2022,15 a 19 anos,26.0
2307635,Madalena - CE,2022,20 a 24 anos,43.0
2307635,Madalena - CE,2022,25 a 29 anos,41.0
2307635,Madalena - CE,2022,30 a 34 anos,42.0
2307635,Madalena - CE,2022,35 a 39 anos,24.0
2307635,Madalena - CE,2022,40 a 44 anos,4.0
2307635,Madalena - CE,2022,45 a 49 anos,1.0
2307635,Madalena - CE,2022,50 anos ou mais,
2307635,Madalena - CE,2022,Ignorada,
2307635,Madalena - CE,2023,Total,211.0
2307635,Madalena - CE,2023,Menos de 15 anos,3.0
2307635,Madalena - CE,2023,15 a 19 anos,33.0
2307635,Madalena - CE,2023,20 a 24 anos,51.0
2307635,Madalena - CE,2023,25 a 29 anos,67.0
2307635,Madalena - CE,2023,30 a 34 anos,33.0
2307635,Madalena - CE,2023,35 a 39 anos,19.0
2307635,Madalena - CE,2023,40 a 44 anos,5.0
2307635,Madalena - CE,2023,45 a 49 anos,
2307635,Madalena - CE,2023,50 anos ou mais,
2307635,Madalena - CE,2023,Ignorada,
2307635,Madalena - CE,2024,Total,159.0
2307635,Madalena - CE,2024,Menos de 15 anos,
2307635,Madalena - CE,2024,15 a 19 anos,17.0
2307635,Madalena - CE,2024,20 a 24 anos,42.0
2307635,Madalena - CE,2024,25 a 29 anos,40.0
2307635,Madalena - CE,2024,30 a 34 anos,28.0
2307635,Madalena - CE,2024,35 a 39 anos,27.0
2307635,Madalena - CE,2024,40 a 44 anos,5.0
2307635,Madalena - CE,2024,45 a 49 anos,
2307635,Madalena - CE,2024,50 anos ou mais,
2307635,Madalena - CE,2024,Ignorada,
2307650,Maracanaú - CE,2020,Total,3706.0
2307650,Maracanaú - CE,2020,Menos de 15 anos,13.0
2307650,Maracanaú - CE,2020,15 a 19 anos,420.0
2307650,Maracanaú - CE,2020,20 a 24 anos,935.0
2307650,Maracanaú - CE,2020,25 a 29 anos,985.0
2307650,Maracanaú - CE,2020,30 a 34 anos,812.0
2307650,Maracanaú - CE,2020,35 a 39 anos,424.0
2307650,Maracanaú - CE,2020,40 a 44 anos,107.0
2307650,Maracanaú - CE,2020,45 a 49 anos,8.0
2307650,Maracanaú - CE,2020,50 anos ou mais,
2307650,Maracanaú - CE,2020,Ignorada,2.0
2307650,Maracanaú - CE,2021,Total,3638.0
2307650,Maracanaú - CE,2021,Menos de 15 anos,20.0
2307650,Maracanaú - CE,2021,15 a 19 anos,394.0
2307650,Maracanaú - CE,2021,20 a 24 anos,906.0
2307650,Maracanaú - CE,2021,25 a 29 anos,1005.0
2307650,Maracanaú - CE,2021,30 a 34 anos,783.0
2307650,Maracanaú - CE,2021,35 a 39 anos,419.0
2307650,Maracanaú - CE,2021,40 a 44 anos,100.0
2307650,Maracanaú - CE,2021,45 a 49 anos,10.0
2307650,Maracanaú - CE,2021,50 anos ou mais,
2307650,Maracanaú - CE,2021,Ignorada,1.0
2307650,Maracanaú - CE,2022,Total,3381.0
2307650,Maracanaú - CE,2022,Menos de 15 anos,19.0
2307650,Maracanaú - CE,2022,15 a 19 anos,346.0
2307650,Maracanaú - CE,2022,20 a 24 anos,853.0
2307650,Maracanaú - CE,2022,25 a 29 anos,914.0
2307650,Maracanaú - CE,2022,30 a 34 anos,727.0
2307650,Maracanaú - CE,2022,35 a 39 anos,402.0
2307650,Maracanaú - CE,2022,40 a 44 anos,117.0
2307650,Maracanaú - CE,2022,45 a 49 anos,2.0
2307650,Maracanaú - CE,2022,50 anos ou mais,
2307650,Maracanaú - CE,2022,Ignorada,1.0
2307650,Maracanaú - CE,2023,Total,3375.0
2307650,Maracanaú - CE,2023,Menos de 15 anos,6.0
2307650,Maracanaú - CE,2023,15 a 19 anos,328.0
2307650,Maracanaú - CE,2023,20 a 24 anos,791.0
2307650,Maracanaú - CE,2023,25 a 29 anos,938.0
2307650,Maracanaú - CE,2023,30 a 34 anos,727.0
2307650,Maracanaú - CE,2023,35 a 39 anos,451.0
2307650,Maracanaú - CE,2023,40 a 44 anos,131.0
2307650,Maracanaú - CE,2023,45 a 49 anos,3.0
2307650,Maracanaú - CE,2023,50 anos ou mais,
2307650,Maracanaú - CE,2023,Ignorada,
2307650,Maracanaú - CE,2024,Total,3188.0
2307650,Maracanaú - CE,2024,Menos de 15 anos,11.0
2307650,Maracanaú - CE,2024,15 a 19 anos,310.0
2307650,Maracanaú - CE,2024,20 a 24 anos,779.0
2307650,Maracanaú - CE,2024,25 a 29 anos,860.0
2307650,Maracanaú - CE,2024,30 a 34 anos,668.0
2307650,Maracanaú - CE,2024,35 a 39 anos,435.0
2307650,Maracanaú - CE,2024,40 a 44 anos,118.0
2307650,Maracanaú - CE,2024,45 a 49 anos,7.0
2307650,Maracanaú - CE,2024,50 anos ou mais,
2307650,Maracanaú - CE,2024,Ignorada,
2307700,Maranguape - CE,2020,Total,1276.0
2307700,Maranguape - CE,2020,Menos de 15 anos,5.0
2307700,Maranguape - CE,2020,15 a 19 anos,134.0
2307700,Maranguape - CE,2020,20 a 24 anos,301.0
2307700,Maranguape - CE,2020,25 a 29 anos,358.0
2307700,Maranguape - CE,2020,30 a 34 anos,284.0
2307700,Maranguape - CE,2020,35 a 39 anos,148.0
2307700,Maranguape - CE,2020,40 a 44 anos,43.0
2307700,Maranguape - CE,2020,45 a 49 anos,2.0
2307700,Maranguape - CE,2020,50 anos ou mais,1.0
2307700,Maranguape - CE,2020,Ignorada,
2307700,Maranguape - CE,2021,Total,1241.0
2307700,Maranguape - CE,2021,Menos de 15 anos,6.0
2307700,Maranguape - CE,2021,15 a 19 anos,136.0
2307700,Maranguape - CE,2021,20 a 24 anos,314.0
2307700,Maranguape - CE,2021,25 a 29 anos,330.0
2307700,Maranguape - CE,2021,30 a 34 anos,277.0
2307700,Maranguape - CE,2021,35 a 39 anos,136.0
2307700,Maranguape - CE,2021,40 a 44 anos,38.0
2307700,Maranguape - CE,2021,45 a 49 anos,4.0
2307700,Maranguape - CE,2021,50 anos ou mais,
2307700,Maranguape - CE,2021,Ignorada,
2307700,Maranguape - CE,2022,Total,1228.0
2307700,Maranguape - CE,2022,Menos de 15 anos,8.0
2307700,Maranguape - CE,2022,15 a 19 anos,135.0
2307700,Maranguape - CE,2022,20 a 24 anos,267.0
2307700,Maranguape - CE,2022,25 a 29 anos,318.0
2307700,Maranguape - CE,2022,30 a 34 anos,289.0
2307700,Maranguape - CE,2022,35 a 39 anos,153.0
2307700,Maranguape - CE,2022,40 a 44 anos,51.0
2307700,Maranguape - CE,2022,45 a 49 anos,7.0
2307700,Maranguape - CE,2022,50 anos ou mais,
2307700,Maranguape - CE,2022,Ignorada,
2307700,Maranguape - CE,2023,Total,1257.0
2307700,Maranguape - CE,2023,Menos de 15 anos,9.0
2307700,Maranguape - CE,2023,15 a 19 anos,123.0
2307700,Maranguape - CE,2023,20 a 24 anos,252.0
2307700,Maranguape - CE,2023,25 a 29 anos,359.0
2307700,Maranguape - CE,2023,30 a 34 anos,302.0
2307700,Maranguape - CE,2023,35 a 39 anos,165.0
2307700,Maranguape - CE,2023,40 a 44 anos,44.0
2307700,Maranguape - CE,2023,45 a 49 anos,2.0
2307700,Maranguape - CE,2023,50 anos ou mais,1.0
2307700,Maranguape - CE,2023,Ignorada,
2307700,Maranguape - CE,2024,Total,1181.0
2307700,Maranguape - CE,2024,Menos de 15 anos,3.0
2307700,Maranguape - CE,2024,15 a 19 anos,123.0
2307700,Maranguape - CE,2024,20 a 24 anos,260.0
2307700,Maranguape - CE,2024,25 a 29 anos,327.0
2307700,Maranguape - CE,2024,30 a 34 anos,286.0
2307700,Maranguape - CE,2024,35 a 39 anos,143.0
2307700,Maranguape - CE,2024,40 a 44 anos,35.0
2307700,Maranguape - CE,2024,45 a 49 anos,3.0
2307700,Maranguape - CE,2024,50 anos ou mais,
2307700,Maranguape - CE,2024,Ignorada,1.0
2307809,Marco - CE,2020,Total,548.0
2307809,Marco - CE,2020,Menos de 15 anos,5.0
2307809,Marco - CE,2020,15 a 19 anos,76.0
2307809,Marco - CE,2020,20 a 24 anos,142.0
2307809,Marco - CE,2020,25 a 29 anos,138.0
2307809,Marco - CE,2020,30 a 34 anos,116.0
2307809,Marco - CE,2020,35 a 39 anos,56.0
2307809,Marco - CE,2020,40 a 44 anos,14.0
2307809,Marco - CE,2020,45 a 49 anos,1.0
2307809,Marco - CE,2020,50 anos ou mais,
2307809,Marco - CE,2020,Ignorada,
2307809,Marco - CE,2021,Total,518.0
2307809,Marco - CE,2021,Menos de 15 anos,6.0
2307809,Marco - CE,2021,15 a 19 anos,85.0
2307809,Marco - CE,2021,20 a 24 anos,133.0
2307809,Marco - CE,2021,25 a 29 anos,112.0
2307809,Marco - CE,2021,30 a 34 anos,98.0
2307809,Marco - CE,2021,35 a 39 anos,63.0
2307809,Marco - CE,2021,40 a 44 anos,17.0
2307809,Marco - CE,2021,45 a 49 anos,4.0
2307809,Marco - CE,2021,50 anos ou mais,
2307809,Marco - CE,2021,Ignorada,
2307809,Marco - CE,2022,Total,531.0
2307809,Marco - CE,2022,Menos de 15 anos,7.0
2307809,Marco - CE,2022,15 a 19 anos,79.0
2307809,Marco - CE,2022,20 a 24 anos,141.0
2307809,Marco - CE,2022,25 a 29 anos,136.0
2307809,Marco - CE,2022,30 a 34 anos,109.0
2307809,Marco - CE,2022,35 a 39 anos,43.0
2307809,Marco - CE,2022,40 a 44 anos,16.0
2307809,Marco - CE,2022,45 a 49 anos,
2307809,Marco - CE,2022,50 anos ou mais,
2307809,Marco - CE,2022,Ignorada,
2307809,Marco - CE,2023,Total,550.0
2307809,Marco - CE,2023,Menos de 15 anos,11.0
2307809,Marco - CE,2023,15 a 19 anos,83.0
2307809,Marco - CE,2023,20 a 24 anos,140.0
2307809,Marco - CE,2023,25 a 29 anos,121.0
2307809,Marco - CE,2023,30 a 34 anos,106.0
2307809,Marco - CE,2023,35 a 39 anos,67.0
2307809,Marco - CE,2023,40 a 44 anos,20.0
2307809,Marco - CE,2023,45 a 49 anos,2.0
2307809,Marco - CE,2023,50 anos ou mais,
2307809,Marco - CE,2023,Ignorada,
2307809,Marco - CE,2024,Total,488.0
2307809,Marco - CE,2024,Menos de 15 anos,5.0
2307809,Marco - CE,2024,15 a 19 anos,67.0
2307809,Marco - CE,2024,20 a 24 anos,117.0
2307809,Marco - CE,2024,25 a 29 anos,139.0
2307809,Marco - CE,2024,30 a 34 anos,86.0
2307809,Marco - CE,2024,35 a 39 anos,62.0
2307809,Marco - CE,2024,40 a 44 anos,10.0
2307809,Marco - CE,2024,45 a 49 anos,2.0
2307809,Marco - CE,2024,50 anos ou mais,
2307809,Marco - CE,2024,Ignorada,
2307908,Martinópole - CE,2020,Total,182.0
2307908,Martinópole - CE,2020,Menos de 15 anos,2.0
2307908,Martinópole - CE,2020,15 a 19 anos,37.0
2307908,Martinópole - CE,2020,20 a 24 anos,47.0
2307908,Martinópole - CE,2020,25 a 29 anos,32.0
2307908,Martinópole - CE,2020,30 a 34 anos,37.0
2307908,Martinópole - CE,2020,35 a 39 anos,19.0
2307908,Martinópole - CE,2020,40 a 44 anos,8.0
2307908,Martinópole - CE,2020,45 a 49 anos,
2307908,Martinópole - CE,2020,50 anos ou mais,
2307908,Martinópole - CE,2020,Ignorada,
2307908,Martinópole - CE,2021,Total,177.0
2307908,Martinópole - CE,2021,Menos de 15 anos,1.0
2307908,Martinópole - CE,2021,15 a 19 anos,28.0
2307908,Martinópole - CE,2021,20 a 24 anos,41.0
2307908,Martinópole - CE,2021,25 a 29 anos,44.0
2307908,Martinópole - CE,2021,30 a 34 anos,28.0
2307908,Martinópole - CE,2021,35 a 39 anos,26.0
2307908,Martinópole - CE,2021,40 a 44 anos,6.0
2307908,Martinópole - CE,2021,45 a 49 anos,3.0
2307908,Martinópole - CE,2021,50 anos ou mais,
2307908,Martinópole - CE,2021,Ignorada,
2307908,Martinópole - CE,2022,Total,185.0
2307908,Martinópole - CE,2022,Menos de 15 anos,
2307908,Martinópole - CE,2022,15 a 19 anos,36.0
2307908,Martinópole - CE,2022,20 a 24 anos,43.0
2307908,Martinópole - CE,2022,25 a 29 anos,43.0
2307908,Martinópole - CE,2022,30 a 34 anos,27.0
2307908,Martinópole - CE,2022,35 a 39 anos,29.0
2307908,Martinópole - CE,2022,40 a 44 anos,6.0
2307908,Martinópole - CE,2022,45 a 49 anos,1.0
2307908,Martinópole - CE,2022,50 anos ou mais,
2307908,Martinópole - CE,2022,Ignorada,
2307908,Martinópole - CE,2023,Total,150.0
2307908,Martinópole - CE,2023,Menos de 15 anos,2.0
2307908,Martinópole - CE,2023,15 a 19 anos,27.0
2307908,Martinópole - CE,2023,20 a 24 anos,42.0
2307908,Martinópole - CE,2023,25 a 29 anos,33.0
2307908,Martinópole - CE,2023,30 a 34 anos,28.0
2307908,Martinópole - CE,2023,35 a 39 anos,13.0
2307908,Martinópole - CE,2023,40 a 44 anos,5.0
2307908,Martinópole - CE,2023,45 a 49 anos,
2307908,Martinópole - CE,2023,50 anos ou mais,
2307908,Martinópole - CE,2023,Ignorada,
2307908,Martinópole - CE,2024,Total,153.0
2307908,Martinópole - CE,2024,Menos de 15 anos,
2307908,Martinópole - CE,2024,15 a 19 anos,34.0
2307908,Martinópole - CE,2024,20 a 24 anos,29.0
2307908,Martinópole - CE,2024,25 a 29 anos,43.0
2307908,Martinópole - CE,2024,30 a 34 anos,27.0
2307908,Martinópole - CE,2024,35 a 39 anos,15.0
2307908,Martinópole - CE,2024,40 a 44 anos,4.0
2307908,Martinópole - CE,2024,45 a 49 anos,1.0
2307908,Martinópole - CE,2024,50 anos ou mais,
2307908,Martinópole - CE,2024,Ignorada,
2308005,Massapê - CE,2020,Total,588.0
2308005,Massapê - CE,2020,Menos de 15 anos,6.0
2308005,Massapê - CE,2020,15 a 19 anos,96.0
2308005,Massapê - CE,2020,20 a 24 anos,153.0
2308005,Massapê - CE,2020,25 a 29 anos,139.0
2308005,Massapê - CE,2020,30 a 34 anos,124.0
2308005,Massapê - CE,2020,35 a 39 anos,56.0
2308005,Massapê - CE,2020,40 a 44 anos,14.0
2308005,Massapê - CE,2020,45 a 49 anos,
2308005,Massapê - CE,2020,50 anos ou mais,
2308005,Massapê - CE,2020,Ignorada,
2308005,Massapê - CE,2021,Total,530.0
2308005,Massapê - CE,2021,Menos de 15 anos,4.0
2308005,Massapê - CE,2021,15 a 19 anos,70.0
2308005,Massapê - CE,2021,20 a 24 anos,161.0
2308005,Massapê - CE,2021,25 a 29 anos,128.0
2308005,Massapê - CE,2021,30 a 34 anos,110.0
2308005,Massapê - CE,2021,35 a 39 anos,41.0
2308005,Massapê - CE,2021,40 a 44 anos,15.0
2308005,Massapê - CE,2021,45 a 49 anos,1.0
2308005,Massapê - CE,2021,50 anos ou mais,
2308005,Massapê - CE,2021,Ignorada,
2308005,Massapê - CE,2022,Total,504.0
2308005,Massapê - CE,2022,Menos de 15 anos,5.0
2308005,Massapê - CE,2022,15 a 19 anos,70.0
2308005,Massapê - CE,2022,20 a 24 anos,143.0
2308005,Massapê - CE,2022,25 a 29 anos,124.0
2308005,Massapê - CE,2022,30 a 34 anos,89.0
2308005,Massapê - CE,2022,35 a 39 anos,60.0
2308005,Massapê - CE,2022,40 a 44 anos,13.0
2308005,Massapê - CE,2022,45 a 49 anos,
2308005,Massapê - CE,2022,50 anos ou mais,
2308005,Massapê - CE,2022,Ignorada,
2308005,Massapê - CE,2023,Total,484.0
2308005,Massapê - CE,2023,Menos de 15 anos,2.0
2308005,Massapê - CE,2023,15 a 19 anos,49.0
2308005,Massapê - CE,2023,20 a 24 anos,123.0
2308005,Massapê - CE,2023,25 a 29 anos,125.0
2308005,Massapê - CE,2023,30 a 34 anos,111.0
2308005,Massapê - CE,2023,35 a 39 anos,63.0
2308005,Massapê - CE,2023,40 a 44 anos,10.0
2308005,Massapê - CE,2023,45 a 49 anos,1.0
2308005,Massapê - CE,2023,50 anos ou mais,
2308005,Massapê - CE,2023,Ignorada,
2308005,Massapê - CE,2024,Total,419.0
2308005,Massapê - CE,2024,Menos de 15 anos,
2308005,Massapê - CE,2024,15 a 19 anos,47.0
2308005,Massapê - CE,2024,20 a 24 anos,88.0
2308005,Massapê - CE,2024,25 a 29 anos,113.0
2308005,Massapê - CE,2024,30 a 34 anos,99.0
2308005,Massapê - CE,2024,35 a 39 anos,52.0
2308005,Massapê - CE,2024,40 a 44 anos,20.0
2308005,Massapê - CE,2024,45 a 49 anos,
2308005,Massapê - CE,2024,50 anos ou mais,
2308005,Massapê - CE,2024,Ignorada,
2308104,Mauriti - CE,2020,Total,638.0
2308104,Mauriti - CE,2020,Menos de 15 anos,6.0
2308104,Mauriti - CE,2020,15 a 19 anos,88.0
2308104,Mauriti - CE,2020,20 a 24 anos,174.0
2308104,Mauriti - CE,2020,25 a 29 anos,154.0
2308104,Mauriti - CE,2020,30 a 34 anos,134.0
2308104,Mauriti - CE,2020,35 a 39 anos,54.0
2308104,Mauriti - CE,2020,40 a 44 anos,27.0
2308104,Mauriti - CE,2020,45 a 49 anos,
2308104,Mauriti - CE,2020,50 anos ou mais,1.0
2308104,Mauriti - CE,2020,Ignorada,
2308104,Mauriti - CE,2021,Total,706.0
2308104,Mauriti - CE,2021,Menos de 15 anos,7.0
2308104,Mauriti - CE,2021,15 a 19 anos,117.0
2308104,Mauriti - CE,2021,20 a 24 anos,180.0
2308104,Mauriti - CE,2021,25 a 29 anos,180.0
2308104,Mauriti - CE,2021,30 a 34 anos,128.0
2308104,Mauriti - CE,2021,35 a 39 anos,72.0
2308104,Mauriti - CE,2021,40 a 44 anos,19.0
2308104,Mauriti - CE,2021,45 a 49 anos,3.0
2308104,Mauriti - CE,2021,50 anos ou mais,
2308104,Mauriti - CE,2021,Ignorada,
2308104,Mauriti - CE,2022,Total,657.0
2308104,Mauriti - CE,2022,Menos de 15 anos,6.0
2308104,Mauriti - CE,2022,15 a 19 anos,79.0
2308104,Mauriti - CE,2022,20 a 24 anos,159.0
2308104,Mauriti - CE,2022,25 a 29 anos,185.0
2308104,Mauriti - CE,2022,30 a 34 anos,122.0
2308104,Mauriti - CE,2022,35 a 39 anos,87.0
2308104,Mauriti - CE,2022,40 a 44 anos,18.0
2308104,Mauriti - CE,2022,45 a 49 anos,1.0
2308104,Mauriti - CE,2022,50 anos ou mais,
2308104,Mauriti - CE,2022,Ignorada,
2308104,Mauriti - CE,2023,Total,616.0
2308104,Mauriti - CE,2023,Menos de 15 anos,2.0
2308104,Mauriti - CE,2023,15 a 19 anos,70.0
2308104,Mauriti - CE,2023,20 a 24 anos,156.0
2308104,Mauriti - CE,2023,25 a 29 anos,176.0
2308104,Mauriti - CE,2023,30 a 34 anos,118.0
2308104,Mauriti - CE,2023,35 a 39 anos,75.0
2308104,Mauriti - CE,2023,40 a 44 anos,17.0
2308104,Mauriti - CE,2023,45 a 49 anos,2.0
2308104,Mauriti - CE,2023,50 anos ou mais,
2308104,Mauriti - CE,2023,Ignorada,
2308104,Mauriti - CE,2024,Total,593.0
2308104,Mauriti - CE,2024,Menos de 15 anos,6.0
2308104,Mauriti - CE,2024,15 a 19 anos,95.0
2308104,Mauriti - CE,2024,20 a 24 anos,129.0
2308104,Mauriti - CE,2024,25 a 29 anos,164.0
2308104,Mauriti - CE,2024,30 a 34 anos,112.0
2308104,Mauriti - CE,2024,35 a 39 anos,64.0
2308104,Mauriti - CE,2024,40 a 44 anos,19.0
2308104,Mauriti - CE,2024,45 a 49 anos,3.0
2308104,Mauriti - CE,2024,50 anos ou mais,
2308104,Mauriti - CE,2024,Ignorada,1.0
2308203,Meruoca - CE,2020,Total,198.0
2308203,Meruoca - CE,2020,Menos de 15 anos,
2308203,Meruoca - CE,2020,15 a 19 anos,24.0
2308203,Meruoca - CE,2020,20 a 24 anos,35.0
2308203,Meruoca - CE,2020,25 a 29 anos,55.0
2308203,Meruoca - CE,2020,30 a 34 anos,53.0
2308203,Meruoca - CE,2020,35 a 39 anos,21.0
2308203,Meruoca - CE,2020,40 a 44 anos,10.0
2308203,Meruoca - CE,2020,45 a 49 anos,
2308203,Meruoca - CE,2020,50 anos ou mais,
2308203,Meruoca - CE,2020,Ignorada,
2308203,Meruoca - CE,2021,Total,207.0
2308203,Meruoca - CE,2021,Menos de 15 anos,3.0
2308203,Meruoca - CE,2021,15 a 19 anos,20.0
2308203,Meruoca - CE,2021,20 a 24 anos,50.0
2308203,Meruoca - CE,2021,25 a 29 anos,53.0
2308203,Meruoca - CE,2021,30 a 34 anos,39.0
2308203,Meruoca - CE,2021,35 a 39 anos,34.0
2308203,Meruoca - CE,2021,40 a 44 anos,7.0
2308203,Meruoca - CE,2021,45 a 49 anos,1.0
2308203,Meruoca - CE,2021,50 anos ou mais,
2308203,Meruoca - CE,2021,Ignorada,
2308203,Meruoca - CE,2022,Total,163.0
2308203,Meruoca - CE,2022,Menos de 15 anos,3.0
2308203,Meruoca - CE,2022,15 a 19 anos,21.0
2308203,Meruoca - CE,2022,20 a 24 anos,37.0
2308203,Meruoca - CE,2022,25 a 29 anos,37.0
2308203,Meruoca - CE,2022,30 a 34 anos,41.0
2308203,Meruoca - CE,2022,35 a 39 anos,18.0
2308203,Meruoca - CE,2022,40 a 44 anos,6.0
2308203,Meruoca - CE,2022,45 a 49 anos,
2308203,Meruoca - CE,2022,50 anos ou mais,
2308203,Meruoca - CE,2022,Ignorada,
2308203,Meruoca - CE,2023,Total,175.0
2308203,Meruoca - CE,2023,Menos de 15 anos,
2308203,Meruoca - CE,2023,15 a 19 anos,18.0
2308203,Meruoca - CE,2023,20 a 24 anos,32.0
2308203,Meruoca - CE,2023,25 a 29 anos,48.0
2308203,Meruoca - CE,2023,30 a 34 anos,45.0
2308203,Meruoca - CE,2023,35 a 39 anos,23.0
2308203,Meruoca - CE,2023,40 a 44 anos,8.0
2308203,Meruoca - CE,2023,45 a 49 anos,1.0
2308203,Meruoca - CE,2023,50 anos ou mais,
2308203,Meruoca - CE,2023,Ignorada,
2308203,Meruoca - CE,2024,Total,189.0
2308203,Meruoca - CE,2024,Menos de 15 anos,
2308203,Meruoca - CE,2024,15 a 19 anos,18.0
2308203,Meruoca - CE,2024,20 a 24 anos,46.0
2308203,Meruoca - CE,2024,25 a 29 anos,44.0
2308203,Meruoca - CE,2024,30 a 34 anos,30.0
2308203,Meruoca - CE,2024,35 a 39 anos,34.0
2308203,Meruoca - CE,2024,40 a 44 anos,14.0
2308203,Meruoca - CE,2024,45 a 49 anos,
2308203,Meruoca - CE,2024,50 anos ou mais,1.0
2308203,Meruoca - CE,2024,Ignorada,2.0
2308302,Milagres - CE,2020,Total,330.0
2308302,Milagres - CE,2020,Menos de 15 anos,3.0
2308302,Milagres - CE,2020,15 a 19 anos,43.0
2308302,Milagres - CE,2020,20 a 24 anos,96.0
2308302,Milagres - CE,2020,25 a 29 anos,73.0
2308302,Milagres - CE,2020,30 a 34 anos,71.0
2308302,Milagres - CE,2020,35 a 39 anos,38.0
2308302,Milagres - CE,2020,40 a 44 anos,5.0
2308302,Milagres - CE,2020,45 a 49 anos,1.0
2308302,Milagres - CE,2020,50 anos ou mais,
2308302,Milagres - CE,2020,Ignorada,
2308302,Milagres - CE,2021,Total,336.0
2308302,Milagres - CE,2021,Menos de 15 anos,2.0
2308302,Milagres - CE,2021,15 a 19 anos,44.0
2308302,Milagres - CE,2021,20 a 24 anos,91.0
2308302,Milagres - CE,2021,25 a 29 anos,87.0
2308302,Milagres - CE,2021,30 a 34 anos,74.0
2308302,Milagres - CE,2021,35 a 39 anos,30.0
2308302,Milagres - CE,2021,40 a 44 anos,8.0
2308302,Milagres - CE,2021,45 a 49 anos,
2308302,Milagres - CE,2021,50 anos ou mais,
2308302,Milagres - CE,2021,Ignorada,
2308302,Milagres - CE,2022,Total,345.0
2308302,Milagres - CE,2022,Menos de 15 anos,2.0
2308302,Milagres - CE,2022,15 a 19 anos,47.0
2308302,Milagres - CE,2022,20 a 24 anos,81.0
2308302,Milagres - CE,2022,25 a 29 anos,80.0
2308302,Milagres - CE,2022,30 a 34 anos,71.0
2308302,Milagres - CE,2022,35 a 39 anos,45.0
2308302,Milagres - CE,2022,40 a 44 anos,15.0
2308302,Milagres - CE,2022,45 a 49 anos,4.0
2308302,Milagres - CE,2022,50 anos ou mais,
2308302,Milagres - CE,2022,Ignorada,
2308302,Milagres - CE,2023,Total,302.0
2308302,Milagres - CE,2023,Menos de 15 anos,
2308302,Milagres - CE,2023,15 a 19 anos,31.0
2308302,Milagres - CE,2023,20 a 24 anos,81.0
2308302,Milagres - CE,2023,25 a 29 anos,93.0
2308302,Milagres - CE,2023,30 a 34 anos,48.0
2308302,Milagres - CE,2023,35 a 39 anos,36.0
2308302,Milagres - CE,2023,40 a 44 anos,10.0
2308302,Milagres - CE,2023,45 a 49 anos,3.0
2308302,Milagres - CE,2023,50 anos ou mais,
2308302,Milagres - CE,2023,Ignorada,
2308302,Milagres - CE,2024,Total,302.0
2308302,Milagres - CE,2024,Menos de 15 anos,2.0
2308302,Milagres - CE,2024,15 a 19 anos,33.0
2308302,Milagres - CE,2024,20 a 24 anos,70.0
2308302,Milagres - CE,2024,25 a 29 anos,73.0
2308302,Milagres - CE,2024,30 a 34 anos,66.0
2308302,Milagres - CE,2024,35 a 39 anos,51.0
2308302,Milagres - CE,2024,40 a 44 anos,7.0
2308302,Milagres - CE,2024,45 a 49 anos,
2308302,Milagres - CE,2024,50 anos ou mais,
2308302,Milagres - CE,2024,Ignorada,
2308351,Milhã - CE,2020,Total,146.0
2308351,Milhã - CE,2020,Menos de 15 anos,1.0
2308351,Milhã - CE,2020,15 a 19 anos,20.0
2308351,Milhã - CE,2020,20 a 24 anos,33.0
2308351,Milhã - CE,2020,25 a 29 anos,30.0
2308351,Milhã - CE,2020,30 a 34 anos,27.0
2308351,Milhã - CE,2020,35 a 39 anos,28.0
2308351,Milhã - CE,2020,40 a 44 anos,7.0
2308351,Milhã - CE,2020,45 a 49 anos,
2308351,Milhã - CE,2020,50 anos ou mais,
2308351,Milhã - CE,2020,Ignorada,
2308351,Milhã - CE,2021,Total,150.0
2308351,Milhã - CE,2021,Menos de 15 anos,3.0
2308351,Milhã - CE,2021,15 a 19 anos,26.0
2308351,Milhã - CE,2021,20 a 24 anos,46.0
2308351,Milhã - CE,2021,25 a 29 anos,24.0
2308351,Milhã - CE,2021,30 a 34 anos,30.0
2308351,Milhã - CE,2021,35 a 39 anos,15.0
2308351,Milhã - CE,2021,40 a 44 anos,6.0
2308351,Milhã - CE,2021,45 a 49 anos,
2308351,Milhã - CE,2021,50 anos ou mais,
2308351,Milhã - CE,2021,Ignorada,
2308351,Milhã - CE,2022,Total,146.0
2308351,Milhã - CE,2022,Menos de 15 anos,1.0
2308351,Milhã - CE,2022,15 a 19 anos,23.0
2308351,Milhã - CE,2022,20 a 24 anos,37.0
2308351,Milhã - CE,2022,25 a 29 anos,27.0
2308351,Milhã - CE,2022,30 a 34 anos,33.0
2308351,Milhã - CE,2022,35 a 39 anos,14.0
2308351,Milhã - CE,2022,40 a 44 anos,11.0
2308351,Milhã - CE,2022,45 a 49 anos,
2308351,Milhã - CE,2022,50 anos ou mais,
2308351,Milhã - CE,2022,Ignorada,
2308351,Milhã - CE,2023,Total,136.0
2308351,Milhã - CE,2023,Menos de 15 anos,1.0
2308351,Milhã - CE,2023,15 a 19 anos,21.0
2308351,Milhã - CE,2023,20 a 24 anos,32.0
2308351,Milhã - CE,2023,25 a 29 anos,38.0
2308351,Milhã - CE,2023,30 a 34 anos,20.0
2308351,Milhã - CE,2023,35 a 39 anos,14.0
2308351,Milhã - CE,2023,40 a 44 anos,8.0
2308351,Milhã - CE,2023,45 a 49 anos,1.0
2308351,Milhã - CE,2023,50 anos ou mais,
2308351,Milhã - CE,2023,Ignorada,1.0
2308351,Milhã - CE,2024,Total,162.0
2308351,Milhã - CE,2024,Menos de 15 anos,1.0
2308351,Milhã - CE,2024,15 a 19 anos,15.0
2308351,Milhã - CE,2024,20 a 24 anos,37.0
2308351,Milhã - CE,2024,25 a 29 anos,47.0
2308351,Milhã - CE,2024,30 a 34 anos,32.0
2308351,Milhã - CE,2024,35 a 39 anos,16.0
2308351,Milhã - CE,2024,40 a 44 anos,13.0
2308351,Milhã - CE,2024,45 a 49 anos,1.0
2308351,Milhã - CE,2024,50 anos ou mais,
2308351,Milhã - CE,2024,Ignorada,
2308377,Miraíma - CE,2020,Total,170.0
2308377,Miraíma - CE,2020,Menos de 15 anos,3.0
2308377,Miraíma - CE,2020,15 a 19 anos,24.0
2308377,Miraíma - CE,2020,20 a 24 anos,41.0
2308377,Miraíma - CE,2020,25 a 29 anos,38.0
2308377,Miraíma - CE,2020,30 a 34 anos,29.0
2308377,Miraíma - CE,2020,35 a 39 anos,23.0
2308377,Miraíma - CE,2020,40 a 44 anos,11.0
2308377,Miraíma - CE,2020,45 a 49 anos,1.0
2308377,Miraíma - CE,2020,50 anos ou mais,
2308377,Miraíma - CE,2020,Ignorada,
2308377,Miraíma - CE,2021,Total,160.0
2308377,Miraíma - CE,2021,Menos de 15 anos,1.0
2308377,Miraíma - CE,2021,15 a 19 anos,21.0
2308377,Miraíma - CE,2021,20 a 24 anos,38.0
2308377,Miraíma - CE,2021,25 a 29 anos,42.0
2308377,Miraíma - CE,2021,30 a 34 anos,35.0
2308377,Miraíma - CE,2021,35 a 39 anos,19.0
2308377,Miraíma - CE,2021,40 a 44 anos,4.0
2308377,Miraíma - CE,2021,45 a 49 anos,
2308377,Miraíma - CE,2021,50 anos ou mais,
2308377,Miraíma - CE,2021,Ignorada,
2308377,Miraíma - CE,2022,Total,137.0
2308377,Miraíma - CE,2022,Menos de 15 anos,1.0
2308377,Miraíma - CE,2022,15 a 19 anos,23.0
2308377,Miraíma - CE,2022,20 a 24 anos,37.0
2308377,Miraíma - CE,2022,25 a 29 anos,29.0
2308377,Miraíma - CE,2022,30 a 34 anos,25.0
2308377,Miraíma - CE,2022,35 a 39 anos,20.0
2308377,Miraíma - CE,2022,40 a 44 anos,2.0
2308377,Miraíma - CE,2022,45 a 49 anos,
2308377,Miraíma - CE,2022,50 anos ou mais,
2308377,Miraíma - CE,2022,Ignorada,
2308377,Miraíma - CE,2023,Total,145.0
2308377,Miraíma - CE,2023,Menos de 15 anos,1.0
2308377,Miraíma - CE,2023,15 a 19 anos,14.0
2308377,Miraíma - CE,2023,20 a 24 anos,29.0
2308377,Miraíma - CE,2023,25 a 29 anos,46.0
2308377,Miraíma - CE,2023,30 a 34 anos,34.0
2308377,Miraíma - CE,2023,35 a 39 anos,16.0
2308377,Miraíma - CE,2023,40 a 44 anos,5.0
2308377,Miraíma - CE,2023,45 a 49 anos,
2308377,Miraíma - CE,2023,50 anos ou mais,
2308377,Miraíma - CE,2023,Ignorada,
2308377,Miraíma - CE,2024,Total,106.0
2308377,Miraíma - CE,2024,Menos de 15 anos,
2308377,Miraíma - CE,2024,15 a 19 anos,16.0
2308377,Miraíma - CE,2024,20 a 24 anos,17.0
2308377,Miraíma - CE,2024,25 a 29 anos,27.0
2308377,Miraíma - CE,2024,30 a 34 anos,26.0
2308377,Miraíma - CE,2024,35 a 39 anos,16.0
2308377,Miraíma - CE,2024,40 a 44 anos,4.0
2308377,Miraíma - CE,2024,45 a 49 anos,
2308377,Miraíma - CE,2024,50 anos ou mais,
2308377,Miraíma - CE,2024,Ignorada,
2308401,Missão Velha - CE,2020,Total,588.0
2308401,Missão Velha - CE,2020,Menos de 15 anos,4.0
2308401,Missão Velha - CE,2020,15 a 19 anos,106.0
2308401,Missão Velha - CE,2020,20 a 24 anos,160.0
2308401,Missão Velha - CE,2020,25 a 29 anos,151.0
2308401,Missão Velha - CE,2020,30 a 34 anos,106.0
2308401,Missão Velha - CE,2020,35 a 39 anos,46.0
2308401,Missão Velha - CE,2020,40 a 44 anos,15.0
2308401,Missão Velha - CE,2020,45 a 49 anos,
2308401,Missão Velha - CE,2020,50 anos ou mais,
2308401,Missão Velha - CE,2020,Ignorada,
2308401,Missão Velha - CE,2021,Total,603.0
2308401,Missão Velha - CE,2021,Menos de 15 anos,3.0
2308401,Missão Velha - CE,2021,15 a 19 anos,89.0
2308401,Missão Velha - CE,2021,20 a 24 anos,159.0
2308401,Missão Velha - CE,2021,25 a 29 anos,145.0
2308401,Missão Velha - CE,2021,30 a 34 anos,126.0
2308401,Missão Velha - CE,2021,35 a 39 anos,61.0
2308401,Missão Velha - CE,2021,40 a 44 anos,20.0
2308401,Missão Velha - CE,2021,45 a 49 anos,
2308401,Missão Velha - CE,2021,50 anos ou mais,
2308401,Missão Velha - CE,2021,Ignorada,
2308401,Missão Velha - CE,2022,Total,561.0
2308401,Missão Velha - CE,2022,Menos de 15 anos,1.0
2308401,Missão Velha - CE,2022,15 a 19 anos,92.0
2308401,Missão Velha - CE,2022,20 a 24 anos,159.0
2308401,Missão Velha - CE,2022,25 a 29 anos,132.0
2308401,Missão Velha - CE,2022,30 a 34 anos,102.0
2308401,Missão Velha - CE,2022,35 a 39 anos,54.0
2308401,Missão Velha - CE,2022,40 a 44 anos,18.0
2308401,Missão Velha - CE,2022,45 a 49 anos,2.0
2308401,Missão Velha - CE,2022,50 anos ou mais,
2308401,Missão Velha - CE,2022,Ignorada,1.0
2308401,Missão Velha - CE,2023,Total,529.0
2308401,Missão Velha - CE,2023,Menos de 15 anos,2.0
2308401,Missão Velha - CE,2023,15 a 19 anos,65.0
2308401,Missão Velha - CE,2023,20 a 24 anos,145.0
2308401,Missão Velha - CE,2023,25 a 29 anos,141.0
2308401,Missão Velha - CE,2023,30 a 34 anos,116.0
2308401,Missão Velha - CE,2023,35 a 39 anos,52.0
2308401,Missão Velha - CE,2023,40 a 44 anos,6.0
2308401,Missão Velha - CE,2023,45 a 49 anos,1.0
2308401,Missão Velha - CE,2023,50 anos ou mais,
2308401,Missão Velha - CE,2023,Ignorada,1.0
2308401,Missão Velha - CE,2024,Total,469.0
2308401,Missão Velha - CE,2024,Menos de 15 anos,1.0
2308401,Missão Velha - CE,2024,15 a 19 anos,50.0
2308401,Missão Velha - CE,2024,20 a 24 anos,137.0
2308401,Missão Velha - CE,2024,25 a 29 anos,128.0
2308401,Missão Velha - CE,2024,30 a 34 anos,94.0
2308401,Missão Velha - CE,2024,35 a 39 anos,46.0
2308401,Missão Velha - CE,2024,40 a 44 anos,12.0
2308401,Missão Velha - CE,2024,45 a 49 anos,1.0
2308401,Missão Velha - CE,2024,50 anos ou mais,
2308401,Missão Velha - CE,2024,Ignorada,
2308500,Mombaça - CE,2020,Total,490.0
2308500,Mombaça - CE,2020,Menos de 15 anos,8.0
2308500,Mombaça - CE,2020,15 a 19 anos,85.0
2308500,Mombaça - CE,2020,20 a 24 anos,125.0
2308500,Mombaça - CE,2020,25 a 29 anos,114.0
2308500,Mombaça - CE,2020,30 a 34 anos,87.0
2308500,Mombaça - CE,2020,35 a 39 anos,59.0
2308500,Mombaça - CE,2020,40 a 44 anos,10.0
2308500,Mombaça - CE,2020,45 a 49 anos,2.0
2308500,Mombaça - CE,2020,50 anos ou mais,
2308500,Mombaça - CE,2020,Ignorada,
2308500,Mombaça - CE,2021,Total,477.0
2308500,Mombaça - CE,2021,Menos de 15 anos,2.0
2308500,Mombaça - CE,2021,15 a 19 anos,108.0
2308500,Mombaça - CE,2021,20 a 24 anos,121.0
2308500,Mombaça - CE,2021,25 a 29 anos,96.0
2308500,Mombaça - CE,2021,30 a 34 anos,78.0
2308500,Mombaça - CE,2021,35 a 39 anos,64.0
2308500,Mombaça - CE,2021,40 a 44 anos,8.0
2308500,Mombaça - CE,2021,45 a 49 anos,
2308500,Mombaça - CE,2021,50 anos ou mais,
2308500,Mombaça - CE,2021,Ignorada,
2308500,Mombaça - CE,2022,Total,448.0
2308500,Mombaça - CE,2022,Menos de 15 anos,5.0
2308500,Mombaça - CE,2022,15 a 19 anos,61.0
2308500,Mombaça - CE,2022,20 a 24 anos,115.0
2308500,Mombaça - CE,2022,25 a 29 anos,119.0
2308500,Mombaça - CE,2022,30 a 34 anos,84.0
2308500,Mombaça - CE,2022,35 a 39 anos,48.0
2308500,Mombaça - CE,2022,40 a 44 anos,16.0
2308500,Mombaça - CE,2022,45 a 49 anos,
2308500,Mombaça - CE,2022,50 anos ou mais,
2308500,Mombaça - CE,2022,Ignorada,
2308500,Mombaça - CE,2023,Total,427.0
2308500,Mombaça - CE,2023,Menos de 15 anos,4.0
2308500,Mombaça - CE,2023,15 a 19 anos,70.0
2308500,Mombaça - CE,2023,20 a 24 anos,109.0
2308500,Mombaça - CE,2023,25 a 29 anos,102.0
2308500,Mombaça - CE,2023,30 a 34 anos,81.0
2308500,Mombaça - CE,2023,35 a 39 anos,46.0
2308500,Mombaça - CE,2023,40 a 44 anos,14.0
2308500,Mombaça - CE,2023,45 a 49 anos,1.0
2308500,Mombaça - CE,2023,50 anos ou mais,
2308500,Mombaça - CE,2023,Ignorada,
2308500,Mombaça - CE,2024,Total,419.0
2308500,Mombaça - CE,2024,Menos de 15 anos,6.0
2308500,Mombaça - CE,2024,15 a 19 anos,68.0
2308500,Mombaça - CE,2024,20 a 24 anos,111.0
2308500,Mombaça - CE,2024,25 a 29 anos,112.0
2308500,Mombaça - CE,2024,30 a 34 anos,68.0
2308500,Mombaça - CE,2024,35 a 39 anos,42.0
2308500,Mombaça - CE,2024,40 a 44 anos,10.0
2308500,Mombaça - CE,2024,45 a 49 anos,2.0
2308500,Mombaça - CE,2024,50 anos ou mais,
2308500,Mombaça - CE,2024,Ignorada,
2308609,Monsenhor Tabosa - CE,2020,Total,215.0
2308609,Monsenhor Tabosa - CE,2020,Menos de 15 anos,3.0
2308609,Monsenhor Tabosa - CE,2020,15 a 19 anos,34.0
2308609,Monsenhor Tabosa - CE,2020,20 a 24 anos,53.0
2308609,Monsenhor Tabosa - CE,2020,25 a 29 anos,53.0
2308609,Monsenhor Tabosa - CE,2020,30 a 34 anos,39.0
2308609,Monsenhor Tabosa - CE,2020,35 a 39 anos,23.0
2308609,Monsenhor Tabosa - CE,2020,40 a 44 anos,8.0
2308609,Monsenhor Tabosa - CE,2020,45 a 49 anos,2.0
2308609,Monsenhor Tabosa - CE,2020,50 anos ou mais,
2308609,Monsenhor Tabosa - CE,2020,Ignorada,
2308609,Monsenhor Tabosa - CE,2021,Total,224.0
2308609,Monsenhor Tabosa - CE,2021,Menos de 15 anos,4.0
2308609,Monsenhor Tabosa - CE,2021,15 a 19 anos,31.0
2308609,Monsenhor Tabosa - CE,2021,20 a 24 anos,49.0
2308609,Monsenhor Tabosa - CE,2021,25 a 29 anos,55.0
2308609,Monsenhor Tabosa - CE,2021,30 a 34 anos,58.0
2308609,Monsenhor Tabosa - CE,2021,35 a 39 anos,21.0
2308609,Monsenhor Tabosa - CE,2021,40 a 44 anos,6.0
2308609,Monsenhor Tabosa - CE,2021,45 a 49 anos,
2308609,Monsenhor Tabosa - CE,2021,50 anos ou mais,
2308609,Monsenhor Tabosa - CE,2021,Ignorada,
2308609,Monsenhor Tabosa - CE,2022,Total,185.0
2308609,Monsenhor Tabosa - CE,2022,Menos de 15 anos,3.0
2308609,Monsenhor Tabosa - CE,2022,15 a 19 anos,18.0
2308609,Monsenhor Tabosa - CE,2022,20 a 24 anos,54.0
2308609,Monsenhor Tabosa - CE,2022,25 a 29 anos,44.0
2308609,Monsenhor Tabosa - CE,2022,30 a 34 anos,34.0
2308609,Monsenhor Tabosa - CE,2022,35 a 39 anos,24.0
2308609,Monsenhor Tabosa - CE,2022,40 a 44 anos,8.0
2308609,Monsenhor Tabosa - CE,2022,45 a 49 anos,
2308609,Monsenhor Tabosa - CE,2022,50 anos ou mais,
2308609,Monsenhor Tabosa - CE,2022,Ignorada,
2308609,Monsenhor Tabosa - CE,2023,Total,183.0
2308609,Monsenhor Tabosa - CE,2023,Menos de 15 anos,
2308609,Monsenhor Tabosa - CE,2023,15 a 19 anos,21.0
2308609,Monsenhor Tabosa - CE,2023,20 a 24 anos,49.0
2308609,Monsenhor Tabosa - CE,2023,25 a 29 anos,45.0
2308609,Monsenhor Tabosa - CE,2023,30 a 34 anos,35.0
2308609,Monsenhor Tabosa - CE,2023,35 a 39 anos,25.0
2308609,Monsenhor Tabosa - CE,2023,40 a 44 anos,7.0
2308609,Monsenhor Tabosa - CE,2023,45 a 49 anos,
2308609,Monsenhor Tabosa - CE,2023,50 anos ou mais,
2308609,Monsenhor Tabosa - CE,2023,Ignorada,1.0
2308609,Monsenhor Tabosa - CE,2024,Total,180.0
2308609,Monsenhor Tabosa - CE,2024,Menos de 15 anos,1.0
2308609,Monsenhor Tabosa - CE,2024,15 a 19 anos,23.0
2308609,Monsenhor Tabosa - CE,2024,20 a 24 anos,37.0
2308609,Monsenhor Tabosa - CE,2024,25 a 29 anos,41.0
2308609,Monsenhor Tabosa - CE,2024,30 a 34 anos,40.0
2308609,Monsenhor Tabosa - CE,2024,35 a 39 anos,30.0
2308609,Monsenhor Tabosa - CE,2024,40 a 44 anos,7.0
2308609,Monsenhor Tabosa - CE,2024,45 a 49 anos,1.0
2308609,Monsenhor Tabosa - CE,2024,50 anos ou mais,
2308609,Monsenhor Tabosa - CE,2024,Ignorada,
2308708,Morada Nova - CE,2020,Total,682.0
2308708,Morada Nova - CE,2020,Menos de 15 anos,6.0
2308708,Morada Nova - CE,2020,15 a 19 anos,92.0
2308708,Morada Nova - CE,2020,20 a 24 anos,184.0
2308708,Morada Nova - CE,2020,25 a 29 anos,166.0
2308708,Morada Nova - CE,2020,30 a 34 anos,134.0
2308708,Morada Nova - CE,2020,35 a 39 anos,78.0
2308708,Morada Nova - CE,2020,40 a 44 anos,20.0
2308708,Morada Nova - CE,2020,45 a 49 anos,1.0
2308708,Morada Nova - CE,2020,50 anos ou mais,
2308708,Morada Nova - CE,2020,Ignorada,1.0
2308708,Morada Nova - CE,2021,Total,729.0
2308708,Morada Nova - CE,2021,Menos de 15 anos,7.0
2308708,Morada Nova - CE,2021,15 a 19 anos,88.0
2308708,Morada Nova - CE,2021,20 a 24 anos,185.0
2308708,Morada Nova - CE,2021,25 a 29 anos,191.0
2308708,Morada Nova - CE,2021,30 a 34 anos,151.0
2308708,Morada Nova - CE,2021,35 a 39 anos,83.0
2308708,Morada Nova - CE,2021,40 a 44 anos,20.0
2308708,Morada Nova - CE,2021,45 a 49 anos,3.0
2308708,Morada Nova - CE,2021,50 anos ou mais,1.0
2308708,Morada Nova - CE,2021,Ignorada,
2308708,Morada Nova - CE,2022,Total,681.0
2308708,Morada Nova - CE,2022,Menos de 15 anos,7.0
2308708,Morada Nova - CE,2022,15 a 19 anos,83.0
2308708,Morada Nova - CE,2022,20 a 24 anos,166.0
2308708,Morada Nova - CE,2022,25 a 29 anos,195.0
2308708,Morada Nova - CE,2022,30 a 34 anos,128.0
2308708,Morada Nova - CE,2022,35 a 39 anos,81.0
2308708,Morada Nova - CE,2022,40 a 44 anos,20.0
2308708,Morada Nova - CE,2022,45 a 49 anos,1.0
2308708,Morada Nova - CE,2022,50 anos ou mais,
2308708,Morada Nova - CE,2022,Ignorada,
2308708,Morada Nova - CE,2023,Total,695.0
2308708,Morada Nova - CE,2023,Menos de 15 anos,3.0
2308708,Morada Nova - CE,2023,15 a 19 anos,60.0
2308708,Morada Nova - CE,2023,20 a 24 anos,190.0
2308708,Morada Nova - CE,2023,25 a 29 anos,197.0
2308708,Morada Nova - CE,2023,30 a 34 anos,134.0
2308708,Morada Nova - CE,2023,35 a 39 anos,84.0
2308708,Morada Nova - CE,2023,40 a 44 anos,26.0
2308708,Morada Nova - CE,2023,45 a 49 anos,1.0
2308708,Morada Nova - CE,2023,50 anos ou mais,
2308708,Morada Nova - CE,2023,Ignorada,
2308708,Morada Nova - CE,2024,Total,612.0
2308708,Morada Nova - CE,2024,Menos de 15 anos,5.0
2308708,Morada Nova - CE,2024,15 a 19 anos,74.0
2308708,Morada Nova - CE,2024,20 a 24 anos,139.0
2308708,Morada Nova - CE,2024,25 a 29 anos,163.0
2308708,Morada Nova - CE,2024,30 a 34 anos,131.0
2308708,Morada Nova - CE,2024,35 a 39 anos,67.0
2308708,Morada Nova - CE,2024,40 a 44 anos,26.0
2308708,Morada Nova - CE,2024,45 a 49 anos,3.0
2308708,Morada Nova - CE,2024,50 anos ou mais,
2308708,Morada Nova - CE,2024,Ignorada,4.0
2308807,Moraújo - CE,2020,Total,118.0
2308807,Moraújo - CE,2020,Menos de 15 anos,2.0
2308807,Moraújo - CE,2020,15 a 19 anos,19.0
2308807,Moraújo - CE,2020,20 a 24 anos,27.0
2308807,Moraújo - CE,2020,25 a 29 anos,29.0
2308807,Moraújo - CE,2020,30 a 34 anos,25.0
2308807,Moraújo - CE,2020,35 a 39 anos,14.0
2308807,Moraújo - CE,2020,40 a 44 anos,1.0
2308807,Moraújo - CE,2020,45 a 49 anos,
2308807,Moraújo - CE,2020,50 anos ou mais,
2308807,Moraújo - CE,2020,Ignorada,1.0
2308807,Moraújo - CE,2021,Total,118.0
2308807,Moraújo - CE,2021,Menos de 15 anos,1.0
2308807,Moraújo - CE,2021,15 a 19 anos,6.0
2308807,Moraújo - CE,2021,20 a 24 anos,34.0
2308807,Moraújo - CE,2021,25 a 29 anos,36.0
2308807,Moraújo - CE,2021,30 a 34 anos,21.0
2308807,Moraújo - CE,2021,35 a 39 anos,13.0
2308807,Moraújo - CE,2021,40 a 44 anos,7.0
2308807,Moraújo - CE,2021,45 a 49 anos,
2308807,Moraújo - CE,2021,50 anos ou mais,
2308807,Moraújo - CE,2021,Ignorada,
2308807,Moraújo - CE,2022,Total,133.0
2308807,Moraújo - CE,2022,Menos de 15 anos,
2308807,Moraújo - CE,2022,15 a 19 anos,17.0
2308807,Moraújo - CE,2022,20 a 24 anos,31.0
2308807,Moraújo - CE,2022,25 a 29 anos,32.0
2308807,Moraújo - CE,2022,30 a 34 anos,28.0
2308807,Moraújo - CE,2022,35 a 39 anos,20.0
2308807,Moraújo - CE,2022,40 a 44 anos,4.0
2308807,Moraújo - CE,2022,45 a 49 anos,1.0
2308807,Moraújo - CE,2022,50 anos ou mais,
2308807,Moraújo - CE,2022,Ignorada,
2308807,Moraújo - CE,2023,Total,125.0
2308807,Moraújo - CE,2023,Menos de 15 anos,
2308807,Moraújo - CE,2023,15 a 19 anos,11.0
2308807,Moraújo - CE,2023,20 a 24 anos,36.0
2308807,Moraújo - CE,2023,25 a 29 anos,39.0
2308807,Moraújo - CE,2023,30 a 34 anos,21.0
2308807,Moraújo - CE,2023,35 a 39 anos,16.0
2308807,Moraújo - CE,2023,40 a 44 anos,1.0
2308807,Moraújo - CE,2023,45 a 49 anos,1.0
2308807,Moraújo - CE,2023,50 anos ou mais,
2308807,Moraújo - CE,2023,Ignorada,
2308807,Moraújo - CE,2024,Total,96.0
2308807,Moraújo - CE,2024,Menos de 15 anos,1.0
2308807,Moraújo - CE,2024,15 a 19 anos,10.0
2308807,Moraújo - CE,2024,20 a 24 anos,22.0
2308807,Moraújo - CE,2024,25 a 29 anos,24.0
2308807,Moraújo - CE,2024,30 a 34 anos,15.0
2308807,Moraújo - CE,2024,35 a 39 anos,18.0
2308807,Moraújo - CE,2024,40 a 44 anos,6.0
2308807,Moraújo - CE,2024,45 a 49 anos,
2308807,Moraújo - CE,2024,50 anos ou mais,
2308807,Moraújo - CE,2024,Ignorada,
2308906,Morrinhos - CE,2020,Total,333.0
2308906,Morrinhos - CE,2020,Menos de 15 anos,1.0
2308906,Morrinhos - CE,2020,15 a 19 anos,42.0
2308906,Morrinhos - CE,2020,20 a 24 anos,84.0
2308906,Morrinhos - CE,2020,25 a 29 anos,93.0
2308906,Morrinhos - CE,2020,30 a 34 anos,66.0
2308906,Morrinhos - CE,2020,35 a 39 anos,35.0
2308906,Morrinhos - CE,2020,40 a 44 anos,11.0
2308906,Morrinhos - CE,2020,45 a 49 anos,1.0
2308906,Morrinhos - CE,2020,50 anos ou mais,
2308906,Morrinhos - CE,2020,Ignorada,
2308906,Morrinhos - CE,2021,Total,345.0
2308906,Morrinhos - CE,2021,Menos de 15 anos,
2308906,Morrinhos - CE,2021,15 a 19 anos,48.0
2308906,Morrinhos - CE,2021,20 a 24 anos,91.0
2308906,Morrinhos - CE,2021,25 a 29 anos,85.0
2308906,Morrinhos - CE,2021,30 a 34 anos,67.0
2308906,Morrinhos - CE,2021,35 a 39 anos,41.0
2308906,Morrinhos - CE,2021,40 a 44 anos,12.0
2308906,Morrinhos - CE,2021,45 a 49 anos,1.0
2308906,Morrinhos - CE,2021,50 anos ou mais,
2308906,Morrinhos - CE,2021,Ignorada,
2308906,Morrinhos - CE,2022,Total,313.0
2308906,Morrinhos - CE,2022,Menos de 15 anos,1.0
2308906,Morrinhos - CE,2022,15 a 19 anos,44.0
2308906,Morrinhos - CE,2022,20 a 24 anos,74.0
2308906,Morrinhos - CE,2022,25 a 29 anos,80.0
2308906,Morrinhos - CE,2022,30 a 34 anos,65.0
2308906,Morrinhos - CE,2022,35 a 39 anos,36.0
2308906,Morrinhos - CE,2022,40 a 44 anos,12.0
2308906,Morrinhos - CE,2022,45 a 49 anos,1.0
2308906,Morrinhos - CE,2022,50 anos ou mais,
2308906,Morrinhos - CE,2022,Ignorada,
2308906,Morrinhos - CE,2023,Total,338.0
2308906,Morrinhos - CE,2023,Menos de 15 anos,1.0
2308906,Morrinhos - CE,2023,15 a 19 anos,36.0
2308906,Morrinhos - CE,2023,20 a 24 anos,89.0
2308906,Morrinhos - CE,2023,25 a 29 anos,88.0
2308906,Morrinhos - CE,2023,30 a 34 anos,66.0
2308906,Morrinhos - CE,2023,35 a 39 anos,46.0
2308906,Morrinhos - CE,2023,40 a 44 anos,12.0
2308906,Morrinhos - CE,2023,45 a 49 anos,
2308906,Morrinhos - CE,2023,50 anos ou mais,
2308906,Morrinhos - CE,2023,Ignorada,
2308906,Morrinhos - CE,2024,Total,335.0
2308906,Morrinhos - CE,2024,Menos de 15 anos,1.0
2308906,Morrinhos - CE,2024,15 a 19 anos,45.0
2308906,Morrinhos - CE,2024,20 a 24 anos,67.0
2308906,Morrinhos - CE,2024,25 a 29 anos,102.0
2308906,Morrinhos - CE,2024,30 a 34 anos,72.0
2308906,Morrinhos - CE,2024,35 a 39 anos,35.0
2308906,Morrinhos - CE,2024,40 a 44 anos,12.0
2308906,Morrinhos - CE,2024,45 a 49 anos,1.0
2308906,Morrinhos - CE,2024,50 anos ou mais,
2308906,Morrinhos - CE,2024,Ignorada,
2309003,Mucambo - CE,2020,Total,163.0
2309003,Mucambo - CE,2020,Menos de 15 anos,1.0
2309003,Mucambo - CE,2020,15 a 19 anos,22.0
2309003,Mucambo - CE,2020,20 a 24 anos,38.0
2309003,Mucambo - CE,2020,25 a 29 anos,35.0
2309003,Mucambo - CE,2020,30 a 34 anos,32.0
2309003,Mucambo - CE,2020,35 a 39 anos,30.0
2309003,Mucambo - CE,2020,40 a 44 anos,5.0
2309003,Mucambo - CE,2020,45 a 49 anos,
2309003,Mucambo - CE,2020,50 anos ou mais,
2309003,Mucambo - CE,2020,Ignorada,
2309003,Mucambo - CE,2021,Total,167.0
2309003,Mucambo - CE,2021,Menos de 15 anos,
2309003,Mucambo - CE,2021,15 a 19 anos,20.0
2309003,Mucambo - CE,2021,20 a 24 anos,38.0
2309003,Mucambo - CE,2021,25 a 29 anos,48.0
2309003,Mucambo - CE,2021,30 a 34 anos,29.0
2309003,Mucambo - CE,2021,35 a 39 anos,26.0
2309003,Mucambo - CE,2021,40 a 44 anos,6.0
2309003,Mucambo - CE,2021,45 a 49 anos,
2309003,Mucambo - CE,2021,50 anos ou mais,
2309003,Mucambo - CE,2021,Ignorada,
2309003,Mucambo - CE,2022,Total,180.0
2309003,Mucambo - CE,2022,Menos de 15 anos,1.0
2309003,Mucambo - CE,2022,15 a 19 anos,17.0
2309003,Mucambo - CE,2022,20 a 24 anos,39.0
2309003,Mucambo - CE,2022,25 a 29 anos,47.0
2309003,Mucambo - CE,2022,30 a 34 anos,42.0
2309003,Mucambo - CE,2022,35 a 39 anos,23.0
2309003,Mucambo - CE,2022,40 a 44 anos,10.0
2309003,Mucambo - CE,2022,45 a 49 anos,1.0
2309003,Mucambo - CE,2022,50 anos ou mais,
2309003,Mucambo - CE,2022,Ignorada,
2309003,Mucambo - CE,2023,Total,162.0
2309003,Mucambo - CE,2023,Menos de 15 anos,
2309003,Mucambo - CE,2023,15 a 19 anos,22.0
2309003,Mucambo - CE,2023,20 a 24 anos,32.0
2309003,Mucambo - CE,2023,25 a 29 anos,51.0
2309003,Mucambo - CE,2023,30 a 34 anos,29.0
2309003,Mucambo - CE,2023,35 a 39 anos,18.0
2309003,Mucambo - CE,2023,40 a 44 anos,9.0
2309003,Mucambo - CE,2023,45 a 49 anos,1.0
2309003,Mucambo - CE,2023,50 anos ou mais,
2309003,Mucambo - CE,2023,Ignorada,
2309003,Mucambo - CE,2024,Total,136.0
2309003,Mucambo - CE,2024,Menos de 15 anos,2.0
2309003,Mucambo - CE,2024,15 a 19 anos,14.0
2309003,Mucambo - CE,2024,20 a 24 anos,28.0
2309003,Mucambo - CE,2024,25 a 29 anos,31.0
2309003,Mucambo - CE,2024,30 a 34 anos,27.0
2309003,Mucambo - CE,2024,35 a 39 anos,22.0
2309003,Mucambo - CE,2024,40 a 44 anos,11.0
2309003,Mucambo - CE,2024,45 a 49 anos,1.0
2309003,Mucambo - CE,2024,50 anos ou mais,
2309003,Mucambo - CE,2024,Ignorada,
2309102,Mulungu - CE,2020,Total,154.0
2309102,Mulungu - CE,2020,Menos de 15 anos,
2309102,Mulungu - CE,2020,15 a 19 anos,26.0
2309102,Mulungu - CE,2020,20 a 24 anos,41.0
2309102,Mulungu - CE,2020,25 a 29 anos,37.0
2309102,Mulungu - CE,2020,30 a 34 anos,19.0
2309102,Mulungu - CE,2020,35 a 39 anos,23.0
2309102,Mulungu - CE,2020,40 a 44 anos,6.0
2309102,Mulungu - CE,2020,45 a 49 anos,
2309102,Mulungu - CE,2020,50 anos ou mais,
2309102,Mulungu - CE,2020,Ignorada,2.0
2309102,Mulungu - CE,2021,Total,169.0
2309102,Mulungu - CE,2021,Menos de 15 anos,2.0
2309102,Mulungu - CE,2021,15 a 19 anos,29.0
2309102,Mulungu - CE,2021,20 a 24 anos,45.0
2309102,Mulungu - CE,2021,25 a 29 anos,35.0
2309102,Mulungu - CE,2021,30 a 34 anos,25.0
2309102,Mulungu - CE,2021,35 a 39 anos,25.0
2309102,Mulungu - CE,2021,40 a 44 anos,8.0
2309102,Mulungu - CE,2021,45 a 49 anos,
2309102,Mulungu - CE,2021,50 anos ou mais,
2309102,Mulungu - CE,2021,Ignorada,
2309102,Mulungu - CE,2022,Total,124.0
2309102,Mulungu - CE,2022,Menos de 15 anos,
2309102,Mulungu - CE,2022,15 a 19 anos,15.0
2309102,Mulungu - CE,2022,20 a 24 anos,25.0
2309102,Mulungu - CE,2022,25 a 29 anos,31.0
2309102,Mulungu - CE,2022,30 a 34 anos,30.0
2309102,Mulungu - CE,2022,35 a 39 anos,18.0
2309102,Mulungu - CE,2022,40 a 44 anos,4.0
2309102,Mulungu - CE,2022,45 a 49 anos,1.0
2309102,Mulungu - CE,2022,50 anos ou mais,
2309102,Mulungu - CE,2022,Ignorada,
2309102,Mulungu - CE,2023,Total,122.0
2309102,Mulungu - CE,2023,Menos de 15 anos,2.0
2309102,Mulungu - CE,2023,15 a 19 anos,15.0
2309102,Mulungu - CE,2023,20 a 24 anos,31.0
2309102,Mulungu - CE,2023,25 a 29 anos,30.0
2309102,Mulungu - CE,2023,30 a 34 anos,24.0
2309102,Mulungu - CE,2023,35 a 39 anos,15.0
2309102,Mulungu - CE,2023,40 a 44 anos,5.0
2309102,Mulungu - CE,2023,45 a 49 anos,
2309102,Mulungu - CE,2023,50 anos ou mais,
2309102,Mulungu - CE,2023,Ignorada,
2309102,Mulungu - CE,2024,Total,117.0
2309102,Mulungu - CE,2024,Menos de 15 anos,1.0
2309102,Mulungu - CE,2024,15 a 19 anos,17.0
2309102,Mulungu - CE,2024,20 a 24 anos,35.0
2309102,Mulungu - CE,2024,25 a 29 anos,25.0
2309102,Mulungu - CE,2024,30 a 34 anos,27.0
2309102,Mulungu - CE,2024,35 a 39 anos,9.0
2309102,Mulungu - CE,2024,40 a 44 anos,1.0
2309102,Mulungu - CE,2024,45 a 49 anos,2.0
2309102,Mulungu - CE,2024,50 anos ou mais,
2309102,Mulungu - CE,2024,Ignorada,
2309201,Nova Olinda - CE,2020,Total,261.0
2309201,Nova Olinda - CE,2020,Menos de 15 anos,1.0
2309201,Nova Olinda - CE,2020,15 a 19 anos,48.0
2309201,Nova Olinda - CE,2020,20 a 24 anos,66.0
2309201,Nova Olinda - CE,2020,25 a 29 anos,71.0
2309201,Nova Olinda - CE,2020,30 a 34 anos,43.0
2309201,Nova Olinda - CE,2020,35 a 39 anos,24.0
2309201,Nova Olinda - CE,2020,40 a 44 anos,8.0
2309201,Nova Olinda - CE,2020,45 a 49 anos,
2309201,Nova Olinda - CE,2020,50 anos ou mais,
2309201,Nova Olinda - CE,2020,Ignorada,
2309201,Nova Olinda - CE,2021,Total,241.0
2309201,Nova Olinda - CE,2021,Menos de 15 anos,2.0
2309201,Nova Olinda - CE,2021,15 a 19 anos,36.0
2309201,Nova Olinda - CE,2021,20 a 24 anos,55.0
2309201,Nova Olinda - CE,2021,25 a 29 anos,70.0
2309201,Nova Olinda - CE,2021,30 a 34 anos,38.0
2309201,Nova Olinda - CE,2021,35 a 39 anos,29.0
2309201,Nova Olinda - CE,2021,40 a 44 anos,11.0
2309201,Nova Olinda - CE,2021,45 a 49 anos,
2309201,Nova Olinda - CE,2021,50 anos ou mais,
2309201,Nova Olinda - CE,2021,Ignorada,
2309201,Nova Olinda - CE,2022,Total,231.0
2309201,Nova Olinda - CE,2022,Menos de 15 anos,1.0
2309201,Nova Olinda - CE,2022,15 a 19 anos,34.0
2309201,Nova Olinda - CE,2022,20 a 24 anos,70.0
2309201,Nova Olinda - CE,2022,25 a 29 anos,57.0
2309201,Nova Olinda - CE,2022,30 a 34 anos,40.0
2309201,Nova Olinda - CE,2022,35 a 39 anos,22.0
2309201,Nova Olinda - CE,2022,40 a 44 anos,6.0
2309201,Nova Olinda - CE,2022,45 a 49 anos,1.0
2309201,Nova Olinda - CE,2022,50 anos ou mais,
2309201,Nova Olinda - CE,2022,Ignorada,
2309201,Nova Olinda - CE,2023,Total,241.0
2309201,Nova Olinda - CE,2023,Menos de 15 anos,3.0
2309201,Nova Olinda - CE,2023,15 a 19 anos,29.0
2309201,Nova Olinda - CE,2023,20 a 24 anos,54.0
2309201,Nova Olinda - CE,2023,25 a 29 anos,57.0
2309201,Nova Olinda - CE,2023,30 a 34 anos,64.0
2309201,Nova Olinda - CE,2023,35 a 39 anos,27.0
2309201,Nova Olinda - CE,2023,40 a 44 anos,7.0
2309201,Nova Olinda - CE,2023,45 a 49 anos,
2309201,Nova Olinda - CE,2023,50 anos ou mais,
2309201,Nova Olinda - CE,2023,Ignorada,
2309201,Nova Olinda - CE,2024,Total,191.0
2309201,Nova Olinda - CE,2024,Menos de 15 anos,
2309201,Nova Olinda - CE,2024,15 a 19 anos,20.0
2309201,Nova Olinda - CE,2024,20 a 24 anos,46.0
2309201,Nova Olinda - CE,2024,25 a 29 anos,49.0
2309201,Nova Olinda - CE,2024,30 a 34 anos,40.0
2309201,Nova Olinda - CE,2024,35 a 39 anos,31.0
2309201,Nova Olinda - CE,2024,40 a 44 anos,5.0
2309201,Nova Olinda - CE,2024,45 a 49 anos,
2309201,Nova Olinda - CE,2024,50 anos ou mais,
2309201,Nova Olinda - CE,2024,Ignorada,
2309300,Nova Russas - CE,2020,Total,364.0
2309300,Nova Russas - CE,2020,Menos de 15 anos,3.0
2309300,Nova Russas - CE,2020,15 a 19 anos,58.0
2309300,Nova Russas - CE,2020,20 a 24 anos,93.0
2309300,Nova Russas - CE,2020,25 a 29 anos,82.0
2309300,Nova Russas - CE,2020,30 a 34 anos,74.0
2309300,Nova Russas - CE,2020,35 a 39 anos,35.0
2309300,Nova Russas - CE,2020,40 a 44 anos,17.0
2309300,Nova Russas - CE,2020,45 a 49 anos,2.0
2309300,Nova Russas - CE,2020,50 anos ou mais,
2309300,Nova Russas - CE,2020,Ignorada,
2309300,Nova Russas - CE,2021,Total,400.0
2309300,Nova Russas - CE,2021,Menos de 15 anos,3.0
2309300,Nova Russas - CE,2021,15 a 19 anos,70.0
2309300,Nova Russas - CE,2021,20 a 24 anos,97.0
2309300,Nova Russas - CE,2021,25 a 29 anos,94.0
2309300,Nova Russas - CE,2021,30 a 34 anos,63.0
2309300,Nova Russas - CE,2021,35 a 39 anos,56.0
2309300,Nova Russas - CE,2021,40 a 44 anos,16.0
2309300,Nova Russas - CE,2021,45 a 49 anos,1.0
2309300,Nova Russas - CE,2021,50 anos ou mais,
2309300,Nova Russas - CE,2021,Ignorada,
2309300,Nova Russas - CE,2022,Total,339.0
2309300,Nova Russas - CE,2022,Menos de 15 anos,5.0
2309300,Nova Russas - CE,2022,15 a 19 anos,46.0
2309300,Nova Russas - CE,2022,20 a 24 anos,80.0
2309300,Nova Russas - CE,2022,25 a 29 anos,72.0
2309300,Nova Russas - CE,2022,30 a 34 anos,70.0
2309300,Nova Russas - CE,2022,35 a 39 anos,49.0
2309300,Nova Russas - CE,2022,40 a 44 anos,16.0
2309300,Nova Russas - CE,2022,45 a 49 anos,1.0
2309300,Nova Russas - CE,2022,50 anos ou mais,
2309300,Nova Russas - CE,2022,Ignorada,
2309300,Nova Russas - CE,2023,Total,357.0
2309300,Nova Russas - CE,2023,Menos de 15 anos,2.0
2309300,Nova Russas - CE,2023,15 a 19 anos,48.0
2309300,Nova Russas - CE,2023,20 a 24 anos,80.0
2309300,Nova Russas - CE,2023,25 a 29 anos,86.0
2309300,Nova Russas - CE,2023,30 a 34 anos,71.0
2309300,Nova Russas - CE,2023,35 a 39 anos,44.0
2309300,Nova Russas - CE,2023,40 a 44 anos,26.0
2309300,Nova Russas - CE,2023,45 a 49 anos,
2309300,Nova Russas - CE,2023,50 anos ou mais,
2309300,Nova Russas - CE,2023,Ignorada,
2309300,Nova Russas - CE,2024,Total,333.0
2309300,Nova Russas - CE,2024,Menos de 15 anos,3.0
2309300,Nova Russas - CE,2024,15 a 19 anos,43.0
2309300,Nova Russas - CE,2024,20 a 24 anos,68.0
2309300,Nova Russas - CE,2024,25 a 29 anos,88.0
2309300,Nova Russas - CE,2024,30 a 34 anos,68.0
2309300,Nova Russas - CE,2024,35 a 39 anos,48.0
2309300,Nova Russas - CE,2024,40 a 44 anos,13.0
2309300,Nova Russas - CE,2024,45 a 49 anos,2.0
2309300,Nova Russas - CE,2024,50 anos ou mais,
2309300,Nova Russas - CE,2024,Ignorada,
2309409,Novo Oriente - CE,2020,Total,323.0
2309409,Novo Oriente - CE,2020,Menos de 15 anos,5.0
2309409,Novo Oriente - CE,2020,15 a 19 anos,43.0
2309409,Novo Oriente - CE,2020,20 a 24 anos,90.0
2309409,Novo Oriente - CE,2020,25 a 29 anos,83.0
2309409,Novo Oriente - CE,2020,30 a 34 anos,56.0
2309409,Novo Oriente - CE,2020,35 a 39 anos,37.0
2309409,Novo Oriente - CE,2020,40 a 44 anos,9.0
2309409,Novo Oriente - CE,2020,45 a 49 anos,
2309409,Novo Oriente - CE,2020,50 anos ou mais,
2309409,Novo Oriente - CE,2020,Ignorada,
2309409,Novo Oriente - CE,2021,Total,352.0
2309409,Novo Oriente - CE,2021,Menos de 15 anos,2.0
2309409,Novo Oriente - CE,2021,15 a 19 anos,49.0
2309409,Novo Oriente - CE,2021,20 a 24 anos,90.0
2309409,Novo Oriente - CE,2021,25 a 29 anos,84.0
2309409,Novo Oriente - CE,2021,30 a 34 anos,80.0
2309409,Novo Oriente - CE,2021,35 a 39 anos,35.0
2309409,Novo Oriente - CE,2021,40 a 44 anos,12.0
2309409,Novo Oriente - CE,2021,45 a 49 anos,
2309409,Novo Oriente - CE,2021,50 anos ou mais,
2309409,Novo Oriente - CE,2021,Ignorada,
2309409,Novo Oriente - CE,2022,Total,308.0
2309409,Novo Oriente - CE,2022,Menos de 15 anos,4.0
2309409,Novo Oriente - CE,2022,15 a 19 anos,39.0
2309409,Novo Oriente - CE,2022,20 a 24 anos,75.0
2309409,Novo Oriente - CE,2022,25 a 29 anos,84.0
2309409,Novo Oriente - CE,2022,30 a 34 anos,62.0
2309409,Novo Oriente - CE,2022,35 a 39 anos,34.0
2309409,Novo Oriente - CE,2022,40 a 44 anos,10.0
2309409,Novo Oriente - CE,2022,45 a 49 anos,
2309409,Novo Oriente - CE,2022,50 anos ou mais,
2309409,Novo Oriente - CE,2022,Ignorada,
2309409,Novo Oriente - CE,2023,Total,324.0
2309409,Novo Oriente - CE,2023,Menos de 15 anos,4.0
2309409,Novo Oriente - CE,2023,15 a 19 anos,36.0
2309409,Novo Oriente - CE,2023,20 a 24 anos,80.0
2309409,Novo Oriente - CE,2023,25 a 29 anos,87.0
2309409,Novo Oriente - CE,2023,30 a 34 anos,74.0
2309409,Novo Oriente - CE,2023,35 a 39 anos,26.0
2309409,Novo Oriente - CE,2023,40 a 44 anos,17.0
2309409,Novo Oriente - CE,2023,45 a 49 anos,
2309409,Novo Oriente - CE,2023,50 anos ou mais,
2309409,Novo Oriente - CE,2023,Ignorada,
2309409,Novo Oriente - CE,2024,Total,293.0
2309409,Novo Oriente - CE,2024,Menos de 15 anos,1.0
2309409,Novo Oriente - CE,2024,15 a 19 anos,37.0
2309409,Novo Oriente - CE,2024,20 a 24 anos,75.0
2309409,Novo Oriente - CE,2024,25 a 29 anos,68.0
2309409,Novo Oriente - CE,2024,30 a 34 anos,63.0
2309409,Novo Oriente - CE,2024,35 a 39 anos,41.0
2309409,Novo Oriente - CE,2024,40 a 44 anos,8.0
2309409,Novo Oriente - CE,2024,45 a 49 anos,
2309409,Novo Oriente - CE,2024,50 anos ou mais,
2309409,Novo Oriente - CE,2024,Ignorada,
2309458,Ocara - CE,2020,Total,281.0
2309458,Ocara - CE,2020,Menos de 15 anos,2.0
2309458,Ocara - CE,2020,15 a 19 anos,42.0
2309458,Ocara - CE,2020,20 a 24 anos,80.0
2309458,Ocara - CE,2020,25 a 29 anos,57.0
2309458,Ocara - CE,2020,30 a 34 anos,57.0
2309458,Ocara - CE,2020,35 a 39 anos,30.0
2309458,Ocara - CE,2020,40 a 44 anos,13.0
2309458,Ocara - CE,2020,45 a 49 anos,
2309458,Ocara - CE,2020,50 anos ou mais,
2309458,Ocara - CE,2020,Ignorada,
2309458,Ocara - CE,2021,Total,275.0
2309458,Ocara - CE,2021,Menos de 15 anos,2.0
2309458,Ocara - CE,2021,15 a 19 anos,38.0
2309458,Ocara - CE,2021,20 a 24 anos,62.0
2309458,Ocara - CE,2021,25 a 29 anos,79.0
2309458,Ocara - CE,2021,30 a 34 anos,60.0
2309458,Ocara - CE,2021,35 a 39 anos,26.0
2309458,Ocara - CE,2021,40 a 44 anos,5.0
2309458,Ocara - CE,2021,45 a 49 anos,1.0
2309458,Ocara - CE,2021,50 anos ou mais,
2309458,Ocara - CE,2021,Ignorada,2.0
2309458,Ocara - CE,2022,Total,255.0
2309458,Ocara - CE,2022,Menos de 15 anos,5.0
2309458,Ocara - CE,2022,15 a 19 anos,49.0
2309458,Ocara - CE,2022,20 a 24 anos,55.0
2309458,Ocara - CE,2022,25 a 29 anos,68.0
2309458,Ocara - CE,2022,30 a 34 anos,39.0
2309458,Ocara - CE,2022,35 a 39 anos,31.0
2309458,Ocara - CE,2022,40 a 44 anos,8.0
2309458,Ocara - CE,2022,45 a 49 anos,
2309458,Ocara - CE,2022,50 anos ou mais,
2309458,Ocara - CE,2022,Ignorada,
2309458,Ocara - CE,2023,Total,247.0
2309458,Ocara - CE,2023,Menos de 15 anos,2.0
2309458,Ocara - CE,2023,15 a 19 anos,24.0
2309458,Ocara - CE,2023,20 a 24 anos,56.0
2309458,Ocara - CE,2023,25 a 29 anos,70.0
2309458,Ocara - CE,2023,30 a 34 anos,52.0
2309458,Ocara - CE,2023,35 a 39 anos,30.0
2309458,Ocara - CE,2023,40 a 44 anos,13.0
2309458,Ocara - CE,2023,45 a 49 anos,
2309458,Ocara - CE,2023,50 anos ou mais,
2309458,Ocara - CE,2023,Ignorada,
2309458,Ocara - CE,2024,Total,239.0
2309458,Ocara - CE,2024,Menos de 15 anos,2.0
2309458,Ocara - CE,2024,15 a 19 anos,31.0
2309458,Ocara - CE,2024,20 a 24 anos,63.0
2309458,Ocara - CE,2024,25 a 29 anos,51.0
2309458,Ocara - CE,2024,30 a 34 anos,53.0
2309458,Ocara - CE,2024,35 a 39 anos,28.0
2309458,Ocara - CE,2024,40 a 44 anos,8.0
2309458,Ocara - CE,2024,45 a 49 anos,1.0
2309458,Ocara - CE,2024,50 anos ou mais,
2309458,Ocara - CE,2024,Ignorada,2.0
2309508,Orós - CE,2020,Total,200.0
2309508,Orós - CE,2020,Menos de 15 anos,3.0
2309508,Orós - CE,2020,15 a 19 anos,32.0
2309508,Orós - CE,2020,20 a 24 anos,41.0
2309508,Orós - CE,2020,25 a 29 anos,46.0
2309508,Orós - CE,2020,30 a 34 anos,41.0
2309508,Orós - CE,2020,35 a 39 anos,27.0
2309508,Orós - CE,2020,40 a 44 anos,10.0
2309508,Orós - CE,2020,45 a 49 anos,
2309508,Orós - CE,2020,50 anos ou mais,
2309508,Orós - CE,2020,Ignorada,
2309508,Orós - CE,2021,Total,227.0
2309508,Orós - CE,2021,Menos de 15 anos,3.0
2309508,Orós - CE,2021,15 a 19 anos,30.0
2309508,Orós - CE,2021,20 a 24 anos,55.0
2309508,Orós - CE,2021,25 a 29 anos,54.0
2309508,Orós - CE,2021,30 a 34 anos,46.0
2309508,Orós - CE,2021,35 a 39 anos,33.0
2309508,Orós - CE,2021,40 a 44 anos,4.0
2309508,Orós - CE,2021,45 a 49 anos,2.0
2309508,Orós - CE,2021,50 anos ou mais,
2309508,Orós - CE,2021,Ignorada,
2309508,Orós - CE,2022,Total,230.0
2309508,Orós - CE,2022,Menos de 15 anos,5.0
2309508,Orós - CE,2022,15 a 19 anos,37.0
2309508,Orós - CE,2022,20 a 24 anos,63.0
2309508,Orós - CE,2022,25 a 29 anos,51.0
2309508,Orós - CE,2022,30 a 34 anos,47.0
2309508,Orós - CE,2022,35 a 39 anos,20.0
2309508,Orós - CE,2022,40 a 44 anos,7.0
2309508,Orós - CE,2022,45 a 49 anos,
2309508,Orós - CE,2022,50 anos ou mais,
2309508,Orós - CE,2022,Ignorada,
2309508,Orós - CE,2023,Total,191.0
2309508,Orós - CE,2023,Menos de 15 anos,1.0
2309508,Orós - CE,2023,15 a 19 anos,26.0
2309508,Orós - CE,2023,20 a 24 anos,58.0
2309508,Orós - CE,2023,25 a 29 anos,34.0
2309508,Orós - CE,2023,30 a 34 anos,42.0
2309508,Orós - CE,2023,35 a 39 anos,22.0
2309508,Orós - CE,2023,40 a 44 anos,8.0
2309508,Orós - CE,2023,45 a 49 anos,
2309508,Orós - CE,2023,50 anos ou mais,
2309508,Orós - CE,2023,Ignorada,
2309508,Orós - CE,2024,Total,170.0
2309508,Orós - CE,2024,Menos de 15 anos,1.0
2309508,Orós - CE,2024,15 a 19 anos,19.0
2309508,Orós - CE,2024,20 a 24 anos,49.0
2309508,Orós - CE,2024,25 a 29 anos,44.0
2309508,Orós - CE,2024,30 a 34 anos,27.0
2309508,Orós - CE,2024,35 a 39 anos,25.0
2309508,Orós - CE,2024,40 a 44 anos,4.0
2309508,Orós - CE,2024,45 a 49 anos,1.0
2309508,Orós - CE,2024,50 anos ou mais,
2309508,Orós - CE,2024,Ignorada,
2309607,Pacajus - CE,2020,Total,960.0
2309607,Pacajus - CE,2020,Menos de 15 anos,6.0
2309607,Pacajus - CE,2020,15 a 19 anos,122.0
2309607,Pacajus - CE,2020,20 a 24 anos,255.0
2309607,Pacajus - CE,2020,25 a 29 anos,237.0
2309607,Pacajus - CE,2020,30 a 34 anos,196.0
2309607,Pacajus - CE,2020,35 a 39 anos,103.0
2309607,Pacajus - CE,2020,40 a 44 anos,34.0
2309607,Pacajus - CE,2020,45 a 49 anos,1.0
2309607,Pacajus - CE,2020,50 anos ou mais,
2309607,Pacajus - CE,2020,Ignorada,6.0
2309607,Pacajus - CE,2021,Total,1000.0
2309607,Pacajus - CE,2021,Menos de 15 anos,7.0
2309607,Pacajus - CE,2021,15 a 19 anos,121.0
2309607,Pacajus - CE,2021,20 a 24 anos,246.0
2309607,Pacajus - CE,2021,25 a 29 anos,277.0
2309607,Pacajus - CE,2021,30 a 34 anos,205.0
2309607,Pacajus - CE,2021,35 a 39 anos,112.0
2309607,Pacajus - CE,2021,40 a 44 anos,30.0
2309607,Pacajus - CE,2021,45 a 49 anos,2.0
2309607,Pacajus - CE,2021,50 anos ou mais,
2309607,Pacajus - CE,2021,Ignorada,
2309607,Pacajus - CE,2022,Total,900.0
2309607,Pacajus - CE,2022,Menos de 15 anos,3.0
2309607,Pacajus - CE,2022,15 a 19 anos,116.0
2309607,Pacajus - CE,2022,20 a 24 anos,208.0
2309607,Pacajus - CE,2022,25 a 29 anos,254.0
2309607,Pacajus - CE,2022,30 a 34 anos,171.0
2309607,Pacajus - CE,2022,35 a 39 anos,116.0
2309607,Pacajus - CE,2022,40 a 44 anos,31.0
2309607,Pacajus - CE,2022,45 a 49 anos,1.0
2309607,Pacajus - CE,2022,50 anos ou mais,
2309607,Pacajus - CE,2022,Ignorada,
2309607,Pacajus - CE,2023,Total,844.0
2309607,Pacajus - CE,2023,Menos de 15 anos,7.0
2309607,Pacajus - CE,2023,15 a 19 anos,81.0
2309607,Pacajus - CE,2023,20 a 24 anos,208.0
2309607,Pacajus - CE,2023,25 a 29 anos,226.0
2309607,Pacajus - CE,2023,30 a 34 anos,184.0
2309607,Pacajus - CE,2023,35 a 39 anos,105.0
2309607,Pacajus - CE,2023,40 a 44 anos,32.0
2309607,Pacajus - CE,2023,45 a 49 anos,1.0
2309607,Pacajus - CE,2023,50 anos ou mais,
2309607,Pacajus - CE,2023,Ignorada,
2309607,Pacajus - CE,2024,Total,807.0
2309607,Pacajus - CE,2024,Menos de 15 anos,6.0
2309607,Pacajus - CE,2024,15 a 19 anos,92.0
2309607,Pacajus - CE,2024,20 a 24 anos,178.0
2309607,Pacajus - CE,2024,25 a 29 anos,204.0
2309607,Pacajus - CE,2024,30 a 34 anos,192.0
2309607,Pacajus - CE,2024,35 a 39 anos,100.0
2309607,Pacajus - CE,2024,40 a 44 anos,33.0
2309607,Pacajus - CE,2024,45 a 49 anos,2.0
2309607,Pacajus - CE,2024,50 anos ou mais,
2309607,Pacajus - CE,2024,Ignorada,
2309706,Pacatuba - CE,2020,Total,995.0
2309706,Pacatuba - CE,2020,Menos de 15 anos,5.0
2309706,Pacatuba - CE,2020,15 a 19 anos,117.0
2309706,Pacatuba - CE,2020,20 a 24 anos,270.0
2309706,Pacatuba - CE,2020,25 a 29 anos,250.0
2309706,Pacatuba - CE,2020,30 a 34 anos,210.0
2309706,Pacatuba - CE,2020,35 a 39 anos,119.0
2309706,Pacatuba - CE,2020,40 a 44 anos,22.0
2309706,Pacatuba - CE,2020,45 a 49 anos,1.0
2309706,Pacatuba - CE,2020,50 anos ou mais,
2309706,Pacatuba - CE,2020,Ignorada,1.0
2309706,Pacatuba - CE,2021,Total,1110.0
2309706,Pacatuba - CE,2021,Menos de 15 anos,6.0
2309706,Pacatuba - CE,2021,15 a 19 anos,145.0
2309706,Pacatuba - CE,2021,20 a 24 anos,277.0
2309706,Pacatuba - CE,2021,25 a 29 anos,280.0
2309706,Pacatuba - CE,2021,30 a 34 anos,221.0
2309706,Pacatuba - CE,2021,35 a 39 anos,135.0
2309706,Pacatuba - CE,2021,40 a 44 anos,44.0
2309706,Pacatuba - CE,2021,45 a 49 anos,2.0
2309706,Pacatuba - CE,2021,50 anos ou mais,
2309706,Pacatuba - CE,2021,Ignorada,
2309706,Pacatuba - CE,2022,Total,1022.0
2309706,Pacatuba - CE,2022,Menos de 15 anos,4.0
2309706,Pacatuba - CE,2022,15 a 19 anos,105.0
2309706,Pacatuba - CE,2022,20 a 24 anos,249.0
2309706,Pacatuba - CE,2022,25 a 29 anos,260.0
2309706,Pacatuba - CE,2022,30 a 34 anos,227.0
2309706,Pacatuba - CE,2022,35 a 39 anos,127.0
2309706,Pacatuba - CE,2022,40 a 44 anos,48.0
2309706,Pacatuba - CE,2022,45 a 49 anos,1.0
2309706,Pacatuba - CE,2022,50 anos ou mais,
2309706,Pacatuba - CE,2022,Ignorada,1.0
2309706,Pacatuba - CE,2023,Total,1043.0
2309706,Pacatuba - CE,2023,Menos de 15 anos,5.0
2309706,Pacatuba - CE,2023,15 a 19 anos,114.0
2309706,Pacatuba - CE,2023,20 a 24 anos,235.0
2309706,Pacatuba - CE,2023,25 a 29 anos,277.0
2309706,Pacatuba - CE,2023,30 a 34 anos,241.0
2309706,Pacatuba - CE,2023,35 a 39 anos,126.0
2309706,Pacatuba - CE,2023,40 a 44 anos,43.0
2309706,Pacatuba - CE,2023,45 a 49 anos,2.0
2309706,Pacatuba - CE,2023,50 anos ou mais,
2309706,Pacatuba - CE,2023,Ignorada,
2309706,Pacatuba - CE,2024,Total,938.0
2309706,Pacatuba - CE,2024,Menos de 15 anos,4.0
2309706,Pacatuba - CE,2024,15 a 19 anos,88.0
2309706,Pacatuba - CE,2024,20 a 24 anos,239.0
2309706,Pacatuba - CE,2024,25 a 29 anos,251.0
2309706,Pacatuba - CE,2024,30 a 34 anos,210.0
2309706,Pacatuba - CE,2024,35 a 39 anos,118.0
2309706,Pacatuba - CE,2024,40 a 44 anos,27.0
2309706,Pacatuba - CE,2024,45 a 49 anos,1.0
2309706,Pacatuba - CE,2024,50 anos ou mais,
2309706,Pacatuba - CE,2024,Ignorada,
2309805,Pacoti - CE,2020,Total,142.0
2309805,Pacoti - CE,2020,Menos de 15 anos,2.0
2309805,Pacoti - CE,2020,15 a 19 anos,22.0
2309805,Pacoti - CE,2020,20 a 24 anos,46.0
2309805,Pacoti - CE,2020,25 a 29 anos,28.0
2309805,Pacoti - CE,2020,30 a 34 anos,21.0
2309805,Pacoti - CE,2020,35 a 39 anos,16.0
2309805,Pacoti - CE,2020,40 a 44 anos,6.0
2309805,Pacoti - CE,2020,45 a 49 anos,
2309805,Pacoti - CE,2020,50 anos ou mais,
2309805,Pacoti - CE,2020,Ignorada,1.0
2309805,Pacoti - CE,2021,Total,141.0
2309805,Pacoti - CE,2021,Menos de 15 anos,1.0
2309805,Pacoti - CE,2021,15 a 19 anos,20.0
2309805,Pacoti - CE,2021,20 a 24 anos,33.0
2309805,Pacoti - CE,2021,25 a 29 anos,37.0
2309805,Pacoti - CE,2021,30 a 34 anos,26.0
2309805,Pacoti - CE,2021,35 a 39 anos,23.0
2309805,Pacoti - CE,2021,40 a 44 anos,1.0
2309805,Pacoti - CE,2021,45 a 49 anos,
2309805,Pacoti - CE,2021,50 anos ou mais,
2309805,Pacoti - CE,2021,Ignorada,
2309805,Pacoti - CE,2022,Total,130.0
2309805,Pacoti - CE,2022,Menos de 15 anos,
2309805,Pacoti - CE,2022,15 a 19 anos,21.0
2309805,Pacoti - CE,2022,20 a 24 anos,31.0
2309805,Pacoti - CE,2022,25 a 29 anos,27.0
2309805,Pacoti - CE,2022,30 a 34 anos,22.0
2309805,Pacoti - CE,2022,35 a 39 anos,17.0
2309805,Pacoti - CE,2022,40 a 44 anos,12.0
2309805,Pacoti - CE,2022,45 a 49 anos,
2309805,Pacoti - CE,2022,50 anos ou mais,
2309805,Pacoti - CE,2022,Ignorada,
2309805,Pacoti - CE,2023,Total,139.0
2309805,Pacoti - CE,2023,Menos de 15 anos,1.0
2309805,Pacoti - CE,2023,15 a 19 anos,18.0
2309805,Pacoti - CE,2023,20 a 24 anos,28.0
2309805,Pacoti - CE,2023,25 a 29 anos,40.0
2309805,Pacoti - CE,2023,30 a 34 anos,27.0
2309805,Pacoti - CE,2023,35 a 39 anos,17.0
2309805,Pacoti - CE,2023,40 a 44 anos,7.0
2309805,Pacoti - CE,2023,45 a 49 anos,1.0
2309805,Pacoti - CE,2023,50 anos ou mais,
2309805,Pacoti - CE,2023,Ignorada,
2309805,Pacoti - CE,2024,Total,141.0
2309805,Pacoti - CE,2024,Menos de 15 anos,1.0
2309805,Pacoti - CE,2024,15 a 19 anos,19.0
2309805,Pacoti - CE,2024,20 a 24 anos,38.0
2309805,Pacoti - CE,2024,25 a 29 anos,37.0
2309805,Pacoti - CE,2024,30 a 34 anos,27.0
2309805,Pacoti - CE,2024,35 a 39 anos,11.0
2309805,Pacoti - CE,2024,40 a 44 anos,6.0
2309805,Pacoti - CE,2024,45 a 49 anos,2.0
2309805,Pacoti - CE,2024,50 anos ou mais,
2309805,Pacoti - CE,2024,Ignorada,
2309904,Pacujá - CE,2020,Total,79.0
2309904,Pacujá - CE,2020,Menos de 15 anos,3.0
2309904,Pacujá - CE,2020,15 a 19 anos,12.0
2309904,Pacujá - CE,2020,20 a 24 anos,23.0
2309904,Pacujá - CE,2020,25 a 29 anos,17.0
2309904,Pacujá - CE,2020,30 a 34 anos,14.0
2309904,Pacujá - CE,2020,35 a 39 anos,9.0
2309904,Pacujá - CE,2020,40 a 44 anos,1.0
2309904,Pacujá - CE,2020,45 a 49 anos,
2309904,Pacujá - CE,2020,50 anos ou mais,
2309904,Pacujá - CE,2020,Ignorada,
2309904,Pacujá - CE,2021,Total,71.0
2309904,Pacujá - CE,2021,Menos de 15 anos,
2309904,Pacujá - CE,2021,15 a 19 anos,12.0
2309904,Pacujá - CE,2021,20 a 24 anos,17.0
2309904,Pacujá - CE,2021,25 a 29 anos,18.0
2309904,Pacujá - CE,2021,30 a 34 anos,15.0
2309904,Pacujá - CE,2021,35 a 39 anos,7.0
2309904,Pacujá - CE,2021,40 a 44 anos,1.0
2309904,Pacujá - CE,2021,45 a 49 anos,1.0
2309904,Pacujá - CE,2021,50 anos ou mais,
2309904,Pacujá - CE,2021,Ignorada,
2309904,Pacujá - CE,2022,Total,75.0
2309904,Pacujá - CE,2022,Menos de 15 anos,1.0
2309904,Pacujá - CE,2022,15 a 19 anos,15.0
2309904,Pacujá - CE,2022,20 a 24 anos,9.0
2309904,Pacujá - CE,2022,25 a 29 anos,27.0
2309904,Pacujá - CE,2022,30 a 34 anos,8.0
2309904,Pacujá - CE,2022,35 a 39 anos,12.0
2309904,Pacujá - CE,2022,40 a 44 anos,3.0
2309904,Pacujá - CE,2022,45 a 49 anos,
2309904,Pacujá - CE,2022,50 anos ou mais,
2309904,Pacujá - CE,2022,Ignorada,
2309904,Pacujá - CE,2023,Total,50.0
2309904,Pacujá - CE,2023,Menos de 15 anos,
2309904,Pacujá - CE,2023,15 a 19 anos,4.0
2309904,Pacujá - CE,2023,20 a 24 anos,11.0
2309904,Pacujá - CE,2023,25 a 29 anos,17.0
2309904,Pacujá - CE,2023,30 a 34 anos,9.0
2309904,Pacujá - CE,2023,35 a 39 anos,9.0
2309904,Pacujá - CE,2023,40 a 44 anos,
2309904,Pacujá - CE,2023,45 a 49 anos,
2309904,Pacujá - CE,2023,50 anos ou mais,
2309904,Pacujá - CE,2023,Ignorada,
2309904,Pacujá - CE,2024,Total,62.0
2309904,Pacujá - CE,2024,Menos de 15 anos,
2309904,Pacujá - CE,2024,15 a 19 anos,7.0
2309904,Pacujá - CE,2024,20 a 24 anos,17.0
2309904,Pacujá - CE,2024,25 a 29 anos,6.0
2309904,Pacujá - CE,2024,30 a 34 anos,16.0
2309904,Pacujá - CE,2024,35 a 39 anos,12.0
2309904,Pacujá - CE,2024,40 a 44 anos,3.0
2309904,Pacujá - CE,2024,45 a 49 anos,1.0
2309904,Pacujá - CE,2024,50 anos ou mais,
2309904,Pacujá - CE,2024,Ignorada,
2310001,Palhano - CE,2020,Total,120.0
2310001,Palhano - CE,2020,Menos de 15 anos,
2310001,Palhano - CE,2020,15 a 19 anos,7.0
2310001,Palhano - CE,2020,20 a 24 anos,26.0
2310001,Palhano - CE,2020,25 a 29 anos,38.0
2310001,Palhano - CE,2020,30 a 34 anos,30.0
2310001,Palhano - CE,2020,35 a 39 anos,13.0
2310001,Palhano - CE,2020,40 a 44 anos,5.0
2310001,Palhano - CE,2020,45 a 49 anos,1.0
2310001,Palhano - CE,2020,50 anos ou mais,
2310001,Palhano - CE,2020,Ignorada,
2310001,Palhano - CE,2021,Total,102.0
2310001,Palhano - CE,2021,Menos de 15 anos,1.0
2310001,Palhano - CE,2021,15 a 19 anos,10.0
2310001,Palhano - CE,2021,20 a 24 anos,22.0
2310001,Palhano - CE,2021,25 a 29 anos,26.0
2310001,Palhano - CE,2021,30 a 34 anos,18.0
2310001,Palhano - CE,2021,35 a 39 anos,21.0
2310001,Palhano - CE,2021,40 a 44 anos,4.0
2310001,Palhano - CE,2021,45 a 49 anos,
2310001,Palhano - CE,2021,50 anos ou mais,
2310001,Palhano - CE,2021,Ignorada,
2310001,Palhano - CE,2022,Total,95.0
2310001,Palhano - CE,2022,Menos de 15 anos,
2310001,Palhano - CE,2022,15 a 19 anos,7.0
2310001,Palhano - CE,2022,20 a 24 anos,16.0
2310001,Palhano - CE,2022,25 a 29 anos,25.0
2310001,Palhano - CE,2022,30 a 34 anos,21.0
2310001,Palhano - CE,2022,35 a 39 anos,18.0
2310001,Palhano - CE,2022,40 a 44 anos,8.0
2310001,Palhano - CE,2022,45 a 49 anos,
2310001,Palhano - CE,2022,50 anos ou mais,
2310001,Palhano - CE,2022,Ignorada,
2310001,Palhano - CE,2023,Total,96.0
2310001,Palhano - CE,2023,Menos de 15 anos,
2310001,Palhano - CE,2023,15 a 19 anos,12.0
2310001,Palhano - CE,2023,20 a 24 anos,17.0
2310001,Palhano - CE,2023,25 a 29 anos,24.0
2310001,Palhano - CE,2023,30 a 34 anos,18.0
2310001,Palhano - CE,2023,35 a 39 anos,19.0
2310001,Palhano - CE,2023,40 a 44 anos,6.0
2310001,Palhano - CE,2023,45 a 49 anos,
2310001,Palhano - CE,2023,50 anos ou mais,
2310001,Palhano - CE,2023,Ignorada,
2310001,Palhano - CE,2024,Total,66.0
2310001,Palhano - CE,2024,Menos de 15 anos,
2310001,Palhano - CE,2024,15 a 19 anos,8.0
2310001,Palhano - CE,2024,20 a 24 anos,9.0
2310001,Palhano - CE,2024,25 a 29 anos,17.0
2310001,Palhano - CE,2024,30 a 34 anos,14.0
2310001,Palhano - CE,2024,35 a 39 anos,11.0
2310001,Palhano - CE,2024,40 a 44 anos,7.0
2310001,Palhano - CE,2024,45 a 49 anos,
2310001,Palhano - CE,2024,50 anos ou mais,
2310001,Palhano - CE,2024,Ignorada,
2310100,Palmácia - CE,2020,Total,122.0
2310100,Palmácia - CE,2020,Menos de 15 anos,4.0
2310100,Palmácia - CE,2020,15 a 19 anos,20.0
2310100,Palmácia - CE,2020,20 a 24 anos,36.0
2310100,Palmácia - CE,2020,25 a 29 anos,28.0
2310100,Palmácia - CE,2020,30 a 34 anos,25.0
2310100,Palmácia - CE,2020,35 a 39 anos,4.0
2310100,Palmácia - CE,2020,40 a 44 anos,5.0
2310100,Palmácia - CE,2020,45 a 49 anos,
2310100,Palmácia - CE,2020,50 anos ou mais,
2310100,Palmácia - CE,2020,Ignorada,
2310100,Palmácia - CE,2021,Total,117.0
2310100,Palmácia - CE,2021,Menos de 15 anos,2.0
2310100,Palmácia - CE,2021,15 a 19 anos,16.0
2310100,Palmácia - CE,2021,20 a 24 anos,30.0
2310100,Palmácia - CE,2021,25 a 29 anos,24.0
2310100,Palmácia - CE,2021,30 a 34 anos,24.0
2310100,Palmácia - CE,2021,35 a 39 anos,15.0
2310100,Palmácia - CE,2021,40 a 44 anos,6.0
2310100,Palmácia - CE,2021,45 a 49 anos,
2310100,Palmácia - CE,2021,50 anos ou mais,
2310100,Palmácia - CE,2021,Ignorada,
2310100,Palmácia - CE,2022,Total,97.0
2310100,Palmácia - CE,2022,Menos de 15 anos,
2310100,Palmácia - CE,2022,15 a 19 anos,19.0
2310100,Palmácia - CE,2022,20 a 24 anos,23.0
2310100,Palmácia - CE,2022,25 a 29 anos,16.0
2310100,Palmácia - CE,2022,30 a 34 anos,23.0
2310100,Palmácia - CE,2022,35 a 39 anos,12.0
2310100,Palmácia - CE,2022,40 a 44 anos,4.0
2310100,Palmácia - CE,2022,45 a 49 anos,
2310100,Palmácia - CE,2022,50 anos ou mais,
2310100,Palmácia - CE,2022,Ignorada,
2310100,Palmácia - CE,2023,Total,102.0
2310100,Palmácia - CE,2023,Menos de 15 anos,
2310100,Palmácia - CE,2023,15 a 19 anos,11.0
2310100,Palmácia - CE,2023,20 a 24 anos,25.0
2310100,Palmácia - CE,2023,25 a 29 anos,16.0
2310100,Palmácia - CE,2023,30 a 34 anos,26.0
2310100,Palmácia - CE,2023,35 a 39 anos,20.0
2310100,Palmácia - CE,2023,40 a 44 anos,3.0
2310100,Palmácia - CE,2023,45 a 49 anos,1.0
2310100,Palmácia - CE,2023,50 anos ou mais,
2310100,Palmácia - CE,2023,Ignorada,
2310100,Palmácia - CE,2024,Total,93.0
2310100,Palmácia - CE,2024,Menos de 15 anos,
2310100,Palmácia - CE,2024,15 a 19 anos,12.0
2310100,Palmácia - CE,2024,20 a 24 anos,23.0
2310100,Palmácia - CE,2024,25 a 29 anos,21.0
2310100,Palmácia - CE,2024,30 a 34 anos,17.0
2310100,Palmácia - CE,2024,35 a 39 anos,16.0
2310100,Palmácia - CE,2024,40 a 44 anos,4.0
2310100,Palmácia - CE,2024,45 a 49 anos,
2310100,Palmácia - CE,2024,50 anos ou mais,
2310100,Palmácia - CE,2024,Ignorada,
2310209,Paracuru - CE,2020,Total,581.0
2310209,Paracuru - CE,2020,Menos de 15 anos,3.0
2310209,Paracuru - CE,2020,15 a 19 anos,86.0
2310209,Paracuru - CE,2020,20 a 24 anos,144.0
2310209,Paracuru - CE,2020,25 a 29 anos,142.0
2310209,Paracuru - CE,2020,30 a 34 anos,129.0
2310209,Paracuru - CE,2020,35 a 39 anos,65.0
2310209,Paracuru - CE,2020,40 a 44 anos,12.0
2310209,Paracuru - CE,2020,45 a 49 anos,
2310209,Paracuru - CE,2020,50 anos ou mais,
2310209,Paracuru - CE,2020,Ignorada,
2310209,Paracuru - CE,2021,Total,565.0
2310209,Paracuru - CE,2021,Menos de 15 anos,3.0
2310209,Paracuru - CE,2021,15 a 19 anos,87.0
2310209,Paracuru - CE,2021,20 a 24 anos,128.0
2310209,Paracuru - CE,2021,25 a 29 anos,146.0
2310209,Paracuru - CE,2021,30 a 34 anos,109.0
2310209,Paracuru - CE,2021,35 a 39 anos,71.0
2310209,Paracuru - CE,2021,40 a 44 anos,21.0
2310209,Paracuru - CE,2021,45 a 49 anos,
2310209,Paracuru - CE,2021,50 anos ou mais,
2310209,Paracuru - CE,2021,Ignorada,
2310209,Paracuru - CE,2022,Total,562.0
2310209,Paracuru - CE,2022,Menos de 15 anos,5.0
2310209,Paracuru - CE,2022,15 a 19 anos,65.0
2310209,Paracuru - CE,2022,20 a 24 anos,144.0
2310209,Paracuru - CE,2022,25 a 29 anos,152.0
2310209,Paracuru - CE,2022,30 a 34 anos,99.0
2310209,Paracuru - CE,2022,35 a 39 anos,76.0
2310209,Paracuru - CE,2022,40 a 44 anos,20.0
2310209,Paracuru - CE,2022,45 a 49 anos,1.0
2310209,Paracuru - CE,2022,50 anos ou mais,
2310209,Paracuru - CE,2022,Ignorada,
2310209,Paracuru - CE,2023,Total,519.0
2310209,Paracuru - CE,2023,Menos de 15 anos,5.0
2310209,Paracuru - CE,2023,15 a 19 anos,51.0
2310209,Paracuru - CE,2023,20 a 24 anos,118.0
2310209,Paracuru - CE,2023,25 a 29 anos,139.0
2310209,Paracuru - CE,2023,30 a 34 anos,118.0
2310209,Paracuru - CE,2023,35 a 39 anos,67.0
2310209,Paracuru - CE,2023,40 a 44 anos,19.0
2310209,Paracuru - CE,2023,45 a 49 anos,2.0
2310209,Paracuru - CE,2023,50 anos ou mais,
2310209,Paracuru - CE,2023,Ignorada,
2310209,Paracuru - CE,2024,Total,428.0
2310209,Paracuru - CE,2024,Menos de 15 anos,6.0
2310209,Paracuru - CE,2024,15 a 19 anos,47.0
2310209,Paracuru - CE,2024,20 a 24 anos,85.0
2310209,Paracuru - CE,2024,25 a 29 anos,121.0
2310209,Paracuru - CE,2024,30 a 34 anos,93.0
2310209,Paracuru - CE,2024,35 a 39 anos,54.0
2310209,Paracuru - CE,2024,40 a 44 anos,22.0
2310209,Paracuru - CE,2024,45 a 49 anos,
2310209,Paracuru - CE,2024,50 anos ou mais,
2310209,Paracuru - CE,2024,Ignorada,
2310258,Paraipaba - CE,2020,Total,453.0
2310258,Paraipaba - CE,2020,Menos de 15 anos,2.0
2310258,Paraipaba - CE,2020,15 a 19 anos,56.0
2310258,Paraipaba - CE,2020,20 a 24 anos,111.0
2310258,Paraipaba - CE,2020,25 a 29 anos,139.0
2310258,Paraipaba - CE,2020,30 a 34 anos,79.0
2310258,Paraipaba - CE,2020,35 a 39 anos,42.0
2310258,Paraipaba - CE,2020,40 a 44 anos,22.0
2310258,Paraipaba - CE,2020,45 a 49 anos,1.0
2310258,Paraipaba - CE,2020,50 anos ou mais,1.0
2310258,Paraipaba - CE,2020,Ignorada,
2310258,Paraipaba - CE,2021,Total,418.0
2310258,Paraipaba - CE,2021,Menos de 15 anos,3.0
2310258,Paraipaba - CE,2021,15 a 19 anos,59.0
2310258,Paraipaba - CE,2021,20 a 24 anos,114.0
2310258,Paraipaba - CE,2021,25 a 29 anos,102.0
2310258,Paraipaba - CE,2021,30 a 34 anos,82.0
2310258,Paraipaba - CE,2021,35 a 39 anos,43.0
2310258,Paraipaba - CE,2021,40 a 44 anos,15.0
2310258,Paraipaba - CE,2021,45 a 49 anos,
2310258,Paraipaba - CE,2021,50 anos ou mais,
2310258,Paraipaba - CE,2021,Ignorada,
2310258,Paraipaba - CE,2022,Total,436.0
2310258,Paraipaba - CE,2022,Menos de 15 anos,6.0
2310258,Paraipaba - CE,2022,15 a 19 anos,54.0
2310258,Paraipaba - CE,2022,20 a 24 anos,112.0
2310258,Paraipaba - CE,2022,25 a 29 anos,114.0
2310258,Paraipaba - CE,2022,30 a 34 anos,77.0
2310258,Paraipaba - CE,2022,35 a 39 anos,57.0
2310258,Paraipaba - CE,2022,40 a 44 anos,15.0
2310258,Paraipaba - CE,2022,45 a 49 anos,1.0
2310258,Paraipaba - CE,2022,50 anos ou mais,
2310258,Paraipaba - CE,2022,Ignorada,
2310258,Paraipaba - CE,2023,Total,425.0
2310258,Paraipaba - CE,2023,Menos de 15 anos,1.0
2310258,Paraipaba - CE,2023,15 a 19 anos,62.0
2310258,Paraipaba - CE,2023,20 a 24 anos,102.0
2310258,Paraipaba - CE,2023,25 a 29 anos,112.0
2310258,Paraipaba - CE,2023,30 a 34 anos,92.0
2310258,Paraipaba - CE,2023,35 a 39 anos,37.0
2310258,Paraipaba - CE,2023,40 a 44 anos,19.0
2310258,Paraipaba - CE,2023,45 a 49 anos,
2310258,Paraipaba - CE,2023,50 anos ou mais,
2310258,Paraipaba - CE,2023,Ignorada,
2310258,Paraipaba - CE,2024,Total,411.0
2310258,Paraipaba - CE,2024,Menos de 15 anos,3.0
2310258,Paraipaba - CE,2024,15 a 19 anos,48.0
2310258,Paraipaba - CE,2024,20 a 24 anos,105.0
2310258,Paraipaba - CE,2024,25 a 29 anos,123.0
2310258,Paraipaba - CE,2024,30 a 34 anos,66.0
2310258,Paraipaba - CE,2024,35 a 39 anos,46.0
2310258,Paraipaba - CE,2024,40 a 44 anos,18.0
2310258,Paraipaba - CE,2024,45 a 49 anos,1.0
2310258,Paraipaba - CE,2024,50 anos ou mais,
2310258,Paraipaba - CE,2024,Ignorada,1.0
2310308,Parambu - CE,2020,Total,397.0
2310308,Parambu - CE,2020,Menos de 15 anos,3.0
2310308,Parambu - CE,2020,15 a 19 anos,58.0
2310308,Parambu - CE,2020,20 a 24 anos,124.0
2310308,Parambu - CE,2020,25 a 29 anos,95.0
2310308,Parambu - CE,2020,30 a 34 anos,67.0
2310308,Parambu - CE,2020,35 a 39 anos,42.0
2310308,Parambu - CE,2020,40 a 44 anos,8.0
2310308,Parambu - CE,2020,45 a 49 anos,
2310308,Parambu - CE,2020,50 anos ou mais,
2310308,Parambu - CE,2020,Ignorada,
2310308,Parambu - CE,2021,Total,441.0
2310308,Parambu - CE,2021,Menos de 15 anos,3.0
2310308,Parambu - CE,2021,15 a 19 anos,62.0
2310308,Parambu - CE,2021,20 a 24 anos,105.0
2310308,Parambu - CE,2021,25 a 29 anos,126.0
2310308,Parambu - CE,2021,30 a 34 anos,81.0
2310308,Parambu - CE,2021,35 a 39 anos,39.0
2310308,Parambu - CE,2021,40 a 44 anos,21.0
2310308,Parambu - CE,2021,45 a 49 anos,4.0
2310308,Parambu - CE,2021,50 anos ou mais,
2310308,Parambu - CE,2021,Ignorada,
2310308,Parambu - CE,2022,Total,422.0
2310308,Parambu - CE,2022,Menos de 15 anos,2.0
2310308,Parambu - CE,2022,15 a 19 anos,50.0
2310308,Parambu - CE,2022,20 a 24 anos,99.0
2310308,Parambu - CE,2022,25 a 29 anos,101.0
2310308,Parambu - CE,2022,30 a 34 anos,100.0
2310308,Parambu - CE,2022,35 a 39 anos,50.0
2310308,Parambu - CE,2022,40 a 44 anos,19.0
2310308,Parambu - CE,2022,45 a 49 anos,1.0
2310308,Parambu - CE,2022,50 anos ou mais,
2310308,Parambu - CE,2022,Ignorada,
2310308,Parambu - CE,2023,Total,416.0
2310308,Parambu - CE,2023,Menos de 15 anos,4.0
2310308,Parambu - CE,2023,15 a 19 anos,56.0
2310308,Parambu - CE,2023,20 a 24 anos,104.0
2310308,Parambu - CE,2023,25 a 29 anos,98.0
2310308,Parambu - CE,2023,30 a 34 anos,92.0
2310308,Parambu - CE,2023,35 a 39 anos,48.0
2310308,Parambu - CE,2023,40 a 44 anos,13.0
2310308,Parambu - CE,2023,45 a 49 anos,1.0
2310308,Parambu - CE,2023,50 anos ou mais,
2310308,Parambu - CE,2023,Ignorada,
2310308,Parambu - CE,2024,Total,379.0
2310308,Parambu - CE,2024,Menos de 15 anos,2.0
2310308,Parambu - CE,2024,15 a 19 anos,46.0
2310308,Parambu - CE,2024,20 a 24 anos,72.0
2310308,Parambu - CE,2024,25 a 29 anos,121.0
2310308,Parambu - CE,2024,30 a 34 anos,71.0
2310308,Parambu - CE,2024,35 a 39 anos,54.0
2310308,Parambu - CE,2024,40 a 44 anos,11.0
2310308,Parambu - CE,2024,45 a 49 anos,2.0
2310308,Parambu - CE,2024,50 anos ou mais,
2310308,Parambu - CE,2024,Ignorada,
2310407,Paramoti - CE,2020,Total,138.0
2310407,Paramoti - CE,2020,Menos de 15 anos,2.0
2310407,Paramoti - CE,2020,15 a 19 anos,19.0
2310407,Paramoti - CE,2020,20 a 24 anos,33.0
2310407,Paramoti - CE,2020,25 a 29 anos,35.0
2310407,Paramoti - CE,2020,30 a 34 anos,34.0
2310407,Paramoti - CE,2020,35 a 39 anos,13.0
2310407,Paramoti - CE,2020,40 a 44 anos,2.0
2310407,Paramoti - CE,2020,45 a 49 anos,
2310407,Paramoti - CE,2020,50 anos ou mais,
2310407,Paramoti - CE,2020,Ignorada,
2310407,Paramoti - CE,2021,Total,111.0
2310407,Paramoti - CE,2021,Menos de 15 anos,1.0
2310407,Paramoti - CE,2021,15 a 19 anos,25.0
2310407,Paramoti - CE,2021,20 a 24 anos,31.0
2310407,Paramoti - CE,2021,25 a 29 anos,24.0
2310407,Paramoti - CE,2021,30 a 34 anos,12.0
2310407,Paramoti - CE,2021,35 a 39 anos,11.0
2310407,Paramoti - CE,2021,40 a 44 anos,7.0
2310407,Paramoti - CE,2021,45 a 49 anos,
2310407,Paramoti - CE,2021,50 anos ou mais,
2310407,Paramoti - CE,2021,Ignorada,
2310407,Paramoti - CE,2022,Total,130.0
2310407,Paramoti - CE,2022,Menos de 15 anos,3.0
2310407,Paramoti - CE,2022,15 a 19 anos,17.0
2310407,Paramoti - CE,2022,20 a 24 anos,41.0
2310407,Paramoti - CE,2022,25 a 29 anos,34.0
2310407,Paramoti - CE,2022,30 a 34 anos,15.0
2310407,Paramoti - CE,2022,35 a 39 anos,15.0
2310407,Paramoti - CE,2022,40 a 44 anos,5.0
2310407,Paramoti - CE,2022,45 a 49 anos,
2310407,Paramoti - CE,2022,50 anos ou mais,
2310407,Paramoti - CE,2022,Ignorada,
2310407,Paramoti - CE,2023,Total,125.0
2310407,Paramoti - CE,2023,Menos de 15 anos,2.0
2310407,Paramoti - CE,2023,15 a 19 anos,22.0
2310407,Paramoti - CE,2023,20 a 24 anos,39.0
2310407,Paramoti - CE,2023,25 a 29 anos,21.0
2310407,Paramoti - CE,2023,30 a 34 anos,23.0
2310407,Paramoti - CE,2023,35 a 39 anos,12.0
2310407,Paramoti - CE,2023,40 a 44 anos,6.0
2310407,Paramoti - CE,2023,45 a 49 anos,
2310407,Paramoti - CE,2023,50 anos ou mais,
2310407,Paramoti - CE,2023,Ignorada,
2310407,Paramoti - CE,2024,Total,119.0
2310407,Paramoti - CE,2024,Menos de 15 anos,
2310407,Paramoti - CE,2024,15 a 19 anos,27.0
2310407,Paramoti - CE,2024,20 a 24 anos,31.0
2310407,Paramoti - CE,2024,25 a 29 anos,33.0
2310407,Paramoti - CE,2024,30 a 34 anos,15.0
2310407,Paramoti - CE,2024,35 a 39 anos,13.0
2310407,Paramoti - CE,2024,40 a 44 anos,
2310407,Paramoti - CE,2024,45 a 49 anos,
2310407,Paramoti - CE,2024,50 anos ou mais,
2310407,Paramoti - CE,2024,Ignorada,
2310506,Pedra Branca - CE,2020,Total,455.0
2310506,Pedra Branca - CE,2020,Menos de 15 anos,2.0
2310506,Pedra Branca - CE,2020,15 a 19 anos,70.0
2310506,Pedra Branca - CE,2020,20 a 24 anos,122.0
2310506,Pedra Branca - CE,2020,25 a 29 anos,113.0
2310506,Pedra Branca - CE,2020,30 a 34 anos,87.0
2310506,Pedra Branca - CE,2020,35 a 39 anos,42.0
2310506,Pedra Branca - CE,2020,40 a 44 anos,19.0
2310506,Pedra Branca - CE,2020,45 a 49 anos,
2310506,Pedra Branca - CE,2020,50 anos ou mais,
2310506,Pedra Branca - CE,2020,Ignorada,
2310506,Pedra Branca - CE,2021,Total,470.0
2310506,Pedra Branca - CE,2021,Menos de 15 anos,3.0
2310506,Pedra Branca - CE,2021,15 a 19 anos,69.0
2310506,Pedra Branca - CE,2021,20 a 24 anos,111.0
2310506,Pedra Branca - CE,2021,25 a 29 anos,106.0
2310506,Pedra Branca - CE,2021,30 a 34 anos,92.0
2310506,Pedra Branca - CE,2021,35 a 39 anos,59.0
2310506,Pedra Branca - CE,2021,40 a 44 anos,27.0
2310506,Pedra Branca - CE,2021,45 a 49 anos,2.0
2310506,Pedra Branca - CE,2021,50 anos ou mais,
2310506,Pedra Branca - CE,2021,Ignorada,1.0
2310506,Pedra Branca - CE,2022,Total,397.0
2310506,Pedra Branca - CE,2022,Menos de 15 anos,
2310506,Pedra Branca - CE,2022,15 a 19 anos,54.0
2310506,Pedra Branca - CE,2022,20 a 24 anos,84.0
2310506,Pedra Branca - CE,2022,25 a 29 anos,102.0
2310506,Pedra Branca - CE,2022,30 a 34 anos,92.0
2310506,Pedra Branca - CE,2022,35 a 39 anos,46.0
2310506,Pedra Branca - CE,2022,40 a 44 anos,16.0
2310506,Pedra Branca - CE,2022,45 a 49 anos,1.0
2310506,Pedra Branca - CE,2022,50 anos ou mais,1.0
2310506,Pedra Branca - CE,2022,Ignorada,1.0
2310506,Pedra Branca - CE,2023,Total,425.0
2310506,Pedra Branca - CE,2023,Menos de 15 anos,6.0
2310506,Pedra Branca - CE,2023,15 a 19 anos,70.0
2310506,Pedra Branca - CE,2023,20 a 24 anos,87.0
2310506,Pedra Branca - CE,2023,25 a 29 anos,116.0
2310506,Pedra Branca - CE,2023,30 a 34 anos,81.0
2310506,Pedra Branca - CE,2023,35 a 39 anos,48.0
2310506,Pedra Branca - CE,2023,40 a 44 anos,16.0
2310506,Pedra Branca - CE,2023,45 a 49 anos,1.0
2310506,Pedra Branca - CE,2023,50 anos ou mais,
2310506,Pedra Branca - CE,2023,Ignorada,
2310506,Pedra Branca - CE,2024,Total,418.0
2310506,Pedra Branca - CE,2024,Menos de 15 anos,
2310506,Pedra Branca - CE,2024,15 a 19 anos,50.0
2310506,Pedra Branca - CE,2024,20 a 24 anos,87.0
2310506,Pedra Branca - CE,2024,25 a 29 anos,125.0
2310506,Pedra Branca - CE,2024,30 a 34 anos,75.0
2310506,Pedra Branca - CE,2024,35 a 39 anos,57.0
2310506,Pedra Branca - CE,2024,40 a 44 anos,20.0
2310506,Pedra Branca - CE,2024,45 a 49 anos,2.0
2310506,Pedra Branca - CE,2024,50 anos ou mais,1.0
2310506,Pedra Branca - CE,2024,Ignorada,1.0
2310605,Penaforte - CE,2020,Total,189.0
2310605,Penaforte - CE,2020,Menos de 15 anos,1.0
2310605,Penaforte - CE,2020,15 a 19 anos,31.0
2310605,Penaforte - CE,2020,20 a 24 anos,46.0
2310605,Penaforte - CE,2020,25 a 29 anos,44.0
2310605,Penaforte - CE,2020,30 a 34 anos,40.0
2310605,Penaforte - CE,2020,35 a 39 anos,24.0
2310605,Penaforte - CE,2020,40 a 44 anos,3.0
2310605,Penaforte - CE,2020,45 a 49 anos,
2310605,Penaforte - CE,2020,50 anos ou mais,
2310605,Penaforte - CE,2020,Ignorada,
2310605,Penaforte - CE,2021,Total,179.0
2310605,Penaforte - CE,2021,Menos de 15 anos,
2310605,Penaforte - CE,2021,15 a 19 anos,28.0
2310605,Penaforte - CE,2021,20 a 24 anos,47.0
2310605,Penaforte - CE,2021,25 a 29 anos,46.0
2310605,Penaforte - CE,2021,30 a 34 anos,39.0
2310605,Penaforte - CE,2021,35 a 39 anos,16.0
2310605,Penaforte - CE,2021,40 a 44 anos,3.0
2310605,Penaforte - CE,2021,45 a 49 anos,
2310605,Penaforte - CE,2021,50 anos ou mais,
2310605,Penaforte - CE,2021,Ignorada,
2310605,Penaforte - CE,2022,Total,134.0
2310605,Penaforte - CE,2022,Menos de 15 anos,2.0
2310605,Penaforte - CE,2022,15 a 19 anos,28.0
2310605,Penaforte - CE,2022,20 a 24 anos,36.0
2310605,Penaforte - CE,2022,25 a 29 anos,26.0
2310605,Penaforte - CE,2022,30 a 34 anos,26.0
2310605,Penaforte - CE,2022,35 a 39 anos,15.0
2310605,Penaforte - CE,2022,40 a 44 anos,1.0
2310605,Penaforte - CE,2022,45 a 49 anos,
2310605,Penaforte - CE,2022,50 anos ou mais,
2310605,Penaforte - CE,2022,Ignorada,
2310605,Penaforte - CE,2023,Total,134.0
2310605,Penaforte - CE,2023,Menos de 15 anos,1.0
2310605,Penaforte - CE,2023,15 a 19 anos,32.0
2310605,Penaforte - CE,2023,20 a 24 anos,30.0
2310605,Penaforte - CE,2023,25 a 29 anos,31.0
2310605,Penaforte - CE,2023,30 a 34 anos,23.0
2310605,Penaforte - CE,2023,35 a 39 anos,14.0
2310605,Penaforte - CE,2023,40 a 44 anos,3.0
2310605,Penaforte - CE,2023,45 a 49 anos,
2310605,Penaforte - CE,2023,50 anos ou mais,
2310605,Penaforte - CE,2023,Ignorada,
2310605,Penaforte - CE,2024,Total,158.0
2310605,Penaforte - CE,2024,Menos de 15 anos,1.0
2310605,Penaforte - CE,2024,15 a 19 anos,23.0
2310605,Penaforte - CE,2024,20 a 24 anos,35.0
2310605,Penaforte - CE,2024,25 a 29 anos,35.0
2310605,Penaforte - CE,2024,30 a 34 anos,34.0
2310605,Penaforte - CE,2024,35 a 39 anos,24.0
2310605,Penaforte - CE,2024,40 a 44 anos,6.0
2310605,Penaforte - CE,2024,45 a 49 anos,
2310605,Penaforte - CE,2024,50 anos ou mais,
2310605,Penaforte - CE,2024,Ignorada,
2310704,Pentecoste - CE,2020,Total,553.0
2310704,Pentecoste - CE,2020,Menos de 15 anos,5.0
2310704,Pentecoste - CE,2020,15 a 19 anos,84.0
2310704,Pentecoste - CE,2020,20 a 24 anos,156.0
2310704,Pentecoste - CE,2020,25 a 29 anos,145.0
2310704,Pentecoste - CE,2020,30 a 34 anos,107.0
2310704,Pentecoste - CE,2020,35 a 39 anos,52.0
2310704,Pentecoste - CE,2020,40 a 44 anos,4.0
2310704,Pentecoste - CE,2020,45 a 49 anos,
2310704,Pentecoste - CE,2020,50 anos ou mais,
2310704,Pentecoste - CE,2020,Ignorada,
2310704,Pentecoste - CE,2021,Total,499.0
2310704,Pentecoste - CE,2021,Menos de 15 anos,5.0
2310704,Pentecoste - CE,2021,15 a 19 anos,77.0
2310704,Pentecoste - CE,2021,20 a 24 anos,130.0
2310704,Pentecoste - CE,2021,25 a 29 anos,123.0
2310704,Pentecoste - CE,2021,30 a 34 anos,100.0
2310704,Pentecoste - CE,2021,35 a 39 anos,49.0
2310704,Pentecoste - CE,2021,40 a 44 anos,14.0
2310704,Pentecoste - CE,2021,45 a 49 anos,1.0
2310704,Pentecoste - CE,2021,50 anos ou mais,
2310704,Pentecoste - CE,2021,Ignorada,
2310704,Pentecoste - CE,2022,Total,466.0
2310704,Pentecoste - CE,2022,Menos de 15 anos,4.0
2310704,Pentecoste - CE,2022,15 a 19 anos,74.0
2310704,Pentecoste - CE,2022,20 a 24 anos,119.0
2310704,Pentecoste - CE,2022,25 a 29 anos,121.0
2310704,Pentecoste - CE,2022,30 a 34 anos,83.0
2310704,Pentecoste - CE,2022,35 a 39 anos,50.0
2310704,Pentecoste - CE,2022,40 a 44 anos,15.0
2310704,Pentecoste - CE,2022,45 a 49 anos,
2310704,Pentecoste - CE,2022,50 anos ou mais,
2310704,Pentecoste - CE,2022,Ignorada,
2310704,Pentecoste - CE,2023,Total,470.0
2310704,Pentecoste - CE,2023,Menos de 15 anos,5.0
2310704,Pentecoste - CE,2023,15 a 19 anos,65.0
2310704,Pentecoste - CE,2023,20 a 24 anos,109.0
2310704,Pentecoste - CE,2023,25 a 29 anos,140.0
2310704,Pentecoste - CE,2023,30 a 34 anos,89.0
2310704,Pentecoste - CE,2023,35 a 39 anos,48.0
2310704,Pentecoste - CE,2023,40 a 44 anos,11.0
2310704,Pentecoste - CE,2023,45 a 49 anos,1.0
2310704,Pentecoste - CE,2023,50 anos ou mais,
2310704,Pentecoste - CE,2023,Ignorada,2.0
2310704,Pentecoste - CE,2024,Total,432.0
2310704,Pentecoste - CE,2024,Menos de 15 anos,4.0
2310704,Pentecoste - CE,2024,15 a 19 anos,56.0
2310704,Pentecoste - CE,2024,20 a 24 anos,121.0
2310704,Pentecoste - CE,2024,25 a 29 anos,100.0
2310704,Pentecoste - CE,2024,30 a 34 anos,85.0
2310704,Pentecoste - CE,2024,35 a 39 anos,51.0
2310704,Pentecoste - CE,2024,40 a 44 anos,12.0
2310704,Pentecoste - CE,2024,45 a 49 anos,3.0
2310704,Pentecoste - CE,2024,50 anos ou mais,
2310704,Pentecoste - CE,2024,Ignorada,
2310803,Pereiro - CE,2020,Total,193.0
2310803,Pereiro - CE,2020,Menos de 15 anos,
2310803,Pereiro - CE,2020,15 a 19 anos,29.0
2310803,Pereiro - CE,2020,20 a 24 anos,49.0
2310803,Pereiro - CE,2020,25 a 29 anos,48.0
2310803,Pereiro - CE,2020,30 a 34 anos,40.0
2310803,Pereiro - CE,2020,35 a 39 anos,22.0
2310803,Pereiro - CE,2020,40 a 44 anos,5.0
2310803,Pereiro - CE,2020,45 a 49 anos,
2310803,Pereiro - CE,2020,50 anos ou mais,
2310803,Pereiro - CE,2020,Ignorada,
2310803,Pereiro - CE,2021,Total,213.0
2310803,Pereiro - CE,2021,Menos de 15 anos,
2310803,Pereiro - CE,2021,15 a 19 anos,32.0
2310803,Pereiro - CE,2021,20 a 24 anos,48.0
2310803,Pereiro - CE,2021,25 a 29 anos,52.0
2310803,Pereiro - CE,2021,30 a 34 anos,42.0
2310803,Pereiro - CE,2021,35 a 39 anos,29.0
2310803,Pereiro - CE,2021,40 a 44 anos,10.0
2310803,Pereiro - CE,2021,45 a 49 anos,
2310803,Pereiro - CE,2021,50 anos ou mais,
2310803,Pereiro - CE,2021,Ignorada,
2310803,Pereiro - CE,2022,Total,178.0
2310803,Pereiro - CE,2022,Menos de 15 anos,
2310803,Pereiro - CE,2022,15 a 19 anos,29.0
2310803,Pereiro - CE,2022,20 a 24 anos,45.0
2310803,Pereiro - CE,2022,25 a 29 anos,40.0
2310803,Pereiro - CE,2022,30 a 34 anos,31.0
2310803,Pereiro - CE,2022,35 a 39 anos,23.0
2310803,Pereiro - CE,2022,40 a 44 anos,9.0
2310803,Pereiro - CE,2022,45 a 49 anos,1.0
2310803,Pereiro - CE,2022,50 anos ou mais,
2310803,Pereiro - CE,2022,Ignorada,
2310803,Pereiro - CE,2023,Total,196.0
2310803,Pereiro - CE,2023,Menos de 15 anos,2.0
2310803,Pereiro - CE,2023,15 a 19 anos,27.0
2310803,Pereiro - CE,2023,20 a 24 anos,50.0
2310803,Pereiro - CE,2023,25 a 29 anos,45.0
2310803,Pereiro - CE,2023,30 a 34 anos,38.0
2310803,Pereiro - CE,2023,35 a 39 anos,23.0
2310803,Pereiro - CE,2023,40 a 44 anos,10.0
2310803,Pereiro - CE,2023,45 a 49 anos,1.0
2310803,Pereiro - CE,2023,50 anos ou mais,
2310803,Pereiro - CE,2023,Ignorada,
2310803,Pereiro - CE,2024,Total,175.0
2310803,Pereiro - CE,2024,Menos de 15 anos,
2310803,Pereiro - CE,2024,15 a 19 anos,16.0
2310803,Pereiro - CE,2024,20 a 24 anos,45.0
2310803,Pereiro - CE,2024,25 a 29 anos,49.0
2310803,Pereiro - CE,2024,30 a 34 anos,35.0
2310803,Pereiro - CE,2024,35 a 39 anos,23.0
2310803,Pereiro - CE,2024,40 a 44 anos,7.0
2310803,Pereiro - CE,2024,45 a 49 anos,
2310803,Pereiro - CE,2024,50 anos ou mais,
2310803,Pereiro - CE,2024,Ignorada,
2310852,Pindoretama - CE,2020,Total,344.0
2310852,Pindoretama - CE,2020,Menos de 15 anos,3.0
2310852,Pindoretama - CE,2020,15 a 19 anos,54.0
2310852,Pindoretama - CE,2020,20 a 24 anos,75.0
2310852,Pindoretama - CE,2020,25 a 29 anos,93.0
2310852,Pindoretama - CE,2020,30 a 34 anos,80.0
2310852,Pindoretama - CE,2020,35 a 39 anos,30.0
2310852,Pindoretama - CE,2020,40 a 44 anos,9.0
2310852,Pindoretama - CE,2020,45 a 49 anos,
2310852,Pindoretama - CE,2020,50 anos ou mais,
2310852,Pindoretama - CE,2020,Ignorada,
2310852,Pindoretama - CE,2021,Total,357.0
2310852,Pindoretama - CE,2021,Menos de 15 anos,2.0
2310852,Pindoretama - CE,2021,15 a 19 anos,55.0
2310852,Pindoretama - CE,2021,20 a 24 anos,81.0
2310852,Pindoretama - CE,2021,25 a 29 anos,99.0
2310852,Pindoretama - CE,2021,30 a 34 anos,58.0
2310852,Pindoretama - CE,2021,35 a 39 anos,44.0
2310852,Pindoretama - CE,2021,40 a 44 anos,16.0
2310852,Pindoretama - CE,2021,45 a 49 anos,2.0
2310852,Pindoretama - CE,2021,50 anos ou mais,
2310852,Pindoretama - CE,2021,Ignorada,
2310852,Pindoretama - CE,2022,Total,296.0
2310852,Pindoretama - CE,2022,Menos de 15 anos,1.0
2310852,Pindoretama - CE,2022,15 a 19 anos,46.0
2310852,Pindoretama - CE,2022,20 a 24 anos,82.0
2310852,Pindoretama - CE,2022,25 a 29 anos,66.0
2310852,Pindoretama - CE,2022,30 a 34 anos,56.0
2310852,Pindoretama - CE,2022,35 a 39 anos,32.0
2310852,Pindoretama - CE,2022,40 a 44 anos,13.0
2310852,Pindoretama - CE,2022,45 a 49 anos,
2310852,Pindoretama - CE,2022,50 anos ou mais,
2310852,Pindoretama - CE,2022,Ignorada,
2310852,Pindoretama - CE,2023,Total,339.0
2310852,Pindoretama - CE,2023,Menos de 15 anos,1.0
2310852,Pindoretama - CE,2023,15 a 19 anos,55.0
2310852,Pindoretama - CE,2023,20 a 24 anos,82.0
2310852,Pindoretama - CE,2023,25 a 29 anos,90.0
2310852,Pindoretama - CE,2023,30 a 34 anos,66.0
2310852,Pindoretama - CE,2023,35 a 39 anos,34.0
2310852,Pindoretama - CE,2023,40 a 44 anos,10.0
2310852,Pindoretama - CE,2023,45 a 49 anos,1.0
2310852,Pindoretama - CE,2023,50 anos ou mais,
2310852,Pindoretama - CE,2023,Ignorada,
2310852,Pindoretama - CE,2024,Total,293.0
2310852,Pindoretama - CE,2024,Menos de 15 anos,6.0
2310852,Pindoretama - CE,2024,15 a 19 anos,33.0
2310852,Pindoretama - CE,2024,20 a 24 anos,74.0
2310852,Pindoretama - CE,2024,25 a 29 anos,70.0
2310852,Pindoretama - CE,2024,30 a 34 anos,70.0
2310852,Pindoretama - CE,2024,35 a 39 anos,33.0
2310852,Pindoretama - CE,2024,40 a 44 anos,6.0
2310852,Pindoretama - CE,2024,45 a 49 anos,1.0
2310852,Pindoretama - CE,2024,50 anos ou mais,
2310852,Pindoretama - CE,2024,Ignorada,
2310902,Piquet Carneiro - CE,2020,Total,118.0
2310902,Piquet Carneiro - CE,2020,Menos de 15 anos,
2310902,Piquet Carneiro - CE,2020,15 a 19 anos,16.0
2310902,Piquet Carneiro - CE,2020,20 a 24 anos,41.0
2310902,Piquet Carneiro - CE,2020,25 a 29 anos,33.0
2310902,Piquet Carneiro - CE,2020,30 a 34 anos,12.0
2310902,Piquet Carneiro - CE,2020,35 a 39 anos,13.0
2310902,Piquet Carneiro - CE,2020,40 a 44 anos,3.0
2310902,Piquet Carneiro - CE,2020,45 a 49 anos,
2310902,Piquet Carneiro - CE,2020,50 anos ou mais,
2310902,Piquet Carneiro - CE,2020,Ignorada,
2310902,Piquet Carneiro - CE,2021,Total,163.0
2310902,Piquet Carneiro - CE,2021,Menos de 15 anos,
2310902,Piquet Carneiro - CE,2021,15 a 19 anos,36.0
2310902,Piquet Carneiro - CE,2021,20 a 24 anos,36.0
2310902,Piquet Carneiro - CE,2021,25 a 29 anos,33.0
2310902,Piquet Carneiro - CE,2021,30 a 34 anos,37.0
2310902,Piquet Carneiro - CE,2021,35 a 39 anos,15.0
2310902,Piquet Carneiro - CE,2021,40 a 44 anos,6.0
2310902,Piquet Carneiro - CE,2021,45 a 49 anos,
2310902,Piquet Carneiro - CE,2021,50 anos ou mais,
2310902,Piquet Carneiro - CE,2021,Ignorada,
2310902,Piquet Carneiro - CE,2022,Total,134.0
2310902,Piquet Carneiro - CE,2022,Menos de 15 anos,
2310902,Piquet Carneiro - CE,2022,15 a 19 anos,16.0
2310902,Piquet Carneiro - CE,2022,20 a 24 anos,35.0
2310902,Piquet Carneiro - CE,2022,25 a 29 anos,28.0
2310902,Piquet Carneiro - CE,2022,30 a 34 anos,34.0
2310902,Piquet Carneiro - CE,2022,35 a 39 anos,15.0
2310902,Piquet Carneiro - CE,2022,40 a 44 anos,6.0
2310902,Piquet Carneiro - CE,2022,45 a 49 anos,
2310902,Piquet Carneiro - CE,2022,50 anos ou mais,
2310902,Piquet Carneiro - CE,2022,Ignorada,
2310902,Piquet Carneiro - CE,2023,Total,132.0
2310902,Piquet Carneiro - CE,2023,Menos de 15 anos,1.0
2310902,Piquet Carneiro - CE,2023,15 a 19 anos,19.0
2310902,Piquet Carneiro - CE,2023,20 a 24 anos,23.0
2310902,Piquet Carneiro - CE,2023,25 a 29 anos,31.0
2310902,Piquet Carneiro - CE,2023,30 a 34 anos,30.0
2310902,Piquet Carneiro - CE,2023,35 a 39 anos,18.0
2310902,Piquet Carneiro - CE,2023,40 a 44 anos,8.0
2310902,Piquet Carneiro - CE,2023,45 a 49 anos,2.0
2310902,Piquet Carneiro - CE,2023,50 anos ou mais,
2310902,Piquet Carneiro - CE,2023,Ignorada,
2310902,Piquet Carneiro - CE,2024,Total,138.0
2310902,Piquet Carneiro - CE,2024,Menos de 15 anos,1.0
2310902,Piquet Carneiro - CE,2024,15 a 19 anos,21.0
2310902,Piquet Carneiro - CE,2024,20 a 24 anos,32.0
2310902,Piquet Carneiro - CE,2024,25 a 29 anos,31.0
2310902,Piquet Carneiro - CE,2024,30 a 34 anos,31.0
2310902,Piquet Carneiro - CE,2024,35 a 39 anos,16.0
2310902,Piquet Carneiro - CE,2024,40 a 44 anos,6.0
2310902,Piquet Carneiro - CE,2024,45 a 49 anos,
2310902,Piquet Carneiro - CE,2024,50 anos ou mais,
2310902,Piquet Carneiro - CE,2024,Ignorada,
2310951,Pires Ferreira - CE,2020,Total,93.0
2310951,Pires Ferreira - CE,2020,Menos de 15 anos,2.0
2310951,Pires Ferreira - CE,2020,15 a 19 anos,16.0
2310951,Pires Ferreira - CE,2020,20 a 24 anos,20.0
2310951,Pires Ferreira - CE,2020,25 a 29 anos,18.0
2310951,Pires Ferreira - CE,2020,30 a 34 anos,23.0
2310951,Pires Ferreira - CE,2020,35 a 39 anos,10.0
2310951,Pires Ferreira - CE,2020,40 a 44 anos,4.0
2310951,Pires Ferreira - CE,2020,45 a 49 anos,
2310951,Pires Ferreira - CE,2020,50 anos ou mais,
2310951,Pires Ferreira - CE,2020,Ignorada,
2310951,Pires Ferreira - CE,2021,Total,100.0
2310951,Pires Ferreira - CE,2021,Menos de 15 anos,1.0
2310951,Pires Ferreira - CE,2021,15 a 19 anos,15.0
2310951,Pires Ferreira - CE,2021,20 a 24 anos,17.0
2310951,Pires Ferreira - CE,2021,25 a 29 anos,31.0
2310951,Pires Ferreira - CE,2021,30 a 34 anos,23.0
2310951,Pires Ferreira - CE,2021,35 a 39 anos,11.0
2310951,Pires Ferreira - CE,2021,40 a 44 anos,2.0
2310951,Pires Ferreira - CE,2021,45 a 49 anos,
2310951,Pires Ferreira - CE,2021,50 anos ou mais,
2310951,Pires Ferreira - CE,2021,Ignorada,
2310951,Pires Ferreira - CE,2022,Total,104.0
2310951,Pires Ferreira - CE,2022,Menos de 15 anos,
2310951,Pires Ferreira - CE,2022,15 a 19 anos,17.0
2310951,Pires Ferreira - CE,2022,20 a 24 anos,24.0
2310951,Pires Ferreira - CE,2022,25 a 29 anos,32.0
2310951,Pires Ferreira - CE,2022,30 a 34 anos,17.0
2310951,Pires Ferreira - CE,2022,35 a 39 anos,10.0
2310951,Pires Ferreira - CE,2022,40 a 44 anos,4.0
2310951,Pires Ferreira - CE,2022,45 a 49 anos,
2310951,Pires Ferreira - CE,2022,50 anos ou mais,
2310951,Pires Ferreira - CE,2022,Ignorada,
2310951,Pires Ferreira - CE,2023,Total,71.0
2310951,Pires Ferreira - CE,2023,Menos de 15 anos,
2310951,Pires Ferreira - CE,2023,15 a 19 anos,7.0
2310951,Pires Ferreira - CE,2023,20 a 24 anos,12.0
2310951,Pires Ferreira - CE,2023,25 a 29 anos,17.0
2310951,Pires Ferreira - CE,2023,30 a 34 anos,17.0
2310951,Pires Ferreira - CE,2023,35 a 39 anos,12.0
2310951,Pires Ferreira - CE,2023,40 a 44 anos,6.0
2310951,Pires Ferreira - CE,2023,45 a 49 anos,
2310951,Pires Ferreira - CE,2023,50 anos ou mais,
2310951,Pires Ferreira - CE,2023,Ignorada,
2310951,Pires Ferreira - CE,2024,Total,87.0
2310951,Pires Ferreira - CE,2024,Menos de 15 anos,2.0
2310951,Pires Ferreira - CE,2024,15 a 19 anos,7.0
2310951,Pires Ferreira - CE,2024,20 a 24 anos,14.0
2310951,Pires Ferreira - CE,2024,25 a 29 anos,23.0
2310951,Pires Ferreira - CE,2024,30 a 34 anos,23.0
2310951,Pires Ferreira - CE,2024,35 a 39 anos,12.0
2310951,Pires Ferreira - CE,2024,40 a 44 anos,5.0
2310951,Pires Ferreira - CE,2024,45 a 49 anos,1.0
2310951,Pires Ferreira - CE,2024,50 anos ou mais,
2310951,Pires Ferreira - CE,2024,Ignorada,
2311009,Poranga - CE,2020,Total,163.0
2311009,Poranga - CE,2020,Menos de 15 anos,
2311009,Poranga - CE,2020,15 a 19 anos,16.0
2311009,Poranga - CE,2020,20 a 24 anos,45.0
2311009,Poranga - CE,2020,25 a 29 anos,43.0
2311009,Poranga - CE,2020,30 a 34 anos,32.0
2311009,Poranga - CE,2020,35 a 39 anos,17.0
2311009,Poranga - CE,2020,40 a 44 anos,8.0
2311009,Poranga - CE,2020,45 a 49 anos,1.0
2311009,Poranga - CE,2020,50 anos ou mais,
2311009,Poranga - CE,2020,Ignorada,1.0
2311009,Poranga - CE,2021,Total,150.0
2311009,Poranga - CE,2021,Menos de 15 anos,1.0
2311009,Poranga - CE,2021,15 a 19 anos,24.0
2311009,Poranga - CE,2021,20 a 24 anos,40.0
2311009,Poranga - CE,2021,25 a 29 anos,39.0
2311009,Poranga - CE,2021,30 a 34 anos,22.0
2311009,Poranga - CE,2021,35 a 39 anos,17.0
2311009,Poranga - CE,2021,40 a 44 anos,7.0
2311009,Poranga - CE,2021,45 a 49 anos,
2311009,Poranga - CE,2021,50 anos ou mais,
2311009,Poranga - CE,2021,Ignorada,
2311009,Poranga - CE,2022,Total,127.0
2311009,Poranga - CE,2022,Menos de 15 anos,1.0
2311009,Poranga - CE,2022,15 a 19 anos,17.0
2311009,Poranga - CE,2022,20 a 24 anos,31.0
2311009,Poranga - CE,2022,25 a 29 anos,29.0
2311009,Poranga - CE,2022,30 a 34 anos,30.0
2311009,Poranga - CE,2022,35 a 39 anos,15.0
2311009,Poranga - CE,2022,40 a 44 anos,4.0
2311009,Poranga - CE,2022,45 a 49 anos,
2311009,Poranga - CE,2022,50 anos ou mais,
2311009,Poranga - CE,2022,Ignorada,
2311009,Poranga - CE,2023,Total,135.0
2311009,Poranga - CE,2023,Menos de 15 anos,1.0
2311009,Poranga - CE,2023,15 a 19 anos,21.0
2311009,Poranga - CE,2023,20 a 24 anos,29.0
2311009,Poranga - CE,2023,25 a 29 anos,27.0
2311009,Poranga - CE,2023,30 a 34 anos,30.0
2311009,Poranga - CE,2023,35 a 39 anos,23.0
2311009,Poranga - CE,2023,40 a 44 anos,4.0
2311009,Poranga - CE,2023,45 a 49 anos,
2311009,Poranga - CE,2023,50 anos ou mais,
2311009,Poranga - CE,2023,Ignorada,
2311009,Poranga - CE,2024,Total,114.0
2311009,Poranga - CE,2024,Menos de 15 anos,
2311009,Poranga - CE,2024,15 a 19 anos,15.0
2311009,Poranga - CE,2024,20 a 24 anos,25.0
2311009,Poranga - CE,2024,25 a 29 anos,28.0
2311009,Poranga - CE,2024,30 a 34 anos,30.0
2311009,Poranga - CE,2024,35 a 39 anos,13.0
2311009,Poranga - CE,2024,40 a 44 anos,3.0
2311009,Poranga - CE,2024,45 a 49 anos,
2311009,Poranga - CE,2024,50 anos ou mais,
2311009,Poranga - CE,2024,Ignorada,
2311108,Porteiras - CE,2020,Total,232.0
2311108,Porteiras - CE,2020,Menos de 15 anos,2.0
2311108,Porteiras - CE,2020,15 a 19 anos,33.0
2311108,Porteiras - CE,2020,20 a 24 anos,65.0
2311108,Porteiras - CE,2020,25 a 29 anos,47.0
2311108,Porteiras - CE,2020,30 a 34 anos,54.0
2311108,Porteiras - CE,2020,35 a 39 anos,23.0
2311108,Porteiras - CE,2020,40 a 44 anos,8.0
2311108,Porteiras - CE,2020,45 a 49 anos,
2311108,Porteiras - CE,2020,50 anos ou mais,
2311108,Porteiras - CE,2020,Ignorada,
2311108,Porteiras - CE,2021,Total,256.0
2311108,Porteiras - CE,2021,Menos de 15 anos,4.0
2311108,Porteiras - CE,2021,15 a 19 anos,34.0
2311108,Porteiras - CE,2021,20 a 24 anos,70.0
2311108,Porteiras - CE,2021,25 a 29 anos,64.0
2311108,Porteiras - CE,2021,30 a 34 anos,49.0
2311108,Porteiras - CE,2021,35 a 39 anos,32.0
2311108,Porteiras - CE,2021,40 a 44 anos,3.0
2311108,Porteiras - CE,2021,45 a 49 anos,
2311108,Porteiras - CE,2021,50 anos ou mais,
2311108,Porteiras - CE,2021,Ignorada,
2311108,Porteiras - CE,2022,Total,256.0
2311108,Porteiras - CE,2022,Menos de 15 anos,2.0
2311108,Porteiras - CE,2022,15 a 19 anos,32.0
2311108,Porteiras - CE,2022,20 a 24 anos,67.0
2311108,Porteiras - CE,2022,25 a 29 anos,65.0
2311108,Porteiras - CE,2022,30 a 34 anos,59.0
2311108,Porteiras - CE,2022,35 a 39 anos,22.0
2311108,Porteiras - CE,2022,40 a 44 anos,9.0
2311108,Porteiras - CE,2022,45 a 49 anos,
2311108,Porteiras - CE,2022,50 anos ou mais,
2311108,Porteiras - CE,2022,Ignorada,
2311108,Porteiras - CE,2023,Total,225.0
2311108,Porteiras - CE,2023,Menos de 15 anos,
2311108,Porteiras - CE,2023,15 a 19 anos,23.0
2311108,Porteiras - CE,2023,20 a 24 anos,41.0
2311108,Porteiras - CE,2023,25 a 29 anos,62.0
2311108,Porteiras - CE,2023,30 a 34 anos,61.0
2311108,Porteiras - CE,2023,35 a 39 anos,25.0
2311108,Porteiras - CE,2023,40 a 44 anos,11.0
2311108,Porteiras - CE,2023,45 a 49 anos,2.0
2311108,Porteiras - CE,2023,50 anos ou mais,
2311108,Porteiras - CE,2023,Ignorada,
2311108,Porteiras - CE,2024,Total,228.0
2311108,Porteiras - CE,2024,Menos de 15 anos,1.0
2311108,Porteiras - CE,2024,15 a 19 anos,22.0
2311108,Porteiras - CE,2024,20 a 24 anos,56.0
2311108,Porteiras - CE,2024,25 a 29 anos,50.0
2311108,Porteiras - CE,2024,30 a 34 anos,55.0
2311108,Porteiras - CE,2024,35 a 39 anos,36.0
2311108,Porteiras - CE,2024,40 a 44 anos,8.0
2311108,Porteiras - CE,2024,45 a 49 anos,
2311108,Porteiras - CE,2024,50 anos ou mais,
2311108,Porteiras - CE,2024,Ignorada,
2311207,Potengi - CE,2020,Total,105.0
2311207,Potengi - CE,2020,Menos de 15 anos,
2311207,Potengi - CE,2020,15 a 19 anos,21.0
2311207,Potengi - CE,2020,20 a 24 anos,31.0
2311207,Potengi - CE,2020,25 a 29 anos,21.0
2311207,Potengi - CE,2020,30 a 34 anos,16.0
2311207,Potengi - CE,2020,35 a 39 anos,14.0
2311207,Potengi - CE,2020,40 a 44 anos,2.0
2311207,Potengi - CE,2020,45 a 49 anos,
2311207,Potengi - CE,2020,50 anos ou mais,
2311207,Potengi - CE,2020,Ignorada,
2311207,Potengi - CE,2021,Total,135.0
2311207,Potengi - CE,2021,Menos de 15 anos,2.0
2311207,Potengi - CE,2021,15 a 19 anos,18.0
2311207,Potengi - CE,2021,20 a 24 anos,41.0
2311207,Potengi - CE,2021,25 a 29 anos,36.0
2311207,Potengi - CE,2021,30 a 34 anos,20.0
2311207,Potengi - CE,2021,35 a 39 anos,12.0
2311207,Potengi - CE,2021,40 a 44 anos,5.0
2311207,Potengi - CE,2021,45 a 49 anos,
2311207,Potengi - CE,2021,50 anos ou mais,
2311207,Potengi - CE,2021,Ignorada,1.0
2311207,Potengi - CE,2022,Total,98.0
2311207,Potengi - CE,2022,Menos de 15 anos,
2311207,Potengi - CE,2022,15 a 19 anos,18.0
2311207,Potengi - CE,2022,20 a 24 anos,23.0
2311207,Potengi - CE,2022,25 a 29 anos,23.0
2311207,Potengi - CE,2022,30 a 34 anos,19.0
2311207,Potengi - CE,2022,35 a 39 anos,11.0
2311207,Potengi - CE,2022,40 a 44 anos,4.0
2311207,Potengi - CE,2022,45 a 49 anos,
2311207,Potengi - CE,2022,50 anos ou mais,
2311207,Potengi - CE,2022,Ignorada,
2311207,Potengi - CE,2023,Total,107.0
2311207,Potengi - CE,2023,Menos de 15 anos,1.0
2311207,Potengi - CE,2023,15 a 19 anos,18.0
2311207,Potengi - CE,2023,20 a 24 anos,30.0
2311207,Potengi - CE,2023,25 a 29 anos,23.0
2311207,Potengi - CE,2023,30 a 34 anos,17.0
2311207,Potengi - CE,2023,35 a 39 anos,13.0
2311207,Potengi - CE,2023,40 a 44 anos,4.0
2311207,Potengi - CE,2023,45 a 49 anos,1.0
2311207,Potengi - CE,2023,50 anos ou mais,
2311207,Potengi - CE,2023,Ignorada,
2311207,Potengi - CE,2024,Total,102.0
2311207,Potengi - CE,2024,Menos de 15 anos,2.0
2311207,Potengi - CE,2024,15 a 19 anos,19.0
2311207,Potengi - CE,2024,20 a 24 anos,28.0
2311207,Potengi - CE,2024,25 a 29 anos,26.0
2311207,Potengi - CE,2024,30 a 34 anos,11.0
2311207,Potengi - CE,2024,35 a 39 anos,15.0
2311207,Potengi - CE,2024,40 a 44 anos,1.0
2311207,Potengi - CE,2024,45 a 49 anos,
2311207,Potengi - CE,2024,50 anos ou mais,
2311207,Potengi - CE,2024,Ignorada,
2311231,Potiretama - CE,2020,Total,72.0
2311231,Potiretama - CE,2020,Menos de 15 anos,1.0
2311231,Potiretama - CE,2020,15 a 19 anos,19.0
2311231,Potiretama - CE,2020,20 a 24 anos,14.0
2311231,Potiretama - CE,2020,25 a 29 anos,10.0
2311231,Potiretama - CE,2020,30 a 34 anos,20.0
2311231,Potiretama - CE,2020,35 a 39 anos,8.0
2311231,Potiretama - CE,2020,40 a 44 anos,
2311231,Potiretama - CE,2020,45 a 49 anos,
2311231,Potiretama - CE,2020,50 anos ou mais,
2311231,Potiretama - CE,2020,Ignorada,
2311231,Potiretama - CE,2021,Total,84.0
2311231,Potiretama - CE,2021,Menos de 15 anos,1.0
2311231,Potiretama - CE,2021,15 a 19 anos,7.0
2311231,Potiretama - CE,2021,20 a 24 anos,30.0
2311231,Potiretama - CE,2021,25 a 29 anos,18.0
2311231,Potiretama - CE,2021,30 a 34 anos,14.0
2311231,Potiretama - CE,2021,35 a 39 anos,9.0
2311231,Potiretama - CE,2021,40 a 44 anos,5.0
2311231,Potiretama - CE,2021,45 a 49 anos,
2311231,Potiretama - CE,2021,50 anos ou mais,
2311231,Potiretama - CE,2021,Ignorada,
2311231,Potiretama - CE,2022,Total,86.0
2311231,Potiretama - CE,2022,Menos de 15 anos,
2311231,Potiretama - CE,2022,15 a 19 anos,19.0
2311231,Potiretama - CE,2022,20 a 24 anos,32.0
2311231,Potiretama - CE,2022,25 a 29 anos,15.0
2311231,Potiretama - CE,2022,30 a 34 anos,8.0
2311231,Potiretama - CE,2022,35 a 39 anos,9.0
2311231,Potiretama - CE,2022,40 a 44 anos,3.0
2311231,Potiretama - CE,2022,45 a 49 anos,
2311231,Potiretama - CE,2022,50 anos ou mais,
2311231,Potiretama - CE,2022,Ignorada,
2311231,Potiretama - CE,2023,Total,80.0
2311231,Potiretama - CE,2023,Menos de 15 anos,
2311231,Potiretama - CE,2023,15 a 19 anos,7.0
2311231,Potiretama - CE,2023,20 a 24 anos,23.0
2311231,Potiretama - CE,2023,25 a 29 anos,25.0
2311231,Potiretama - CE,2023,30 a 34 anos,15.0
2311231,Potiretama - CE,2023,35 a 39 anos,9.0
2311231,Potiretama - CE,2023,40 a 44 anos,1.0
2311231,Potiretama - CE,2023,45 a 49 anos,
2311231,Potiretama - CE,2023,50 anos ou mais,
2311231,Potiretama - CE,2023,Ignorada,
2311231,Potiretama - CE,2024,Total,69.0
2311231,Potiretama - CE,2024,Menos de 15 anos,
2311231,Potiretama - CE,2024,15 a 19 anos,12.0
2311231,Potiretama - CE,2024,20 a 24 anos,15.0
2311231,Potiretama - CE,2024,25 a 29 anos,17.0
2311231,Potiretama - CE,2024,30 a 34 anos,16.0
2311231,Potiretama - CE,2024,35 a 39 anos,6.0
2311231,Potiretama - CE,2024,40 a 44 anos,3.0
2311231,Potiretama - CE,2024,45 a 49 anos,
2311231,Potiretama - CE,2024,50 anos ou mais,
2311231,Potiretama - CE,2024,Ignorada,
2311264,Quiterianópolis - CE,2020,Total,226.0
2311264,Quiterianópolis - CE,2020,Menos de 15 anos,2.0
2311264,Quiterianópolis - CE,2020,15 a 19 anos,41.0
2311264,Quiterianópolis - CE,2020,20 a 24 anos,61.0
2311264,Quiterianópolis - CE,2020,25 a 29 anos,45.0
2311264,Quiterianópolis - CE,2020,30 a 34 anos,43.0
2311264,Quiterianópolis - CE,2020,35 a 39 anos,19.0
2311264,Quiterianópolis - CE,2020,40 a 44 anos,13.0
2311264,Quiterianópolis - CE,2020,45 a 49 anos,2.0
2311264,Quiterianópolis - CE,2020,50 anos ou mais,
2311264,Quiterianópolis - CE,2020,Ignorada,
2311264,Quiterianópolis - CE,2021,Total,235.0
2311264,Quiterianópolis - CE,2021,Menos de 15 anos,3.0
2311264,Quiterianópolis - CE,2021,15 a 19 anos,34.0
2311264,Quiterianópolis - CE,2021,20 a 24 anos,69.0
2311264,Quiterianópolis - CE,2021,25 a 29 anos,57.0
2311264,Quiterianópolis - CE,2021,30 a 34 anos,41.0
2311264,Quiterianópolis - CE,2021,35 a 39 anos,27.0
2311264,Quiterianópolis - CE,2021,40 a 44 anos,4.0
2311264,Quiterianópolis - CE,2021,45 a 49 anos,
2311264,Quiterianópolis - CE,2021,50 anos ou mais,
2311264,Quiterianópolis - CE,2021,Ignorada,
2311264,Quiterianópolis - CE,2022,Total,233.0
2311264,Quiterianópolis - CE,2022,Menos de 15 anos,1.0
2311264,Quiterianópolis - CE,2022,15 a 19 anos,46.0
2311264,Quiterianópolis - CE,2022,20 a 24 anos,55.0
2311264,Quiterianópolis - CE,2022,25 a 29 anos,48.0
2311264,Quiterianópolis - CE,2022,30 a 34 anos,46.0
2311264,Quiterianópolis - CE,2022,35 a 39 anos,29.0
2311264,Quiterianópolis - CE,2022,40 a 44 anos,8.0
2311264,Quiterianópolis - CE,2022,45 a 49 anos,
2311264,Quiterianópolis - CE,2022,50 anos ou mais,
2311264,Quiterianópolis - CE,2022,Ignorada,
2311264,Quiterianópolis - CE,2023,Total,213.0
2311264,Quiterianópolis - CE,2023,Menos de 15 anos,2.0
2311264,Quiterianópolis - CE,2023,15 a 19 anos,36.0
2311264,Quiterianópolis - CE,2023,20 a 24 anos,42.0
2311264,Quiterianópolis - CE,2023,25 a 29 anos,62.0
2311264,Quiterianópolis - CE,2023,30 a 34 anos,46.0
2311264,Quiterianópolis - CE,2023,35 a 39 anos,21.0
2311264,Quiterianópolis - CE,2023,40 a 44 anos,3.0
2311264,Quiterianópolis - CE,2023,45 a 49 anos,1.0
2311264,Quiterianópolis - CE,2023,50 anos ou mais,
2311264,Quiterianópolis - CE,2023,Ignorada,
2311264,Quiterianópolis - CE,2024,Total,220.0
2311264,Quiterianópolis - CE,2024,Menos de 15 anos,
2311264,Quiterianópolis - CE,2024,15 a 19 anos,39.0
2311264,Quiterianópolis - CE,2024,20 a 24 anos,45.0
2311264,Quiterianópolis - CE,2024,25 a 29 anos,61.0
2311264,Quiterianópolis - CE,2024,30 a 34 anos,41.0
2311264,Quiterianópolis - CE,2024,35 a 39 anos,26.0
2311264,Quiterianópolis - CE,2024,40 a 44 anos,7.0
2311264,Quiterianópolis - CE,2024,45 a 49 anos,1.0
2311264,Quiterianópolis - CE,2024,50 anos ou mais,
2311264,Quiterianópolis - CE,2024,Ignorada,
2311306,Quixadá - CE,2020,Total,1216.0
2311306,Quixadá - CE,2020,Menos de 15 anos,11.0
2311306,Quixadá - CE,2020,15 a 19 anos,157.0
2311306,Quixadá - CE,2020,20 a 24 anos,334.0
2311306,Quixadá - CE,2020,25 a 29 anos,288.0
2311306,Quixadá - CE,2020,30 a 34 anos,247.0
2311306,Quixadá - CE,2020,35 a 39 anos,139.0
2311306,Quixadá - CE,2020,40 a 44 anos,38.0
2311306,Quixadá - CE,2020,45 a 49 anos,2.0
2311306,Quixadá - CE,2020,50 anos ou mais,
2311306,Quixadá - CE,2020,Ignorada,
2311306,Quixadá - CE,2021,Total,1186.0
2311306,Quixadá - CE,2021,Menos de 15 anos,13.0
2311306,Quixadá - CE,2021,15 a 19 anos,181.0
2311306,Quixadá - CE,2021,20 a 24 anos,290.0
2311306,Quixadá - CE,2021,25 a 29 anos,324.0
2311306,Quixadá - CE,2021,30 a 34 anos,224.0
2311306,Quixadá - CE,2021,35 a 39 anos,119.0
2311306,Quixadá - CE,2021,40 a 44 anos,32.0
2311306,Quixadá - CE,2021,45 a 49 anos,3.0
2311306,Quixadá - CE,2021,50 anos ou mais,
2311306,Quixadá - CE,2021,Ignorada,
2311306,Quixadá - CE,2022,Total,1204.0
2311306,Quixadá - CE,2022,Menos de 15 anos,6.0
2311306,Quixadá - CE,2022,15 a 19 anos,170.0
2311306,Quixadá - CE,2022,20 a 24 anos,294.0
2311306,Quixadá - CE,2022,25 a 29 anos,325.0
2311306,Quixadá - CE,2022,30 a 34 anos,220.0
2311306,Quixadá - CE,2022,35 a 39 anos,136.0
2311306,Quixadá - CE,2022,40 a 44 anos,51.0
2311306,Quixadá - CE,2022,45 a 49 anos,2.0
2311306,Quixadá - CE,2022,50 anos ou mais,
2311306,Quixadá - CE,2022,Ignorada,
2311306,Quixadá - CE,2023,Total,1146.0
2311306,Quixadá - CE,2023,Menos de 15 anos,11.0
2311306,Quixadá - CE,2023,15 a 19 anos,150.0
2311306,Quixadá - CE,2023,20 a 24 anos,240.0
2311306,Quixadá - CE,2023,25 a 29 anos,311.0
2311306,Quixadá - CE,2023,30 a 34 anos,253.0
2311306,Quixadá - CE,2023,35 a 39 anos,142.0
2311306,Quixadá - CE,2023,40 a 44 anos,33.0
2311306,Quixadá - CE,2023,45 a 49 anos,5.0
2311306,Quixadá - CE,2023,50 anos ou mais,
2311306,Quixadá - CE,2023,Ignorada,1.0
2311306,Quixadá - CE,2024,Total,1122.0
2311306,Quixadá - CE,2024,Menos de 15 anos,13.0
2311306,Quixadá - CE,2024,15 a 19 anos,140.0
2311306,Quixadá - CE,2024,20 a 24 anos,256.0
2311306,Quixadá - CE,2024,25 a 29 anos,297.0
2311306,Quixadá - CE,2024,30 a 34 anos,243.0
2311306,Quixadá - CE,2024,35 a 39 anos,135.0
2311306,Quixadá - CE,2024,40 a 44 anos,37.0
2311306,Quixadá - CE,2024,45 a 49 anos,
2311306,Quixadá - CE,2024,50 anos ou mais,
2311306,Quixadá - CE,2024,Ignorada,1.0
2311355,Quixelô - CE,2020,Total,187.0
2311355,Quixelô - CE,2020,Menos de 15 anos,1.0
2311355,Quixelô - CE,2020,15 a 19 anos,32.0
2311355,Quixelô - CE,2020,20 a 24 anos,45.0
2311355,Quixelô - CE,2020,25 a 29 anos,48.0
2311355,Quixelô - CE,2020,30 a 34 anos,35.0
2311355,Quixelô - CE,2020,35 a 39 anos,19.0
2311355,Quixelô - CE,2020,40 a 44 anos,7.0
2311355,Quixelô - CE,2020,45 a 49 anos,
2311355,Quixelô - CE,2020,50 anos ou mais,
2311355,Quixelô - CE,2020,Ignorada,
2311355,Quixelô - CE,2021,Total,182.0
2311355,Quixelô - CE,2021,Menos de 15 anos,2.0
2311355,Quixelô - CE,2021,15 a 19 anos,31.0
2311355,Quixelô - CE,2021,20 a 24 anos,38.0
2311355,Quixelô - CE,2021,25 a 29 anos,32.0
2311355,Quixelô - CE,2021,30 a 34 anos,44.0
2311355,Quixelô - CE,2021,35 a 39 anos,23.0
2311355,Quixelô - CE,2021,40 a 44 anos,10.0
2311355,Quixelô - CE,2021,45 a 49 anos,2.0
2311355,Quixelô - CE,2021,50 anos ou mais,
2311355,Quixelô - CE,2021,Ignorada,
2311355,Quixelô - CE,2022,Total,175.0
2311355,Quixelô - CE,2022,Menos de 15 anos,1.0
2311355,Quixelô - CE,2022,15 a 19 anos,24.0
2311355,Quixelô - CE,2022,20 a 24 anos,37.0
2311355,Quixelô - CE,2022,25 a 29 anos,57.0
2311355,Quixelô - CE,2022,30 a 34 anos,27.0
2311355,Quixelô - CE,2022,35 a 39 anos,24.0
2311355,Quixelô - CE,2022,40 a 44 anos,5.0
2311355,Quixelô - CE,2022,45 a 49 anos,
2311355,Quixelô - CE,2022,50 anos ou mais,
2311355,Quixelô - CE,2022,Ignorada,
2311355,Quixelô - CE,2023,Total,152.0
2311355,Quixelô - CE,2023,Menos de 15 anos,1.0
2311355,Quixelô - CE,2023,15 a 19 anos,27.0
2311355,Quixelô - CE,2023,20 a 24 anos,28.0
2311355,Quixelô - CE,2023,25 a 29 anos,35.0
2311355,Quixelô - CE,2023,30 a 34 anos,29.0
2311355,Quixelô - CE,2023,35 a 39 anos,27.0
2311355,Quixelô - CE,2023,40 a 44 anos,4.0
2311355,Quixelô - CE,2023,45 a 49 anos,1.0
2311355,Quixelô - CE,2023,50 anos ou mais,
2311355,Quixelô - CE,2023,Ignorada,
2311355,Quixelô - CE,2024,Total,150.0
2311355,Quixelô - CE,2024,Menos de 15 anos,
2311355,Quixelô - CE,2024,15 a 19 anos,18.0
2311355,Quixelô - CE,2024,20 a 24 anos,34.0
2311355,Quixelô - CE,2024,25 a 29 anos,39.0
2311355,Quixelô - CE,2024,30 a 34 anos,29.0
2311355,Quixelô - CE,2024,35 a 39 anos,29.0
2311355,Quixelô - CE,2024,40 a 44 anos,1.0
2311355,Quixelô - CE,2024,45 a 49 anos,
2311355,Quixelô - CE,2024,50 anos ou mais,
2311355,Quixelô - CE,2024,Ignorada,
2311405,Quixeramobim - CE,2020,Total,1087.0
2311405,Quixeramobim - CE,2020,Menos de 15 anos,4.0
2311405,Quixeramobim - CE,2020,15 a 19 anos,154.0
2311405,Quixeramobim - CE,2020,20 a 24 anos,283.0
2311405,Quixeramobim - CE,2020,25 a 29 anos,291.0
2311405,Quixeramobim - CE,2020,30 a 34 anos,203.0
2311405,Quixeramobim - CE,2020,35 a 39 anos,115.0
2311405,Quixeramobim - CE,2020,40 a 44 anos,34.0
2311405,Quixeramobim - CE,2020,45 a 49 anos,2.0
2311405,Quixeramobim - CE,2020,50 anos ou mais,1.0
2311405,Quixeramobim - CE,2020,Ignorada,
2311405,Quixeramobim - CE,2021,Total,1103.0
2311405,Quixeramobim - CE,2021,Menos de 15 anos,10.0
2311405,Quixeramobim - CE,2021,15 a 19 anos,162.0
2311405,Quixeramobim - CE,2021,20 a 24 anos,278.0
2311405,Quixeramobim - CE,2021,25 a 29 anos,300.0
2311405,Quixeramobim - CE,2021,30 a 34 anos,217.0
2311405,Quixeramobim - CE,2021,35 a 39 anos,101.0
2311405,Quixeramobim - CE,2021,40 a 44 anos,35.0
2311405,Quixeramobim - CE,2021,45 a 49 anos,
2311405,Quixeramobim - CE,2021,50 anos ou mais,
2311405,Quixeramobim - CE,2021,Ignorada,
2311405,Quixeramobim - CE,2022,Total,1062.0
2311405,Quixeramobim - CE,2022,Menos de 15 anos,10.0
2311405,Quixeramobim - CE,2022,15 a 19 anos,135.0
2311405,Quixeramobim - CE,2022,20 a 24 anos,265.0
2311405,Quixeramobim - CE,2022,25 a 29 anos,286.0
2311405,Quixeramobim - CE,2022,30 a 34 anos,219.0
2311405,Quixeramobim - CE,2022,35 a 39 anos,113.0
2311405,Quixeramobim - CE,2022,40 a 44 anos,32.0
2311405,Quixeramobim - CE,2022,45 a 49 anos,2.0
2311405,Quixeramobim - CE,2022,50 anos ou mais,
2311405,Quixeramobim - CE,2022,Ignorada,
2311405,Quixeramobim - CE,2023,Total,1071.0
2311405,Quixeramobim - CE,2023,Menos de 15 anos,4.0
2311405,Quixeramobim - CE,2023,15 a 19 anos,121.0
2311405,Quixeramobim - CE,2023,20 a 24 anos,262.0
2311405,Quixeramobim - CE,2023,25 a 29 anos,320.0
2311405,Quixeramobim - CE,2023,30 a 34 anos,209.0
2311405,Quixeramobim - CE,2023,35 a 39 anos,110.0
2311405,Quixeramobim - CE,2023,40 a 44 anos,41.0
2311405,Quixeramobim - CE,2023,45 a 49 anos,4.0
2311405,Quixeramobim - CE,2023,50 anos ou mais,
2311405,Quixeramobim - CE,2023,Ignorada,
2311405,Quixeramobim - CE,2024,Total,963.0
2311405,Quixeramobim - CE,2024,Menos de 15 anos,3.0
2311405,Quixeramobim - CE,2024,15 a 19 anos,127.0
2311405,Quixeramobim - CE,2024,20 a 24 anos,232.0
2311405,Quixeramobim - CE,2024,25 a 29 anos,269.0
2311405,Quixeramobim - CE,2024,30 a 34 anos,201.0
2311405,Quixeramobim - CE,2024,35 a 39 anos,103.0
2311405,Quixeramobim - CE,2024,40 a 44 anos,25.0
2311405,Quixeramobim - CE,2024,45 a 49 anos,3.0
2311405,Quixeramobim - CE,2024,50 anos ou mais,
2311405,Quixeramobim - CE,2024,Ignorada,
2311504,Quixeré - CE,2020,Total,274.0
2311504,Quixeré - CE,2020,Menos de 15 anos,
2311504,Quixeré - CE,2020,15 a 19 anos,37.0
2311504,Quixeré - CE,2020,20 a 24 anos,66.0
2311504,Quixeré - CE,2020,25 a 29 anos,76.0
2311504,Quixeré - CE,2020,30 a 34 anos,56.0
2311504,Quixeré - CE,2020,35 a 39 anos,28.0
2311504,Quixeré - CE,2020,40 a 44 anos,10.0
2311504,Quixeré - CE,2020,45 a 49 anos,1.0
2311504,Quixeré - CE,2020,50 anos ou mais,
2311504,Quixeré - CE,2020,Ignorada,
2311504,Quixeré - CE,2021,Total,248.0
2311504,Quixeré - CE,2021,Menos de 15 anos,2.0
2311504,Quixeré - CE,2021,15 a 19 anos,36.0
2311504,Quixeré - CE,2021,20 a 24 anos,67.0
2311504,Quixeré - CE,2021,25 a 29 anos,58.0
2311504,Quixeré - CE,2021,30 a 34 anos,52.0
2311504,Quixeré - CE,2021,35 a 39 anos,21.0
2311504,Quixeré - CE,2021,40 a 44 anos,12.0
2311504,Quixeré - CE,2021,45 a 49 anos,
2311504,Quixeré - CE,2021,50 anos ou mais,
2311504,Quixeré - CE,2021,Ignorada,
2311504,Quixeré - CE,2022,Total,268.0
2311504,Quixeré - CE,2022,Menos de 15 anos,
2311504,Quixeré - CE,2022,15 a 19 anos,35.0
2311504,Quixeré - CE,2022,20 a 24 anos,54.0
2311504,Quixeré - CE,2022,25 a 29 anos,66.0
2311504,Quixeré - CE,2022,30 a 34 anos,70.0
2311504,Quixeré - CE,2022,35 a 39 anos,34.0
2311504,Quixeré - CE,2022,40 a 44 anos,8.0
2311504,Quixeré - CE,2022,45 a 49 anos,1.0
2311504,Quixeré - CE,2022,50 anos ou mais,
2311504,Quixeré - CE,2022,Ignorada,
2311504,Quixeré - CE,2023,Total,268.0
2311504,Quixeré - CE,2023,Menos de 15 anos,1.0
2311504,Quixeré - CE,2023,15 a 19 anos,24.0
2311504,Quixeré - CE,2023,20 a 24 anos,72.0
2311504,Quixeré - CE,2023,25 a 29 anos,67.0
2311504,Quixeré - CE,2023,30 a 34 anos,58.0
2311504,Quixeré - CE,2023,35 a 39 anos,38.0
2311504,Quixeré - CE,2023,40 a 44 anos,8.0
2311504,Quixeré - CE,2023,45 a 49 anos,
2311504,Quixeré - CE,2023,50 anos ou mais,
2311504,Quixeré - CE,2023,Ignorada,
2311504,Quixeré - CE,2024,Total,222.0
2311504,Quixeré - CE,2024,Menos de 15 anos,1.0
2311504,Quixeré - CE,2024,15 a 19 anos,15.0
2311504,Quixeré - CE,2024,20 a 24 anos,44.0
2311504,Quixeré - CE,2024,25 a 29 anos,66.0
2311504,Quixeré - CE,2024,30 a 34 anos,62.0
2311504,Quixeré - CE,2024,35 a 39 anos,26.0
2311504,Quixeré - CE,2024,40 a 44 anos,6.0
2311504,Quixeré - CE,2024,45 a 49 anos,2.0
2311504,Quixeré - CE,2024,50 anos ou mais,
2311504,Quixeré - CE,2024,Ignorada,
2311603,Redenção - CE,2020,Total,423.0
2311603,Redenção - CE,2020,Menos de 15 anos,
2311603,Redenção - CE,2020,15 a 19 anos,61.0
2311603,Redenção - CE,2020,20 a 24 anos,132.0
2311603,Redenção - CE,2020,25 a 29 anos,99.0
2311603,Redenção - CE,2020,30 a 34 anos,71.0
2311603,Redenção - CE,2020,35 a 39 anos,42.0
2311603,Redenção - CE,2020,40 a 44 anos,17.0
2311603,Redenção - CE,2020,45 a 49 anos,1.0
2311603,Redenção - CE,2020,50 anos ou mais,
2311603,Redenção - CE,2020,Ignorada,
2311603,Redenção - CE,2021,Total,394.0
2311603,Redenção - CE,2021,Menos de 15 anos,1.0
2311603,Redenção - CE,2021,15 a 19 anos,60.0
2311603,Redenção - CE,2021,20 a 24 anos,93.0
2311603,Redenção - CE,2021,25 a 29 anos,89.0
2311603,Redenção - CE,2021,30 a 34 anos,91.0
2311603,Redenção - CE,2021,35 a 39 anos,47.0
2311603,Redenção - CE,2021,40 a 44 anos,12.0
2311603,Redenção - CE,2021,45 a 49 anos,1.0
2311603,Redenção - CE,2021,50 anos ou mais,
2311603,Redenção - CE,2021,Ignorada,
2311603,Redenção - CE,2022,Total,325.0
2311603,Redenção - CE,2022,Menos de 15 anos,1.0
2311603,Redenção - CE,2022,15 a 19 anos,33.0
2311603,Redenção - CE,2022,20 a 24 anos,87.0
2311603,Redenção - CE,2022,25 a 29 anos,95.0
2311603,Redenção - CE,2022,30 a 34 anos,60.0
2311603,Redenção - CE,2022,35 a 39 anos,40.0
2311603,Redenção - CE,2022,40 a 44 anos,9.0
2311603,Redenção - CE,2022,45 a 49 anos,
2311603,Redenção - CE,2022,50 anos ou mais,
2311603,Redenção - CE,2022,Ignorada,
2311603,Redenção - CE,2023,Total,360.0
2311603,Redenção - CE,2023,Menos de 15 anos,3.0
2311603,Redenção - CE,2023,15 a 19 anos,47.0
2311603,Redenção - CE,2023,20 a 24 anos,85.0
2311603,Redenção - CE,2023,25 a 29 anos,98.0
2311603,Redenção - CE,2023,30 a 34 anos,76.0
2311603,Redenção - CE,2023,35 a 39 anos,43.0
2311603,Redenção - CE,2023,40 a 44 anos,8.0
2311603,Redenção - CE,2023,45 a 49 anos,
2311603,Redenção - CE,2023,50 anos ou mais,
2311603,Redenção - CE,2023,Ignorada,
2311603,Redenção - CE,2024,Total,333.0
2311603,Redenção - CE,2024,Menos de 15 anos,2.0
2311603,Redenção - CE,2024,15 a 19 anos,37.0
2311603,Redenção - CE,2024,20 a 24 anos,68.0
2311603,Redenção - CE,2024,25 a 29 anos,87.0
2311603,Redenção - CE,2024,30 a 34 anos,79.0
2311603,Redenção - CE,2024,35 a 39 anos,46.0
2311603,Redenção - CE,2024,40 a 44 anos,13.0
2311603,Redenção - CE,2024,45 a 49 anos,1.0
2311603,Redenção - CE,2024,50 anos ou mais,
2311603,Redenção - CE,2024,Ignorada,
2311702,Reriutaba - CE,2020,Total,226.0
2311702,Reriutaba - CE,2020,Menos de 15 anos,3.0
2311702,Reriutaba - CE,2020,15 a 19 anos,37.0
2311702,Reriutaba - CE,2020,20 a 24 anos,46.0
2311702,Reriutaba - CE,2020,25 a 29 anos,53.0
2311702,Reriutaba - CE,2020,30 a 34 anos,54.0
2311702,Reriutaba - CE,2020,35 a 39 anos,23.0
2311702,Reriutaba - CE,2020,40 a 44 anos,10.0
2311702,Reriutaba - CE,2020,45 a 49 anos,
2311702,Reriutaba - CE,2020,50 anos ou mais,
2311702,Reriutaba - CE,2020,Ignorada,
2311702,Reriutaba - CE,2021,Total,260.0
2311702,Reriutaba - CE,2021,Menos de 15 anos,4.0
2311702,Reriutaba - CE,2021,15 a 19 anos,42.0
2311702,Reriutaba - CE,2021,20 a 24 anos,59.0
2311702,Reriutaba - CE,2021,25 a 29 anos,69.0
2311702,Reriutaba - CE,2021,30 a 34 anos,53.0
2311702,Reriutaba - CE,2021,35 a 39 anos,25.0
2311702,Reriutaba - CE,2021,40 a 44 anos,7.0
2311702,Reriutaba - CE,2021,45 a 49 anos,1.0
2311702,Reriutaba - CE,2021,50 anos ou mais,
2311702,Reriutaba - CE,2021,Ignorada,
2311702,Reriutaba - CE,2022,Total,219.0
2311702,Reriutaba - CE,2022,Menos de 15 anos,1.0
2311702,Reriutaba - CE,2022,15 a 19 anos,26.0
2311702,Reriutaba - CE,2022,20 a 24 anos,54.0
2311702,Reriutaba - CE,2022,25 a 29 anos,51.0
2311702,Reriutaba - CE,2022,30 a 34 anos,48.0
2311702,Reriutaba - CE,2022,35 a 39 anos,30.0
2311702,Reriutaba - CE,2022,40 a 44 anos,9.0
2311702,Reriutaba - CE,2022,45 a 49 anos,
2311702,Reriutaba - CE,2022,50 anos ou mais,
2311702,Reriutaba - CE,2022,Ignorada,
2311702,Reriutaba - CE,2023,Total,232.0
2311702,Reriutaba - CE,2023,Menos de 15 anos,
2311702,Reriutaba - CE,2023,15 a 19 anos,30.0
2311702,Reriutaba - CE,2023,20 a 24 anos,58.0
2311702,Reriutaba - CE,2023,25 a 29 anos,68.0
2311702,Reriutaba - CE,2023,30 a 34 anos,36.0
2311702,Reriutaba - CE,2023,35 a 39 anos,29.0
2311702,Reriutaba - CE,2023,40 a 44 anos,11.0
2311702,Reriutaba - CE,2023,45 a 49 anos,
2311702,Reriutaba - CE,2023,50 anos ou mais,
2311702,Reriutaba - CE,2023,Ignorada,
2311702,Reriutaba - CE,2024,Total,222.0
2311702,Reriutaba - CE,2024,Menos de 15 anos,1.0
2311702,Reriutaba - CE,2024,15 a 19 anos,35.0
2311702,Reriutaba - CE,2024,20 a 24 anos,50.0
2311702,Reriutaba - CE,2024,25 a 29 anos,52.0
2311702,Reriutaba - CE,2024,30 a 34 anos,46.0
2311702,Reriutaba - CE,2024,35 a 39 anos,28.0
2311702,Reriutaba - CE,2024,40 a 44 anos,9.0
2311702,Reriutaba - CE,2024,45 a 49 anos,1.0
2311702,Reriutaba - CE,2024,50 anos ou mais,
2311702,Reriutaba - CE,2024,Ignorada,
2311801,Russas - CE,2020,Total,899.0
2311801,Russas - CE,2020,Menos de 15 anos,5.0
2311801,Russas - CE,2020,15 a 19 anos,99.0
2311801,Russas - CE,2020,20 a 24 anos,232.0
2311801,Russas - CE,2020,25 a 29 anos,221.0
2311801,Russas - CE,2020,30 a 34 anos,199.0
2311801,Russas - CE,2020,35 a 39 anos,112.0
2311801,Russas - CE,2020,40 a 44 anos,27.0
2311801,Russas - CE,2020,45 a 49 anos,1.0
2311801,Russas - CE,2020,50 anos ou mais,
2311801,Russas - CE,2020,Ignorada,3.0
2311801,Russas - CE,2021,Total,910.0
2311801,Russas - CE,2021,Menos de 15 anos,2.0
2311801,Russas - CE,2021,15 a 19 anos,106.0
2311801,Russas - CE,2021,20 a 24 anos,222.0
2311801,Russas - CE,2021,25 a 29 anos,259.0
2311801,Russas - CE,2021,30 a 34 anos,186.0
2311801,Russas - CE,2021,35 a 39 anos,108.0
2311801,Russas - CE,2021,40 a 44 anos,26.0
2311801,Russas - CE,2021,45 a 49 anos,1.0
2311801,Russas - CE,2021,50 anos ou mais,
2311801,Russas - CE,2021,Ignorada,
2311801,Russas - CE,2022,Total,877.0
2311801,Russas - CE,2022,Menos de 15 anos,2.0
2311801,Russas - CE,2022,15 a 19 anos,103.0
2311801,Russas - CE,2022,20 a 24 anos,208.0
2311801,Russas - CE,2022,25 a 29 anos,212.0
2311801,Russas - CE,2022,30 a 34 anos,216.0
2311801,Russas - CE,2022,35 a 39 anos,98.0
2311801,Russas - CE,2022,40 a 44 anos,36.0
2311801,Russas - CE,2022,45 a 49 anos,2.0
2311801,Russas - CE,2022,50 anos ou mais,
2311801,Russas - CE,2022,Ignorada,
2311801,Russas - CE,2023,Total,793.0
2311801,Russas - CE,2023,Menos de 15 anos,5.0
2311801,Russas - CE,2023,15 a 19 anos,64.0
2311801,Russas - CE,2023,20 a 24 anos,171.0
2311801,Russas - CE,2023,25 a 29 anos,219.0
2311801,Russas - CE,2023,30 a 34 anos,181.0
2311801,Russas - CE,2023,35 a 39 anos,115.0
2311801,Russas - CE,2023,40 a 44 anos,36.0
2311801,Russas - CE,2023,45 a 49 anos,2.0
2311801,Russas - CE,2023,50 anos ou mais,
2311801,Russas - CE,2023,Ignorada,
2311801,Russas - CE,2024,Total,751.0
2311801,Russas - CE,2024,Menos de 15 anos,4.0
2311801,Russas - CE,2024,15 a 19 anos,66.0
2311801,Russas - CE,2024,20 a 24 anos,157.0
2311801,Russas - CE,2024,25 a 29 anos,203.0
2311801,Russas - CE,2024,30 a 34 anos,193.0
2311801,Russas - CE,2024,35 a 39 anos,102.0
2311801,Russas - CE,2024,40 a 44 anos,24.0
2311801,Russas - CE,2024,45 a 49 anos,2.0
2311801,Russas - CE,2024,50 anos ou mais,
2311801,Russas - CE,2024,Ignorada,
2311900,Saboeiro - CE,2020,Total,175.0
2311900,Saboeiro - CE,2020,Menos de 15 anos,1.0
2311900,Saboeiro - CE,2020,15 a 19 anos,35.0
2311900,Saboeiro - CE,2020,20 a 24 anos,48.0
2311900,Saboeiro - CE,2020,25 a 29 anos,39.0
2311900,Saboeiro - CE,2020,30 a 34 anos,31.0
2311900,Saboeiro - CE,2020,35 a 39 anos,16.0
2311900,Saboeiro - CE,2020,40 a 44 anos,4.0
2311900,Saboeiro - CE,2020,45 a 49 anos,
2311900,Saboeiro - CE,2020,50 anos ou mais,
2311900,Saboeiro - CE,2020,Ignorada,1.0
2311900,Saboeiro - CE,2021,Total,202.0
2311900,Saboeiro - CE,2021,Menos de 15 anos,2.0
2311900,Saboeiro - CE,2021,15 a 19 anos,39.0
2311900,Saboeiro - CE,2021,20 a 24 anos,54.0
2311900,Saboeiro - CE,2021,25 a 29 anos,53.0
2311900,Saboeiro - CE,2021,30 a 34 anos,36.0
2311900,Saboeiro - CE,2021,35 a 39 anos,13.0
2311900,Saboeiro - CE,2021,40 a 44 anos,5.0
2311900,Saboeiro - CE,2021,45 a 49 anos,
2311900,Saboeiro - CE,2021,50 anos ou mais,
2311900,Saboeiro - CE,2021,Ignorada,
2311900,Saboeiro - CE,2022,Total,155.0
2311900,Saboeiro - CE,2022,Menos de 15 anos,4.0
2311900,Saboeiro - CE,2022,15 a 19 anos,19.0
2311900,Saboeiro - CE,2022,20 a 24 anos,32.0
2311900,Saboeiro - CE,2022,25 a 29 anos,46.0
2311900,Saboeiro - CE,2022,30 a 34 anos,35.0
2311900,Saboeiro - CE,2022,35 a 39 anos,15.0
2311900,Saboeiro - CE,2022,40 a 44 anos,3.0
2311900,Saboeiro - CE,2022,45 a 49 anos,1.0
2311900,Saboeiro - CE,2022,50 anos ou mais,
2311900,Saboeiro - CE,2022,Ignorada,
2311900,Saboeiro - CE,2023,Total,179.0
2311900,Saboeiro - CE,2023,Menos de 15 anos,2.0
2311900,Saboeiro - CE,2023,15 a 19 anos,24.0
2311900,Saboeiro - CE,2023,20 a 24 anos,47.0
2311900,Saboeiro - CE,2023,25 a 29 anos,37.0
2311900,Saboeiro - CE,2023,30 a 34 anos,36.0
2311900,Saboeiro - CE,2023,35 a 39 anos,23.0
2311900,Saboeiro - CE,2023,40 a 44 anos,9.0
2311900,Saboeiro - CE,2023,45 a 49 anos,
2311900,Saboeiro - CE,2023,50 anos ou mais,
2311900,Saboeiro - CE,2023,Ignorada,1.0
2311900,Saboeiro - CE,2024,Total,144.0
2311900,Saboeiro - CE,2024,Menos de 15 anos,1.0
2311900,Saboeiro - CE,2024,15 a 19 anos,18.0
2311900,Saboeiro - CE,2024,20 a 24 anos,23.0
2311900,Saboeiro - CE,2024,25 a 29 anos,40.0
2311900,Saboeiro - CE,2024,30 a 34 anos,26.0
2311900,Saboeiro - CE,2024,35 a 39 anos,27.0
2311900,Saboeiro - CE,2024,40 a 44 anos,6.0
2311900,Saboeiro - CE,2024,45 a 49 anos,2.0
2311900,Saboeiro - CE,2024,50 anos ou mais,
2311900,Saboeiro - CE,2024,Ignorada,1.0
2311959,Salitre - CE,2020,Total,278.0
2311959,Salitre - CE,2020,Menos de 15 anos,2.0
2311959,Salitre - CE,2020,15 a 19 anos,64.0
2311959,Salitre - CE,2020,20 a 24 anos,73.0
2311959,Salitre - CE,2020,25 a 29 anos,59.0
2311959,Salitre - CE,2020,30 a 34 anos,44.0
2311959,Salitre - CE,2020,35 a 39 anos,26.0
2311959,Salitre - CE,2020,40 a 44 anos,8.0
2311959,Salitre - CE,2020,45 a 49 anos,
2311959,Salitre - CE,2020,50 anos ou mais,
2311959,Salitre - CE,2020,Ignorada,2.0
2311959,Salitre - CE,2021,Total,358.0
2311959,Salitre - CE,2021,Menos de 15 anos,6.0
2311959,Salitre - CE,2021,15 a 19 anos,94.0
2311959,Salitre - CE,2021,20 a 24 anos,99.0
2311959,Salitre - CE,2021,25 a 29 anos,59.0
2311959,Salitre - CE,2021,30 a 34 anos,68.0
2311959,Salitre - CE,2021,35 a 39 anos,24.0
2311959,Salitre - CE,2021,40 a 44 anos,7.0
2311959,Salitre - CE,2021,45 a 49 anos,1.0
2311959,Salitre - CE,2021,50 anos ou mais,
2311959,Salitre - CE,2021,Ignorada,
2311959,Salitre - CE,2022,Total,317.0
2311959,Salitre - CE,2022,Menos de 15 anos,2.0
2311959,Salitre - CE,2022,15 a 19 anos,55.0
2311959,Salitre - CE,2022,20 a 24 anos,86.0
2311959,Salitre - CE,2022,25 a 29 anos,76.0
2311959,Salitre - CE,2022,30 a 34 anos,50.0
2311959,Salitre - CE,2022,35 a 39 anos,42.0
2311959,Salitre - CE,2022,40 a 44 anos,4.0
2311959,Salitre - CE,2022,45 a 49 anos,2.0
2311959,Salitre - CE,2022,50 anos ou mais,
2311959,Salitre - CE,2022,Ignorada,
2311959,Salitre - CE,2023,Total,309.0
2311959,Salitre - CE,2023,Menos de 15 anos,1.0
2311959,Salitre - CE,2023,15 a 19 anos,55.0
2311959,Salitre - CE,2023,20 a 24 anos,79.0
2311959,Salitre - CE,2023,25 a 29 anos,76.0
2311959,Salitre - CE,2023,30 a 34 anos,58.0
2311959,Salitre - CE,2023,35 a 39 anos,33.0
2311959,Salitre - CE,2023,40 a 44 anos,5.0
2311959,Salitre - CE,2023,45 a 49 anos,2.0
2311959,Salitre - CE,2023,50 anos ou mais,
2311959,Salitre - CE,2023,Ignorada,
2311959,Salitre - CE,2024,Total,288.0
2311959,Salitre - CE,2024,Menos de 15 anos,4.0
2311959,Salitre - CE,2024,15 a 19 anos,40.0
2311959,Salitre - CE,2024,20 a 24 anos,73.0
2311959,Salitre - CE,2024,25 a 29 anos,81.0
2311959,Salitre - CE,2024,30 a 34 anos,47.0
2311959,Salitre - CE,2024,35 a 39 anos,34.0
2311959,Salitre - CE,2024,40 a 44 anos,7.0
2311959,Salitre - CE,2024,45 a 49 anos,2.0
2311959,Salitre - CE,2024,50 anos ou mais,
2311959,Salitre - CE,2024,Ignorada,
2312007,Santana do Acaraú - CE,2020,Total,412.0
2312007,Santana do Acaraú - CE,2020,Menos de 15 anos,3.0
2312007,Santana do Acaraú - CE,2020,15 a 19 anos,60.0
2312007,Santana do Acaraú - CE,2020,20 a 24 anos,102.0
2312007,Santana do Acaraú - CE,2020,25 a 29 anos,103.0
2312007,Santana do Acaraú - CE,2020,30 a 34 anos,83.0
2312007,Santana do Acaraú - CE,2020,35 a 39 anos,49.0
2312007,Santana do Acaraú - CE,2020,40 a 44 anos,11.0
2312007,Santana do Acaraú - CE,2020,45 a 49 anos,1.0
2312007,Santana do Acaraú - CE,2020,50 anos ou mais,
2312007,Santana do Acaraú - CE,2020,Ignorada,
2312007,Santana do Acaraú - CE,2021,Total,393.0
2312007,Santana do Acaraú - CE,2021,Menos de 15 anos,3.0
2312007,Santana do Acaraú - CE,2021,15 a 19 anos,62.0
2312007,Santana do Acaraú - CE,2021,20 a 24 anos,105.0
2312007,Santana do Acaraú - CE,2021,25 a 29 anos,83.0
2312007,Santana do Acaraú - CE,2021,30 a 34 anos,72.0
2312007,Santana do Acaraú - CE,2021,35 a 39 anos,54.0
2312007,Santana do Acaraú - CE,2021,40 a 44 anos,13.0
2312007,Santana do Acaraú - CE,2021,45 a 49 anos,1.0
2312007,Santana do Acaraú - CE,2021,50 anos ou mais,
2312007,Santana do Acaraú - CE,2021,Ignorada,
2312007,Santana do Acaraú - CE,2022,Total,387.0
2312007,Santana do Acaraú - CE,2022,Menos de 15 anos,4.0
2312007,Santana do Acaraú - CE,2022,15 a 19 anos,39.0
2312007,Santana do Acaraú - CE,2022,20 a 24 anos,99.0
2312007,Santana do Acaraú - CE,2022,25 a 29 anos,100.0
2312007,Santana do Acaraú - CE,2022,30 a 34 anos,86.0
2312007,Santana do Acaraú - CE,2022,35 a 39 anos,47.0
2312007,Santana do Acaraú - CE,2022,40 a 44 anos,11.0
2312007,Santana do Acaraú - CE,2022,45 a 49 anos,1.0
2312007,Santana do Acaraú - CE,2022,50 anos ou mais,
2312007,Santana do Acaraú - CE,2022,Ignorada,
2312007,Santana do Acaraú - CE,2023,Total,373.0
2312007,Santana do Acaraú - CE,2023,Menos de 15 anos,2.0
2312007,Santana do Acaraú - CE,2023,15 a 19 anos,58.0
2312007,Santana do Acaraú - CE,2023,20 a 24 anos,84.0
2312007,Santana do Acaraú - CE,2023,25 a 29 anos,79.0
2312007,Santana do Acaraú - CE,2023,30 a 34 anos,95.0
2312007,Santana do Acaraú - CE,2023,35 a 39 anos,41.0
2312007,Santana do Acaraú - CE,2023,40 a 44 anos,12.0
2312007,Santana do Acaraú - CE,2023,45 a 49 anos,2.0
2312007,Santana do Acaraú - CE,2023,50 anos ou mais,
2312007,Santana do Acaraú - CE,2023,Ignorada,
2312007,Santana do Acaraú - CE,2024,Total,365.0
2312007,Santana do Acaraú - CE,2024,Menos de 15 anos,4.0
2312007,Santana do Acaraú - CE,2024,15 a 19 anos,48.0
2312007,Santana do Acaraú - CE,2024,20 a 24 anos,88.0
2312007,Santana do Acaraú - CE,2024,25 a 29 anos,89.0
2312007,Santana do Acaraú - CE,2024,30 a 34 anos,69.0
2312007,Santana do Acaraú - CE,2024,35 a 39 anos,53.0
2312007,Santana do Acaraú - CE,2024,40 a 44 anos,11.0
2312007,Santana do Acaraú - CE,2024,45 a 49 anos,3.0
2312007,Santana do Acaraú - CE,2024,50 anos ou mais,
2312007,Santana do Acaraú - CE,2024,Ignorada,
2312106,Santana do Cariri - CE,2020,Total,224.0
2312106,Santana do Cariri - CE,2020,Menos de 15 anos,5.0
2312106,Santana do Cariri - CE,2020,15 a 19 anos,41.0
2312106,Santana do Cariri - CE,2020,20 a 24 anos,53.0
2312106,Santana do Cariri - CE,2020,25 a 29 anos,41.0
2312106,Santana do Cariri - CE,2020,30 a 34 anos,52.0
2312106,Santana do Cariri - CE,2020,35 a 39 anos,26.0
2312106,Santana do Cariri - CE,2020,40 a 44 anos,6.0
2312106,Santana do Cariri - CE,2020,45 a 49 anos,
2312106,Santana do Cariri - CE,2020,50 anos ou mais,
2312106,Santana do Cariri - CE,2020,Ignorada,
2312106,Santana do Cariri - CE,2021,Total,244.0
2312106,Santana do Cariri - CE,2021,Menos de 15 anos,2.0
2312106,Santana do Cariri - CE,2021,15 a 19 anos,39.0
2312106,Santana do Cariri - CE,2021,20 a 24 anos,64.0
2312106,Santana do Cariri - CE,2021,25 a 29 anos,51.0
2312106,Santana do Cariri - CE,2021,30 a 34 anos,54.0
2312106,Santana do Cariri - CE,2021,35 a 39 anos,27.0
2312106,Santana do Cariri - CE,2021,40 a 44 anos,6.0
2312106,Santana do Cariri - CE,2021,45 a 49 anos,1.0
2312106,Santana do Cariri - CE,2021,50 anos ou mais,
2312106,Santana do Cariri - CE,2021,Ignorada,
2312106,Santana do Cariri - CE,2022,Total,218.0
2312106,Santana do Cariri - CE,2022,Menos de 15 anos,3.0
2312106,Santana do Cariri - CE,2022,15 a 19 anos,35.0
2312106,Santana do Cariri - CE,2022,20 a 24 anos,64.0
2312106,Santana do Cariri - CE,2022,25 a 29 anos,50.0
2312106,Santana do Cariri - CE,2022,30 a 34 anos,39.0
2312106,Santana do Cariri - CE,2022,35 a 39 anos,21.0
2312106,Santana do Cariri - CE,2022,40 a 44 anos,6.0
2312106,Santana do Cariri - CE,2022,45 a 49 anos,
2312106,Santana do Cariri - CE,2022,50 anos ou mais,
2312106,Santana do Cariri - CE,2022,Ignorada,
2312106,Santana do Cariri - CE,2023,Total,209.0
2312106,Santana do Cariri - CE,2023,Menos de 15 anos,1.0
2312106,Santana do Cariri - CE,2023,15 a 19 anos,34.0
2312106,Santana do Cariri - CE,2023,20 a 24 anos,59.0
2312106,Santana do Cariri - CE,2023,25 a 29 anos,51.0
2312106,Santana do Cariri - CE,2023,30 a 34 anos,40.0
2312106,Santana do Cariri - CE,2023,35 a 39 anos,18.0
2312106,Santana do Cariri - CE,2023,40 a 44 anos,6.0
2312106,Santana do Cariri - CE,2023,45 a 49 anos,
2312106,Santana do Cariri - CE,2023,50 anos ou mais,
2312106,Santana do Cariri - CE,2023,Ignorada,
2312106,Santana do Cariri - CE,2024,Total,196.0
2312106,Santana do Cariri - CE,2024,Menos de 15 anos,3.0
2312106,Santana do Cariri - CE,2024,15 a 19 anos,28.0
2312106,Santana do Cariri - CE,2024,20 a 24 anos,44.0
2312106,Santana do Cariri - CE,2024,25 a 29 anos,49.0
2312106,Santana do Cariri - CE,2024,30 a 34 anos,44.0
2312106,Santana do Cariri - CE,2024,35 a 39 anos,20.0
2312106,Santana do Cariri - CE,2024,40 a 44 anos,7.0
2312106,Santana do Cariri - CE,2024,45 a 49 anos,1.0
2312106,Santana do Cariri - CE,2024,50 anos ou mais,
2312106,Santana do Cariri - CE,2024,Ignorada,
2312205,Santa Quitéria - CE,2020,Total,544.0
2312205,Santa Quitéria - CE,2020,Menos de 15 anos,7.0
2312205,Santa Quitéria - CE,2020,15 a 19 anos,82.0
2312205,Santa Quitéria - CE,2020,20 a 24 anos,136.0
2312205,Santa Quitéria - CE,2020,25 a 29 anos,126.0
2312205,Santa Quitéria - CE,2020,30 a 34 anos,109.0
2312205,Santa Quitéria - CE,2020,35 a 39 anos,69.0
2312205,Santa Quitéria - CE,2020,40 a 44 anos,15.0
2312205,Santa Quitéria - CE,2020,45 a 49 anos,
2312205,Santa Quitéria - CE,2020,50 anos ou mais,
2312205,Santa Quitéria - CE,2020,Ignorada,
2312205,Santa Quitéria - CE,2021,Total,484.0
2312205,Santa Quitéria - CE,2021,Menos de 15 anos,3.0
2312205,Santa Quitéria - CE,2021,15 a 19 anos,84.0
2312205,Santa Quitéria - CE,2021,20 a 24 anos,129.0
2312205,Santa Quitéria - CE,2021,25 a 29 anos,127.0
2312205,Santa Quitéria - CE,2021,30 a 34 anos,91.0
2312205,Santa Quitéria - CE,2021,35 a 39 anos,35.0
2312205,Santa Quitéria - CE,2021,40 a 44 anos,14.0
2312205,Santa Quitéria - CE,2021,45 a 49 anos,1.0
2312205,Santa Quitéria - CE,2021,50 anos ou mais,
2312205,Santa Quitéria - CE,2021,Ignorada,
2312205,Santa Quitéria - CE,2022,Total,462.0
2312205,Santa Quitéria - CE,2022,Menos de 15 anos,6.0
2312205,Santa Quitéria - CE,2022,15 a 19 anos,68.0
2312205,Santa Quitéria - CE,2022,20 a 24 anos,112.0
2312205,Santa Quitéria - CE,2022,25 a 29 anos,115.0
2312205,Santa Quitéria - CE,2022,30 a 34 anos,86.0
2312205,Santa Quitéria - CE,2022,35 a 39 anos,53.0
2312205,Santa Quitéria - CE,2022,40 a 44 anos,22.0
2312205,Santa Quitéria - CE,2022,45 a 49 anos,
2312205,Santa Quitéria - CE,2022,50 anos ou mais,
2312205,Santa Quitéria - CE,2022,Ignorada,
2312205,Santa Quitéria - CE,2023,Total,433.0
2312205,Santa Quitéria - CE,2023,Menos de 15 anos,2.0
2312205,Santa Quitéria - CE,2023,15 a 19 anos,58.0
2312205,Santa Quitéria - CE,2023,20 a 24 anos,111.0
2312205,Santa Quitéria - CE,2023,25 a 29 anos,108.0
2312205,Santa Quitéria - CE,2023,30 a 34 anos,72.0
2312205,Santa Quitéria - CE,2023,35 a 39 anos,59.0
2312205,Santa Quitéria - CE,2023,40 a 44 anos,22.0
2312205,Santa Quitéria - CE,2023,45 a 49 anos,
2312205,Santa Quitéria - CE,2023,50 anos ou mais,1.0
2312205,Santa Quitéria - CE,2023,Ignorada,
2312205,Santa Quitéria - CE,2024,Total,412.0
2312205,Santa Quitéria - CE,2024,Menos de 15 anos,4.0
2312205,Santa Quitéria - CE,2024,15 a 19 anos,56.0
2312205,Santa Quitéria - CE,2024,20 a 24 anos,92.0
2312205,Santa Quitéria - CE,2024,25 a 29 anos,109.0
2312205,Santa Quitéria - CE,2024,30 a 34 anos,82.0
2312205,Santa Quitéria - CE,2024,35 a 39 anos,58.0
2312205,Santa Quitéria - CE,2024,40 a 44 anos,11.0
2312205,Santa Quitéria - CE,2024,45 a 49 anos,
2312205,Santa Quitéria - CE,2024,50 anos ou mais,
2312205,Santa Quitéria - CE,2024,Ignorada,
2312304,São Benedito - CE,2020,Total,770.0
2312304,São Benedito - CE,2020,Menos de 15 anos,9.0
2312304,São Benedito - CE,2020,15 a 19 anos,136.0
2312304,São Benedito - CE,2020,20 a 24 anos,196.0
2312304,São Benedito - CE,2020,25 a 29 anos,183.0
2312304,São Benedito - CE,2020,30 a 34 anos,132.0
2312304,São Benedito - CE,2020,35 a 39 anos,84.0
2312304,São Benedito - CE,2020,40 a 44 anos,28.0
2312304,São Benedito - CE,2020,45 a 49 anos,2.0
2312304,São Benedito - CE,2020,50 anos ou mais,
2312304,São Benedito - CE,2020,Ignorada,
2312304,São Benedito - CE,2021,Total,738.0
2312304,São Benedito - CE,2021,Menos de 15 anos,7.0
2312304,São Benedito - CE,2021,15 a 19 anos,87.0
2312304,São Benedito - CE,2021,20 a 24 anos,203.0
2312304,São Benedito - CE,2021,25 a 29 anos,186.0
2312304,São Benedito - CE,2021,30 a 34 anos,149.0
2312304,São Benedito - CE,2021,35 a 39 anos,79.0
2312304,São Benedito - CE,2021,40 a 44 anos,27.0
2312304,São Benedito - CE,2021,45 a 49 anos,
2312304,São Benedito - CE,2021,50 anos ou mais,
2312304,São Benedito - CE,2021,Ignorada,
2312304,São Benedito - CE,2022,Total,759.0
2312304,São Benedito - CE,2022,Menos de 15 anos,6.0
2312304,São Benedito - CE,2022,15 a 19 anos,94.0
2312304,São Benedito - CE,2022,20 a 24 anos,179.0
2312304,São Benedito - CE,2022,25 a 29 anos,186.0
2312304,São Benedito - CE,2022,30 a 34 anos,164.0
2312304,São Benedito - CE,2022,35 a 39 anos,100.0
2312304,São Benedito - CE,2022,40 a 44 anos,28.0
2312304,São Benedito - CE,2022,45 a 49 anos,2.0
2312304,São Benedito - CE,2022,50 anos ou mais,
2312304,São Benedito - CE,2022,Ignorada,
2312304,São Benedito - CE,2023,Total,678.0
2312304,São Benedito - CE,2023,Menos de 15 anos,9.0
2312304,São Benedito - CE,2023,15 a 19 anos,94.0
2312304,São Benedito - CE,2023,20 a 24 anos,162.0
2312304,São Benedito - CE,2023,25 a 29 anos,166.0
2312304,São Benedito - CE,2023,30 a 34 anos,121.0
2312304,São Benedito - CE,2023,35 a 39 anos,98.0
2312304,São Benedito - CE,2023,40 a 44 anos,25.0
2312304,São Benedito - CE,2023,45 a 49 anos,3.0
2312304,São Benedito - CE,2023,50 anos ou mais,
2312304,São Benedito - CE,2023,Ignorada,
2312304,São Benedito - CE,2024,Total,641.0
2312304,São Benedito - CE,2024,Menos de 15 anos,
2312304,São Benedito - CE,2024,15 a 19 anos,69.0
2312304,São Benedito - CE,2024,20 a 24 anos,150.0
2312304,São Benedito - CE,2024,25 a 29 anos,167.0
2312304,São Benedito - CE,2024,30 a 34 anos,122.0
2312304,São Benedito - CE,2024,35 a 39 anos,99.0
2312304,São Benedito - CE,2024,40 a 44 anos,29.0
2312304,São Benedito - CE,2024,45 a 49 anos,2.0
2312304,São Benedito - CE,2024,50 anos ou mais,
2312304,São Benedito - CE,2024,Ignorada,3.0
2312403,São Gonçalo do Amarante - CE,2020,Total,811.0
2312403,São Gonçalo do Amarante - CE,2020,Menos de 15 anos,1.0
2312403,São Gonçalo do Amarante - CE,2020,15 a 19 anos,93.0
2312403,São Gonçalo do Amarante - CE,2020,20 a 24 anos,232.0
2312403,São Gonçalo do Amarante - CE,2020,25 a 29 anos,200.0
2312403,São Gonçalo do Amarante - CE,2020,30 a 34 anos,166.0
2312403,São Gonçalo do Amarante - CE,2020,35 a 39 anos,96.0
2312403,São Gonçalo do Amarante - CE,2020,40 a 44 anos,22.0
2312403,São Gonçalo do Amarante - CE,2020,45 a 49 anos,1.0
2312403,São Gonçalo do Amarante - CE,2020,50 anos ou mais,
2312403,São Gonçalo do Amarante - CE,2020,Ignorada,
2312403,São Gonçalo do Amarante - CE,2021,Total,833.0
2312403,São Gonçalo do Amarante - CE,2021,Menos de 15 anos,8.0
2312403,São Gonçalo do Amarante - CE,2021,15 a 19 anos,113.0
2312403,São Gonçalo do Amarante - CE,2021,20 a 24 anos,239.0
2312403,São Gonçalo do Amarante - CE,2021,25 a 29 anos,200.0
2312403,São Gonçalo do Amarante - CE,2021,30 a 34 anos,150.0
2312403,São Gonçalo do Amarante - CE,2021,35 a 39 anos,93.0
2312403,São Gonçalo do Amarante - CE,2021,40 a 44 anos,29.0
2312403,São Gonçalo do Amarante - CE,2021,45 a 49 anos,1.0
2312403,São Gonçalo do Amarante - CE,2021,50 anos ou mais,
2312403,São Gonçalo do Amarante - CE,2021,Ignorada,
2312403,São Gonçalo do Amarante - CE,2022,Total,812.0
2312403,São Gonçalo do Amarante - CE,2022,Menos de 15 anos,7.0
2312403,São Gonçalo do Amarante - CE,2022,15 a 19 anos,104.0
2312403,São Gonçalo do Amarante - CE,2022,20 a 24 anos,181.0
2312403,São Gonçalo do Amarante - CE,2022,25 a 29 anos,246.0
2312403,São Gonçalo do Amarante - CE,2022,30 a 34 anos,157.0
2312403,São Gonçalo do Amarante - CE,2022,35 a 39 anos,91.0
2312403,São Gonçalo do Amarante - CE,2022,40 a 44 anos,24.0
2312403,São Gonçalo do Amarante - CE,2022,45 a 49 anos,2.0
2312403,São Gonçalo do Amarante - CE,2022,50 anos ou mais,
2312403,São Gonçalo do Amarante - CE,2022,Ignorada,
2312403,São Gonçalo do Amarante - CE,2023,Total,856.0
2312403,São Gonçalo do Amarante - CE,2023,Menos de 15 anos,5.0
2312403,São Gonçalo do Amarante - CE,2023,15 a 19 anos,99.0
2312403,São Gonçalo do Amarante - CE,2023,20 a 24 anos,217.0
2312403,São Gonçalo do Amarante - CE,2023,25 a 29 anos,241.0
2312403,São Gonçalo do Amarante - CE,2023,30 a 34 anos,165.0
2312403,São Gonçalo do Amarante - CE,2023,35 a 39 anos,96.0
2312403,São Gonçalo do Amarante - CE,2023,40 a 44 anos,31.0
2312403,São Gonçalo do Amarante - CE,2023,45 a 49 anos,2.0
2312403,São Gonçalo do Amarante - CE,2023,50 anos ou mais,
2312403,São Gonçalo do Amarante - CE,2023,Ignorada,
2312403,São Gonçalo do Amarante - CE,2024,Total,774.0
2312403,São Gonçalo do Amarante - CE,2024,Menos de 15 anos,2.0
2312403,São Gonçalo do Amarante - CE,2024,15 a 19 anos,75.0
2312403,São Gonçalo do Amarante - CE,2024,20 a 24 anos,165.0
2312403,São Gonçalo do Amarante - CE,2024,25 a 29 anos,240.0
2312403,São Gonçalo do Amarante - CE,2024,30 a 34 anos,147.0
2312403,São Gonçalo do Amarante - CE,2024,35 a 39 anos,118.0
2312403,São Gonçalo do Amarante - CE,2024,40 a 44 anos,25.0
2312403,São Gonçalo do Amarante - CE,2024,45 a 49 anos,2.0
2312403,São Gonçalo do Amarante - CE,2024,50 anos ou mais,
2312403,São Gonçalo do Amarante - CE,2024,Ignorada,
2312502,São João do Jaguaribe - CE,2020,Total,59.0
2312502,São João do Jaguaribe - CE,2020,Menos de 15 anos,
2312502,São João do Jaguaribe - CE,2020,15 a 19 anos,3.0
2312502,São João do Jaguaribe - CE,2020,20 a 24 anos,14.0
2312502,São João do Jaguaribe - CE,2020,25 a 29 anos,15.0
2312502,São João do Jaguaribe - CE,2020,30 a 34 anos,16.0
2312502,São João do Jaguaribe - CE,2020,35 a 39 anos,10.0
2312502,São João do Jaguaribe - CE,2020,40 a 44 anos,1.0
2312502,São João do Jaguaribe - CE,2020,45 a 49 anos,
2312502,São João do Jaguaribe - CE,2020,50 anos ou mais,
2312502,São João do Jaguaribe - CE,2020,Ignorada,
2312502,São João do Jaguaribe - CE,2021,Total,49.0
2312502,São João do Jaguaribe - CE,2021,Menos de 15 anos,
2312502,São João do Jaguaribe - CE,2021,15 a 19 anos,4.0
2312502,São João do Jaguaribe - CE,2021,20 a 24 anos,12.0
2312502,São João do Jaguaribe - CE,2021,25 a 29 anos,18.0
2312502,São João do Jaguaribe - CE,2021,30 a 34 anos,10.0
2312502,São João do Jaguaribe - CE,2021,35 a 39 anos,2.0
2312502,São João do Jaguaribe - CE,2021,40 a 44 anos,3.0
2312502,São João do Jaguaribe - CE,2021,45 a 49 anos,
2312502,São João do Jaguaribe - CE,2021,50 anos ou mais,
2312502,São João do Jaguaribe - CE,2021,Ignorada,
2312502,São João do Jaguaribe - CE,2022,Total,32.0
2312502,São João do Jaguaribe - CE,2022,Menos de 15 anos,
2312502,São João do Jaguaribe - CE,2022,15 a 19 anos,3.0
2312502,São João do Jaguaribe - CE,2022,20 a 24 anos,10.0
2312502,São João do Jaguaribe - CE,2022,25 a 29 anos,12.0
2312502,São João do Jaguaribe - CE,2022,30 a 34 anos,5.0
2312502,São João do Jaguaribe - CE,2022,35 a 39 anos,2.0
2312502,São João do Jaguaribe - CE,2022,40 a 44 anos,
2312502,São João do Jaguaribe - CE,2022,45 a 49 anos,
2312502,São João do Jaguaribe - CE,2022,50 anos ou mais,
2312502,São João do Jaguaribe - CE,2022,Ignorada,
2312502,São João do Jaguaribe - CE,2023,Total,42.0
2312502,São João do Jaguaribe - CE,2023,Menos de 15 anos,
2312502,São João do Jaguaribe - CE,2023,15 a 19 anos,3.0
2312502,São João do Jaguaribe - CE,2023,20 a 24 anos,12.0
2312502,São João do Jaguaribe - CE,2023,25 a 29 anos,12.0
2312502,São João do Jaguaribe - CE,2023,30 a 34 anos,5.0
2312502,São João do Jaguaribe - CE,2023,35 a 39 anos,9.0
2312502,São João do Jaguaribe - CE,2023,40 a 44 anos,1.0
2312502,São João do Jaguaribe - CE,2023,45 a 49 anos,
2312502,São João do Jaguaribe - CE,2023,50 anos ou mais,
2312502,São João do Jaguaribe - CE,2023,Ignorada,
2312502,São João do Jaguaribe - CE,2024,Total,34.0
2312502,São João do Jaguaribe - CE,2024,Menos de 15 anos,
2312502,São João do Jaguaribe - CE,2024,15 a 19 anos,1.0
2312502,São João do Jaguaribe - CE,2024,20 a 24 anos,9.0
2312502,São João do Jaguaribe - CE,2024,25 a 29 anos,9.0
2312502,São João do Jaguaribe - CE,2024,30 a 34 anos,5.0
2312502,São João do Jaguaribe - CE,2024,35 a 39 anos,5.0
2312502,São João do Jaguaribe - CE,2024,40 a 44 anos,5.0
2312502,São João do Jaguaribe - CE,2024,45 a 49 anos,
2312502,São João do Jaguaribe - CE,2024,50 anos ou mais,
2312502,São João do Jaguaribe - CE,2024,Ignorada,
2312601,São Luís do Curu - CE,2020,Total,153.0
2312601,São Luís do Curu - CE,2020,Menos de 15 anos,1.0
2312601,São Luís do Curu - CE,2020,15 a 19 anos,21.0
2312601,São Luís do Curu - CE,2020,20 a 24 anos,44.0
2312601,São Luís do Curu - CE,2020,25 a 29 anos,43.0
2312601,São Luís do Curu - CE,2020,30 a 34 anos,27.0
2312601,São Luís do Curu - CE,2020,35 a 39 anos,14.0
2312601,São Luís do Curu - CE,2020,40 a 44 anos,2.0
2312601,São Luís do Curu - CE,2020,45 a 49 anos,1.0
2312601,São Luís do Curu - CE,2020,50 anos ou mais,
2312601,São Luís do Curu - CE,2020,Ignorada,
2312601,São Luís do Curu - CE,2021,Total,147.0
2312601,São Luís do Curu - CE,2021,Menos de 15 anos,3.0
2312601,São Luís do Curu - CE,2021,15 a 19 anos,23.0
2312601,São Luís do Curu - CE,2021,20 a 24 anos,45.0
2312601,São Luís do Curu - CE,2021,25 a 29 anos,36.0
2312601,São Luís do Curu - CE,2021,30 a 34 anos,25.0
2312601,São Luís do Curu - CE,2021,35 a 39 anos,12.0
2312601,São Luís do Curu - CE,2021,40 a 44 anos,2.0
2312601,São Luís do Curu - CE,2021,45 a 49 anos,1.0
2312601,São Luís do Curu - CE,2021,50 anos ou mais,
2312601,São Luís do Curu - CE,2021,Ignorada,
2312601,São Luís do Curu - CE,2022,Total,117.0
2312601,São Luís do Curu - CE,2022,Menos de 15 anos,
2312601,São Luís do Curu - CE,2022,15 a 19 anos,16.0
2312601,São Luís do Curu - CE,2022,20 a 24 anos,30.0
2312601,São Luís do Curu - CE,2022,25 a 29 anos,27.0
2312601,São Luís do Curu - CE,2022,30 a 34 anos,28.0
2312601,São Luís do Curu - CE,2022,35 a 39 anos,12.0
2312601,São Luís do Curu - CE,2022,40 a 44 anos,3.0
2312601,São Luís do Curu - CE,2022,45 a 49 anos,1.0
2312601,São Luís do Curu - CE,2022,50 anos ou mais,
2312601,São Luís do Curu - CE,2022,Ignorada,
2312601,São Luís do Curu - CE,2023,Total,85.0
2312601,São Luís do Curu - CE,2023,Menos de 15 anos,1.0
2312601,São Luís do Curu - CE,2023,15 a 19 anos,5.0
2312601,São Luís do Curu - CE,2023,20 a 24 anos,20.0
2312601,São Luís do Curu - CE,2023,25 a 29 anos,24.0
2312601,São Luís do Curu - CE,2023,30 a 34 anos,20.0
2312601,São Luís do Curu - CE,2023,35 a 39 anos,13.0
2312601,São Luís do Curu - CE,2023,40 a 44 anos,1.0
2312601,São Luís do Curu - CE,2023,45 a 49 anos,1.0
2312601,São Luís do Curu - CE,2023,50 anos ou mais,
2312601,São Luís do Curu - CE,2023,Ignorada,
2312601,São Luís do Curu - CE,2024,Total,89.0
2312601,São Luís do Curu - CE,2024,Menos de 15 anos,
2312601,São Luís do Curu - CE,2024,15 a 19 anos,17.0
2312601,São Luís do Curu - CE,2024,20 a 24 anos,19.0
2312601,São Luís do Curu - CE,2024,25 a 29 anos,27.0
2312601,São Luís do Curu - CE,2024,30 a 34 anos,13.0
2312601,São Luís do Curu - CE,2024,35 a 39 anos,10.0
2312601,São Luís do Curu - CE,2024,40 a 44 anos,1.0
2312601,São Luís do Curu - CE,2024,45 a 49 anos,
2312601,São Luís do Curu - CE,2024,50 anos ou mais,
2312601,São Luís do Curu - CE,2024,Ignorada,2.0
2312700,Senador Pompeu - CE,2020,Total,281.0
2312700,Senador Pompeu - CE,2020,Menos de 15 anos,3.0
2312700,Senador Pompeu - CE,2020,15 a 19 anos,49.0
2312700,Senador Pompeu - CE,2020,20 a 24 anos,72.0
2312700,Senador Pompeu - CE,2020,25 a 29 anos,58.0
2312700,Senador Pompeu - CE,2020,30 a 34 anos,63.0
2312700,Senador Pompeu - CE,2020,35 a 39 anos,26.0
2312700,Senador Pompeu - CE,2020,40 a 44 anos,10.0
2312700,Senador Pompeu - CE,2020,45 a 49 anos,
2312700,Senador Pompeu - CE,2020,50 anos ou mais,
2312700,Senador Pompeu - CE,2020,Ignorada,
2312700,Senador Pompeu - CE,2021,Total,291.0
2312700,Senador Pompeu - CE,2021,Menos de 15 anos,1.0
2312700,Senador Pompeu - CE,2021,15 a 19 anos,48.0
2312700,Senador Pompeu - CE,2021,20 a 24 anos,69.0
2312700,Senador Pompeu - CE,2021,25 a 29 anos,73.0
2312700,Senador Pompeu - CE,2021,30 a 34 anos,57.0
2312700,Senador Pompeu - CE,2021,35 a 39 anos,39.0
2312700,Senador Pompeu - CE,2021,40 a 44 anos,4.0
2312700,Senador Pompeu - CE,2021,45 a 49 anos,
2312700,Senador Pompeu - CE,2021,50 anos ou mais,
2312700,Senador Pompeu - CE,2021,Ignorada,
2312700,Senador Pompeu - CE,2022,Total,263.0
2312700,Senador Pompeu - CE,2022,Menos de 15 anos,4.0
2312700,Senador Pompeu - CE,2022,15 a 19 anos,38.0
2312700,Senador Pompeu - CE,2022,20 a 24 anos,67.0
2312700,Senador Pompeu - CE,2022,25 a 29 anos,67.0
2312700,Senador Pompeu - CE,2022,30 a 34 anos,47.0
2312700,Senador Pompeu - CE,2022,35 a 39 anos,28.0
2312700,Senador Pompeu - CE,2022,40 a 44 anos,11.0
2312700,Senador Pompeu - CE,2022,45 a 49 anos,1.0
2312700,Senador Pompeu - CE,2022,50 anos ou mais,
2312700,Senador Pompeu - CE,2022,Ignorada,
2312700,Senador Pompeu - CE,2023,Total,249.0
2312700,Senador Pompeu - CE,2023,Menos de 15 anos,2.0
2312700,Senador Pompeu - CE,2023,15 a 19 anos,30.0
2312700,Senador Pompeu - CE,2023,20 a 24 anos,73.0
2312700,Senador Pompeu - CE,2023,25 a 29 anos,48.0
2312700,Senador Pompeu - CE,2023,30 a 34 anos,52.0
2312700,Senador Pompeu - CE,2023,35 a 39 anos,39.0
2312700,Senador Pompeu - CE,2023,40 a 44 anos,5.0
2312700,Senador Pompeu - CE,2023,45 a 49 anos,
2312700,Senador Pompeu - CE,2023,50 anos ou mais,
2312700,Senador Pompeu - CE,2023,Ignorada,
2312700,Senador Pompeu - CE,2024,Total,225.0
2312700,Senador Pompeu - CE,2024,Menos de 15 anos,2.0
2312700,Senador Pompeu - CE,2024,15 a 19 anos,26.0
2312700,Senador Pompeu - CE,2024,20 a 24 anos,48.0
2312700,Senador Pompeu - CE,2024,25 a 29 anos,83.0
2312700,Senador Pompeu - CE,2024,30 a 34 anos,33.0
2312700,Senador Pompeu - CE,2024,35 a 39 anos,23.0
2312700,Senador Pompeu - CE,2024,40 a 44 anos,9.0
2312700,Senador Pompeu - CE,2024,45 a 49 anos,1.0
2312700,Senador Pompeu - CE,2024,50 anos ou mais,
2312700,Senador Pompeu - CE,2024,Ignorada,
2312809,Senador Sá - CE,2020,Total,113.0
2312809,Senador Sá - CE,2020,Menos de 15 anos,
2312809,Senador Sá - CE,2020,15 a 19 anos,14.0
2312809,Senador Sá - CE,2020,20 a 24 anos,37.0
2312809,Senador Sá - CE,2020,25 a 29 anos,31.0
2312809,Senador Sá - CE,2020,30 a 34 anos,17.0
2312809,Senador Sá - CE,2020,35 a 39 anos,14.0
2312809,Senador Sá - CE,2020,40 a 44 anos,
2312809,Senador Sá - CE,2020,45 a 49 anos,
2312809,Senador Sá - CE,2020,50 anos ou mais,
2312809,Senador Sá - CE,2020,Ignorada,
2312809,Senador Sá - CE,2021,Total,108.0
2312809,Senador Sá - CE,2021,Menos de 15 anos,3.0
2312809,Senador Sá - CE,2021,15 a 19 anos,18.0
2312809,Senador Sá - CE,2021,20 a 24 anos,29.0
2312809,Senador Sá - CE,2021,25 a 29 anos,28.0
2312809,Senador Sá - CE,2021,30 a 34 anos,17.0
2312809,Senador Sá - CE,2021,35 a 39 anos,8.0
2312809,Senador Sá - CE,2021,40 a 44 anos,5.0
2312809,Senador Sá - CE,2021,45 a 49 anos,
2312809,Senador Sá - CE,2021,50 anos ou mais,
2312809,Senador Sá - CE,2021,Ignorada,
2312809,Senador Sá - CE,2022,Total,103.0
2312809,Senador Sá - CE,2022,Menos de 15 anos,1.0
2312809,Senador Sá - CE,2022,15 a 19 anos,13.0
2312809,Senador Sá - CE,2022,20 a 24 anos,30.0
2312809,Senador Sá - CE,2022,25 a 29 anos,20.0
2312809,Senador Sá - CE,2022,30 a 34 anos,20.0
2312809,Senador Sá - CE,2022,35 a 39 anos,13.0
2312809,Senador Sá - CE,2022,40 a 44 anos,5.0
2312809,Senador Sá - CE,2022,45 a 49 anos,
2312809,Senador Sá - CE,2022,50 anos ou mais,
2312809,Senador Sá - CE,2022,Ignorada,1.0
2312809,Senador Sá - CE,2023,Total,119.0
2312809,Senador Sá - CE,2023,Menos de 15 anos,2.0
2312809,Senador Sá - CE,2023,15 a 19 anos,16.0
2312809,Senador Sá - CE,2023,20 a 24 anos,36.0
2312809,Senador Sá - CE,2023,25 a 29 anos,29.0
2312809,Senador Sá - CE,2023,30 a 34 anos,17.0
2312809,Senador Sá - CE,2023,35 a 39 anos,12.0
2312809,Senador Sá - CE,2023,40 a 44 anos,4.0
2312809,Senador Sá - CE,2023,45 a 49 anos,1.0
2312809,Senador Sá - CE,2023,50 anos ou mais,
2312809,Senador Sá - CE,2023,Ignorada,2.0
2312809,Senador Sá - CE,2024,Total,105.0
2312809,Senador Sá - CE,2024,Menos de 15 anos,1.0
2312809,Senador Sá - CE,2024,15 a 19 anos,17.0
2312809,Senador Sá - CE,2024,20 a 24 anos,35.0
2312809,Senador Sá - CE,2024,25 a 29 anos,25.0
2312809,Senador Sá - CE,2024,30 a 34 anos,12.0
2312809,Senador Sá - CE,2024,35 a 39 anos,11.0
2312809,Senador Sá - CE,2024,40 a 44 anos,3.0
2312809,Senador Sá - CE,2024,45 a 49 anos,
2312809,Senador Sá - CE,2024,50 anos ou mais,
2312809,Senador Sá - CE,2024,Ignorada,1.0
2312908,Sobral - CE,2020,Total,2744.0
2312908,Sobral - CE,2020,Menos de 15 anos,9.0
2312908,Sobral - CE,2020,15 a 19 anos,264.0
2312908,Sobral - CE,2020,20 a 24 anos,633.0
2312908,Sobral - CE,2020,25 a 29 anos,736.0
2312908,Sobral - CE,2020,30 a 34 anos,651.0
2312908,Sobral - CE,2020,35 a 39 anos,351.0
2312908,Sobral - CE,2020,40 a 44 anos,96.0
2312908,Sobral - CE,2020,45 a 49 anos,4.0
2312908,Sobral - CE,2020,50 anos ou mais,
2312908,Sobral - CE,2020,Ignorada,
2312908,Sobral - CE,2021,Total,2793.0
2312908,Sobral - CE,2021,Menos de 15 anos,18.0
2312908,Sobral - CE,2021,15 a 19 anos,288.0
2312908,Sobral - CE,2021,20 a 24 anos,604.0
2312908,Sobral - CE,2021,25 a 29 anos,757.0
2312908,Sobral - CE,2021,30 a 34 anos,686.0
2312908,Sobral - CE,2021,35 a 39 anos,368.0
2312908,Sobral - CE,2021,40 a 44 anos,67.0
2312908,Sobral - CE,2021,45 a 49 anos,3.0
2312908,Sobral - CE,2021,50 anos ou mais,
2312908,Sobral - CE,2021,Ignorada,2.0
2312908,Sobral - CE,2022,Total,2749.0
2312908,Sobral - CE,2022,Menos de 15 anos,8.0
2312908,Sobral - CE,2022,15 a 19 anos,240.0
2312908,Sobral - CE,2022,20 a 24 anos,573.0
2312908,Sobral - CE,2022,25 a 29 anos,792.0
2312908,Sobral - CE,2022,30 a 34 anos,681.0
2312908,Sobral - CE,2022,35 a 39 anos,373.0
2312908,Sobral - CE,2022,40 a 44 anos,81.0
2312908,Sobral - CE,2022,45 a 49 anos,1.0
2312908,Sobral - CE,2022,50 anos ou mais,
2312908,Sobral - CE,2022,Ignorada,
2312908,Sobral - CE,2023,Total,2727.0
2312908,Sobral - CE,2023,Menos de 15 anos,7.0
2312908,Sobral - CE,2023,15 a 19 anos,212.0
2312908,Sobral - CE,2023,20 a 24 anos,576.0
2312908,Sobral - CE,2023,25 a 29 anos,790.0
2312908,Sobral - CE,2023,30 a 34 anos,656.0
2312908,Sobral - CE,2023,35 a 39 anos,401.0
2312908,Sobral - CE,2023,40 a 44 anos,79.0
2312908,Sobral - CE,2023,45 a 49 anos,6.0
2312908,Sobral - CE,2023,50 anos ou mais,
2312908,Sobral - CE,2023,Ignorada,
2312908,Sobral - CE,2024,Total,2451.0
2312908,Sobral - CE,2024,Menos de 15 anos,6.0
2312908,Sobral - CE,2024,15 a 19 anos,176.0
2312908,Sobral - CE,2024,20 a 24 anos,459.0
2312908,Sobral - CE,2024,25 a 29 anos,739.0
2312908,Sobral - CE,2024,30 a 34 anos,600.0
2312908,Sobral - CE,2024,35 a 39 anos,364.0
2312908,Sobral - CE,2024,40 a 44 anos,98.0
2312908,Sobral - CE,2024,45 a 49 anos,7.0
2312908,Sobral - CE,2024,50 anos ou mais,2.0
2312908,Sobral - CE,2024,Ignorada,
2313005,Solonópole - CE,2020,Total,161.0
2313005,Solonópole - CE,2020,Menos de 15 anos,1.0
2313005,Solonópole - CE,2020,15 a 19 anos,18.0
2313005,Solonópole - CE,2020,20 a 24 anos,35.0
2313005,Solonópole - CE,2020,25 a 29 anos,38.0
2313005,Solonópole - CE,2020,30 a 34 anos,39.0
2313005,Solonópole - CE,2020,35 a 39 anos,19.0
2313005,Solonópole - CE,2020,40 a 44 anos,11.0
2313005,Solonópole - CE,2020,45 a 49 anos,
2313005,Solonópole - CE,2020,50 anos ou mais,
2313005,Solonópole - CE,2020,Ignorada,
2313005,Solonópole - CE,2021,Total,213.0
2313005,Solonópole - CE,2021,Menos de 15 anos,1.0
2313005,Solonópole - CE,2021,15 a 19 anos,33.0
2313005,Solonópole - CE,2021,20 a 24 anos,46.0
2313005,Solonópole - CE,2021,25 a 29 anos,53.0
2313005,Solonópole - CE,2021,30 a 34 anos,47.0
2313005,Solonópole - CE,2021,35 a 39 anos,27.0
2313005,Solonópole - CE,2021,40 a 44 anos,5.0
2313005,Solonópole - CE,2021,45 a 49 anos,1.0
2313005,Solonópole - CE,2021,50 anos ou mais,
2313005,Solonópole - CE,2021,Ignorada,
2313005,Solonópole - CE,2022,Total,161.0
2313005,Solonópole - CE,2022,Menos de 15 anos,
2313005,Solonópole - CE,2022,15 a 19 anos,25.0
2313005,Solonópole - CE,2022,20 a 24 anos,49.0
2313005,Solonópole - CE,2022,25 a 29 anos,34.0
2313005,Solonópole - CE,2022,30 a 34 anos,28.0
2313005,Solonópole - CE,2022,35 a 39 anos,21.0
2313005,Solonópole - CE,2022,40 a 44 anos,4.0
2313005,Solonópole - CE,2022,45 a 49 anos,
2313005,Solonópole - CE,2022,50 anos ou mais,
2313005,Solonópole - CE,2022,Ignorada,
2313005,Solonópole - CE,2023,Total,177.0
2313005,Solonópole - CE,2023,Menos de 15 anos,
2313005,Solonópole - CE,2023,15 a 19 anos,26.0
2313005,Solonópole - CE,2023,20 a 24 anos,34.0
2313005,Solonópole - CE,2023,25 a 29 anos,46.0
2313005,Solonópole - CE,2023,30 a 34 anos,36.0
2313005,Solonópole - CE,2023,35 a 39 anos,27.0
2313005,Solonópole - CE,2023,40 a 44 anos,7.0
2313005,Solonópole - CE,2023,45 a 49 anos,1.0
2313005,Solonópole - CE,2023,50 anos ou mais,
2313005,Solonópole - CE,2023,Ignorada,
2313005,Solonópole - CE,2024,Total,151.0
2313005,Solonópole - CE,2024,Menos de 15 anos,
2313005,Solonópole - CE,2024,15 a 19 anos,18.0
2313005,Solonópole - CE,2024,20 a 24 anos,26.0
2313005,Solonópole - CE,2024,25 a 29 anos,44.0
2313005,Solonópole - CE,2024,30 a 34 anos,39.0
2313005,Solonópole - CE,2024,35 a 39 anos,23.0
2313005,Solonópole - CE,2024,40 a 44 anos,1.0
2313005,Solonópole - CE,2024,45 a 49 anos,
2313005,Solonópole - CE,2024,50 anos ou mais,
2313005,Solonópole - CE,2024,Ignorada,
2313104,Tabuleiro do Norte - CE,2020,Total,369.0
2313104,Tabuleiro do Norte - CE,2020,Menos de 15 anos,1.0
2313104,Tabuleiro do Norte - CE,2020,15 a 19 anos,46.0
2313104,Tabuleiro do Norte - CE,2020,20 a 24 anos,80.0
2313104,Tabuleiro do Norte - CE,2020,25 a 29 anos,96.0
2313104,Tabuleiro do Norte - CE,2020,30 a 34 anos,79.0
2313104,Tabuleiro do Norte - CE,2020,35 a 39 anos,52.0
2313104,Tabuleiro do Norte - CE,2020,40 a 44 anos,13.0
2313104,Tabuleiro do Norte - CE,2020,45 a 49 anos,1.0
2313104,Tabuleiro do Norte - CE,2020,50 anos ou mais,
2313104,Tabuleiro do Norte - CE,2020,Ignorada,1.0
2313104,Tabuleiro do Norte - CE,2021,Total,355.0
2313104,Tabuleiro do Norte - CE,2021,Menos de 15 anos,3.0
2313104,Tabuleiro do Norte - CE,2021,15 a 19 anos,36.0
2313104,Tabuleiro do Norte - CE,2021,20 a 24 anos,80.0
2313104,Tabuleiro do Norte - CE,2021,25 a 29 anos,95.0
2313104,Tabuleiro do Norte - CE,2021,30 a 34 anos,79.0
2313104,Tabuleiro do Norte - CE,2021,35 a 39 anos,46.0
2313104,Tabuleiro do Norte - CE,2021,40 a 44 anos,15.0
2313104,Tabuleiro do Norte - CE,2021,45 a 49 anos,1.0
2313104,Tabuleiro do Norte - CE,2021,50 anos ou mais,
2313104,Tabuleiro do Norte - CE,2021,Ignorada,
2313104,Tabuleiro do Norte - CE,2022,Total,320.0
2313104,Tabuleiro do Norte - CE,2022,Menos de 15 anos,1.0
2313104,Tabuleiro do Norte - CE,2022,15 a 19 anos,35.0
2313104,Tabuleiro do Norte - CE,2022,20 a 24 anos,78.0
2313104,Tabuleiro do Norte - CE,2022,25 a 29 anos,95.0
2313104,Tabuleiro do Norte - CE,2022,30 a 34 anos,60.0
2313104,Tabuleiro do Norte - CE,2022,35 a 39 anos,44.0
2313104,Tabuleiro do Norte - CE,2022,40 a 44 anos,6.0
2313104,Tabuleiro do Norte - CE,2022,45 a 49 anos,1.0
2313104,Tabuleiro do Norte - CE,2022,50 anos ou mais,
2313104,Tabuleiro do Norte - CE,2022,Ignorada,
2313104,Tabuleiro do Norte - CE,2023,Total,314.0
2313104,Tabuleiro do Norte - CE,2023,Menos de 15 anos,
2313104,Tabuleiro do Norte - CE,2023,15 a 19 anos,24.0
2313104,Tabuleiro do Norte - CE,2023,20 a 24 anos,78.0
2313104,Tabuleiro do Norte - CE,2023,25 a 29 anos,97.0
2313104,Tabuleiro do Norte - CE,2023,30 a 34 anos,66.0
2313104,Tabuleiro do Norte - CE,2023,35 a 39 anos,33.0
2313104,Tabuleiro do Norte - CE,2023,40 a 44 anos,16.0
2313104,Tabuleiro do Norte - CE,2023,45 a 49 anos,
2313104,Tabuleiro do Norte - CE,2023,50 anos ou mais,
2313104,Tabuleiro do Norte - CE,2023,Ignorada,
2313104,Tabuleiro do Norte - CE,2024,Total,302.0
2313104,Tabuleiro do Norte - CE,2024,Menos de 15 anos,1.0
2313104,Tabuleiro do Norte - CE,2024,15 a 19 anos,30.0
2313104,Tabuleiro do Norte - CE,2024,20 a 24 anos,59.0
2313104,Tabuleiro do Norte - CE,2024,25 a 29 anos,105.0
2313104,Tabuleiro do Norte - CE,2024,30 a 34 anos,67.0
2313104,Tabuleiro do Norte - CE,2024,35 a 39 anos,31.0
2313104,Tabuleiro do Norte - CE,2024,40 a 44 anos,9.0
2313104,Tabuleiro do Norte - CE,2024,45 a 49 anos,
2313104,Tabuleiro do Norte - CE,2024,50 anos ou mais,
2313104,Tabuleiro do Norte - CE,2024,Ignorada,
2313203,Tamboril - CE,2020,Total,310.0
2313203,Tamboril - CE,2020,Menos de 15 anos,2.0
2313203,Tamboril - CE,2020,15 a 19 anos,46.0
2313203,Tamboril - CE,2020,20 a 24 anos,70.0
2313203,Tamboril - CE,2020,25 a 29 anos,79.0
2313203,Tamboril - CE,2020,30 a 34 anos,68.0
2313203,Tamboril - CE,2020,35 a 39 anos,31.0
2313203,Tamboril - CE,2020,40 a 44 anos,13.0
2313203,Tamboril - CE,2020,45 a 49 anos,
2313203,Tamboril - CE,2020,50 anos ou mais,1.0
2313203,Tamboril - CE,2020,Ignorada,
2313203,Tamboril - CE,2021,Total,329.0
2313203,Tamboril - CE,2021,Menos de 15 anos,1.0
2313203,Tamboril - CE,2021,15 a 19 anos,49.0
2313203,Tamboril - CE,2021,20 a 24 anos,67.0
2313203,Tamboril - CE,2021,25 a 29 anos,84.0
2313203,Tamboril - CE,2021,30 a 34 anos,61.0
2313203,Tamboril - CE,2021,35 a 39 anos,50.0
2313203,Tamboril - CE,2021,40 a 44 anos,17.0
2313203,Tamboril - CE,2021,45 a 49 anos,
2313203,Tamboril - CE,2021,50 anos ou mais,
2313203,Tamboril - CE,2021,Ignorada,
2313203,Tamboril - CE,2022,Total,331.0
2313203,Tamboril - CE,2022,Menos de 15 anos,4.0
2313203,Tamboril - CE,2022,15 a 19 anos,46.0
2313203,Tamboril - CE,2022,20 a 24 anos,62.0
2313203,Tamboril - CE,2022,25 a 29 anos,90.0
2313203,Tamboril - CE,2022,30 a 34 anos,71.0
2313203,Tamboril - CE,2022,35 a 39 anos,40.0
2313203,Tamboril - CE,2022,40 a 44 anos,16.0
2313203,Tamboril - CE,2022,45 a 49 anos,2.0
2313203,Tamboril - CE,2022,50 anos ou mais,
2313203,Tamboril - CE,2022,Ignorada,
2313203,Tamboril - CE,2023,Total,286.0
2313203,Tamboril - CE,2023,Menos de 15 anos,2.0
2313203,Tamboril - CE,2023,15 a 19 anos,45.0
2313203,Tamboril - CE,2023,20 a 24 anos,71.0
2313203,Tamboril - CE,2023,25 a 29 anos,73.0
2313203,Tamboril - CE,2023,30 a 34 anos,53.0
2313203,Tamboril - CE,2023,35 a 39 anos,34.0
2313203,Tamboril - CE,2023,40 a 44 anos,8.0
2313203,Tamboril - CE,2023,45 a 49 anos,
2313203,Tamboril - CE,2023,50 anos ou mais,
2313203,Tamboril - CE,2023,Ignorada,
2313203,Tamboril - CE,2024,Total,254.0
2313203,Tamboril - CE,2024,Menos de 15 anos,1.0
2313203,Tamboril - CE,2024,15 a 19 anos,30.0
2313203,Tamboril - CE,2024,20 a 24 anos,59.0
2313203,Tamboril - CE,2024,25 a 29 anos,68.0
2313203,Tamboril - CE,2024,30 a 34 anos,44.0
2313203,Tamboril - CE,2024,35 a 39 anos,40.0
2313203,Tamboril - CE,2024,40 a 44 anos,10.0
2313203,Tamboril - CE,2024,45 a 49 anos,2.0
2313203,Tamboril - CE,2024,50 anos ou mais,
2313203,Tamboril - CE,2024,Ignorada,
2313252,Tarrafas - CE,2020,Total,100.0
2313252,Tarrafas - CE,2020,Menos de 15 anos,1.0
2313252,Tarrafas - CE,2020,15 a 19 anos,19.0
2313252,Tarrafas - CE,2020,20 a 24 anos,26.0
2313252,Tarrafas - CE,2020,25 a 29 anos,20.0
2313252,Tarrafas - CE,2020,30 a 34 anos,21.0
2313252,Tarrafas - CE,2020,35 a 39 anos,11.0
2313252,Tarrafas - CE,2020,40 a 44 anos,2.0
2313252,Tarrafas - CE,2020,45 a 49 anos,
2313252,Tarrafas - CE,2020,50 anos ou mais,
2313252,Tarrafas - CE,2020,Ignorada,
2313252,Tarrafas - CE,2021,Total,89.0
2313252,Tarrafas - CE,2021,Menos de 15 anos,1.0
2313252,Tarrafas - CE,2021,15 a 19 anos,16.0
2313252,Tarrafas - CE,2021,20 a 24 anos,26.0
2313252,Tarrafas - CE,2021,25 a 29 anos,18.0
2313252,Tarrafas - CE,2021,30 a 34 anos,16.0
2313252,Tarrafas - CE,2021,35 a 39 anos,10.0
2313252,Tarrafas - CE,2021,40 a 44 anos,1.0
2313252,Tarrafas - CE,2021,45 a 49 anos,1.0
2313252,Tarrafas - CE,2021,50 anos ou mais,
2313252,Tarrafas - CE,2021,Ignorada,
2313252,Tarrafas - CE,2022,Total,77.0
2313252,Tarrafas - CE,2022,Menos de 15 anos,2.0
2313252,Tarrafas - CE,2022,15 a 19 anos,10.0
2313252,Tarrafas - CE,2022,20 a 24 anos,22.0
2313252,Tarrafas - CE,2022,25 a 29 anos,16.0
2313252,Tarrafas - CE,2022,30 a 34 anos,17.0
2313252,Tarrafas - CE,2022,35 a 39 anos,9.0
2313252,Tarrafas - CE,2022,40 a 44 anos,1.0
2313252,Tarrafas - CE,2022,45 a 49 anos,
2313252,Tarrafas - CE,2022,50 anos ou mais,
2313252,Tarrafas - CE,2022,Ignorada,
2313252,Tarrafas - CE,2023,Total,79.0
2313252,Tarrafas - CE,2023,Menos de 15 anos,
2313252,Tarrafas - CE,2023,15 a 19 anos,9.0
2313252,Tarrafas - CE,2023,20 a 24 anos,19.0
2313252,Tarrafas - CE,2023,25 a 29 anos,15.0
2313252,Tarrafas - CE,2023,30 a 34 anos,26.0
2313252,Tarrafas - CE,2023,35 a 39 anos,7.0
2313252,Tarrafas - CE,2023,40 a 44 anos,3.0
2313252,Tarrafas - CE,2023,45 a 49 anos,
2313252,Tarrafas - CE,2023,50 anos ou mais,
2313252,Tarrafas - CE,2023,Ignorada,
2313252,Tarrafas - CE,2024,Total,65.0
2313252,Tarrafas - CE,2024,Menos de 15 anos,
2313252,Tarrafas - CE,2024,15 a 19 anos,6.0
2313252,Tarrafas - CE,2024,20 a 24 anos,16.0
2313252,Tarrafas - CE,2024,25 a 29 anos,16.0
2313252,Tarrafas - CE,2024,30 a 34 anos,17.0
2313252,Tarrafas - CE,2024,35 a 39 anos,7.0
2313252,Tarrafas - CE,2024,40 a 44 anos,3.0
2313252,Tarrafas - CE,2024,45 a 49 anos,
2313252,Tarrafas - CE,2024,50 anos ou mais,
2313252,Tarrafas - CE,2024,Ignorada,
2313302,Tauá - CE,2020,Total,724.0
2313302,Tauá - CE,2020,Menos de 15 anos,
2313302,Tauá - CE,2020,15 a 19 anos,103.0
2313302,Tauá - CE,2020,20 a 24 anos,209.0
2313302,Tauá - CE,2020,25 a 29 anos,180.0
2313302,Tauá - CE,2020,30 a 34 anos,141.0
2313302,Tauá - CE,2020,35 a 39 anos,69.0
2313302,Tauá - CE,2020,40 a 44 anos,20.0
2313302,Tauá - CE,2020,45 a 49 anos,1.0
2313302,Tauá - CE,2020,50 anos ou mais,
2313302,Tauá - CE,2020,Ignorada,1.0
2313302,Tauá - CE,2021,Total,760.0
2313302,Tauá - CE,2021,Menos de 15 anos,3.0
2313302,Tauá - CE,2021,15 a 19 anos,105.0
2313302,Tauá - CE,2021,20 a 24 anos,204.0
2313302,Tauá - CE,2021,25 a 29 anos,185.0
2313302,Tauá - CE,2021,30 a 34 anos,151.0
2313302,Tauá - CE,2021,35 a 39 anos,82.0
2313302,Tauá - CE,2021,40 a 44 anos,30.0
2313302,Tauá - CE,2021,45 a 49 anos,
2313302,Tauá - CE,2021,50 anos ou mais,
2313302,Tauá - CE,2021,Ignorada,
2313302,Tauá - CE,2022,Total,691.0
2313302,Tauá - CE,2022,Menos de 15 anos,3.0
2313302,Tauá - CE,2022,15 a 19 anos,102.0
2313302,Tauá - CE,2022,20 a 24 anos,178.0
2313302,Tauá - CE,2022,25 a 29 anos,176.0
2313302,Tauá - CE,2022,30 a 34 anos,133.0
2313302,Tauá - CE,2022,35 a 39 anos,63.0
2313302,Tauá - CE,2022,40 a 44 anos,34.0
2313302,Tauá - CE,2022,45 a 49 anos,2.0
2313302,Tauá - CE,2022,50 anos ou mais,
2313302,Tauá - CE,2022,Ignorada,
2313302,Tauá - CE,2023,Total,615.0
2313302,Tauá - CE,2023,Menos de 15 anos,4.0
2313302,Tauá - CE,2023,15 a 19 anos,92.0
2313302,Tauá - CE,2023,20 a 24 anos,154.0
2313302,Tauá - CE,2023,25 a 29 anos,158.0
2313302,Tauá - CE,2023,30 a 34 anos,100.0
2313302,Tauá - CE,2023,35 a 39 anos,84.0
2313302,Tauá - CE,2023,40 a 44 anos,20.0
2313302,Tauá - CE,2023,45 a 49 anos,2.0
2313302,Tauá - CE,2023,50 anos ou mais,1.0
2313302,Tauá - CE,2023,Ignorada,
2313302,Tauá - CE,2024,Total,681.0
2313302,Tauá - CE,2024,Menos de 15 anos,7.0
2313302,Tauá - CE,2024,15 a 19 anos,83.0
2313302,Tauá - CE,2024,20 a 24 anos,197.0
2313302,Tauá - CE,2024,25 a 29 anos,171.0
2313302,Tauá - CE,2024,30 a 34 anos,126.0
2313302,Tauá - CE,2024,35 a 39 anos,66.0
2313302,Tauá - CE,2024,40 a 44 anos,27.0
2313302,Tauá - CE,2024,45 a 49 anos,4.0
2313302,Tauá - CE,2024,50 anos ou mais,
2313302,Tauá - CE,2024,Ignorada,
2313351,Tejuçuoca - CE,2020,Total,257.0
2313351,Tejuçuoca - CE,2020,Menos de 15 anos,1.0
2313351,Tejuçuoca - CE,2020,15 a 19 anos,33.0
2313351,Tejuçuoca - CE,2020,20 a 24 anos,87.0
2313351,Tejuçuoca - CE,2020,25 a 29 anos,64.0
2313351,Tejuçuoca - CE,2020,30 a 34 anos,42.0
2313351,Tejuçuoca - CE,2020,35 a 39 anos,22.0
2313351,Tejuçuoca - CE,2020,40 a 44 anos,7.0
2313351,Tejuçuoca - CE,2020,45 a 49 anos,
2313351,Tejuçuoca - CE,2020,50 anos ou mais,1.0
2313351,Tejuçuoca - CE,2020,Ignorada,
2313351,Tejuçuoca - CE,2021,Total,229.0
2313351,Tejuçuoca - CE,2021,Menos de 15 anos,2.0
2313351,Tejuçuoca - CE,2021,15 a 19 anos,42.0
2313351,Tejuçuoca - CE,2021,20 a 24 anos,57.0
2313351,Tejuçuoca - CE,2021,25 a 29 anos,50.0
2313351,Tejuçuoca - CE,2021,30 a 34 anos,43.0
2313351,Tejuçuoca - CE,2021,35 a 39 anos,27.0
2313351,Tejuçuoca - CE,2021,40 a 44 anos,8.0
2313351,Tejuçuoca - CE,2021,45 a 49 anos,
2313351,Tejuçuoca - CE,2021,50 anos ou mais,
2313351,Tejuçuoca - CE,2021,Ignorada,
2313351,Tejuçuoca - CE,2022,Total,253.0
2313351,Tejuçuoca - CE,2022,Menos de 15 anos,6.0
2313351,Tejuçuoca - CE,2022,15 a 19 anos,43.0
2313351,Tejuçuoca - CE,2022,20 a 24 anos,76.0
2313351,Tejuçuoca - CE,2022,25 a 29 anos,49.0
2313351,Tejuçuoca - CE,2022,30 a 34 anos,46.0
2313351,Tejuçuoca - CE,2022,35 a 39 anos,26.0
2313351,Tejuçuoca - CE,2022,40 a 44 anos,6.0
2313351,Tejuçuoca - CE,2022,45 a 49 anos,1.0
2313351,Tejuçuoca - CE,2022,50 anos ou mais,
2313351,Tejuçuoca - CE,2022,Ignorada,
2313351,Tejuçuoca - CE,2023,Total,199.0
2313351,Tejuçuoca - CE,2023,Menos de 15 anos,5.0
2313351,Tejuçuoca - CE,2023,15 a 19 anos,29.0
2313351,Tejuçuoca - CE,2023,20 a 24 anos,43.0
2313351,Tejuçuoca - CE,2023,25 a 29 anos,40.0
2313351,Tejuçuoca - CE,2023,30 a 34 anos,40.0
2313351,Tejuçuoca - CE,2023,35 a 39 anos,35.0
2313351,Tejuçuoca - CE,2023,40 a 44 anos,7.0
2313351,Tejuçuoca - CE,2023,45 a 49 anos,
2313351,Tejuçuoca - CE,2023,50 anos ou mais,
2313351,Tejuçuoca - CE,2023,Ignorada,
2313351,Tejuçuoca - CE,2024,Total,214.0
2313351,Tejuçuoca - CE,2024,Menos de 15 anos,
2313351,Tejuçuoca - CE,2024,15 a 19 anos,42.0
2313351,Tejuçuoca - CE,2024,20 a 24 anos,40.0
2313351,Tejuçuoca - CE,2024,25 a 29 anos,59.0
2313351,Tejuçuoca - CE,2024,30 a 34 anos,47.0
2313351,Tejuçuoca - CE,2024,35 a 39 anos,23.0
2313351,Tejuçuoca - CE,2024,40 a 44 anos,3.0
2313351,Tejuçuoca - CE,2024,45 a 49 anos,
2313351,Tejuçuoca - CE,2024,50 anos ou mais,
2313351,Tejuçuoca - CE,2024,Ignorada,
2313401,Tianguá - CE,2020,Total,1390.0
2313401,Tianguá - CE,2020,Menos de 15 anos,13.0
2313401,Tianguá - CE,2020,15 a 19 anos,183.0
2313401,Tianguá - CE,2020,20 a 24 anos,353.0
2313401,Tianguá - CE,2020,25 a 29 anos,362.0
2313401,Tianguá - CE,2020,30 a 34 anos,285.0
2313401,Tianguá - CE,2020,35 a 39 anos,152.0
2313401,Tianguá - CE,2020,40 a 44 anos,40.0
2313401,Tianguá - CE,2020,45 a 49 anos,2.0
2313401,Tianguá - CE,2020,50 anos ou mais,
2313401,Tianguá - CE,2020,Ignorada,
2313401,Tianguá - CE,2021,Total,1432.0
2313401,Tianguá - CE,2021,Menos de 15 anos,14.0
2313401,Tianguá - CE,2021,15 a 19 anos,192.0
2313401,Tianguá - CE,2021,20 a 24 anos,371.0
2313401,Tianguá - CE,2021,25 a 29 anos,393.0
2313401,Tianguá - CE,2021,30 a 34 anos,268.0
2313401,Tianguá - CE,2021,35 a 39 anos,151.0
2313401,Tianguá - CE,2021,40 a 44 anos,40.0
2313401,Tianguá - CE,2021,45 a 49 anos,1.0
2313401,Tianguá - CE,2021,50 anos ou mais,
2313401,Tianguá - CE,2021,Ignorada,2.0
2313401,Tianguá - CE,2022,Total,1373.0
2313401,Tianguá - CE,2022,Menos de 15 anos,4.0
2313401,Tianguá - CE,2022,15 a 19 anos,160.0
2313401,Tianguá - CE,2022,20 a 24 anos,338.0
2313401,Tianguá - CE,2022,25 a 29 anos,391.0
2313401,Tianguá - CE,2022,30 a 34 anos,271.0
2313401,Tianguá - CE,2022,35 a 39 anos,170.0
2313401,Tianguá - CE,2022,40 a 44 anos,39.0
2313401,Tianguá - CE,2022,45 a 49 anos,
2313401,Tianguá - CE,2022,50 anos ou mais,
2313401,Tianguá - CE,2022,Ignorada,
2313401,Tianguá - CE,2023,Total,1397.0
2313401,Tianguá - CE,2023,Menos de 15 anos,4.0
2313401,Tianguá - CE,2023,15 a 19 anos,164.0
2313401,Tianguá - CE,2023,20 a 24 anos,316.0
2313401,Tianguá - CE,2023,25 a 29 anos,390.0
2313401,Tianguá - CE,2023,30 a 34 anos,295.0
2313401,Tianguá - CE,2023,35 a 39 anos,182.0
2313401,Tianguá - CE,2023,40 a 44 anos,43.0
2313401,Tianguá - CE,2023,45 a 49 anos,3.0
2313401,Tianguá - CE,2023,50 anos ou mais,
2313401,Tianguá - CE,2023,Ignorada,
2313401,Tianguá - CE,2024,Total,1359.0
2313401,Tianguá - CE,2024,Menos de 15 anos,10.0
2313401,Tianguá - CE,2024,15 a 19 anos,168.0
2313401,Tianguá - CE,2024,20 a 24 anos,302.0
2313401,Tianguá - CE,2024,25 a 29 anos,388.0
2313401,Tianguá - CE,2024,30 a 34 anos,274.0
2313401,Tianguá - CE,2024,35 a 39 anos,173.0
2313401,Tianguá - CE,2024,40 a 44 anos,39.0
2313401,Tianguá - CE,2024,45 a 49 anos,5.0
2313401,Tianguá - CE,2024,50 anos ou mais,
2313401,Tianguá - CE,2024,Ignorada,
2313500,Trairi - CE,2020,Total,830.0
2313500,Trairi - CE,2020,Menos de 15 anos,11.0
2313500,Trairi - CE,2020,15 a 19 anos,114.0
2313500,Trairi - CE,2020,20 a 24 anos,232.0
2313500,Trairi - CE,2020,25 a 29 anos,203.0
2313500,Trairi - CE,2020,30 a 34 anos,139.0
2313500,Trairi - CE,2020,35 a 39 anos,100.0
2313500,Trairi - CE,2020,40 a 44 anos,27.0
2313500,Trairi - CE,2020,45 a 49 anos,3.0
2313500,Trairi - CE,2020,50 anos ou mais,
2313500,Trairi - CE,2020,Ignorada,1.0
2313500,Trairi - CE,2021,Total,828.0
2313500,Trairi - CE,2021,Menos de 15 anos,11.0
2313500,Trairi - CE,2021,15 a 19 anos,109.0
2313500,Trairi - CE,2021,20 a 24 anos,212.0
2313500,Trairi - CE,2021,25 a 29 anos,230.0
2313500,Trairi - CE,2021,30 a 34 anos,153.0
2313500,Trairi - CE,2021,35 a 39 anos,87.0
2313500,Trairi - CE,2021,40 a 44 anos,25.0
2313500,Trairi - CE,2021,45 a 49 anos,1.0
2313500,Trairi - CE,2021,50 anos ou mais,
2313500,Trairi - CE,2021,Ignorada,
2313500,Trairi - CE,2022,Total,818.0
2313500,Trairi - CE,2022,Menos de 15 anos,4.0
2313500,Trairi - CE,2022,15 a 19 anos,109.0
2313500,Trairi - CE,2022,20 a 24 anos,230.0
2313500,Trairi - CE,2022,25 a 29 anos,205.0
2313500,Trairi - CE,2022,30 a 34 anos,147.0
2313500,Trairi - CE,2022,35 a 39 anos,94.0
2313500,Trairi - CE,2022,40 a 44 anos,28.0
2313500,Trairi - CE,2022,45 a 49 anos,1.0
2313500,Trairi - CE,2022,50 anos ou mais,
2313500,Trairi - CE,2022,Ignorada,
2313500,Trairi - CE,2023,Total,845.0
2313500,Trairi - CE,2023,Menos de 15 anos,5.0
2313500,Trairi - CE,2023,15 a 19 anos,105.0
2313500,Trairi - CE,2023,20 a 24 anos,195.0
2313500,Trairi - CE,2023,25 a 29 anos,251.0
2313500,Trairi - CE,2023,30 a 34 anos,153.0
2313500,Trairi - CE,2023,35 a 39 anos,103.0
2313500,Trairi - CE,2023,40 a 44 anos,31.0
2313500,Trairi - CE,2023,45 a 49 anos,2.0
2313500,Trairi - CE,2023,50 anos ou mais,
2313500,Trairi - CE,2023,Ignorada,
2313500,Trairi - CE,2024,Total,811.0
2313500,Trairi - CE,2024,Menos de 15 anos,5.0
2313500,Trairi - CE,2024,15 a 19 anos,113.0
2313500,Trairi - CE,2024,20 a 24 anos,186.0
2313500,Trairi - CE,2024,25 a 29 anos,201.0
2313500,Trairi - CE,2024,30 a 34 anos,163.0
2313500,Trairi - CE,2024,35 a 39 anos,105.0
2313500,Trairi - CE,2024,40 a 44 anos,32.0
2313500,Trairi - CE,2024,45 a 49 anos,6.0
2313500,Trairi - CE,2024,50 anos ou mais,
2313500,Trairi - CE,2024,Ignorada,
2313559,Tururu - CE,2020,Total,244.0
2313559,Tururu - CE,2020,Menos de 15 anos,3.0
2313559,Tururu - CE,2020,15 a 19 anos,33.0
2313559,Tururu - CE,2020,20 a 24 anos,71.0
2313559,Tururu - CE,2020,25 a 29 anos,59.0
2313559,Tururu - CE,2020,30 a 34 anos,53.0
2313559,Tururu - CE,2020,35 a 39 anos,17.0
2313559,Tururu - CE,2020,40 a 44 anos,8.0
2313559,Tururu - CE,2020,45 a 49 anos,
2313559,Tururu - CE,2020,50 anos ou mais,
2313559,Tururu - CE,2020,Ignorada,
2313559,Tururu - CE,2021,Total,262.0
2313559,Tururu - CE,2021,Menos de 15 anos,1.0
2313559,Tururu - CE,2021,15 a 19 anos,37.0
2313559,Tururu - CE,2021,20 a 24 anos,64.0
2313559,Tururu - CE,2021,25 a 29 anos,90.0
2313559,Tururu - CE,2021,30 a 34 anos,44.0
2313559,Tururu - CE,2021,35 a 39 anos,23.0
2313559,Tururu - CE,2021,40 a 44 anos,3.0
2313559,Tururu - CE,2021,45 a 49 anos,
2313559,Tururu - CE,2021,50 anos ou mais,
2313559,Tururu - CE,2021,Ignorada,
2313559,Tururu - CE,2022,Total,253.0
2313559,Tururu - CE,2022,Menos de 15 anos,3.0
2313559,Tururu - CE,2022,15 a 19 anos,33.0
2313559,Tururu - CE,2022,20 a 24 anos,66.0
2313559,Tururu - CE,2022,25 a 29 anos,72.0
2313559,Tururu - CE,2022,30 a 34 anos,51.0
2313559,Tururu - CE,2022,35 a 39 anos,26.0
2313559,Tururu - CE,2022,40 a 44 anos,2.0
2313559,Tururu - CE,2022,45 a 49 anos,
2313559,Tururu - CE,2022,50 anos ou mais,
2313559,Tururu - CE,2022,Ignorada,
2313559,Tururu - CE,2023,Total,262.0
2313559,Tururu - CE,2023,Menos de 15 anos,
2313559,Tururu - CE,2023,15 a 19 anos,41.0
2313559,Tururu - CE,2023,20 a 24 anos,54.0
2313559,Tururu - CE,2023,25 a 29 anos,75.0
2313559,Tururu - CE,2023,30 a 34 anos,59.0
2313559,Tururu - CE,2023,35 a 39 anos,25.0
2313559,Tururu - CE,2023,40 a 44 anos,8.0
2313559,Tururu - CE,2023,45 a 49 anos,
2313559,Tururu - CE,2023,50 anos ou mais,
2313559,Tururu - CE,2023,Ignorada,
2313559,Tururu - CE,2024,Total,188.0
2313559,Tururu - CE,2024,Menos de 15 anos,
2313559,Tururu - CE,2024,15 a 19 anos,31.0
2313559,Tururu - CE,2024,20 a 24 anos,33.0
2313559,Tururu - CE,2024,25 a 29 anos,56.0
2313559,Tururu - CE,2024,30 a 34 anos,43.0
2313559,Tururu - CE,2024,35 a 39 anos,19.0
2313559,Tururu - CE,2024,40 a 44 anos,6.0
2313559,Tururu - CE,2024,45 a 49 anos,
2313559,Tururu - CE,2024,50 anos ou mais,
2313559,Tururu - CE,2024,Ignorada,
2313609,Ubajara - CE,2020,Total,507.0
2313609,Ubajara - CE,2020,Menos de 15 anos,3.0
2313609,Ubajara - CE,2020,15 a 19 anos,59.0
2313609,Ubajara - CE,2020,20 a 24 anos,129.0
2313609,Ubajara - CE,2020,25 a 29 anos,133.0
2313609,Ubajara - CE,2020,30 a 34 anos,108.0
2313609,Ubajara - CE,2020,35 a 39 anos,55.0
2313609,Ubajara - CE,2020,40 a 44 anos,20.0
2313609,Ubajara - CE,2020,45 a 49 anos,
2313609,Ubajara - CE,2020,50 anos ou mais,
2313609,Ubajara - CE,2020,Ignorada,
2313609,Ubajara - CE,2021,Total,492.0
2313609,Ubajara - CE,2021,Menos de 15 anos,4.0
2313609,Ubajara - CE,2021,15 a 19 anos,64.0
2313609,Ubajara - CE,2021,20 a 24 anos,108.0
2313609,Ubajara - CE,2021,25 a 29 anos,126.0
2313609,Ubajara - CE,2021,30 a 34 anos,103.0
2313609,Ubajara - CE,2021,35 a 39 anos,74.0
2313609,Ubajara - CE,2021,40 a 44 anos,11.0
2313609,Ubajara - CE,2021,45 a 49 anos,2.0
2313609,Ubajara - CE,2021,50 anos ou mais,
2313609,Ubajara - CE,2021,Ignorada,
2313609,Ubajara - CE,2022,Total,459.0
2313609,Ubajara - CE,2022,Menos de 15 anos,7.0
2313609,Ubajara - CE,2022,15 a 19 anos,54.0
2313609,Ubajara - CE,2022,20 a 24 anos,118.0
2313609,Ubajara - CE,2022,25 a 29 anos,106.0
2313609,Ubajara - CE,2022,30 a 34 anos,97.0
2313609,Ubajara - CE,2022,35 a 39 anos,51.0
2313609,Ubajara - CE,2022,40 a 44 anos,25.0
2313609,Ubajara - CE,2022,45 a 49 anos,1.0
2313609,Ubajara - CE,2022,50 anos ou mais,
2313609,Ubajara - CE,2022,Ignorada,
2313609,Ubajara - CE,2023,Total,498.0
2313609,Ubajara - CE,2023,Menos de 15 anos,3.0
2313609,Ubajara - CE,2023,15 a 19 anos,67.0
2313609,Ubajara - CE,2023,20 a 24 anos,104.0
2313609,Ubajara - CE,2023,25 a 29 anos,141.0
2313609,Ubajara - CE,2023,30 a 34 anos,104.0
2313609,Ubajara - CE,2023,35 a 39 anos,66.0
2313609,Ubajara - CE,2023,40 a 44 anos,12.0
2313609,Ubajara - CE,2023,45 a 49 anos,1.0
2313609,Ubajara - CE,2023,50 anos ou mais,
2313609,Ubajara - CE,2023,Ignorada,
2313609,Ubajara - CE,2024,Total,474.0
2313609,Ubajara - CE,2024,Menos de 15 anos,2.0
2313609,Ubajara - CE,2024,15 a 19 anos,47.0
2313609,Ubajara - CE,2024,20 a 24 anos,113.0
2313609,Ubajara - CE,2024,25 a 29 anos,123.0
2313609,Ubajara - CE,2024,30 a 34 anos,97.0
2313609,Ubajara - CE,2024,35 a 39 anos,76.0
2313609,Ubajara - CE,2024,40 a 44 anos,16.0
2313609,Ubajara - CE,2024,45 a 49 anos,
2313609,Ubajara - CE,2024,50 anos ou mais,
2313609,Ubajara - CE,2024,Ignorada,
2313708,Umari - CE,2020,Total,83.0
2313708,Umari - CE,2020,Menos de 15 anos,1.0
2313708,Umari - CE,2020,15 a 19 anos,13.0
2313708,Umari - CE,2020,20 a 24 anos,23.0
2313708,Umari - CE,2020,25 a 29 anos,18.0
2313708,Umari - CE,2020,30 a 34 anos,17.0
2313708,Umari - CE,2020,35 a 39 anos,6.0
2313708,Umari - CE,2020,40 a 44 anos,5.0
2313708,Umari - CE,2020,45 a 49 anos,
2313708,Umari - CE,2020,50 anos ou mais,
2313708,Umari - CE,2020,Ignorada,
2313708,Umari - CE,2021,Total,85.0
2313708,Umari - CE,2021,Menos de 15 anos,1.0
2313708,Umari - CE,2021,15 a 19 anos,16.0
2313708,Umari - CE,2021,20 a 24 anos,18.0
2313708,Umari - CE,2021,25 a 29 anos,22.0
2313708,Umari - CE,2021,30 a 34 anos,11.0
2313708,Umari - CE,2021,35 a 39 anos,15.0
2313708,Umari - CE,2021,40 a 44 anos,1.0
2313708,Umari - CE,2021,45 a 49 anos,1.0
2313708,Umari - CE,2021,50 anos ou mais,
2313708,Umari - CE,2021,Ignorada,
2313708,Umari - CE,2022,Total,73.0
2313708,Umari - CE,2022,Menos de 15 anos,
2313708,Umari - CE,2022,15 a 19 anos,10.0
2313708,Umari - CE,2022,20 a 24 anos,18.0
2313708,Umari - CE,2022,25 a 29 anos,15.0
2313708,Umari - CE,2022,30 a 34 anos,14.0
2313708,Umari - CE,2022,35 a 39 anos,15.0
2313708,Umari - CE,2022,40 a 44 anos,1.0
2313708,Umari - CE,2022,45 a 49 anos,
2313708,Umari - CE,2022,50 anos ou mais,
2313708,Umari - CE,2022,Ignorada,
2313708,Umari - CE,2023,Total,65.0
2313708,Umari - CE,2023,Menos de 15 anos,1.0
2313708,Umari - CE,2023,15 a 19 anos,11.0
2313708,Umari - CE,2023,20 a 24 anos,13.0
2313708,Umari - CE,2023,25 a 29 anos,16.0
2313708,Umari - CE,2023,30 a 34 anos,8.0
2313708,Umari - CE,2023,35 a 39 anos,12.0
2313708,Umari - CE,2023,40 a 44 anos,4.0
2313708,Umari - CE,2023,45 a 49 anos,
2313708,Umari - CE,2023,50 anos ou mais,
2313708,Umari - CE,2023,Ignorada,
2313708,Umari - CE,2024,Total,63.0
2313708,Umari - CE,2024,Menos de 15 anos,1.0
2313708,Umari - CE,2024,15 a 19 anos,12.0
2313708,Umari - CE,2024,20 a 24 anos,14.0
2313708,Umari - CE,2024,25 a 29 anos,13.0
2313708,Umari - CE,2024,30 a 34 anos,14.0
2313708,Umari - CE,2024,35 a 39 anos,9.0
2313708,Umari - CE,2024,40 a 44 anos,
2313708,Umari - CE,2024,45 a 49 anos,
2313708,Umari - CE,2024,50 anos ou mais,
2313708,Umari - CE,2024,Ignorada,
2313757,Umirim - CE,2020,Total,282.0
2313757,Umirim - CE,2020,Menos de 15 anos,6.0
2313757,Umirim - CE,2020,15 a 19 anos,47.0
2313757,Umirim - CE,2020,20 a 24 anos,69.0
2313757,Umirim - CE,2020,25 a 29 anos,62.0
2313757,Umirim - CE,2020,30 a 34 anos,66.0
2313757,Umirim - CE,2020,35 a 39 anos,28.0
2313757,Umirim - CE,2020,40 a 44 anos,4.0
2313757,Umirim - CE,2020,45 a 49 anos,
2313757,Umirim - CE,2020,50 anos ou mais,
2313757,Umirim - CE,2020,Ignorada,
2313757,Umirim - CE,2021,Total,233.0
2313757,Umirim - CE,2021,Menos de 15 anos,5.0
2313757,Umirim - CE,2021,15 a 19 anos,45.0
2313757,Umirim - CE,2021,20 a 24 anos,61.0
2313757,Umirim - CE,2021,25 a 29 anos,52.0
2313757,Umirim - CE,2021,30 a 34 anos,41.0
2313757,Umirim - CE,2021,35 a 39 anos,24.0
2313757,Umirim - CE,2021,40 a 44 anos,4.0
2313757,Umirim - CE,2021,45 a 49 anos,1.0
2313757,Umirim - CE,2021,50 anos ou mais,
2313757,Umirim - CE,2021,Ignorada,
2313757,Umirim - CE,2022,Total,260.0
2313757,Umirim - CE,2022,Menos de 15 anos,1.0
2313757,Umirim - CE,2022,15 a 19 anos,33.0
2313757,Umirim - CE,2022,20 a 24 anos,73.0
2313757,Umirim - CE,2022,25 a 29 anos,67.0
2313757,Umirim - CE,2022,30 a 34 anos,40.0
2313757,Umirim - CE,2022,35 a 39 anos,37.0
2313757,Umirim - CE,2022,40 a 44 anos,9.0
2313757,Umirim - CE,2022,45 a 49 anos,
2313757,Umirim - CE,2022,50 anos ou mais,
2313757,Umirim - CE,2022,Ignorada,
2313757,Umirim - CE,2023,Total,228.0
2313757,Umirim - CE,2023,Menos de 15 anos,1.0
2313757,Umirim - CE,2023,15 a 19 anos,27.0
2313757,Umirim - CE,2023,20 a 24 anos,58.0
2313757,Umirim - CE,2023,25 a 29 anos,73.0
2313757,Umirim - CE,2023,30 a 34 anos,37.0
2313757,Umirim - CE,2023,35 a 39 anos,27.0
2313757,Umirim - CE,2023,40 a 44 anos,5.0
2313757,Umirim - CE,2023,45 a 49 anos,
2313757,Umirim - CE,2023,50 anos ou mais,
2313757,Umirim - CE,2023,Ignorada,
2313757,Umirim - CE,2024,Total,218.0
2313757,Umirim - CE,2024,Menos de 15 anos,
2313757,Umirim - CE,2024,15 a 19 anos,33.0
2313757,Umirim - CE,2024,20 a 24 anos,45.0
2313757,Umirim - CE,2024,25 a 29 anos,66.0
2313757,Umirim - CE,2024,30 a 34 anos,42.0
2313757,Umirim - CE,2024,35 a 39 anos,26.0
2313757,Umirim - CE,2024,40 a 44 anos,6.0
2313757,Umirim - CE,2024,45 a 49 anos,
2313757,Umirim - CE,2024,50 anos ou mais,
2313757,Umirim - CE,2024,Ignorada,
2313807,Uruburetama - CE,2020,Total,339.0
2313807,Uruburetama - CE,2020,Menos de 15 anos,4.0
2313807,Uruburetama - CE,2020,15 a 19 anos,58.0
2313807,Uruburetama - CE,2020,20 a 24 anos,89.0
2313807,Uruburetama - CE,2020,25 a 29 anos,79.0
2313807,Uruburetama - CE,2020,30 a 34 anos,68.0
2313807,Uruburetama - CE,2020,35 a 39 anos,33.0
2313807,Uruburetama - CE,2020,40 a 44 anos,8.0
2313807,Uruburetama - CE,2020,45 a 49 anos,
2313807,Uruburetama - CE,2020,50 anos ou mais,
2313807,Uruburetama - CE,2020,Ignorada,
2313807,Uruburetama - CE,2021,Total,325.0
2313807,Uruburetama - CE,2021,Menos de 15 anos,4.0
2313807,Uruburetama - CE,2021,15 a 19 anos,47.0
2313807,Uruburetama - CE,2021,20 a 24 anos,88.0
2313807,Uruburetama - CE,2021,25 a 29 anos,81.0
2313807,Uruburetama - CE,2021,30 a 34 anos,53.0
2313807,Uruburetama - CE,2021,35 a 39 anos,42.0
2313807,Uruburetama - CE,2021,40 a 44 anos,10.0
2313807,Uruburetama - CE,2021,45 a 49 anos,
2313807,Uruburetama - CE,2021,50 anos ou mais,
2313807,Uruburetama - CE,2021,Ignorada,
2313807,Uruburetama - CE,2022,Total,316.0
2313807,Uruburetama - CE,2022,Menos de 15 anos,2.0
2313807,Uruburetama - CE,2022,15 a 19 anos,47.0
2313807,Uruburetama - CE,2022,20 a 24 anos,77.0
2313807,Uruburetama - CE,2022,25 a 29 anos,77.0
2313807,Uruburetama - CE,2022,30 a 34 anos,64.0
2313807,Uruburetama - CE,2022,35 a 39 anos,41.0
2313807,Uruburetama - CE,2022,40 a 44 anos,8.0
2313807,Uruburetama - CE,2022,45 a 49 anos,
2313807,Uruburetama - CE,2022,50 anos ou mais,
2313807,Uruburetama - CE,2022,Ignorada,
2313807,Uruburetama - CE,2023,Total,293.0
2313807,Uruburetama - CE,2023,Menos de 15 anos,1.0
2313807,Uruburetama - CE,2023,15 a 19 anos,39.0
2313807,Uruburetama - CE,2023,20 a 24 anos,73.0
2313807,Uruburetama - CE,2023,25 a 29 anos,73.0
2313807,Uruburetama - CE,2023,30 a 34 anos,51.0
2313807,Uruburetama - CE,2023,35 a 39 anos,45.0
2313807,Uruburetama - CE,2023,40 a 44 anos,10.0
2313807,Uruburetama - CE,2023,45 a 49 anos,1.0
2313807,Uruburetama - CE,2023,50 anos ou mais,
2313807,Uruburetama - CE,2023,Ignorada,
2313807,Uruburetama - CE,2024,Total,286.0
2313807,Uruburetama - CE,2024,Menos de 15 anos,2.0
2313807,Uruburetama - CE,2024,15 a 19 anos,41.0
2313807,Uruburetama - CE,2024,20 a 24 anos,74.0
2313807,Uruburetama - CE,2024,25 a 29 anos,56.0
2313807,Uruburetama - CE,2024,30 a 34 anos,57.0
2313807,Uruburetama - CE,2024,35 a 39 anos,44.0
2313807,Uruburetama - CE,2024,40 a 44 anos,12.0
2313807,Uruburetama - CE,2024,45 a 49 anos,
2313807,Uruburetama - CE,2024,50 anos ou mais,
2313807,Uruburetama - CE,2024,Ignorada,
2313906,Uruoca - CE,2020,Total,162.0
2313906,Uruoca - CE,2020,Menos de 15 anos,2.0
2313906,Uruoca - CE,2020,15 a 19 anos,26.0
2313906,Uruoca - CE,2020,20 a 24 anos,43.0
2313906,Uruoca - CE,2020,25 a 29 anos,42.0
2313906,Uruoca - CE,2020,30 a 34 anos,33.0
2313906,Uruoca - CE,2020,35 a 39 anos,12.0
2313906,Uruoca - CE,2020,40 a 44 anos,4.0
2313906,Uruoca - CE,2020,45 a 49 anos,
2313906,Uruoca - CE,2020,50 anos ou mais,
2313906,Uruoca - CE,2020,Ignorada,
2313906,Uruoca - CE,2021,Total,163.0
2313906,Uruoca - CE,2021,Menos de 15 anos,1.0
2313906,Uruoca - CE,2021,15 a 19 anos,31.0
2313906,Uruoca - CE,2021,20 a 24 anos,50.0
2313906,Uruoca - CE,2021,25 a 29 anos,41.0
2313906,Uruoca - CE,2021,30 a 34 anos,28.0
2313906,Uruoca - CE,2021,35 a 39 anos,9.0
2313906,Uruoca - CE,2021,40 a 44 anos,3.0
2313906,Uruoca - CE,2021,45 a 49 anos,
2313906,Uruoca - CE,2021,50 anos ou mais,
2313906,Uruoca - CE,2021,Ignorada,
2313906,Uruoca - CE,2022,Total,166.0
2313906,Uruoca - CE,2022,Menos de 15 anos,
2313906,Uruoca - CE,2022,15 a 19 anos,27.0
2313906,Uruoca - CE,2022,20 a 24 anos,49.0
2313906,Uruoca - CE,2022,25 a 29 anos,31.0
2313906,Uruoca - CE,2022,30 a 34 anos,30.0
2313906,Uruoca - CE,2022,35 a 39 anos,23.0
2313906,Uruoca - CE,2022,40 a 44 anos,6.0
2313906,Uruoca - CE,2022,45 a 49 anos,
2313906,Uruoca - CE,2022,50 anos ou mais,
2313906,Uruoca - CE,2022,Ignorada,
2313906,Uruoca - CE,2023,Total,143.0
2313906,Uruoca - CE,2023,Menos de 15 anos,3.0
2313906,Uruoca - CE,2023,15 a 19 anos,22.0
2313906,Uruoca - CE,2023,20 a 24 anos,38.0
2313906,Uruoca - CE,2023,25 a 29 anos,32.0
2313906,Uruoca - CE,2023,30 a 34 anos,26.0
2313906,Uruoca - CE,2023,35 a 39 anos,17.0
2313906,Uruoca - CE,2023,40 a 44 anos,5.0
2313906,Uruoca - CE,2023,45 a 49 anos,
2313906,Uruoca - CE,2023,50 anos ou mais,
2313906,Uruoca - CE,2023,Ignorada,
2313906,Uruoca - CE,2024,Total,145.0
2313906,Uruoca - CE,2024,Menos de 15 anos,1.0
2313906,Uruoca - CE,2024,15 a 19 anos,11.0
2313906,Uruoca - CE,2024,20 a 24 anos,33.0
2313906,Uruoca - CE,2024,25 a 29 anos,50.0
2313906,Uruoca - CE,2024,30 a 34 anos,31.0
2313906,Uruoca - CE,2024,35 a 39 anos,16.0
2313906,Uruoca - CE,2024,40 a 44 anos,3.0
2313906,Uruoca - CE,2024,45 a 49 anos,
2313906,Uruoca - CE,2024,50 anos ou mais,
2313906,Uruoca - CE,2024,Ignorada,
2313955,Varjota - CE,2020,Total,257.0
2313955,Varjota - CE,2020,Menos de 15 anos,5.0
2313955,Varjota - CE,2020,15 a 19 anos,39.0
2313955,Varjota - CE,2020,20 a 24 anos,57.0
2313955,Varjota - CE,2020,25 a 29 anos,56.0
2313955,Varjota - CE,2020,30 a 34 anos,54.0
2313955,Varjota - CE,2020,35 a 39 anos,35.0
2313955,Varjota - CE,2020,40 a 44 anos,10.0
2313955,Varjota - CE,2020,45 a 49 anos,1.0
2313955,Varjota - CE,2020,50 anos ou mais,
2313955,Varjota - CE,2020,Ignorada,
2313955,Varjota - CE,2021,Total,249.0
2313955,Varjota - CE,2021,Menos de 15 anos,3.0
2313955,Varjota - CE,2021,15 a 19 anos,29.0
2313955,Varjota - CE,2021,20 a 24 anos,71.0
2313955,Varjota - CE,2021,25 a 29 anos,56.0
2313955,Varjota - CE,2021,30 a 34 anos,55.0
2313955,Varjota - CE,2021,35 a 39 anos,25.0
2313955,Varjota - CE,2021,40 a 44 anos,10.0
2313955,Varjota - CE,2021,45 a 49 anos,
2313955,Varjota - CE,2021,50 anos ou mais,
2313955,Varjota - CE,2021,Ignorada,
2313955,Varjota - CE,2022,Total,241.0
2313955,Varjota - CE,2022,Menos de 15 anos,
2313955,Varjota - CE,2022,15 a 19 anos,38.0
2313955,Varjota - CE,2022,20 a 24 anos,66.0
2313955,Varjota - CE,2022,25 a 29 anos,63.0
2313955,Varjota - CE,2022,30 a 34 anos,44.0
2313955,Varjota - CE,2022,35 a 39 anos,25.0
2313955,Varjota - CE,2022,40 a 44 anos,5.0
2313955,Varjota - CE,2022,45 a 49 anos,
2313955,Varjota - CE,2022,50 anos ou mais,
2313955,Varjota - CE,2022,Ignorada,
2313955,Varjota - CE,2023,Total,209.0
2313955,Varjota - CE,2023,Menos de 15 anos,1.0
2313955,Varjota - CE,2023,15 a 19 anos,28.0
2313955,Varjota - CE,2023,20 a 24 anos,58.0
2313955,Varjota - CE,2023,25 a 29 anos,51.0
2313955,Varjota - CE,2023,30 a 34 anos,42.0
2313955,Varjota - CE,2023,35 a 39 anos,24.0
2313955,Varjota - CE,2023,40 a 44 anos,5.0
2313955,Varjota - CE,2023,45 a 49 anos,
2313955,Varjota - CE,2023,50 anos ou mais,
2313955,Varjota - CE,2023,Ignorada,
2313955,Varjota - CE,2024,Total,217.0
2313955,Varjota - CE,2024,Menos de 15 anos,1.0
2313955,Varjota - CE,2024,15 a 19 anos,32.0
2313955,Varjota - CE,2024,20 a 24 anos,53.0
2313955,Varjota - CE,2024,25 a 29 anos,51.0
2313955,Varjota - CE,2024,30 a 34 anos,45.0
2313955,Varjota - CE,2024,35 a 39 anos,29.0
2313955,Varjota - CE,2024,40 a 44 anos,5.0
2313955,Varjota - CE,2024,45 a 49 anos,1.0
2313955,Varjota - CE,2024,50 anos ou mais,
2313955,Varjota - CE,2024,Ignorada,
2314003,Várzea Alegre - CE,2020,Total,455.0
2314003,Várzea Alegre - CE,2020,Menos de 15 anos,3.0
2314003,Várzea Alegre - CE,2020,15 a 19 anos,69.0
2314003,Várzea Alegre - CE,2020,20 a 24 anos,116.0
2314003,Várzea Alegre - CE,2020,25 a 29 anos,103.0
2314003,Várzea Alegre - CE,2020,30 a 34 anos,92.0
2314003,Várzea Alegre - CE,2020,35 a 39 anos,57.0
2314003,Várzea Alegre - CE,2020,40 a 44 anos,15.0
2314003,Várzea Alegre - CE,2020,45 a 49 anos,
2314003,Várzea Alegre - CE,2020,50 anos ou mais,
2314003,Várzea Alegre - CE,2020,Ignorada,
2314003,Várzea Alegre - CE,2021,Total,441.0
2314003,Várzea Alegre - CE,2021,Menos de 15 anos,1.0
2314003,Várzea Alegre - CE,2021,15 a 19 anos,53.0
2314003,Várzea Alegre - CE,2021,20 a 24 anos,102.0
2314003,Várzea Alegre - CE,2021,25 a 29 anos,100.0
2314003,Várzea Alegre - CE,2021,30 a 34 anos,115.0
2314003,Várzea Alegre - CE,2021,35 a 39 anos,60.0
2314003,Várzea Alegre - CE,2021,40 a 44 anos,8.0
2314003,Várzea Alegre - CE,2021,45 a 49 anos,2.0
2314003,Várzea Alegre - CE,2021,50 anos ou mais,
2314003,Várzea Alegre - CE,2021,Ignorada,
2314003,Várzea Alegre - CE,2022,Total,400.0
2314003,Várzea Alegre - CE,2022,Menos de 15 anos,3.0
2314003,Várzea Alegre - CE,2022,15 a 19 anos,56.0
2314003,Várzea Alegre - CE,2022,20 a 24 anos,91.0
2314003,Várzea Alegre - CE,2022,25 a 29 anos,91.0
2314003,Várzea Alegre - CE,2022,30 a 34 anos,95.0
2314003,Várzea Alegre - CE,2022,35 a 39 anos,49.0
2314003,Várzea Alegre - CE,2022,40 a 44 anos,15.0
2314003,Várzea Alegre - CE,2022,45 a 49 anos,
2314003,Várzea Alegre - CE,2022,50 anos ou mais,
2314003,Várzea Alegre - CE,2022,Ignorada,
2314003,Várzea Alegre - CE,2023,Total,431.0
2314003,Várzea Alegre - CE,2023,Menos de 15 anos,1.0
2314003,Várzea Alegre - CE,2023,15 a 19 anos,37.0
2314003,Várzea Alegre - CE,2023,20 a 24 anos,101.0
2314003,Várzea Alegre - CE,2023,25 a 29 anos,113.0
2314003,Várzea Alegre - CE,2023,30 a 34 anos,98.0
2314003,Várzea Alegre - CE,2023,35 a 39 anos,66.0
2314003,Várzea Alegre - CE,2023,40 a 44 anos,15.0
2314003,Várzea Alegre - CE,2023,45 a 49 anos,
2314003,Várzea Alegre - CE,2023,50 anos ou mais,
2314003,Várzea Alegre - CE,2023,Ignorada,
2314003,Várzea Alegre - CE,2024,Total,379.0
2314003,Várzea Alegre - CE,2024,Menos de 15 anos,2.0
2314003,Várzea Alegre - CE,2024,15 a 19 anos,40.0
2314003,Várzea Alegre - CE,2024,20 a 24 anos,97.0
2314003,Várzea Alegre - CE,2024,25 a 29 anos,96.0
2314003,Várzea Alegre - CE,2024,30 a 34 anos,79.0
2314003,Várzea Alegre - CE,2024,35 a 39 anos,52.0
2314003,Várzea Alegre - CE,2024,40 a 44 anos,13.0
2314003,Várzea Alegre - CE,2024,45 a 49 anos,
2314003,Várzea Alegre - CE,2024,50 anos ou mais,
2314003,Várzea Alegre - CE,2024,Ignorada,
2314102,Viçosa do Ceará - CE,2020,Total,989.0
2314102,Viçosa do Ceará - CE,2020,Menos de 15 anos,6.0
2314102,Viçosa do Ceará - CE,2020,15 a 19 anos,138.0
2314102,Viçosa do Ceará - CE,2020,20 a 24 anos,283.0
2314102,Viçosa do Ceará - CE,2020,25 a 29 anos,264.0
2314102,Viçosa do Ceará - CE,2020,30 a 34 anos,168.0
2314102,Viçosa do Ceará - CE,2020,35 a 39 anos,96.0
2314102,Viçosa do Ceará - CE,2020,40 a 44 anos,31.0
2314102,Viçosa do Ceará - CE,2020,45 a 49 anos,1.0
2314102,Viçosa do Ceará - CE,2020,50 anos ou mais,
2314102,Viçosa do Ceará - CE,2020,Ignorada,2.0
2314102,Viçosa do Ceará - CE,2021,Total,974.0
2314102,Viçosa do Ceará - CE,2021,Menos de 15 anos,8.0
2314102,Viçosa do Ceará - CE,2021,15 a 19 anos,144.0
2314102,Viçosa do Ceará - CE,2021,20 a 24 anos,265.0
2314102,Viçosa do Ceará - CE,2021,25 a 29 anos,240.0
2314102,Viçosa do Ceará - CE,2021,30 a 34 anos,158.0
2314102,Viçosa do Ceará - CE,2021,35 a 39 anos,125.0
2314102,Viçosa do Ceará - CE,2021,40 a 44 anos,32.0
2314102,Viçosa do Ceará - CE,2021,45 a 49 anos,1.0
2314102,Viçosa do Ceará - CE,2021,50 anos ou mais,
2314102,Viçosa do Ceará - CE,2021,Ignorada,1.0
2314102,Viçosa do Ceará - CE,2022,Total,861.0
2314102,Viçosa do Ceará - CE,2022,Menos de 15 anos,3.0
2314102,Viçosa do Ceará - CE,2022,15 a 19 anos,113.0
2314102,Viçosa do Ceará - CE,2022,20 a 24 anos,237.0
2314102,Viçosa do Ceará - CE,2022,25 a 29 anos,217.0
2314102,Viçosa do Ceará - CE,2022,30 a 34 anos,172.0
2314102,Viçosa do Ceará - CE,2022,35 a 39 anos,94.0
2314102,Viçosa do Ceará - CE,2022,40 a 44 anos,19.0
2314102,Viçosa do Ceará - CE,2022,45 a 49 anos,3.0
2314102,Viçosa do Ceará - CE,2022,50 anos ou mais,
2314102,Viçosa do Ceará - CE,2022,Ignorada,3.0
2314102,Viçosa do Ceará - CE,2023,Total,835.0
2314102,Viçosa do Ceará - CE,2023,Menos de 15 anos,8.0
2314102,Viçosa do Ceará - CE,2023,15 a 19 anos,123.0
2314102,Viçosa do Ceará - CE,2023,20 a 24 anos,211.0
2314102,Viçosa do Ceará - CE,2023,25 a 29 anos,201.0
2314102,Viçosa do Ceará - CE,2023,30 a 34 anos,162.0
2314102,Viçosa do Ceará - CE,2023,35 a 39 anos,104.0
2314102,Viçosa do Ceará - CE,2023,40 a 44 anos,24.0
2314102,Viçosa do Ceará - CE,2023,45 a 49 anos,2.0
2314102,Viçosa do Ceará - CE,2023,50 anos ou mais,
2314102,Viçosa do Ceará - CE,2023,Ignorada,
2314102,Viçosa do Ceará - CE,2024,Total,848.0
2314102,Viçosa do Ceará - CE,2024,Menos de 15 anos,2.0
2314102,Viçosa do Ceará - CE,2024,15 a 19 anos,112.0
2314102,Viçosa do Ceará - CE,2024,20 a 24 anos,171.0
2314102,Viçosa do Ceará - CE,2024,25 a 29 anos,246.0
2314102,Viçosa do Ceará - CE,2024,30 a 34 anos,181.0
2314102,Viçosa do Ceará - CE,2024,35 a 39 anos,101.0
2314102,Viçosa do Ceará - CE,2024,40 a 44 anos,31.0
2314102,Viçosa do Ceará - CE,2024,45 a 49 anos,4.0
2314102,Viçosa do Ceará - CE,2024,50 anos ou mais,
2314102,Viçosa do Ceará - CE,2024,Ignorada,
