cod_ibge,municipio,sexo,idade,populacao
2300101,Abaiara - CE,Total,Total,10038.0
2300101,Abaiara - CE,Total,0 a 4 anos,756.0
2300101,Abaiara - CE,Total,5 a 9 anos,701.0
2300101,Abaiara - CE,Total,10 a 14 anos,771.0
2300101,Abaiara - CE,Total,15 a 19 anos,713.0
2300101,Abaiara - CE,Total,20 a 24 anos,794.0
2300101,Abaiara - CE,Total,25 a 29 anos,841.0
2300101,Abaiara - CE,Total,30 a 34 anos,725.0
2300101,Abaiara - CE,Total,35 a 39 anos,780.0
2300101,Abaiara - CE,Total,40 a 44 anos,716.0
2300101,Abaiara - CE,Total,45 a 49 anos,637.0
2300101,Abaiara - CE,Total,50 a 54 anos,551.0
2300101,Abaiara - CE,Total,55 a 59 anos,498.0
2300101,Abaiara - CE,Total,60 a 64 anos,420.0
2300101,Abaiara - CE,Total,65 a 69 anos,332.0
2300101,Abaiara - CE,Total,70 a 74 anos,293.0
2300101,Abaiara - CE,Total,75 a 79 anos,225.0
2300101,Abaiara - CE,Total,80 a 84 anos,146.0
2300101,Abaiara - CE,Total,85 a 89 anos,86.0
2300101,Abaiara - CE,Total,90 a 94 anos,40.0
2300101,Abaiara - CE,Total,95 a 99 anos,10.0
2300101,Abaiara - CE,Total,100 anos ou mais,3.0
2300150,Acarape - CE,Total,Total,14027.0
2300150,Acarape - CE,Total,0 a 4 anos,994.0
2300150,Acarape - CE,Total,5 a 9 anos,1103.0
2300150,Acarape - CE,Total,10 a 14 anos,1124.0
2300150,Acarape - CE,Total,15 a 19 anos,1087.0
2300150,Acarape - CE,Total,20 a 24 anos,1286.0
2300150,Acarape - CE,Total,25 a 29 anos,1392.0
2300150,Acarape - CE,Total,30 a 34 anos,1140.0
2300150,Acarape - CE,Total,35 a 39 anos,1001.0
2300150,Acarape - CE,Total,40 a 44 anos,932.0
2300150,Acarape - CE,Total,45 a 49 anos,780.0
2300150,Acarape - CE,Total,50 a 54 anos,833.0
2300150,Acarape - CE,Total,55 a 59 anos,695.0
2300150,Acarape - CE,Total,60 a 64 anos,551.0
2300150,Acarape - CE,Total,65 a 69 anos,361.0
2300150,Acarape - CE,Total,70 a 74 anos,273.0
2300150,Acarape - CE,Total,75 a 79 anos,195.0
2300150,Acarape - CE,Total,80 a 84 anos,125.0
2300150,Acarape - CE,Total,85 a 89 anos,91.0
2300150,Acarape - CE,Total,90 a 94 anos,53.0
2300150,Acarape - CE,Total,95 a 99 anos,9.0
2300150,Acarape - CE,Total,100 anos ou mais,2.0
2300200,Acaraú - CE,Total,Total,65264.0
2300200,Acaraú - CE,Total,0 a 4 anos,5048.0
2300200,Acaraú - CE,Total,5 a 9 anos,5062.0
2300200,Acaraú - CE,Total,10 a 14 anos,4947.0
2300200,Acaraú - CE,Total,15 a 19 anos,5268.0
2300200,Acaraú - CE,Total,20 a 24 anos,5274.0
2300200,Acaraú - CE,Total,25 a 29 anos,5476.0
2300200,Acaraú - CE,Total,30 a 34 anos,5265.0
2300200,Acaraú - CE,Total,35 a 39 anos,5372.0
2300200,Acaraú - CE,Total,40 a 44 anos,4806.0
2300200,Acaraú - CE,Total,45 a 49 anos,4145.0
2300200,Acaraú - CE,Total,50 a 54 anos,3473.0
2300200,Acaraú - CE,Total,55 a 59 anos,2992.0
2300200,Acaraú - CE,Total,60 a 64 anos,2215.0
2300200,Acaraú - CE,Total,65 a 69 anos,1837.0
2300200,Acaraú - CE,Total,70 a 74 anos,1571.0
2300200,Acaraú - CE,Total,75 a 79 anos,1141.0
2300200,Acaraú - CE,Total,80 a 84 anos,745.0
2300200,Acaraú - CE,Total,85 a 89 anos,396.0
2300200,Acaraú - CE,Total,90 a 94 anos,164.0
2300200,Acaraú - CE,Total,95 a 99 anos,55.0
2300200,Acaraú - CE,Total,100 anos ou mais,12.0
2300309,Acopiara - CE,Total,Total,44962.0
2300309,Acopiara - CE,Total,0 a 4 anos,2650.0
2300309,Acopiara - CE,Total,5 a 9 anos,2747.0
2300309,Acopiara - CE,Total,10 a 14 anos,3314.0
2300309,Acopiara - CE,Total,15 a 19 anos,3275.0
2300309,Acopiara - CE,Total,20 a 24 anos,3180.0
2300309,Acopiara - CE,Total,25 a 29 anos,2831.0
2300309,Acopiara - CE,Total,30 a 34 anos,3079.0
2300309,Acopiara - CE,Total,35 a 39 anos,3251.0
2300309,Acopiara - CE,Total,40 a 44 anos,3361.0
2300309,Acopiara - CE,Total,45 a 49 anos,3044.0
2300309,Acopiara - CE,Total,50 a 54 anos,2773.0
2300309,Acopiara - CE,Total,55 a 59 anos,2602.0
2300309,Acopiara - CE,Total,60 a 64 anos,2342.0
2300309,Acopiara - CE,Total,65 a 69 anos,1868.0
2300309,Acopiara - CE,Total,70 a 74 anos,1698.0
2300309,Acopiara - CE,Total,75 a 79 anos,1251.0
2300309,Acopiara - CE,Total,80 a 84 anos,924.0
2300309,Acopiara - CE,Total,85 a 89 anos,499.0
2300309,Acopiara - CE,Total,90 a 94 anos,188.0
2300309,Acopiara - CE,Total,95 a 99 anos,61.0
2300309,Acopiara - CE,Total,100 anos ou mais,24.0
2300408,Aiuaba - CE,Total,Total,14076.0
2300408,Aiuaba - CE,Total,0 a 4 anos,947.0
2300408,Aiuaba - CE,Total,5 a 9 anos,902.0
2300408,Aiuaba - CE,Total,10 a 14 anos,1051.0
2300408,Aiuaba - CE,Total,15 a 19 anos,1107.0
2300408,Aiuaba - CE,Total,20 a 24 anos,1022.0
2300408,Aiuaba - CE,Total,25 a 29 anos,981.0
2300408,Aiuaba - CE,Total,30 a 34 anos,974.0
2300408,Aiuaba - CE,Total,35 a 39 anos,945.0
2300408,Aiuaba - CE,Total,40 a 44 anos,975.0
2300408,Aiuaba - CE,Total,45 a 49 anos,898.0
2300408,Aiuaba - CE,Total,50 a 54 anos,877.0
2300408,Aiuaba - CE,Total,55 a 59 anos,846.0
2300408,Aiuaba - CE,Total,60 a 64 anos,687.0
2300408,Aiuaba - CE,Total,65 a 69 anos,531.0
2300408,Aiuaba - CE,Total,70 a 74 anos,506.0
2300408,Aiuaba - CE,Total,75 a 79 anos,334.0
2300408,Aiuaba - CE,Total,80 a 84 anos,262.0
2300408,Aiuaba - CE,Total,85 a 89 anos,133.0
2300408,Aiuaba - CE,Total,90 a 94 anos,69.0
2300408,Aiuaba - CE,Total,95 a 99 anos,26.0
2300408,Aiuaba - CE,Total,100 anos ou mais,3.0
2300507,Alcântaras - CE,Total,Total,11369.0
2300507,Alcântaras - CE,Total,0 a 4 anos,744.0
2300507,Alcântaras - CE,Total,5 a 9 anos,824.0
2300507,Alcântaras - CE,Total,10 a 14 anos,768.0
2300507,Alcântaras - CE,Total,15 a 19 anos,901.0
2300507,Alcântaras - CE,Total,20 a 24 anos,901.0
2300507,Alcântaras - CE,Total,25 a 29 anos,965.0
2300507,Alcântaras - CE,Total,30 a 34 anos,878.0
2300507,Alcântaras - CE,Total,35 a 39 anos,867.0
2300507,Alcântaras - CE,Total,40 a 44 anos,789.0
2300507,Alcântaras - CE,Total,45 a 49 anos,699.0
2300507,Alcântaras - CE,Total,50 a 54 anos,606.0
2300507,Alcântaras - CE,Total,55 a 59 anos,667.0
2300507,Alcântaras - CE,Total,60 a 64 anos,466.0
2300507,Alcântaras - CE,Total,65 a 69 anos,390.0
2300507,Alcântaras - CE,Total,70 a 74 anos,331.0
2300507,Alcântaras - CE,Total,75 a 79 anos,209.0
2300507,Alcântaras - CE,Total,80 a 84 anos,181.0
2300507,Alcântaras - CE,Total,85 a 89 anos,107.0
2300507,Alcântaras - CE,Total,90 a 94 anos,54.0
2300507,Alcântaras - CE,Total,95 a 99 anos,19.0
2300507,Alcântaras - CE,Total,100 anos ou mais,3.0
2300606,Altaneira - CE,Total,Total,6782.0
2300606,Altaneira - CE,Total,0 a 4 anos,490.0
2300606,Altaneira - CE,Total,5 a 9 anos,476.0
2300606,Altaneira - CE,Total,10 a 14 anos,479.0
2300606,Altaneira - CE,Total,15 a 19 anos,543.0
2300606,Altaneira - CE,Total,20 a 24 anos,544.0
2300606,Altaneira - CE,Total,25 a 29 anos,517.0
2300606,Altaneira - CE,Total,30 a 34 anos,439.0
2300606,Altaneira - CE,Total,35 a 39 anos,445.0
2300606,Altaneira - CE,Total,40 a 44 anos,480.0
2300606,Altaneira - CE,Total,45 a 49 anos,445.0
2300606,Altaneira - CE,Total,50 a 54 anos,366.0
2300606,Altaneira - CE,Total,55 a 59 anos,351.0
2300606,Altaneira - CE,Total,60 a 64 anos,273.0
2300606,Altaneira - CE,Total,65 a 69 anos,234.0
2300606,Altaneira - CE,Total,70 a 74 anos,255.0
2300606,Altaneira - CE,Total,75 a 79 anos,185.0
2300606,Altaneira - CE,Total,80 a 84 anos,155.0
2300606,Altaneira - CE,Total,85 a 89 anos,66.0
2300606,Altaneira - CE,Total,90 a 94 anos,26.0
2300606,Altaneira - CE,Total,95 a 99 anos,10.0
2300606,Altaneira - CE,Total,100 anos ou mais,3.0
2300705,Alto Santo - CE,Total,Total,14155.0
2300705,Alto Santo - CE,Total,0 a 4 anos,941.0
2300705,Alto Santo - CE,Total,5 a 9 anos,993.0
2300705,Alto Santo - CE,Total,10 a 14 anos,936.0
2300705,Alto Santo - CE,Total,15 a 19 anos,1079.0
2300705,Alto Santo - CE,Total,20 a 24 anos,1103.0
2300705,Alto Santo - CE,Total,25 a 29 anos,978.0
2300705,Alto Santo - CE,Total,30 a 34 anos,1041.0
2300705,Alto Santo - CE,Total,35 a 39 anos,1119.0
2300705,Alto Santo - CE,Total,40 a 44 anos,991.0
2300705,Alto Santo - CE,Total,45 a 49 anos,879.0
2300705,Alto Santo - CE,Total,50 a 54 anos,834.0
2300705,Alto Santo - CE,Total,55 a 59 anos,849.0
2300705,Alto Santo - CE,Total,60 a 64 anos,734.0
2300705,Alto Santo - CE,Total,65 a 69 anos,536.0
2300705,Alto Santo - CE,Total,70 a 74 anos,447.0
2300705,Alto Santo - CE,Total,75 a 79 anos,283.0
2300705,Alto Santo - CE,Total,80 a 84 anos,227.0
2300705,Alto Santo - CE,Total,85 a 89 anos,113.0
2300705,Alto Santo - CE,Total,90 a 94 anos,50.0
2300705,Alto Santo - CE,Total,95 a 99 anos,16.0
2300705,Alto Santo - CE,Total,100 anos ou mais,6.0
2300754,Amontada - CE,Total,Total,42156.0
2300754,Amontada - CE,Total,0 a 4 anos,3537.0
2300754,Amontada - CE,Total,5 a 9 anos,3601.0
2300754,Amontada - CE,Total,10 a 14 anos,3687.0
2300754,Amontada - CE,Total,15 a 19 anos,3721.0
2300754,Amontada - CE,Total,20 a 24 anos,3458.0
2300754,Amontada - CE,Total,25 a 29 anos,3404.0
2300754,Amontada - CE,Total,30 a 34 anos,3085.0
2300754,Amontada - CE,Total,35 a 39 anos,3170.0
2300754,Amontada - CE,Total,40 a 44 anos,2696.0
2300754,Amontada - CE,Total,45 a 49 anos,2330.0
2300754,Amontada - CE,Total,50 a 54 anos,2132.0
2300754,Amontada - CE,Total,55 a 59 anos,1930.0
2300754,Amontada - CE,Total,60 a 64 anos,1414.0
2300754,Amontada - CE,Total,65 a 69 anos,1101.0
2300754,Amontada - CE,Total,70 a 74 anos,1093.0
2300754,Amontada - CE,Total,75 a 79 anos,751.0
2300754,Amontada - CE,Total,80 a 84 anos,554.0
2300754,Amontada - CE,Total,85 a 89 anos,287.0
2300754,Amontada - CE,Total,90 a 94 anos,137.0
2300754,Amontada - CE,Total,95 a 99 anos,57.0
2300754,Amontada - CE,Total,100 anos ou mais,11.0
2300804,Antonina do Norte - CE,Total,Total,7245.0
2300804,Antonina do Norte - CE,Total,0 a 4 anos,422.0
2300804,Antonina do Norte - CE,Total,5 a 9 anos,464.0
2300804,Antonina do Norte - CE,Total,10 a 14 anos,580.0
2300804,Antonina do Norte - CE,Total,15 a 19 anos,601.0
2300804,Antonina do Norte - CE,Total,20 a 24 anos,587.0
2300804,Antonina do Norte - CE,Total,25 a 29 anos,456.0
2300804,Antonina do Norte - CE,Total,30 a 34 anos,463.0
2300804,Antonina do Norte - CE,Total,35 a 39 anos,482.0
2300804,Antonina do Norte - CE,Total,40 a 44 anos,505.0
2300804,Antonina do Norte - CE,Total,45 a 49 anos,515.0
2300804,Antonina do Norte - CE,Total,50 a 54 anos,440.0
2300804,Antonina do Norte - CE,Total,55 a 59 anos,369.0
2300804,Antonina do Norte - CE,Total,60 a 64 anos,328.0
2300804,Antonina do Norte - CE,Total,65 a 69 anos,275.0
2300804,Antonina do Norte - CE,Total,70 a 74 anos,261.0
2300804,Antonina do Norte - CE,Total,75 a 79 anos,232.0
2300804,Antonina do Norte - CE,Total,80 a 84 anos,146.0
2300804,Antonina do Norte - CE,Total,85 a 89 anos,77.0
2300804,Antonina do Norte - CE,Total,90 a 94 anos,33.0
2300804,Antonina do Norte - CE,Total,95 a 99 anos,5.0
2300804,Antonina do Norte - CE,Total,100 anos ou mais,4.0
2300903,Apuiarés - CE,Total,Total,12928.0
2300903,Apuiarés - CE,Total,0 a 4 anos,846.0
2300903,Apuiarés - CE,Total,5 a 9 anos,864.0
2300903,Apuiarés - CE,Total,10 a 14 anos,894.0
2300903,Apuiarés - CE,Total,15 a 19 anos,1006.0
2300903,Apuiarés - CE,Total,20 a 24 anos,981.0
2300903,Apuiarés - CE,Total,25 a 29 anos,1023.0
2300903,Apuiarés - CE,Total,30 a 34 anos,922.0
2300903,Apuiarés - CE,Total,35 a 39 anos,957.0
2300903,Apuiarés - CE,Total,40 a 44 anos,894.0
2300903,Apuiarés - CE,Total,45 a 49 anos,823.0
2300903,Apuiarés - CE,Total,50 a 54 anos,754.0
2300903,Apuiarés - CE,Total,55 a 59 anos,801.0
2300903,Apuiarés - CE,Total,60 a 64 anos,591.0
2300903,Apuiarés - CE,Total,65 a 69 anos,466.0
2300903,Apuiarés - CE,Total,70 a 74 anos,389.0
2300903,Apuiarés - CE,Total,75 a 79 anos,295.0
2300903,Apuiarés - CE,Total,80 a 84 anos,209.0
2300903,Apuiarés - CE,Total,85 a 89 anos,120.0
2300903,Apuiarés - CE,Total,90 a 94 anos,65.0
2300903,Apuiarés - CE,Total,95 a 99 anos,17.0
2300903,Apuiarés - CE,Total,100 anos ou mais,11.0
2301000,Aquiraz - CE,Total,Total,80645.0
2301000,Aquiraz - CE,Total,0 a 4 anos,4893.0
2301000,Aquiraz - CE,Total,5 a 9 anos,5630.0
2301000,Aquiraz - CE,Total,10 a 14 anos,5428.0
2301000,Aquiraz - CE,Total,15 a 19 anos,5441.0
2301000,Aquiraz - CE,Total,20 a 24 anos,6004.0
2301000,Aquiraz - CE,Total,25 a 29 anos,6271.0
2301000,Aquiraz - CE,Total,30 a 34 anos,6545.0
2301000,Aquiraz - CE,Total,35 a 39 anos,6831.0
2301000,Aquiraz - CE,Total,40 a 44 anos,6930.0
2301000,Aquiraz - CE,Total,45 a 49 anos,5657.0
2301000,Aquiraz - CE,Total,50 a 54 anos,5221.0
2301000,Aquiraz - CE,Total,55 a 59 anos,4443.0
2301000,Aquiraz - CE,Total,60 a 64 anos,3580.0
2301000,Aquiraz - CE,Total,65 a 69 anos,2522.0
2301000,Aquiraz - CE,Total,70 a 74 anos,2100.0
2301000,Aquiraz - CE,Total,75 a 79 anos,1363.0
2301000,Aquiraz - CE,Total,80 a 84 anos,979.0
2301000,Aquiraz - CE,Total,85 a 89 anos,512.0
2301000,Aquiraz - CE,Total,90 a 94 anos,206.0
2301000,Aquiraz - CE,Total,95 a 99 anos,75.0
2301000,Aquiraz - CE,Total,100 anos ou mais,14.0
2301109,Aracati - CE,Total,Total,75113.0
2301109,Aracati - CE,Total,0 a 4 anos,4735.0
2301109,Aracati - CE,Total,5 a 9 anos,5144.0
2301109,Aracati - CE,Total,10 a 14 anos,5045.0
2301109,Aracati - CE,Total,15 a 19 anos,5417.0
2301109,Aracati - CE,Total,20 a 24 anos,5648.0
2301109,Aracati - CE,Total,25 a 29 anos,6153.0
2301109,Aracati - CE,Total,30 a 34 anos,6065.0
2301109,Aracati - CE,Total,35 a 39 anos,6110.0
2301109,Aracati - CE,Total,40 a 44 anos,5747.0
2301109,Aracati - CE,Total,45 a 49 anos,5189.0
2301109,Aracati - CE,Total,50 a 54 anos,4657.0
2301109,Aracati - CE,Total,55 a 59 anos,4218.0
2301109,Aracati - CE,Total,60 a 64 anos,3175.0
2301109,Aracati - CE,Total,65 a 69 anos,2494.0
2301109,Aracati - CE,Total,70 a 74 anos,2149.0
2301109,Aracati - CE,Total,75 a 79 anos,1489.0
2301109,Aracati - CE,Total,80 a 84 anos,879.0
2301109,Aracati - CE,Total,85 a 89 anos,467.0
2301109,Aracati - CE,Total,90 a 94 anos,232.0
2301109,Aracati - CE,Total,95 a 99 anos,73.0
2301109,Aracati - CE,Total,100 anos ou mais,27.0
2301208,Aracoiaba - CE,Total,Total,25553.0
2301208,Aracoiaba - CE,Total,0 a 4 anos,1688.0
2301208,Aracoiaba - CE,Total,5 a 9 anos,1771.0
2301208,Aracoiaba - CE,Total,10 a 14 anos,1881.0
2301208,Aracoiaba - CE,Total,15 a 19 anos,1859.0
2301208,Aracoiaba - CE,Total,20 a 24 anos,1987.0
2301208,Aracoiaba - CE,Total,25 a 29 anos,1959.0
2301208,Aracoiaba - CE,Total,30 a 34 anos,1904.0
2301208,Aracoiaba - CE,Total,35 a 39 anos,1854.0
2301208,Aracoiaba - CE,Total,40 a 44 anos,1920.0
2301208,Aracoiaba - CE,Total,45 a 49 anos,1617.0
2301208,Aracoiaba - CE,Total,50 a 54 anos,1441.0
2301208,Aracoiaba - CE,Total,55 a 59 anos,1504.0
2301208,Aracoiaba - CE,Total,60 a 64 anos,1199.0
2301208,Aracoiaba - CE,Total,65 a 69 anos,899.0
2301208,Aracoiaba - CE,Total,70 a 74 anos,775.0
2301208,Aracoiaba - CE,Total,75 a 79 anos,507.0
2301208,Aracoiaba - CE,Total,80 a 84 anos,402.0
2301208,Aracoiaba - CE,Total,85 a 89 anos,228.0
2301208,Aracoiaba - CE,Total,90 a 94 anos,110.0
2301208,Aracoiaba - CE,Total,95 a 99 anos,44.0
2301208,Aracoiaba - CE,Total,100 anos ou mais,4.0
2301257,Ararendá - CE,Total,Total,11096.0
2301257,Ararendá - CE,Total,0 a 4 anos,746.0
2301257,Ararendá - CE,Total,5 a 9 anos,729.0
2301257,Ararendá - CE,Total,10 a 14 anos,819.0
2301257,Ararendá - CE,Total,15 a 19 anos,906.0
2301257,Ararendá - CE,Total,20 a 24 anos,837.0
2301257,Ararendá - CE,Total,25 a 29 anos,758.0
2301257,Ararendá - CE,Total,30 a 34 anos,736.0
2301257,Ararendá - CE,Total,35 a 39 anos,774.0
2301257,Ararendá - CE,Total,40 a 44 anos,798.0
2301257,Ararendá - CE,Total,45 a 49 anos,675.0
2301257,Ararendá - CE,Total,50 a 54 anos,666.0
2301257,Ararendá - CE,Total,55 a 59 anos,652.0
2301257,Ararendá - CE,Total,60 a 64 anos,515.0
2301257,Ararendá - CE,Total,65 a 69 anos,474.0
2301257,Ararendá - CE,Total,70 a 74 anos,382.0
2301257,Ararendá - CE,Total,75 a 79 anos,247.0
2301257,Ararendá - CE,Total,80 a 84 anos,206.0
2301257,Ararendá - CE,Total,85 a 89 anos,98.0
2301257,Ararendá - CE,Total,90 a 94 anos,50.0
2301257,Ararendá - CE,Total,95 a 99 anos,23.0
2301257,Ararendá - CE,Total,100 anos ou mais,5.0
2301307,Araripe - CE,Total,Total,19783.0
2301307,Araripe - CE,Total,0 a 4 anos,1502.0
2301307,Araripe - CE,Total,5 a 9 anos,1519.0
2301307,Araripe - CE,Total,10 a 14 anos,1646.0
2301307,Araripe - CE,Total,15 a 19 anos,1758.0
2301307,Araripe - CE,Total,20 a 24 anos,1520.0
2301307,Araripe - CE,Total,25 a 29 anos,1431.0
2301307,Araripe - CE,Total,30 a 34 anos,1427.0
2301307,Araripe - CE,Total,35 a 39 anos,1376.0
2301307,Araripe - CE,Total,40 a 44 anos,1366.0
2301307,Araripe - CE,Total,45 a 49 anos,1223.0
2301307,Araripe - CE,Total,50 a 54 anos,1078.0
2301307,Araripe - CE,Total,55 a 59 anos,983.0
2301307,Araripe - CE,Total,60 a 64 anos,776.0
2301307,Araripe - CE,Total,65 a 69 anos,604.0
2301307,Araripe - CE,Total,70 a 74 anos,559.0
2301307,Araripe - CE,Total,75 a 79 anos,425.0
2301307,Araripe - CE,Total,80 a 84 anos,329.0
2301307,Araripe - CE,Total,85 a 89 anos,166.0
2301307,Araripe - CE,Total,90 a 94 anos,74.0
2301307,Araripe - CE,Total,95 a 99 anos,18.0
2301307,Araripe - CE,Total,100 anos ou mais,3.0
2301406,Aratuba - CE,Total,Total,11224.0
2301406,Aratuba - CE,Total,0 a 4 anos,750.0
2301406,Aratuba - CE,Total,5 a 9 anos,827.0
2301406,Aratuba - CE,Total,10 a 14 anos,816.0
2301406,Aratuba - CE,Total,15 a 19 anos,904.0
2301406,Aratuba - CE,Total,20 a 24 anos,968.0
2301406,Aratuba - CE,Total,25 a 29 anos,929.0
2301406,Aratuba - CE,Total,30 a 34 anos,820.0
2301406,Aratuba - CE,Total,35 a 39 anos,888.0
2301406,Aratuba - CE,Total,40 a 44 anos,752.0
2301406,Aratuba - CE,Total,45 a 49 anos,685.0
2301406,Aratuba - CE,Total,50 a 54 anos,580.0
2301406,Aratuba - CE,Total,55 a 59 anos,566.0
2301406,Aratuba - CE,Total,60 a 64 anos,529.0
2301406,Aratuba - CE,Total,65 a 69 anos,379.0
2301406,Aratuba - CE,Total,70 a 74 anos,297.0
2301406,Aratuba - CE,Total,75 a 79 anos,225.0
2301406,Aratuba - CE,Total,80 a 84 anos,154.0
2301406,Aratuba - CE,Total,85 a 89 anos,81.0
2301406,Aratuba - CE,Total,90 a 94 anos,58.0
2301406,Aratuba - CE,Total,95 a 99 anos,14.0
2301406,Aratuba - CE,Total,100 anos ou mais,2.0
2301505,Arneiroz - CE,Total,Total,7429.0
2301505,Arneiroz - CE,Total,0 a 4 anos,491.0
2301505,Arneiroz - CE,Total,5 a 9 anos,491.0
2301505,Arneiroz - CE,Total,10 a 14 anos,536.0
2301505,Arneiroz - CE,Total,15 a 19 anos,566.0
2301505,Arneiroz - CE,Total,20 a 24 anos,511.0
2301505,Arneiroz - CE,Total,25 a 29 anos,502.0
2301505,Arneiroz - CE,Total,30 a 34 anos,489.0
2301505,Arneiroz - CE,Total,35 a 39 anos,459.0
2301505,Arneiroz - CE,Total,40 a 44 anos,527.0
2301505,Arneiroz - CE,Total,45 a 49 anos,523.0
2301505,Arneiroz - CE,Total,50 a 54 anos,460.0
2301505,Arneiroz - CE,Total,55 a 59 anos,438.0
2301505,Arneiroz - CE,Total,60 a 64 anos,334.0
2301505,Arneiroz - CE,Total,65 a 69 anos,343.0
2301505,Arneiroz - CE,Total,70 a 74 anos,250.0
2301505,Arneiroz - CE,Total,75 a 79 anos,218.0
2301505,Arneiroz - CE,Total,80 a 84 anos,158.0
2301505,Arneiroz - CE,Total,85 a 89 anos,67.0
2301505,Arneiroz - CE,Total,90 a 94 anos,40.0
2301505,Arneiroz - CE,Total,95 a 99 anos,22.0
2301505,Arneiroz - CE,Total,100 anos ou mais,4.0
2301604,Assaré - CE,Total,Total,21697.0
2301604,Assaré - CE,Total,0 a 4 anos,1415.0
2301604,Assaré - CE,Total,5 a 9 anos,1464.0
2301604,Assaré - CE,Total,10 a 14 anos,1477.0
2301604,Assaré - CE,Total,15 a 19 anos,1704.0
2301604,Assaré - CE,Total,20 a 24 anos,1690.0
2301604,Assaré - CE,Total,25 a 29 anos,1687.0
2301604,Assaré - CE,Total,30 a 34 anos,1506.0
2301604,Assaré - CE,Total,35 a 39 anos,1374.0
2301604,Assaré - CE,Total,40 a 44 anos,1490.0
2301604,Assaré - CE,Total,45 a 49 anos,1383.0
2301604,Assaré - CE,Total,50 a 54 anos,1235.0
2301604,Assaré - CE,Total,55 a 59 anos,1247.0
2301604,Assaré - CE,Total,60 a 64 anos,996.0
2301604,Assaré - CE,Total,65 a 69 anos,847.0
2301604,Assaré - CE,Total,70 a 74 anos,759.0
2301604,Assaré - CE,Total,75 a 79 anos,595.0
2301604,Assaré - CE,Total,80 a 84 anos,446.0
2301604,Assaré - CE,Total,85 a 89 anos,237.0
2301604,Assaré - CE,Total,90 a 94 anos,107.0
2301604,Assaré - CE,Total,95 a 99 anos,32.0
2301604,Assaré - CE,Total,100 anos ou mais,6.0
2301703,Aurora - CE,Total,Total,23714.0
2301703,Aurora - CE,Total,0 a 4 anos,1472.0
2301703,Aurora - CE,Total,5 a 9 anos,1585.0
2301703,Aurora - CE,Total,10 a 14 anos,1615.0
2301703,Aurora - CE,Total,15 a 19 anos,1706.0
2301703,Aurora - CE,Total,20 a 24 anos,1755.0
2301703,Aurora - CE,Total,25 a 29 anos,1767.0
2301703,Aurora - CE,Total,30 a 34 anos,1646.0
2301703,Aurora - CE,Total,35 a 39 anos,1756.0
2301703,Aurora - CE,Total,40 a 44 anos,1756.0
2301703,Aurora - CE,Total,45 a 49 anos,1522.0
2301703,Aurora - CE,Total,50 a 54 anos,1479.0
2301703,Aurora - CE,Total,55 a 59 anos,1401.0
2301703,Aurora - CE,Total,60 a 64 anos,1121.0
2301703,Aurora - CE,Total,65 a 69 anos,909.0
2301703,Aurora - CE,Total,70 a 74 anos,797.0
2301703,Aurora - CE,Total,75 a 79 anos,627.0
2301703,Aurora - CE,Total,80 a 84 anos,452.0
2301703,Aurora - CE,Total,85 a 89 anos,217.0
2301703,Aurora - CE,Total,90 a 94 anos,84.0
2301703,Aurora - CE,Total,95 a 99 anos,34.0
2301703,Aurora - CE,Total,100 anos ou mais,13.0
2301802,Baixio - CE,Total,Total,5704.0
2301802,Baixio - CE,Total,0 a 4 anos,330.0
2301802,Baixio - CE,Total,5 a 9 anos,315.0
2301802,Baixio - CE,Total,10 a 14 anos,409.0
2301802,Baixio - CE,Total,15 a 19 anos,433.0
2301802,Baixio - CE,Total,20 a 24 anos,381.0
2301802,Baixio - CE,Total,25 a 29 anos,385.0
2301802,Baixio - CE,Total,30 a 34 anos,385.0
2301802,Baixio - CE,Total,35 a 39 anos,436.0
2301802,Baixio - CE,Total,40 a 44 anos,473.0
2301802,Baixio - CE,Total,45 a 49 anos,390.0
2301802,Baixio - CE,Total,50 a 54 anos,336.0
2301802,Baixio - CE,Total,55 a 59 anos,352.0
2301802,Baixio - CE,Total,60 a 64 anos,296.0
2301802,Baixio - CE,Total,65 a 69 anos,231.0
2301802,Baixio - CE,Total,70 a 74 anos,214.0
2301802,Baixio - CE,Total,75 a 79 anos,137.0
2301802,Baixio - CE,Total,80 a 84 anos,118.0
2301802,Baixio - CE,Total,85 a 89 anos,44.0
2301802,Baixio - CE,Total,90 a 94 anos,28.0
2301802,Baixio - CE,Total,95 a 99 anos,9.0
2301802,Baixio - CE,Total,100 anos ou mais,2.0
2301851,Banabuiú - CE,Total,Total,17195.0
2301851,Banabuiú - CE,Total,0 a 4 anos,1253.0
2301851,Banabuiú - CE,Total,5 a 9 anos,1241.0
2301851,Banabuiú - CE,Total,10 a 14 anos,1373.0
2301851,Banabuiú - CE,Total,15 a 19 anos,1396.0
2301851,Banabuiú - CE,Total,20 a 24 anos,1427.0
2301851,Banabuiú - CE,Total,25 a 29 anos,1458.0
2301851,Banabuiú - CE,Total,30 a 34 anos,1170.0
2301851,Banabuiú - CE,Total,35 a 39 anos,1178.0
2301851,Banabuiú - CE,Total,40 a 44 anos,1135.0
2301851,Banabuiú - CE,Total,45 a 49 anos,1027.0
2301851,Banabuiú - CE,Total,50 a 54 anos,983.0
2301851,Banabuiú - CE,Total,55 a 59 anos,975.0
2301851,Banabuiú - CE,Total,60 a 64 anos,746.0
2301851,Banabuiú - CE,Total,65 a 69 anos,573.0
2301851,Banabuiú - CE,Total,70 a 74 anos,492.0
2301851,Banabuiú - CE,Total,75 a 79 anos,281.0
2301851,Banabuiú - CE,Total,80 a 84 anos,261.0
2301851,Banabuiú - CE,Total,85 a 89 anos,143.0
2301851,Banabuiú - CE,Total,90 a 94 anos,65.0
2301851,Banabuiú - CE,Total,95 a 99 anos,16.0
2301851,Banabuiú - CE,Total,100 anos ou mais,2.0
2301901,Barbalha - CE,Total,Total,75033.0
2301901,Barbalha - CE,Total,0 a 4 anos,5706.0
2301901,Barbalha - CE,Total,5 a 9 anos,5746.0
2301901,Barbalha - CE,Total,10 a 14 anos,5795.0
2301901,Barbalha - CE,Total,15 a 19 anos,5617.0
2301901,Barbalha - CE,Total,20 a 24 anos,6333.0
2301901,Barbalha - CE,Total,25 a 29 anos,6051.0
2301901,Barbalha - CE,Total,30 a 34 anos,6304.0
2301901,Barbalha - CE,Total,35 a 39 anos,6350.0
2301901,Barbalha - CE,Total,40 a 44 anos,5793.0
2301901,Barbalha - CE,Total,45 a 49 anos,4624.0
2301901,Barbalha - CE,Total,50 a 54 anos,3913.0
2301901,Barbalha - CE,Total,55 a 59 anos,3441.0
2301901,Barbalha - CE,Total,60 a 64 anos,2690.0
2301901,Barbalha - CE,Total,65 a 69 anos,2118.0
2301901,Barbalha - CE,Total,70 a 74 anos,1687.0
2301901,Barbalha - CE,Total,75 a 79 anos,1226.0
2301901,Barbalha - CE,Total,80 a 84 anos,848.0
2301901,Barbalha - CE,Total,85 a 89 anos,484.0
2301901,Barbalha - CE,Total,90 a 94 anos,225.0
2301901,Barbalha - CE,Total,95 a 99 anos,69.0
2301901,Barbalha - CE,Total,100 anos ou mais,13.0
2301950,Barreira - CE,Total,Total,22392.0
2301950,Barreira - CE,Total,0 a 4 anos,1619.0
2301950,Barreira - CE,Total,5 a 9 anos,1613.0
2301950,Barreira - CE,Total,10 a 14 anos,1640.0
2301950,Barreira - CE,Total,15 a 19 anos,1704.0
2301950,Barreira - CE,Total,20 a 24 anos,1753.0
2301950,Barreira - CE,Total,25 a 29 anos,1954.0
2301950,Barreira - CE,Total,30 a 34 anos,1753.0
2301950,Barreira - CE,Total,35 a 39 anos,1773.0
2301950,Barreira - CE,Total,40 a 44 anos,1604.0
2301950,Barreira - CE,Total,45 a 49 anos,1364.0
2301950,Barreira - CE,Total,50 a 54 anos,1274.0
2301950,Barreira - CE,Total,55 a 59 anos,1205.0
2301950,Barreira - CE,Total,60 a 64 anos,908.0
2301950,Barreira - CE,Total,65 a 69 anos,701.0
2301950,Barreira - CE,Total,70 a 74 anos,641.0
2301950,Barreira - CE,Total,75 a 79 anos,358.0
2301950,Barreira - CE,Total,80 a 84 anos,267.0
2301950,Barreira - CE,Total,85 a 89 anos,166.0
2301950,Barreira - CE,Total,90 a 94 anos,62.0
2301950,Barreira - CE,Total,95 a 99 anos,31.0
2301950,Barreira - CE,Total,100 anos ou mais,2.0
2302008,Barro - CE,Total,Total,19381.0
2302008,Barro - CE,Total,0 a 4 anos,1083.0
2302008,Barro - CE,Total,5 a 9 anos,1200.0
2302008,Barro - CE,Total,10 a 14 anos,1279.0
2302008,Barro - CE,Total,15 a 19 anos,1441.0
2302008,Barro - CE,Total,20 a 24 anos,1359.0
2302008,Barro - CE,Total,25 a 29 anos,1360.0
2302008,Barro - CE,Total,30 a 34 anos,1318.0
2302008,Barro - CE,Total,35 a 39 anos,1320.0
2302008,Barro - CE,Total,40 a 44 anos,1513.0
2302008,Barro - CE,Total,45 a 49 anos,1387.0
2302008,Barro - CE,Total,50 a 54 anos,1219.0
2302008,Barro - CE,Total,55 a 59 anos,1157.0
2302008,Barro - CE,Total,60 a 64 anos,896.0
2302008,Barro - CE,Total,65 a 69 anos,804.0
2302008,Barro - CE,Total,70 a 74 anos,683.0
2302008,Barro - CE,Total,75 a 79 anos,536.0
2302008,Barro - CE,Total,80 a 84 anos,433.0
2302008,Barro - CE,Total,85 a 89 anos,250.0
2302008,Barro - CE,Total,90 a 94 anos,106.0
2302008,Barro - CE,Total,95 a 99 anos,30.0
2302008,Barro - CE,Total,100 anos ou mais,7.0
2302057,Barroquinha - CE,Total,Total,14567.0
2302057,Barroquinha - CE,Total,0 a 4 anos,987.0
2302057,Barroquinha - CE,Total,5 a 9 anos,1064.0
2302057,Barroquinha - CE,Total,10 a 14 anos,1027.0
2302057,Barroquinha - CE,Total,15 a 19 anos,1225.0
2302057,Barroquinha - CE,Total,20 a 24 anos,1191.0
2302057,Barroquinha - CE,Total,25 a 29 anos,1125.0
2302057,Barroquinha - CE,Total,30 a 34 anos,1096.0
2302057,Barroquinha - CE,Total,35 a 39 anos,1186.0
2302057,Barroquinha - CE,Total,40 a 44 anos,1124.0
2302057,Barroquinha - CE,Total,45 a 49 anos,990.0
2302057,Barroquinha - CE,Total,50 a 54 anos,775.0
2302057,Barroquinha - CE,Total,55 a 59 anos,718.0
2302057,Barroquinha - CE,Total,60 a 64 anos,515.0
2302057,Barroquinha - CE,Total,65 a 69 anos,481.0
2302057,Barroquinha - CE,Total,70 a 74 anos,462.0
2302057,Barroquinha - CE,Total,75 a 79 anos,283.0
2302057,Barroquinha - CE,Total,80 a 84 anos,174.0
2302057,Barroquinha - CE,Total,85 a 89 anos,92.0
2302057,Barroquinha - CE,Total,90 a 94 anos,40.0
2302057,Barroquinha - CE,Total,95 a 99 anos,6.0
2302057,Barroquinha - CE,Total,100 anos ou mais,6.0
2302107,Baturité - CE,Total,Total,35218.0
2302107,Baturité - CE,Total,0 a 4 anos,2446.0
2302107,Baturité - CE,Total,5 a 9 anos,2481.0
2302107,Baturité - CE,Total,10 a 14 anos,2504.0
2302107,Baturité - CE,Total,15 a 19 anos,2718.0
2302107,Baturité - CE,Total,20 a 24 anos,2981.0
2302107,Baturité - CE,Total,25 a 29 anos,2973.0
2302107,Baturité - CE,Total,30 a 34 anos,2606.0
2302107,Baturité - CE,Total,35 a 39 anos,2653.0
2302107,Baturité - CE,Total,40 a 44 anos,2564.0
2302107,Baturité - CE,Total,45 a 49 anos,2274.0
2302107,Baturité - CE,Total,50 a 54 anos,2080.0
2302107,Baturité - CE,Total,55 a 59 anos,1952.0
2302107,Baturité - CE,Total,60 a 64 anos,1415.0
2302107,Baturité - CE,Total,65 a 69 anos,1090.0
2302107,Baturité - CE,Total,70 a 74 anos,852.0
2302107,Baturité - CE,Total,75 a 79 anos,623.0
2302107,Baturité - CE,Total,80 a 84 anos,507.0
2302107,Baturité - CE,Total,85 a 89 anos,300.0
2302107,Baturité - CE,Total,90 a 94 anos,154.0
2302107,Baturité - CE,Total,95 a 99 anos,39.0
2302107,Baturité - CE,Total,100 anos ou mais,6.0
2302206,Beberibe - CE,Total,Total,53114.0
2302206,Beberibe - CE,Total,0 a 4 anos,3410.0
2302206,Beberibe - CE,Total,5 a 9 anos,3543.0
2302206,Beberibe - CE,Total,10 a 14 anos,3570.0
2302206,Beberibe - CE,Total,15 a 19 anos,3891.0
2302206,Beberibe - CE,Total,20 a 24 anos,3905.0
2302206,Beberibe - CE,Total,25 a 29 anos,3925.0
2302206,Beberibe - CE,Total,30 a 34 anos,3775.0
2302206,Beberibe - CE,Total,35 a 39 anos,4250.0
2302206,Beberibe - CE,Total,40 a 44 anos,4263.0
2302206,Beberibe - CE,Total,45 a 49 anos,3672.0
2302206,Beberibe - CE,Total,50 a 54 anos,3137.0
2302206,Beberibe - CE,Total,55 a 59 anos,3011.0
2302206,Beberibe - CE,Total,60 a 64 anos,2371.0
2302206,Beberibe - CE,Total,65 a 69 anos,2034.0
2302206,Beberibe - CE,Total,70 a 74 anos,1767.0
2302206,Beberibe - CE,Total,75 a 79 anos,1183.0
2302206,Beberibe - CE,Total,80 a 84 anos,776.0
2302206,Beberibe - CE,Total,85 a 89 anos,388.0
2302206,Beberibe - CE,Total,90 a 94 anos,176.0
2302206,Beberibe - CE,Total,95 a 99 anos,53.0
2302206,Beberibe - CE,Total,100 anos ou mais,14.0
2302305,Bela Cruz - CE,Total,Total,32775.0
2302305,Bela Cruz - CE,Total,0 a 4 anos,2144.0
2302305,Bela Cruz - CE,Total,5 a 9 anos,2271.0
2302305,Bela Cruz - CE,Total,10 a 14 anos,2664.0
2302305,Bela Cruz - CE,Total,15 a 19 anos,2441.0
2302305,Bela Cruz - CE,Total,20 a 24 anos,2416.0
2302305,Bela Cruz - CE,Total,25 a 29 anos,2449.0
2302305,Bela Cruz - CE,Total,30 a 34 anos,2485.0
2302305,Bela Cruz - CE,Total,35 a 39 anos,2754.0
2302305,Bela Cruz - CE,Total,40 a 44 anos,2636.0
2302305,Bela Cruz - CE,Total,45 a 49 anos,2303.0
2302305,Bela Cruz - CE,Total,50 a 54 anos,1923.0
2302305,Bela Cruz - CE,Total,55 a 59 anos,1628.0
2302305,Bela Cruz - CE,Total,60 a 64 anos,1253.0
2302305,Bela Cruz - CE,Total,65 a 69 anos,1028.0
2302305,Bela Cruz - CE,Total,70 a 74 anos,952.0
2302305,Bela Cruz - CE,Total,75 a 79 anos,654.0
2302305,Bela Cruz - CE,Total,80 a 84 anos,445.0
2302305,Bela Cruz - CE,Total,85 a 89 anos,186.0
2302305,Bela Cruz - CE,Total,90 a 94 anos,102.0
2302305,Bela Cruz - CE,Total,95 a 99 anos,37.0
2302305,Bela Cruz - CE,Total,100 anos ou mais,4.0
2302404,Boa Viagem - CE,Total,Total,50411.0
2302404,Boa Viagem - CE,Total,0 a 4 anos,3414.0
2302404,Boa Viagem - CE,Total,5 a 9 anos,3365.0
2302404,Boa Viagem - CE,Total,10 a 14 anos,3677.0
2302404,Boa Viagem - CE,Total,15 a 19 anos,4047.0
2302404,Boa Viagem - CE,Total,20 a 24 anos,3846.0
2302404,Boa Viagem - CE,Total,25 a 29 anos,3843.0
2302404,Boa Viagem - CE,Total,30 a 34 anos,3503.0
2302404,Boa Viagem - CE,Total,35 a 39 anos,3393.0
2302404,Boa Viagem - CE,Total,40 a 44 anos,3226.0
2302404,Boa Viagem - CE,Total,45 a 49 anos,3116.0
2302404,Boa Viagem - CE,Total,50 a 54 anos,2998.0
2302404,Boa Viagem - CE,Total,55 a 59 anos,2861.0
2302404,Boa Viagem - CE,Total,60 a 64 anos,2341.0
2302404,Boa Viagem - CE,Total,65 a 69 anos,2044.0
2302404,Boa Viagem - CE,Total,70 a 74 anos,1732.0
2302404,Boa Viagem - CE,Total,75 a 79 anos,1244.0
2302404,Boa Viagem - CE,Total,80 a 84 anos,927.0
2302404,Boa Viagem - CE,Total,85 a 89 anos,520.0
2302404,Boa Viagem - CE,Total,90 a 94 anos,211.0
2302404,Boa Viagem - CE,Total,95 a 99 anos,92.0
2302404,Boa Viagem - CE,Total,100 anos ou mais,11.0
2302503,Brejo Santo - CE,Total,Total,51090.0
2302503,Brejo Santo - CE,Total,0 a 4 anos,3373.0
2302503,Brejo Santo - CE,Total,5 a 9 anos,3305.0
2302503,Brejo Santo - CE,Total,10 a 14 anos,3285.0
2302503,Brejo Santo - CE,Total,15 a 19 anos,3431.0
2302503,Brejo Santo - CE,Total,20 a 24 anos,4512.0
2302503,Brejo Santo - CE,Total,25 a 29 anos,4165.0
2302503,Brejo Santo - CE,Total,30 a 34 anos,4527.0
2302503,Brejo Santo - CE,Total,35 a 39 anos,4369.0
2302503,Brejo Santo - CE,Total,40 a 44 anos,4125.0
2302503,Brejo Santo - CE,Total,45 a 49 anos,3498.0
2302503,Brejo Santo - CE,Total,50 a 54 anos,2659.0
2302503,Brejo Santo - CE,Total,55 a 59 anos,2407.0
2302503,Brejo Santo - CE,Total,60 a 64 anos,2102.0
2302503,Brejo Santo - CE,Total,65 a 69 anos,1604.0
2302503,Brejo Santo - CE,Total,70 a 74 anos,1439.0
2302503,Brejo Santo - CE,Total,75 a 79 anos,967.0
2302503,Brejo Santo - CE,Total,80 a 84 anos,741.0
2302503,Brejo Santo - CE,Total,85 a 89 anos,377.0
2302503,Brejo Santo - CE,Total,90 a 94 anos,142.0
2302503,Brejo Santo - CE,Total,95 a 99 anos,46.0
2302503,Brejo Santo - CE,Total,100 anos ou mais,16.0
2302602,Camocim - CE,Total,Total,62326.0
2302602,Camocim - CE,Total,0 a 4 anos,4355.0
2302602,Camocim - CE,Total,5 a 9 anos,4544.0
2302602,Camocim - CE,Total,10 a 14 anos,4608.0
2302602,Camocim - CE,Total,15 a 19 anos,5045.0
2302602,Camocim - CE,Total,20 a 24 anos,5338.0
2302602,Camocim - CE,Total,25 a 29 anos,5068.0
2302602,Camocim - CE,Total,30 a 34 anos,5037.0
2302602,Camocim - CE,Total,35 a 39 anos,4837.0
2302602,Camocim - CE,Total,40 a 44 anos,4747.0
2302602,Camocim - CE,Total,45 a 49 anos,4072.0
2302602,Camocim - CE,Total,50 a 54 anos,3632.0
2302602,Camocim - CE,Total,55 a 59 anos,3091.0
2302602,Camocim - CE,Total,60 a 64 anos,2335.0
2302602,Camocim - CE,Total,65 a 69 anos,1815.0
2302602,Camocim - CE,Total,70 a 74 anos,1542.0
2302602,Camocim - CE,Total,75 a 79 anos,1012.0
2302602,Camocim - CE,Total,80 a 84 anos,712.0
2302602,Camocim - CE,Total,85 a 89 anos,317.0
2302602,Camocim - CE,Total,90 a 94 anos,158.0
2302602,Camocim - CE,Total,95 a 99 anos,45.0
2302602,Camocim - CE,Total,100 anos ou mais,16.0
2302701,Campos Sales - CE,Total,Total,25135.0
2302701,Campos Sales - CE,Total,0 a 4 anos,1644.0
2302701,Campos Sales - CE,Total,5 a 9 anos,1614.0
2302701,Campos Sales - CE,Total,10 a 14 anos,1863.0
2302701,Campos Sales - CE,Total,15 a 19 anos,1980.0
2302701,Campos Sales - CE,Total,20 a 24 anos,1972.0
2302701,Campos Sales - CE,Total,25 a 29 anos,1862.0
2302701,Campos Sales - CE,Total,30 a 34 anos,1870.0
2302701,Campos Sales - CE,Total,35 a 39 anos,1762.0
2302701,Campos Sales - CE,Total,40 a 44 anos,1686.0
2302701,Campos Sales - CE,Total,45 a 49 anos,1479.0
2302701,Campos Sales - CE,Total,50 a 54 anos,1526.0
2302701,Campos Sales - CE,Total,55 a 59 anos,1526.0
2302701,Campos Sales - CE,Total,60 a 64 anos,1134.0
2302701,Campos Sales - CE,Total,65 a 69 anos,958.0
2302701,Campos Sales - CE,Total,70 a 74 anos,806.0
2302701,Campos Sales - CE,Total,75 a 79 anos,595.0
2302701,Campos Sales - CE,Total,80 a 84 anos,471.0
2302701,Campos Sales - CE,Total,85 a 89 anos,238.0
2302701,Campos Sales - CE,Total,90 a 94 anos,113.0
2302701,Campos Sales - CE,Total,95 a 99 anos,31.0
2302701,Campos Sales - CE,Total,100 anos ou mais,5.0
2302800,Canindé - CE,Total,Total,74174.0
2302800,Canindé - CE,Total,0 a 4 anos,5166.0
2302800,Canindé - CE,Total,5 a 9 anos,5426.0
2302800,Canindé - CE,Total,10 a 14 anos,5640.0
2302800,Canindé - CE,Total,15 a 19 anos,5800.0
2302800,Canindé - CE,Total,20 a 24 anos,5919.0
2302800,Canindé - CE,Total,25 a 29 anos,6047.0
2302800,Canindé - CE,Total,30 a 34 anos,5576.0
2302800,Canindé - CE,Total,35 a 39 anos,5587.0
2302800,Canindé - CE,Total,40 a 44 anos,4943.0
2302800,Canindé - CE,Total,45 a 49 anos,4369.0
2302800,Canindé - CE,Total,50 a 54 anos,4277.0
2302800,Canindé - CE,Total,55 a 59 anos,4018.0
2302800,Canindé - CE,Total,60 a 64 anos,3096.0
2302800,Canindé - CE,Total,65 a 69 anos,2511.0
2302800,Canindé - CE,Total,70 a 74 anos,2195.0
2302800,Canindé - CE,Total,75 a 79 anos,1440.0
2302800,Canindé - CE,Total,80 a 84 anos,1169.0
2302800,Canindé - CE,Total,85 a 89 anos,594.0
2302800,Canindé - CE,Total,90 a 94 anos,265.0
2302800,Canindé - CE,Total,95 a 99 anos,111.0
2302800,Canindé - CE,Total,100 anos ou mais,25.0
2302909,Capistrano - CE,Total,Total,17254.0
2302909,Capistrano - CE,Total,0 a 4 anos,1250.0
2302909,Capistrano - CE,Total,5 a 9 anos,1250.0
2302909,Capistrano - CE,Total,10 a 14 anos,1281.0
2302909,Capistrano - CE,Total,15 a 19 anos,1369.0
2302909,Capistrano - CE,Total,20 a 24 anos,1304.0
2302909,Capistrano - CE,Total,25 a 29 anos,1383.0
2302909,Capistrano - CE,Total,30 a 34 anos,1262.0
2302909,Capistrano - CE,Total,35 a 39 anos,1363.0
2302909,Capistrano - CE,Total,40 a 44 anos,1249.0
2302909,Capistrano - CE,Total,45 a 49 anos,1028.0
2302909,Capistrano - CE,Total,50 a 54 anos,917.0
2302909,Capistrano - CE,Total,55 a 59 anos,925.0
2302909,Capistrano - CE,Total,60 a 64 anos,783.0
2302909,Capistrano - CE,Total,65 a 69 anos,594.0
2302909,Capistrano - CE,Total,70 a 74 anos,463.0
2302909,Capistrano - CE,Total,75 a 79 anos,314.0
2302909,Capistrano - CE,Total,80 a 84 anos,261.0
2302909,Capistrano - CE,Total,85 a 89 anos,151.0
2302909,Capistrano - CE,Total,90 a 94 anos,80.0
2302909,Capistrano - CE,Total,95 a 99 anos,22.0
2302909,Capistrano - CE,Total,100 anos ou mais,5.0
2303006,Caridade - CE,Total,Total,16377.0
2303006,Caridade - CE,Total,0 a 4 anos,1257.0
2303006,Caridade - CE,Total,5 a 9 anos,1272.0
2303006,Caridade - CE,Total,10 a 14 anos,1273.0
2303006,Caridade - CE,Total,15 a 19 anos,1345.0
2303006,Caridade - CE,Total,20 a 24 anos,1272.0
2303006,Caridade - CE,Total,25 a 29 anos,1250.0
2303006,Caridade - CE,Total,30 a 34 anos,1179.0
2303006,Caridade - CE,Total,35 a 39 anos,1203.0
2303006,Caridade - CE,Total,40 a 44 anos,1069.0
2303006,Caridade - CE,Total,45 a 49 anos,982.0
2303006,Caridade - CE,Total,50 a 54 anos,874.0
2303006,Caridade - CE,Total,55 a 59 anos,929.0
2303006,Caridade - CE,Total,60 a 64 anos,669.0
2303006,Caridade - CE,Total,65 a 69 anos,598.0
2303006,Caridade - CE,Total,70 a 74 anos,439.0
2303006,Caridade - CE,Total,75 a 79 anos,293.0
2303006,Caridade - CE,Total,80 a 84 anos,240.0
2303006,Caridade - CE,Total,85 a 89 anos,129.0
2303006,Caridade - CE,Total,90 a 94 anos,71.0
2303006,Caridade - CE,Total,95 a 99 anos,26.0
2303006,Caridade - CE,Total,100 anos ou mais,7.0
2303105,Cariré - CE,Total,Total,17632.0
2303105,Cariré - CE,Total,0 a 4 anos,1191.0
2303105,Cariré - CE,Total,5 a 9 anos,1190.0
2303105,Cariré - CE,Total,10 a 14 anos,1171.0
2303105,Cariré - CE,Total,15 a 19 anos,1333.0
2303105,Cariré - CE,Total,20 a 24 anos,1394.0
2303105,Cariré - CE,Total,25 a 29 anos,1363.0
2303105,Cariré - CE,Total,30 a 34 anos,1231.0
2303105,Cariré - CE,Total,35 a 39 anos,1228.0
2303105,Cariré - CE,Total,40 a 44 anos,1180.0
2303105,Cariré - CE,Total,45 a 49 anos,1138.0
2303105,Cariré - CE,Total,50 a 54 anos,979.0
2303105,Cariré - CE,Total,55 a 59 anos,1079.0
2303105,Cariré - CE,Total,60 a 64 anos,826.0
2303105,Cariré - CE,Total,65 a 69 anos,655.0
2303105,Cariré - CE,Total,70 a 74 anos,610.0
2303105,Cariré - CE,Total,75 a 79 anos,475.0
2303105,Cariré - CE,Total,80 a 84 anos,300.0
2303105,Cariré - CE,Total,85 a 89 anos,167.0
2303105,Cariré - CE,Total,90 a 94 anos,78.0
2303105,Cariré - CE,Total,95 a 99 anos,32.0
2303105,Cariré - CE,Total,100 anos ou mais,12.0
2303204,Caririaçu - CE,Total,Total,26320.0
2303204,Caririaçu - CE,Total,0 a 4 anos,1892.0
2303204,Caririaçu - CE,Total,5 a 9 anos,1977.0
2303204,Caririaçu - CE,Total,10 a 14 anos,2060.0
2303204,Caririaçu - CE,Total,15 a 19 anos,2169.0
2303204,Caririaçu - CE,Total,20 a 24 anos,2114.0
2303204,Caririaçu - CE,Total,25 a 29 anos,2060.0
2303204,Caririaçu - CE,Total,30 a 34 anos,1810.0
2303204,Caririaçu - CE,Total,35 a 39 anos,1906.0
2303204,Caririaçu - CE,Total,40 a 44 anos,1819.0
2303204,Caririaçu - CE,Total,45 a 49 anos,1627.0
2303204,Caririaçu - CE,Total,50 a 54 anos,1355.0
2303204,Caririaçu - CE,Total,55 a 59 anos,1310.0
2303204,Caririaçu - CE,Total,60 a 64 anos,1114.0
2303204,Caririaçu - CE,Total,65 a 69 anos,938.0
2303204,Caririaçu - CE,Total,70 a 74 anos,827.0
2303204,Caririaçu - CE,Total,75 a 79 anos,574.0
2303204,Caririaçu - CE,Total,80 a 84 anos,403.0
2303204,Caririaçu - CE,Total,85 a 89 anos,224.0
2303204,Caririaçu - CE,Total,90 a 94 anos,99.0
2303204,Caririaçu - CE,Total,95 a 99 anos,32.0
2303204,Caririaçu - CE,Total,100 anos ou mais,10.0
2303303,Cariús - CE,Total,Total,17015.0
2303303,Cariús - CE,Total,0 a 4 anos,993.0
2303303,Cariús - CE,Total,5 a 9 anos,1088.0
2303303,Cariús - CE,Total,10 a 14 anos,1122.0
2303303,Cariús - CE,Total,15 a 19 anos,1146.0
2303303,Cariús - CE,Total,20 a 24 anos,1168.0
2303303,Cariús - CE,Total,25 a 29 anos,1182.0
2303303,Cariús - CE,Total,30 a 34 anos,1139.0
2303303,Cariús - CE,Total,35 a 39 anos,1214.0
2303303,Cariús - CE,Total,40 a 44 anos,1163.0
2303303,Cariús - CE,Total,45 a 49 anos,1106.0
2303303,Cariús - CE,Total,50 a 54 anos,1069.0
2303303,Cariús - CE,Total,55 a 59 anos,1111.0
2303303,Cariús - CE,Total,60 a 64 anos,908.0
2303303,Cariús - CE,Total,65 a 69 anos,729.0
2303303,Cariús - CE,Total,70 a 74 anos,659.0
2303303,Cariús - CE,Total,75 a 79 anos,504.0
2303303,Cariús - CE,Total,80 a 84 anos,388.0
2303303,Cariús - CE,Total,85 a 89 anos,218.0
2303303,Cariús - CE,Total,90 a 94 anos,72.0
2303303,Cariús - CE,Total,95 a 99 anos,32.0
2303303,Cariús - CE,Total,100 anos ou mais,4.0
2303402,Carnaubal - CE,Total,Total,17210.0
2303402,Carnaubal - CE,Total,0 a 4 anos,1253.0
2303402,Carnaubal - CE,Total,5 a 9 anos,1314.0
2303402,Carnaubal - CE,Total,10 a 14 anos,1354.0
2303402,Carnaubal - CE,Total,15 a 19 anos,1418.0
2303402,Carnaubal - CE,Total,20 a 24 anos,1312.0
2303402,Carnaubal - CE,Total,25 a 29 anos,1290.0
2303402,Carnaubal - CE,Total,30 a 34 anos,1213.0
2303402,Carnaubal - CE,Total,35 a 39 anos,1199.0
2303402,Carnaubal - CE,Total,40 a 44 anos,1255.0
2303402,Carnaubal - CE,Total,45 a 49 anos,1067.0
2303402,Carnaubal - CE,Total,50 a 54 anos,912.0
2303402,Carnaubal - CE,Total,55 a 59 anos,965.0
2303402,Carnaubal - CE,Total,60 a 64 anos,740.0
2303402,Carnaubal - CE,Total,65 a 69 anos,582.0
2303402,Carnaubal - CE,Total,70 a 74 anos,467.0
2303402,Carnaubal - CE,Total,75 a 79 anos,361.0
2303402,Carnaubal - CE,Total,80 a 84 anos,253.0
2303402,Carnaubal - CE,Total,85 a 89 anos,149.0
2303402,Carnaubal - CE,Total,90 a 94 anos,75.0
2303402,Carnaubal - CE,Total,95 a 99 anos,20.0
2303402,Carnaubal - CE,Total,100 anos ou mais,11.0
2303501,Cascavel - CE,Total,Total,72720.0
2303501,Cascavel - CE,Total,0 a 4 anos,4717.0
2303501,Cascavel - CE,Total,5 a 9 anos,5039.0
2303501,Cascavel - CE,Total,10 a 14 anos,4773.0
2303501,Cascavel - CE,Total,15 a 19 anos,5239.0
2303501,Cascavel - CE,Total,20 a 24 anos,5572.0
2303501,Cascavel - CE,Total,25 a 29 anos,6010.0
2303501,Cascavel - CE,Total,30 a 34 anos,5584.0
2303501,Cascavel - CE,Total,35 a 39 anos,5741.0
2303501,Cascavel - CE,Total,40 a 44 anos,5822.0
2303501,Cascavel - CE,Total,45 a 49 anos,4969.0
2303501,Cascavel - CE,Total,50 a 54 anos,4496.0
2303501,Cascavel - CE,Total,55 a 59 anos,4051.0
2303501,Cascavel - CE,Total,60 a 64 anos,3040.0
2303501,Cascavel - CE,Total,65 a 69 anos,2532.0
2303501,Cascavel - CE,Total,70 a 74 anos,2011.0
2303501,Cascavel - CE,Total,75 a 79 anos,1329.0
2303501,Cascavel - CE,Total,80 a 84 anos,927.0
2303501,Cascavel - CE,Total,85 a 89 anos,511.0
2303501,Cascavel - CE,Total,90 a 94 anos,263.0
2303501,Cascavel - CE,Total,95 a 99 anos,86.0
2303501,Cascavel - CE,Total,100 anos ou mais,8.0
2303600,Catarina - CE,Total,Total,10243.0
2303600,Catarina - CE,Total,0 a 4 anos,671.0
2303600,Catarina - CE,Total,5 a 9 anos,655.0
2303600,Catarina - CE,Total,10 a 14 anos,772.0
2303600,Catarina - CE,Total,15 a 19 anos,814.0
2303600,Catarina - CE,Total,20 a 24 anos,689.0
2303600,Catarina - CE,Total,25 a 29 anos,643.0
2303600,Catarina - CE,Total,30 a 34 anos,671.0
2303600,Catarina - CE,Total,35 a 39 anos,693.0
2303600,Catarina - CE,Total,40 a 44 anos,733.0
2303600,Catarina - CE,Total,45 a 49 anos,620.0
2303600,Catarina - CE,Total,50 a 54 anos,607.0
2303600,Catarina - CE,Total,55 a 59 anos,621.0
2303600,Catarina - CE,Total,60 a 64 anos,516.0
2303600,Catarina - CE,Total,65 a 69 anos,439.0
2303600,Catarina - CE,Total,70 a 74 anos,420.0
2303600,Catarina - CE,Total,75 a 79 anos,259.0
2303600,Catarina - CE,Total,80 a 84 anos,218.0
2303600,Catarina - CE,Total,85 a 89 anos,115.0
2303600,Catarina - CE,Total,90 a 94 anos,63.0
2303600,Catarina - CE,Total,95 a 99 anos,22.0
2303600,Catarina - CE,Total,100 anos ou mais,2.0
2303659,Catunda - CE,Total,Total,10444.0
2303659,Catunda - CE,Total,0 a 4 anos,612.0
2303659,Catunda - CE,Total,5 a 9 anos,745.0
2303659,Catunda - CE,Total,10 a 14 anos,739.0
2303659,Catunda - CE,Total,15 a 19 anos,912.0
2303659,Catunda - CE,Total,20 a 24 anos,813.0
2303659,Catunda - CE,Total,25 a 29 anos,769.0
2303659,Catunda - CE,Total,30 a 34 anos,705.0
2303659,Catunda - CE,Total,35 a 39 anos,754.0
2303659,Catunda - CE,Total,40 a 44 anos,675.0
2303659,Catunda - CE,Total,45 a 49 anos,642.0
2303659,Catunda - CE,Total,50 a 54 anos,614.0
2303659,Catunda - CE,Total,55 a 59 anos,615.0
2303659,Catunda - CE,Total,60 a 64 anos,510.0
2303659,Catunda - CE,Total,65 a 69 anos,418.0
2303659,Catunda - CE,Total,70 a 74 anos,367.0
2303659,Catunda - CE,Total,75 a 79 anos,210.0
2303659,Catunda - CE,Total,80 a 84 anos,180.0
2303659,Catunda - CE,Total,85 a 89 anos,102.0
2303659,Catunda - CE,Total,90 a 94 anos,43.0
2303659,Catunda - CE,Total,95 a 99 anos,13.0
2303659,Catunda - CE,Total,100 anos ou mais,6.0
2303709,Caucaia - CE,Total,Total,355679.0
2303709,Caucaia - CE,Total,0 a 4 anos,25048.0
2303709,Caucaia - CE,Total,5 a 9 anos,26872.0
2303709,Caucaia - CE,Total,10 a 14 anos,26006.0
2303709,Caucaia - CE,Total,15 a 19 anos,25586.0
2303709,Caucaia - CE,Total,20 a 24 anos,29367.0
2303709,Caucaia - CE,Total,25 a 29 anos,31561.0
2303709,Caucaia - CE,Total,30 a 34 anos,31295.0
2303709,Caucaia - CE,Total,35 a 39 anos,30254.0
2303709,Caucaia - CE,Total,40 a 44 anos,27720.0
2303709,Caucaia - CE,Total,45 a 49 anos,22701.0
2303709,Caucaia - CE,Total,50 a 54 anos,21008.0
2303709,Caucaia - CE,Total,55 a 59 anos,18641.0
2303709,Caucaia - CE,Total,60 a 64 anos,13841.0
2303709,Caucaia - CE,Total,65 a 69 anos,9443.0
2303709,Caucaia - CE,Total,70 a 74 anos,6854.0
2303709,Caucaia - CE,Total,75 a 79 anos,4298.0
2303709,Caucaia - CE,Total,80 a 84 anos,2809.0
2303709,Caucaia - CE,Total,85 a 89 anos,1470.0
2303709,Caucaia - CE,Total,90 a 94 anos,623.0
2303709,Caucaia - CE,Total,95 a 99 anos,241.0
2303709,Caucaia - CE,Total,100 anos ou mais,41.0
2303808,Cedro - CE,Total,Total,22344.0
2303808,Cedro - CE,Total,0 a 4 anos,1303.0
2303808,Cedro - CE,Total,5 a 9 anos,1279.0
2303808,Cedro - CE,Total,10 a 14 anos,1538.0
2303808,Cedro - CE,Total,15 a 19 anos,1642.0
2303808,Cedro - CE,Total,20 a 24 anos,1735.0
2303808,Cedro - CE,Total,25 a 29 anos,1380.0
2303808,Cedro - CE,Total,30 a 34 anos,1474.0
2303808,Cedro - CE,Total,35 a 39 anos,1597.0
2303808,Cedro - CE,Total,40 a 44 anos,1577.0
2303808,Cedro - CE,Total,45 a 49 anos,1479.0
2303808,Cedro - CE,Total,50 a 54 anos,1386.0
2303808,Cedro - CE,Total,55 a 59 anos,1329.0
2303808,Cedro - CE,Total,60 a 64 anos,1195.0
2303808,Cedro - CE,Total,65 a 69 anos,1064.0
2303808,Cedro - CE,Total,70 a 74 anos,811.0
2303808,Cedro - CE,Total,75 a 79 anos,625.0
2303808,Cedro - CE,Total,80 a 84 anos,489.0
2303808,Cedro - CE,Total,85 a 89 anos,265.0
2303808,Cedro - CE,Total,90 a 94 anos,127.0
2303808,Cedro - CE,Total,95 a 99 anos,41.0
2303808,Cedro - CE,Total,100 anos ou mais,8.0
2303907,Chaval - CE,Total,Total,12462.0
2303907,Chaval - CE,Total,0 a 4 anos,887.0
2303907,Chaval - CE,Total,5 a 9 anos,963.0
2303907,Chaval - CE,Total,10 a 14 anos,960.0
2303907,Chaval - CE,Total,15 a 19 anos,928.0
2303907,Chaval - CE,Total,20 a 24 anos,977.0
2303907,Chaval - CE,Total,25 a 29 anos,949.0
2303907,Chaval - CE,Total,30 a 34 anos,932.0
2303907,Chaval - CE,Total,35 a 39 anos,904.0
2303907,Chaval - CE,Total,40 a 44 anos,896.0
2303907,Chaval - CE,Total,45 a 49 anos,828.0
2303907,Chaval - CE,Total,50 a 54 anos,737.0
2303907,Chaval - CE,Total,55 a 59 anos,701.0
2303907,Chaval - CE,Total,60 a 64 anos,476.0
2303907,Chaval - CE,Total,65 a 69 anos,371.0
2303907,Chaval - CE,Total,70 a 74 anos,353.0
2303907,Chaval - CE,Total,75 a 79 anos,294.0
2303907,Chaval - CE,Total,80 a 84 anos,174.0
2303907,Chaval - CE,Total,85 a 89 anos,94.0
2303907,Chaval - CE,Total,90 a 94 anos,31.0
2303907,Chaval - CE,Total,95 a 99 anos,6.0
2303907,Chaval - CE,Total,100 anos ou mais,1.0
2303931,Choró - CE,Total,Total,12113.0
2303931,Choró - CE,Total,0 a 4 anos,863.0
2303931,Choró - CE,Total,5 a 9 anos,944.0
2303931,Choró - CE,Total,10 a 14 anos,955.0
2303931,Choró - CE,Total,15 a 19 anos,1017.0
2303931,Choró - CE,Total,20 a 24 anos,854.0
2303931,Choró - CE,Total,25 a 29 anos,975.0
2303931,Choró - CE,Total,30 a 34 anos,843.0
2303931,Choró - CE,Total,35 a 39 anos,855.0
2303931,Choró - CE,Total,40 a 44 anos,756.0
2303931,Choró - CE,Total,45 a 49 anos,711.0
2303931,Choró - CE,Total,50 a 54 anos,662.0
2303931,Choró - CE,Total,55 a 59 anos,687.0
2303931,Choró - CE,Total,60 a 64 anos,562.0
2303931,Choró - CE,Total,65 a 69 anos,449.0
2303931,Choró - CE,Total,70 a 74 anos,370.0
2303931,Choró - CE,Total,75 a 79 anos,242.0
2303931,Choró - CE,Total,80 a 84 anos,195.0
2303931,Choró - CE,Total,85 a 89 anos,109.0
2303931,Choró - CE,Total,90 a 94 anos,45.0
2303931,Choró - CE,Total,95 a 99 anos,18.0
2303931,Choró - CE,Total,100 anos ou mais,1.0
2303956,Chorozinho - CE,Total,Total,20163.0
2303956,Chorozinho - CE,Total,0 a 4 anos,1330.0
2303956,Chorozinho - CE,Total,5 a 9 anos,1464.0
2303956,Chorozinho - CE,Total,10 a 14 anos,1441.0
2303956,Chorozinho - CE,Total,15 a 19 anos,1499.0
2303956,Chorozinho - CE,Total,20 a 24 anos,1574.0
2303956,Chorozinho - CE,Total,25 a 29 anos,1722.0
2303956,Chorozinho - CE,Total,30 a 34 anos,1595.0
2303956,Chorozinho - CE,Total,35 a 39 anos,1563.0
2303956,Chorozinho - CE,Total,40 a 44 anos,1445.0
2303956,Chorozinho - CE,Total,45 a 49 anos,1420.0
2303956,Chorozinho - CE,Total,50 a 54 anos,1210.0
2303956,Chorozinho - CE,Total,55 a 59 anos,1169.0
2303956,Chorozinho - CE,Total,60 a 64 anos,832.0
2303956,Chorozinho - CE,Total,65 a 69 anos,611.0
2303956,Chorozinho - CE,Total,70 a 74 anos,481.0
2303956,Chorozinho - CE,Total,75 a 79 anos,334.0
2303956,Chorozinho - CE,Total,80 a 84 anos,251.0
2303956,Chorozinho - CE,Total,85 a 89 anos,138.0
2303956,Chorozinho - CE,Total,90 a 94 anos,57.0
2303956,Chorozinho - CE,Total,95 a 99 anos,23.0
2303956,Chorozinho - CE,Total,100 anos ou mais,4.0
2304004,Coreaú - CE,Total,Total,20953.0
2304004,Coreaú - CE,Total,0 a 4 anos,1544.0
2304004,Coreaú - CE,Total,5 a 9 anos,1578.0
2304004,Coreaú - CE,Total,10 a 14 anos,1508.0
2304004,Coreaú - CE,Total,15 a 19 anos,1637.0
2304004,Coreaú - CE,Total,20 a 24 anos,1933.0
2304004,Coreaú - CE,Total,25 a 29 anos,1658.0
2304004,Coreaú - CE,Total,30 a 34 anos,1654.0
2304004,Coreaú - CE,Total,35 a 39 anos,1516.0
2304004,Coreaú - CE,Total,40 a 44 anos,1380.0
2304004,Coreaú - CE,Total,45 a 49 anos,1311.0
2304004,Coreaú - CE,Total,50 a 54 anos,1152.0
2304004,Coreaú - CE,Total,55 a 59 anos,1090.0
2304004,Coreaú - CE,Total,60 a 64 anos,837.0
2304004,Coreaú - CE,Total,65 a 69 anos,644.0
2304004,Coreaú - CE,Total,70 a 74 anos,635.0
2304004,Coreaú - CE,Total,75 a 79 anos,396.0
2304004,Coreaú - CE,Total,80 a 84 anos,267.0
2304004,Coreaú - CE,Total,85 a 89 anos,137.0
2304004,Coreaú - CE,Total,90 a 94 anos,55.0
2304004,Coreaú - CE,Total,95 a 99 anos,18.0
2304004,Coreaú - CE,Total,100 anos ou mais,3.0
2304103,Crateús - CE,Total,Total,76390.0
2304103,Crateús - CE,Total,0 a 4 anos,4853.0
2304103,Crateús - CE,Total,5 a 9 anos,4975.0
2304103,Crateús - CE,Total,10 a 14 anos,5173.0
2304103,Crateús - CE,Total,15 a 19 anos,5580.0
2304103,Crateús - CE,Total,20 a 24 anos,5916.0
2304103,Crateús - CE,Total,25 a 29 anos,5758.0
2304103,Crateús - CE,Total,30 a 34 anos,5494.0
2304103,Crateús - CE,Total,35 a 39 anos,5275.0
2304103,Crateús - CE,Total,40 a 44 anos,5652.0
2304103,Crateús - CE,Total,45 a 49 anos,4945.0
2304103,Crateús - CE,Total,50 a 54 anos,4761.0
2304103,Crateús - CE,Total,55 a 59 anos,4566.0
2304103,Crateús - CE,Total,60 a 64 anos,3743.0
2304103,Crateús - CE,Total,65 a 69 anos,2891.0
2304103,Crateús - CE,Total,70 a 74 anos,2506.0
2304103,Crateús - CE,Total,75 a 79 anos,1793.0
2304103,Crateús - CE,Total,80 a 84 anos,1304.0
2304103,Crateús - CE,Total,85 a 89 anos,715.0
2304103,Crateús - CE,Total,90 a 94 anos,344.0
2304103,Crateús - CE,Total,95 a 99 anos,125.0
2304103,Crateús - CE,Total,100 anos ou mais,21.0
2304202,Crato - CE,Total,Total,131050.0
2304202,Crato - CE,Total,0 a 4 anos,8809.0
2304202,Crato - CE,Total,5 a 9 anos,9292.0
2304202,Crato - CE,Total,10 a 14 anos,9534.0
2304202,Crato - CE,Total,15 a 19 anos,9710.0
2304202,Crato - CE,Total,20 a 24 anos,11046.0
2304202,Crato - CE,Total,25 a 29 anos,10536.0
2304202,Crato - CE,Total,30 a 34 anos,10327.0
2304202,Crato - CE,Total,35 a 39 anos,10201.0
2304202,Crato - CE,Total,40 a 44 anos,9934.0
2304202,Crato - CE,Total,45 a 49 anos,8263.0
2304202,Crato - CE,Total,50 a 54 anos,7354.0
2304202,Crato - CE,Total,55 a 59 anos,6832.0
2304202,Crato - CE,Total,60 a 64 anos,5494.0
2304202,Crato - CE,Total,65 a 69 anos,4309.0
2304202,Crato - CE,Total,70 a 74 anos,3488.0
2304202,Crato - CE,Total,75 a 79 anos,2448.0
2304202,Crato - CE,Total,80 a 84 anos,1822.0
2304202,Crato - CE,Total,85 a 89 anos,1016.0
2304202,Crato - CE,Total,90 a 94 anos,465.0
2304202,Crato - CE,Total,95 a 99 anos,133.0
2304202,Crato - CE,Total,100 anos ou mais,37.0
2304236,Croatá - CE,Total,Total,17481.0
2304236,Croatá - CE,Total,0 a 4 anos,1195.0
2304236,Croatá - CE,Total,5 a 9 anos,1214.0
2304236,Croatá - CE,Total,10 a 14 anos,1291.0
2304236,Croatá - CE,Total,15 a 19 anos,1449.0
2304236,Croatá - CE,Total,20 a 24 anos,1347.0
2304236,Croatá - CE,Total,25 a 29 anos,1228.0
2304236,Croatá - CE,Total,30 a 34 anos,1194.0
2304236,Croatá - CE,Total,35 a 39 anos,1284.0
2304236,Croatá - CE,Total,40 a 44 anos,1194.0
2304236,Croatá - CE,Total,45 a 49 anos,1092.0
2304236,Croatá - CE,Total,50 a 54 anos,1029.0
2304236,Croatá - CE,Total,55 a 59 anos,1029.0
2304236,Croatá - CE,Total,60 a 64 anos,777.0
2304236,Croatá - CE,Total,65 a 69 anos,643.0
2304236,Croatá - CE,Total,70 a 74 anos,555.0
2304236,Croatá - CE,Total,75 a 79 anos,406.0
2304236,Croatá - CE,Total,80 a 84 anos,315.0
2304236,Croatá - CE,Total,85 a 89 anos,132.0
2304236,Croatá - CE,Total,90 a 94 anos,77.0
2304236,Croatá - CE,Total,95 a 99 anos,21.0
2304236,Croatá - CE,Total,100 anos ou mais,9.0
2304251,Cruz - CE,Total,Total,29761.0
2304251,Cruz - CE,Total,0 a 4 anos,2264.0
2304251,Cruz - CE,Total,5 a 9 anos,2249.0
2304251,Cruz - CE,Total,10 a 14 anos,2109.0
2304251,Cruz - CE,Total,15 a 19 anos,2198.0
2304251,Cruz - CE,Total,20 a 24 anos,2332.0
2304251,Cruz - CE,Total,25 a 29 anos,2519.0
2304251,Cruz - CE,Total,30 a 34 anos,2520.0
2304251,Cruz - CE,Total,35 a 39 anos,2533.0
2304251,Cruz - CE,Total,40 a 44 anos,2316.0
2304251,Cruz - CE,Total,45 a 49 anos,1861.0
2304251,Cruz - CE,Total,50 a 54 anos,1580.0
2304251,Cruz - CE,Total,55 a 59 anos,1439.0
2304251,Cruz - CE,Total,60 a 64 anos,1087.0
2304251,Cruz - CE,Total,65 a 69 anos,896.0
2304251,Cruz - CE,Total,70 a 74 anos,738.0
2304251,Cruz - CE,Total,75 a 79 anos,522.0
2304251,Cruz - CE,Total,80 a 84 anos,345.0
2304251,Cruz - CE,Total,85 a 89 anos,164.0
2304251,Cruz - CE,Total,90 a 94 anos,56.0
2304251,Cruz - CE,Total,95 a 99 anos,23.0
2304251,Cruz - CE,Total,100 anos ou mais,10.0
2304269,Deputado Irapuan Pinheiro - CE,Total,Total,8932.0
2304269,Deputado Irapuan Pinheiro - CE,Total,0 a 4 anos,531.0
2304269,Deputado Irapuan Pinheiro - CE,Total,5 a 9 anos,458.0
2304269,Deputado Irapuan Pinheiro - CE,Total,10 a 14 anos,643.0
2304269,Deputado Irapuan Pinheiro - CE,Total,15 a 19 anos,586.0
2304269,Deputado Irapuan Pinheiro - CE,Total,20 a 24 anos,614.0
2304269,Deputado Irapuan Pinheiro - CE,Total,25 a 29 anos,620.0
2304269,Deputado Irapuan Pinheiro - CE,Total,30 a 34 anos,596.0
2304269,Deputado Irapuan Pinheiro - CE,Total,35 a 39 anos,581.0
2304269,Deputado Irapuan Pinheiro - CE,Total,40 a 44 anos,650.0
2304269,Deputado Irapuan Pinheiro - CE,Total,45 a 49 anos,653.0
2304269,Deputado Irapuan Pinheiro - CE,Total,50 a 54 anos,611.0
2304269,Deputado Irapuan Pinheiro - CE,Total,55 a 59 anos,575.0
2304269,Deputado Irapuan Pinheiro - CE,Total,60 a 64 anos,481.0
2304269,Deputado Irapuan Pinheiro - CE,Total,65 a 69 anos,404.0
2304269,Deputado Irapuan Pinheiro - CE,Total,70 a 74 anos,351.0
2304269,Deputado Irapuan Pinheiro - CE,Total,75 a 79 anos,246.0
2304269,Deputado Irapuan Pinheiro - CE,Total,80 a 84 anos,184.0
2304269,Deputado Irapuan Pinheiro - CE,Total,85 a 89 anos,99.0
2304269,Deputado Irapuan Pinheiro - CE,Total,90 a 94 anos,35.0
2304269,Deputado Irapuan Pinheiro - CE,Total,95 a 99 anos,13.0
2304269,Deputado Irapuan Pinheiro - CE,Total,100 anos ou mais,1.0
2304277,Ereré - CE,Total,Total,6474.0
2304277,Ereré - CE,Total,0 a 4 anos,410.0
2304277,Ereré - CE,Total,5 a 9 anos,459.0
2304277,Ereré - CE,Total,10 a 14 anos,426.0
2304277,Ereré - CE,Total,15 a 19 anos,457.0
2304277,Ereré - CE,Total,20 a 24 anos,448.0
2304277,Ereré - CE,Total,25 a 29 anos,424.0
2304277,Ereré - CE,Total,30 a 34 anos,505.0
2304277,Ereré - CE,Total,35 a 39 anos,503.0
2304277,Ereré - CE,Total,40 a 44 anos,462.0
2304277,Ereré - CE,Total,45 a 49 anos,438.0
2304277,Ereré - CE,Total,50 a 54 anos,392.0
2304277,Ereré - CE,Total,55 a 59 anos,366.0
2304277,Ereré - CE,Total,60 a 64 anos,321.0
2304277,Ereré - CE,Total,65 a 69 anos,266.0
2304277,Ereré - CE,Total,70 a 74 anos,229.0
2304277,Ereré - CE,Total,75 a 79 anos,161.0
2304277,Ereré - CE,Total,80 a 84 anos,103.0
2304277,Ereré - CE,Total,85 a 89 anos,62.0
2304277,Ereré - CE,Total,90 a 94 anos,29.0
2304277,Ereré - CE,Total,95 a 99 anos,9.0
2304277,Ereré - CE,Total,100 anos ou mais,4.0
2304285,Eusébio - CE,Total,Total,74170.0
2304285,Eusébio - CE,Total,0 a 4 anos,4700.0
2304285,Eusébio - CE,Total,5 a 9 anos,6177.0
2304285,Eusébio - CE,Total,10 a 14 anos,5641.0
2304285,Eusébio - CE,Total,15 a 19 anos,4700.0
2304285,Eusébio - CE,Total,20 a 24 anos,4624.0
2304285,Eusébio - CE,Total,25 a 29 anos,5616.0
2304285,Eusébio - CE,Total,30 a 34 anos,7688.0
2304285,Eusébio - CE,Total,35 a 39 anos,9137.0
2304285,Eusébio - CE,Total,40 a 44 anos,7363.0
2304285,Eusébio - CE,Total,45 a 49 anos,5207.0
2304285,Eusébio - CE,Total,50 a 54 anos,3813.0
2304285,Eusébio - CE,Total,55 a 59 anos,3038.0
2304285,Eusébio - CE,Total,60 a 64 anos,2242.0
2304285,Eusébio - CE,Total,65 a 69 anos,1547.0
2304285,Eusébio - CE,Total,70 a 74 anos,1157.0
2304285,Eusébio - CE,Total,75 a 79 anos,665.0
2304285,Eusébio - CE,Total,80 a 84 anos,433.0
2304285,Eusébio - CE,Total,85 a 89 anos,244.0
2304285,Eusébio - CE,Total,90 a 94 anos,123.0
2304285,Eusébio - CE,Total,95 a 99 anos,42.0
2304285,Eusébio - CE,Total,100 anos ou mais,13.0
2304301,Farias Brito - CE,Total,Total,18217.0
2304301,Farias Brito - CE,Total,0 a 4 anos,1146.0
2304301,Farias Brito - CE,Total,5 a 9 anos,1168.0
2304301,Farias Brito - CE,Total,10 a 14 anos,1365.0
2304301,Farias Brito - CE,Total,15 a 19 anos,1418.0
2304301,Farias Brito - CE,Total,20 a 24 anos,1369.0
2304301,Farias Brito - CE,Total,25 a 29 anos,1270.0
2304301,Farias Brito - CE,Total,30 a 34 anos,1297.0
2304301,Farias Brito - CE,Total,35 a 39 anos,1285.0
2304301,Farias Brito - CE,Total,40 a 44 anos,1298.0
2304301,Farias Brito - CE,Total,45 a 49 anos,1114.0
2304301,Farias Brito - CE,Total,50 a 54 anos,1086.0
2304301,Farias Brito - CE,Total,55 a 59 anos,989.0
2304301,Farias Brito - CE,Total,60 a 64 anos,841.0
2304301,Farias Brito - CE,Total,65 a 69 anos,682.0
2304301,Farias Brito - CE,Total,70 a 74 anos,668.0
2304301,Farias Brito - CE,Total,75 a 79 anos,544.0
2304301,Farias Brito - CE,Total,80 a 84 anos,379.0
2304301,Farias Brito - CE,Total,85 a 89 anos,181.0
2304301,Farias Brito - CE,Total,90 a 94 anos,85.0
2304301,Farias Brito - CE,Total,95 a 99 anos,27.0
2304301,Farias Brito - CE,Total,100 anos ou mais,5.0
2304350,Forquilha - CE,Total,Total,24173.0
2304350,Forquilha - CE,Total,0 a 4 anos,1652.0
2304350,Forquilha - CE,Total,5 a 9 anos,1690.0
2304350,Forquilha - CE,Total,10 a 14 anos,1706.0
2304350,Forquilha - CE,Total,15 a 19 anos,1885.0
2304350,Forquilha - CE,Total,20 a 24 anos,2098.0
2304350,Forquilha - CE,Total,25 a 29 anos,2033.0
2304350,Forquilha - CE,Total,30 a 34 anos,1986.0
2304350,Forquilha - CE,Total,35 a 39 anos,1923.0
2304350,Forquilha - CE,Total,40 a 44 anos,1660.0
2304350,Forquilha - CE,Total,45 a 49 anos,1459.0
2304350,Forquilha - CE,Total,50 a 54 anos,1373.0
2304350,Forquilha - CE,Total,55 a 59 anos,1320.0
2304350,Forquilha - CE,Total,60 a 64 anos,1011.0
2304350,Forquilha - CE,Total,65 a 69 anos,718.0
2304350,Forquilha - CE,Total,70 a 74 anos,660.0
2304350,Forquilha - CE,Total,75 a 79 anos,395.0
2304350,Forquilha - CE,Total,80 a 84 anos,347.0
2304350,Forquilha - CE,Total,85 a 89 anos,143.0
2304350,Forquilha - CE,Total,90 a 94 anos,76.0
2304350,Forquilha - CE,Total,95 a 99 anos,33.0
2304350,Forquilha - CE,Total,100 anos ou mais,5.0
2304400,Fortaleza - CE,Total,Total,2428708.0
2304400,Fortaleza - CE,Total,0 a 4 anos,138704.0
2304400,Fortaleza - CE,Total,5 a 9 anos,155660.0
2304400,Fortaleza - CE,Total,10 a 14 anos,154376.0
2304400,Fortaleza - CE,Total,15 a 19 anos,165546.0
2304400,Fortaleza - CE,Total,20 a 24 anos,189360.0
2304400,Fortaleza - CE,Total,25 a 29 anos,201977.0
2304400,Fortaleza - CE,Total,30 a 34 anos,197115.0
2304400,Fortaleza - CE,Total,35 a 39 anos,201946.0
2304400,Fortaleza - CE,Total,40 a 44 anos,194267.0
2304400,Fortaleza - CE,Total,45 a 49 anos,163156.0
2304400,Fortaleza - CE,Total,50 a 54 anos,156480.0
2304400,Fortaleza - CE,Total,55 a 59 anos,144145.0
2304400,Fortaleza - CE,Total,60 a 64 anos,114541.0
2304400,Fortaleza - CE,Total,65 a 69 anos,87773.0
2304400,Fortaleza - CE,Total,70 a 74 anos,66304.0
2304400,Fortaleza - CE,Total,75 a 79 anos,42675.0
2304400,Fortaleza - CE,Total,80 a 84 anos,28776.0
2304400,Fortaleza - CE,Total,85 a 89 anos,15752.0
2304400,Fortaleza - CE,Total,90 a 94 anos,7258.0
2304400,Fortaleza - CE,Total,95 a 99 anos,2463.0
2304400,Fortaleza - CE,Total,100 anos ou mais,434.0
2304459,Fortim - CE,Total,Total,17294.0
2304459,Fortim - CE,Total,0 a 4 anos,1081.0
2304459,Fortim - CE,Total,5 a 9 anos,1118.0
2304459,Fortim - CE,Total,10 a 14 anos,1134.0
2304459,Fortim - CE,Total,15 a 19 anos,1324.0
2304459,Fortim - CE,Total,20 a 24 anos,1296.0
2304459,Fortim - CE,Total,25 a 29 anos,1443.0
2304459,Fortim - CE,Total,30 a 34 anos,1361.0
2304459,Fortim - CE,Total,35 a 39 anos,1375.0
2304459,Fortim - CE,Total,40 a 44 anos,1339.0
2304459,Fortim - CE,Total,45 a 49 anos,1229.0
2304459,Fortim - CE,Total,50 a 54 anos,1063.0
2304459,Fortim - CE,Total,55 a 59 anos,917.0
2304459,Fortim - CE,Total,60 a 64 anos,749.0
2304459,Fortim - CE,Total,65 a 69 anos,593.0
2304459,Fortim - CE,Total,70 a 74 anos,543.0
2304459,Fortim - CE,Total,75 a 79 anos,333.0
2304459,Fortim - CE,Total,80 a 84 anos,200.0
2304459,Fortim - CE,Total,85 a 89 anos,129.0
2304459,Fortim - CE,Total,90 a 94 anos,48.0
2304459,Fortim - CE,Total,95 a 99 anos,17.0
2304459,Fortim - CE,Total,100 anos ou mais,2.0
2304509,Frecheirinha - CE,Total,Total,15657.0
2304509,Frecheirinha - CE,Total,0 a 4 anos,1199.0
2304509,Frecheirinha - CE,Total,5 a 9 anos,1261.0
2304509,Frecheirinha - CE,Total,10 a 14 anos,1148.0
2304509,Frecheirinha - CE,Total,15 a 19 anos,1177.0
2304509,Frecheirinha - CE,Total,20 a 24 anos,1441.0
2304509,Frecheirinha - CE,Total,25 a 29 anos,1549.0
2304509,Frecheirinha - CE,Total,30 a 34 anos,1310.0
2304509,Frecheirinha - CE,Total,35 a 39 anos,1156.0
2304509,Frecheirinha - CE,Total,40 a 44 anos,1036.0
2304509,Frecheirinha - CE,Total,45 a 49 anos,901.0
2304509,Frecheirinha - CE,Total,50 a 54 anos,768.0
2304509,Frecheirinha - CE,Total,55 a 59 anos,723.0
2304509,Frecheirinha - CE,Total,60 a 64 anos,565.0
2304509,Frecheirinha - CE,Total,65 a 69 anos,458.0
2304509,Frecheirinha - CE,Total,70 a 74 anos,403.0
2304509,Frecheirinha - CE,Total,75 a 79 anos,239.0
2304509,Frecheirinha - CE,Total,80 a 84 anos,190.0
2304509,Frecheirinha - CE,Total,85 a 89 anos,82.0
2304509,Frecheirinha - CE,Total,90 a 94 anos,36.0
2304509,Frecheirinha - CE,Total,95 a 99 anos,13.0
2304509,Frecheirinha - CE,Total,100 anos ou mais,2.0
2304608,General Sampaio - CE,Total,Total,6734.0
2304608,General Sampaio - CE,Total,0 a 4 anos,508.0
2304608,General Sampaio - CE,Total,5 a 9 anos,471.0
2304608,General Sampaio - CE,Total,10 a 14 anos,597.0
2304608,General Sampaio - CE,Total,15 a 19 anos,554.0
2304608,General Sampaio - CE,Total,20 a 24 anos,530.0
2304608,General Sampaio - CE,Total,25 a 29 anos,541.0
2304608,General Sampaio - CE,Total,30 a 34 anos,487.0
2304608,General Sampaio - CE,Total,35 a 39 anos,471.0
2304608,General Sampaio - CE,Total,40 a 44 anos,476.0
2304608,General Sampaio - CE,Total,45 a 49 anos,413.0
2304608,General Sampaio - CE,Total,50 a 54 anos,360.0
2304608,General Sampaio - CE,Total,55 a 59 anos,338.0
2304608,General Sampaio - CE,Total,60 a 64 anos,239.0
2304608,General Sampaio - CE,Total,65 a 69 anos,247.0
2304608,General Sampaio - CE,Total,70 a 74 anos,191.0
2304608,General Sampaio - CE,Total,75 a 79 anos,145.0
2304608,General Sampaio - CE,Total,80 a 84 anos,91.0
2304608,General Sampaio - CE,Total,85 a 89 anos,41.0
2304608,General Sampaio - CE,Total,90 a 94 anos,22.0
2304608,General Sampaio - CE,Total,95 a 99 anos,10.0
2304608,General Sampaio - CE,Total,100 anos ou mais,2.0
2304657,Graça - CE,Total,Total,13801.0
2304657,Graça - CE,Total,0 a 4 anos,910.0
2304657,Graça - CE,Total,5 a 9 anos,978.0
2304657,Graça - CE,Total,10 a 14 anos,1106.0
2304657,Graça - CE,Total,15 a 19 anos,1083.0
2304657,Graça - CE,Total,20 a 24 anos,1034.0
2304657,Graça - CE,Total,25 a 29 anos,957.0
2304657,Graça - CE,Total,30 a 34 anos,871.0
2304657,Graça - CE,Total,35 a 39 anos,1034.0
2304657,Graça - CE,Total,40 a 44 anos,987.0
2304657,Graça - CE,Total,45 a 49 anos,872.0
2304657,Graça - CE,Total,50 a 54 anos,837.0
2304657,Graça - CE,Total,55 a 59 anos,818.0
2304657,Graça - CE,Total,60 a 64 anos,617.0
2304657,Graça - CE,Total,65 a 69 anos,524.0
2304657,Graça - CE,Total,70 a 74 anos,465.0
2304657,Graça - CE,Total,75 a 79 anos,319.0
2304657,Graça - CE,Total,80 a 84 anos,233.0
2304657,Graça - CE,Total,85 a 89 anos,84.0
2304657,Graça - CE,Total,90 a 94 anos,54.0
2304657,Graça - CE,Total,95 a 99 anos,16.0
2304657,Graça - CE,Total,100 anos ou mais,2.0
2304707,Granja - CE,Total,Total,53344.0
2304707,Granja - CE,Total,0 a 4 anos,3835.0
2304707,Granja - CE,Total,5 a 9 anos,3955.0
2304707,Granja - CE,Total,10 a 14 anos,4231.0
2304707,Granja - CE,Total,15 a 19 anos,4829.0
2304707,Granja - CE,Total,20 a 24 anos,4821.0
2304707,Granja - CE,Total,25 a 29 anos,4521.0
2304707,Granja - CE,Total,30 a 34 anos,4021.0
2304707,Granja - CE,Total,35 a 39 anos,3886.0
2304707,Granja - CE,Total,40 a 44 anos,3696.0
2304707,Granja - CE,Total,45 a 49 anos,3251.0
2304707,Granja - CE,Total,50 a 54 anos,2742.0
2304707,Granja - CE,Total,55 a 59 anos,2486.0
2304707,Granja - CE,Total,60 a 64 anos,1884.0
2304707,Granja - CE,Total,65 a 69 anos,1611.0
2304707,Granja - CE,Total,70 a 74 anos,1453.0
2304707,Granja - CE,Total,75 a 79 anos,1042.0
2304707,Granja - CE,Total,80 a 84 anos,616.0
2304707,Granja - CE,Total,85 a 89 anos,288.0
2304707,Granja - CE,Total,90 a 94 anos,111.0
2304707,Granja - CE,Total,95 a 99 anos,48.0
2304707,Granja - CE,Total,100 anos ou mais,17.0
2304806,Granjeiro - CE,Total,Total,4841.0
2304806,Granjeiro - CE,Total,0 a 4 anos,322.0
2304806,Granjeiro - CE,Total,5 a 9 anos,330.0
2304806,Granjeiro - CE,Total,10 a 14 anos,364.0
2304806,Granjeiro - CE,Total,15 a 19 anos,407.0
2304806,Granjeiro - CE,Total,20 a 24 anos,394.0
2304806,Granjeiro - CE,Total,25 a 29 anos,353.0
2304806,Granjeiro - CE,Total,30 a 34 anos,326.0
2304806,Granjeiro - CE,Total,35 a 39 anos,380.0
2304806,Granjeiro - CE,Total,40 a 44 anos,340.0
2304806,Granjeiro - CE,Total,45 a 49 anos,303.0
2304806,Granjeiro - CE,Total,50 a 54 anos,269.0
2304806,Granjeiro - CE,Total,55 a 59 anos,235.0
2304806,Granjeiro - CE,Total,60 a 64 anos,235.0
2304806,Granjeiro - CE,Total,65 a 69 anos,169.0
2304806,Granjeiro - CE,Total,70 a 74 anos,162.0
2304806,Granjeiro - CE,Total,75 a 79 anos,93.0
2304806,Granjeiro - CE,Total,80 a 84 anos,87.0
2304806,Granjeiro - CE,Total,85 a 89 anos,46.0
2304806,Granjeiro - CE,Total,90 a 94 anos,19.0
2304806,Granjeiro - CE,Total,95 a 99 anos,6.0
2304806,Granjeiro - CE,Total,100 anos ou mais,1.0
2304905,Groaíras - CE,Total,Total,10910.0
2304905,Groaíras - CE,Total,0 a 4 anos,668.0
2304905,Groaíras - CE,Total,5 a 9 anos,701.0
2304905,Groaíras - CE,Total,10 a 14 anos,701.0
2304905,Groaíras - CE,Total,15 a 19 anos,767.0
2304905,Groaíras - CE,Total,20 a 24 anos,880.0
2304905,Groaíras - CE,Total,25 a 29 anos,884.0
2304905,Groaíras - CE,Total,30 a 34 anos,891.0
2304905,Groaíras - CE,Total,35 a 39 anos,782.0
2304905,Groaíras - CE,Total,40 a 44 anos,732.0
2304905,Groaíras - CE,Total,45 a 49 anos,676.0
2304905,Groaíras - CE,Total,50 a 54 anos,650.0
2304905,Groaíras - CE,Total,55 a 59 anos,758.0
2304905,Groaíras - CE,Total,60 a 64 anos,478.0
2304905,Groaíras - CE,Total,65 a 69 anos,408.0
2304905,Groaíras - CE,Total,70 a 74 anos,349.0
2304905,Groaíras - CE,Total,75 a 79 anos,235.0
2304905,Groaíras - CE,Total,80 a 84 anos,185.0
2304905,Groaíras - CE,Total,85 a 89 anos,93.0
2304905,Groaíras - CE,Total,90 a 94 anos,52.0
2304905,Groaíras - CE,Total,95 a 99 anos,18.0
2304905,Groaíras - CE,Total,100 anos ou mais,2.0
2304954,Guaiúba - CE,Total,Total,24325.0
2304954,Guaiúba - CE,Total,0 a 4 anos,1709.0
2304954,Guaiúba - CE,Total,5 a 9 anos,1836.0
2304954,Guaiúba - CE,Total,10 a 14 anos,1866.0
2304954,Guaiúba - CE,Total,15 a 19 anos,1870.0
2304954,Guaiúba - CE,Total,20 a 24 anos,2040.0
2304954,Guaiúba - CE,Total,25 a 29 anos,2101.0
2304954,Guaiúba - CE,Total,30 a 34 anos,1975.0
2304954,Guaiúba - CE,Total,35 a 39 anos,1896.0
2304954,Guaiúba - CE,Total,40 a 44 anos,1858.0
2304954,Guaiúba - CE,Total,45 a 49 anos,1552.0
2304954,Guaiúba - CE,Total,50 a 54 anos,1343.0
2304954,Guaiúba - CE,Total,55 a 59 anos,1186.0
2304954,Guaiúba - CE,Total,60 a 64 anos,942.0
2304954,Guaiúba - CE,Total,65 a 69 anos,702.0
2304954,Guaiúba - CE,Total,70 a 74 anos,545.0
2304954,Guaiúba - CE,Total,75 a 79 anos,376.0
2304954,Guaiúba - CE,Total,80 a 84 anos,301.0
2304954,Guaiúba - CE,Total,85 a 89 anos,137.0
2304954,Guaiúba - CE,Total,90 a 94 anos,64.0
2304954,Guaiúba - CE,Total,95 a 99 anos,22.0
2304954,Guaiúba - CE,Total,100 anos ou mais,4.0
2305001,Guaraciaba do Norte - CE,Total,Total,42053.0
2305001,Guaraciaba do Norte - CE,Total,0 a 4 anos,3183.0
2305001,Guaraciaba do Norte - CE,Total,5 a 9 anos,3167.0
2305001,Guaraciaba do Norte - CE,Total,10 a 14 anos,3221.0
2305001,Guaraciaba do Norte - CE,Total,15 a 19 anos,3510.0
2305001,Guaraciaba do Norte - CE,Total,20 a 24 anos,3455.0
2305001,Guaraciaba do Norte - CE,Total,25 a 29 anos,3252.0
2305001,Guaraciaba do Norte - CE,Total,30 a 34 anos,2866.0
2305001,Guaraciaba do Norte - CE,Total,35 a 39 anos,3034.0
2305001,Guaraciaba do Norte - CE,Total,40 a 44 anos,2892.0
2305001,Guaraciaba do Norte - CE,Total,45 a 49 anos,2519.0
2305001,Guaraciaba do Norte - CE,Total,50 a 54 anos,2221.0
2305001,Guaraciaba do Norte - CE,Total,55 a 59 anos,2204.0
2305001,Guaraciaba do Norte - CE,Total,60 a 64 anos,1796.0
2305001,Guaraciaba do Norte - CE,Total,65 a 69 anos,1485.0
2305001,Guaraciaba do Norte - CE,Total,70 a 74 anos,1228.0
2305001,Guaraciaba do Norte - CE,Total,75 a 79 anos,840.0
2305001,Guaraciaba do Norte - CE,Total,80 a 84 anos,585.0
2305001,Guaraciaba do Norte - CE,Total,85 a 89 anos,349.0
2305001,Guaraciaba do Norte - CE,Total,90 a 94 anos,169.0
2305001,Guaraciaba do Norte - CE,Total,95 a 99 anos,66.0
2305001,Guaraciaba do Norte - CE,Total,100 anos ou mais,11.0
2305100,Guaramiranga - CE,Total,Total,5654.0
2305100,Guaramiranga - CE,Total,0 a 4 anos,331.0
2305100,Guaramiranga - CE,Total,5 a 9 anos,360.0
2305100,Guaramiranga - CE,Total,10 a 14 anos,378.0
2305100,Guaramiranga - CE,Total,15 a 19 anos,412.0
2305100,Guaramiranga - CE,Total,20 a 24 anos,460.0
2305100,Guaramiranga - CE,Total,25 a 29 anos,504.0
2305100,Guaramiranga - CE,Total,30 a 34 anos,441.0
2305100,Guaramiranga - CE,Total,35 a 39 anos,431.0
2305100,Guaramiranga - CE,Total,40 a 44 anos,437.0
2305100,Guaramiranga - CE,Total,45 a 49 anos,386.0
2305100,Guaramiranga - CE,Total,50 a 54 anos,325.0
2305100,Guaramiranga - CE,Total,55 a 59 anos,336.0
2305100,Guaramiranga - CE,Total,60 a 64 anos,237.0
2305100,Guaramiranga - CE,Total,65 a 69 anos,204.0
2305100,Guaramiranga - CE,Total,70 a 74 anos,142.0
2305100,Guaramiranga - CE,Total,75 a 79 anos,125.0
2305100,Guaramiranga - CE,Total,80 a 84 anos,57.0
2305100,Guaramiranga - CE,Total,85 a 89 anos,50.0
2305100,Guaramiranga - CE,Total,90 a 94 anos,25.0
2305100,Guaramiranga - CE,Total,95 a 99 anos,10.0
2305100,Guaramiranga - CE,Total,100 anos ou mais,3.0
2305209,Hidrolândia - CE,Total,Total,17855.0
2305209,Hidrolândia - CE,Total,0 a 4 anos,1191.0
2305209,Hidrolândia - CE,Total,5 a 9 anos,1194.0
2305209,Hidrolândia - CE,Total,10 a 14 anos,1332.0
2305209,Hidrolândia - CE,Total,15 a 19 anos,1338.0
2305209,Hidrolândia - CE,Total,20 a 24 anos,1336.0
2305209,Hidrolândia - CE,Total,25 a 29 anos,1236.0
2305209,Hidrolândia - CE,Total,30 a 34 anos,1183.0
2305209,Hidrolândia - CE,Total,35 a 39 anos,1239.0
2305209,Hidrolândia - CE,Total,40 a 44 anos,1217.0
2305209,Hidrolândia - CE,Total,45 a 49 anos,1153.0
2305209,Hidrolândia - CE,Total,50 a 54 anos,995.0
2305209,Hidrolândia - CE,Total,55 a 59 anos,1096.0
2305209,Hidrolândia - CE,Total,60 a 64 anos,861.0
2305209,Hidrolândia - CE,Total,65 a 69 anos,723.0
2305209,Hidrolândia - CE,Total,70 a 74 anos,648.0
2305209,Hidrolândia - CE,Total,75 a 79 anos,470.0
2305209,Hidrolândia - CE,Total,80 a 84 anos,342.0
2305209,Hidrolândia - CE,Total,85 a 89 anos,171.0
2305209,Hidrolândia - CE,Total,90 a 94 anos,91.0
2305209,Hidrolândia - CE,Total,95 a 99 anos,34.0
2305209,Hidrolândia - CE,Total,100 anos ou mais,5.0
2305233,Horizonte - CE,Total,Total,74755.0
2305233,Horizonte - CE,Total,0 a 4 anos,5516.0
2305233,Horizonte - CE,Total,5 a 9 anos,5684.0
2305233,Horizonte - CE,Total,10 a 14 anos,5707.0
2305233,Horizonte - CE,Total,15 a 19 anos,5643.0
2305233,Horizonte - CE,Total,20 a 24 anos,6189.0
2305233,Horizonte - CE,Total,25 a 29 anos,6616.0
2305233,Horizonte - CE,Total,30 a 34 anos,6828.0
2305233,Horizonte - CE,Total,35 a 39 anos,6679.0
2305233,Horizonte - CE,Total,40 a 44 anos,6177.0
2305233,Horizonte - CE,Total,45 a 49 anos,4788.0
2305233,Horizonte - CE,Total,50 a 54 anos,4005.0
2305233,Horizonte - CE,Total,55 a 59 anos,3229.0
2305233,Horizonte - CE,Total,60 a 64 anos,2344.0
2305233,Horizonte - CE,Total,65 a 69 anos,1856.0
2305233,Horizonte - CE,Total,70 a 74 anos,1393.0
2305233,Horizonte - CE,Total,75 a 79 anos,896.0
2305233,Horizonte - CE,Total,80 a 84 anos,650.0
2305233,Horizonte - CE,Total,85 a 89 anos,315.0
2305233,Horizonte - CE,Total,90 a 94 anos,176.0
2305233,Horizonte - CE,Total,95 a 99 anos,50.0
2305233,Horizonte - CE,Total,100 anos ou mais,14.0
2305266,Ibaretama - CE,Total,Total,11956.0
2305266,Ibaretama - CE,Total,0 a 4 anos,848.0
2305266,Ibaretama - CE,Total,5 a 9 anos,879.0
2305266,Ibaretama - CE,Total,10 a 14 anos,915.0
2305266,Ibaretama - CE,Total,15 a 19 anos,980.0
2305266,Ibaretama - CE,Total,20 a 24 anos,890.0
2305266,Ibaretama - CE,Total,25 a 29 anos,918.0
2305266,Ibaretama - CE,Total,30 a 34 anos,831.0
2305266,Ibaretama - CE,Total,35 a 39 anos,769.0
2305266,Ibaretama - CE,Total,40 a 44 anos,758.0
2305266,Ibaretama - CE,Total,45 a 49 anos,743.0
2305266,Ibaretama - CE,Total,50 a 54 anos,716.0
2305266,Ibaretama - CE,Total,55 a 59 anos,714.0
2305266,Ibaretama - CE,Total,60 a 64 anos,530.0
2305266,Ibaretama - CE,Total,65 a 69 anos,455.0
2305266,Ibaretama - CE,Total,70 a 74 anos,375.0
2305266,Ibaretama - CE,Total,75 a 79 anos,266.0
2305266,Ibaretama - CE,Total,80 a 84 anos,194.0
2305266,Ibaretama - CE,Total,85 a 89 anos,107.0
2305266,Ibaretama - CE,Total,90 a 94 anos,50.0
2305266,Ibaretama - CE,Total,95 a 99 anos,15.0
2305266,Ibaretama - CE,Total,100 anos ou mais,3.0
2305308,Ibiapina - CE,Total,Total,23965.0
2305308,Ibiapina - CE,Total,0 a 4 anos,1787.0
2305308,Ibiapina - CE,Total,5 a 9 anos,1831.0
2305308,Ibiapina - CE,Total,10 a 14 anos,1905.0
2305308,Ibiapina - CE,Total,15 a 19 anos,1892.0
2305308,Ibiapina - CE,Total,20 a 24 anos,1782.0
2305308,Ibiapina - CE,Total,25 a 29 anos,1717.0
2305308,Ibiapina - CE,Total,30 a 34 anos,1843.0
2305308,Ibiapina - CE,Total,35 a 39 anos,1849.0
2305308,Ibiapina - CE,Total,40 a 44 anos,1618.0
2305308,Ibiapina - CE,Total,45 a 49 anos,1357.0
2305308,Ibiapina - CE,Total,50 a 54 anos,1251.0
2305308,Ibiapina - CE,Total,55 a 59 anos,1275.0
2305308,Ibiapina - CE,Total,60 a 64 anos,1076.0
2305308,Ibiapina - CE,Total,65 a 69 anos,877.0
2305308,Ibiapina - CE,Total,70 a 74 anos,720.0
2305308,Ibiapina - CE,Total,75 a 79 anos,466.0
2305308,Ibiapina - CE,Total,80 a 84 anos,345.0
2305308,Ibiapina - CE,Total,85 a 89 anos,214.0
2305308,Ibiapina - CE,Total,90 a 94 anos,119.0
2305308,Ibiapina - CE,Total,95 a 99 anos,33.0
2305308,Ibiapina - CE,Total,100 anos ou mais,8.0
2305332,Ibicuitinga - CE,Total,Total,11611.0
2305332,Ibicuitinga - CE,Total,0 a 4 anos,675.0
2305332,Ibicuitinga - CE,Total,5 a 9 anos,809.0
2305332,Ibicuitinga - CE,Total,10 a 14 anos,811.0
2305332,Ibicuitinga - CE,Total,15 a 19 anos,855.0
2305332,Ibicuitinga - CE,Total,20 a 24 anos,813.0
2305332,Ibicuitinga - CE,Total,25 a 29 anos,860.0
2305332,Ibicuitinga - CE,Total,30 a 34 anos,938.0
2305332,Ibicuitinga - CE,Total,35 a 39 anos,937.0
2305332,Ibicuitinga - CE,Total,40 a 44 anos,922.0
2305332,Ibicuitinga - CE,Total,45 a 49 anos,751.0
2305332,Ibicuitinga - CE,Total,50 a 54 anos,702.0
2305332,Ibicuitinga - CE,Total,55 a 59 anos,663.0
2305332,Ibicuitinga - CE,Total,60 a 64 anos,528.0
2305332,Ibicuitinga - CE,Total,65 a 69 anos,431.0
2305332,Ibicuitinga - CE,Total,70 a 74 anos,348.0
2305332,Ibicuitinga - CE,Total,75 a 79 anos,243.0
2305332,Ibicuitinga - CE,Total,80 a 84 anos,176.0
2305332,Ibicuitinga - CE,Total,85 a 89 anos,97.0
2305332,Ibicuitinga - CE,Total,90 a 94 anos,42.0
2305332,Ibicuitinga - CE,Total,95 a 99 anos,9.0
2305332,Ibicuitinga - CE,Total,100 anos ou mais,1.0
2305357,Icapuí - CE,Total,Total,21433.0
2305357,Icapuí - CE,Total,0 a 4 anos,1346.0
2305357,Icapuí - CE,Total,5 a 9 anos,1471.0
2305357,Icapuí - CE,Total,10 a 14 anos,1537.0
2305357,Icapuí - CE,Total,15 a 19 anos,1619.0
2305357,Icapuí - CE,Total,20 a 24 anos,1447.0
2305357,Icapuí - CE,Total,25 a 29 anos,1629.0
2305357,Icapuí - CE,Total,30 a 34 anos,1676.0
2305357,Icapuí - CE,Total,35 a 39 anos,1911.0
2305357,Icapuí - CE,Total,40 a 44 anos,1757.0
2305357,Icapuí - CE,Total,45 a 49 anos,1490.0
2305357,Icapuí - CE,Total,50 a 54 anos,1349.0
2305357,Icapuí - CE,Total,55 a 59 anos,1141.0
2305357,Icapuí - CE,Total,60 a 64 anos,901.0
2305357,Icapuí - CE,Total,65 a 69 anos,718.0
2305357,Icapuí - CE,Total,70 a 74 anos,640.0
2305357,Icapuí - CE,Total,75 a 79 anos,411.0
2305357,Icapuí - CE,Total,80 a 84 anos,218.0
2305357,Icapuí - CE,Total,85 a 89 anos,104.0
2305357,Icapuí - CE,Total,90 a 94 anos,50.0
2305357,Icapuí - CE,Total,95 a 99 anos,16.0
2305357,Icapuí - CE,Total,100 anos ou mais,2.0
2305407,Icó - CE,Total,Total,62642.0
2305407,Icó - CE,Total,0 a 4 anos,3971.0
2305407,Icó - CE,Total,5 a 9 anos,4219.0
2305407,Icó - CE,Total,10 a 14 anos,4509.0
2305407,Icó - CE,Total,15 a 19 anos,4941.0
2305407,Icó - CE,Total,20 a 24 anos,4682.0
2305407,Icó - CE,Total,25 a 29 anos,4453.0
2305407,Icó - CE,Total,30 a 34 anos,4519.0
2305407,Icó - CE,Total,35 a 39 anos,4824.0
2305407,Icó - CE,Total,40 a 44 anos,4345.0
2305407,Icó - CE,Total,45 a 49 anos,4049.0
2305407,Icó - CE,Total,50 a 54 anos,3620.0
2305407,Icó - CE,Total,55 a 59 anos,3696.0
2305407,Icó - CE,Total,60 a 64 anos,3127.0
2305407,Icó - CE,Total,65 a 69 anos,2475.0
2305407,Icó - CE,Total,70 a 74 anos,2032.0
2305407,Icó - CE,Total,75 a 79 anos,1357.0
2305407,Icó - CE,Total,80 a 84 anos,1006.0
2305407,Icó - CE,Total,85 a 89 anos,512.0
2305407,Icó - CE,Total,90 a 94 anos,216.0
2305407,Icó - CE,Total,95 a 99 anos,77.0
2305407,Icó - CE,Total,100 anos ou mais,12.0
2305506,Iguatu - CE,Total,Total,98064.0
2305506,Iguatu - CE,Total,0 a 4 anos,6248.0
2305506,Iguatu - CE,Total,5 a 9 anos,6341.0
2305506,Iguatu - CE,Total,10 a 14 anos,6726.0
2305506,Iguatu - CE,Total,15 a 19 anos,7044.0
2305506,Iguatu - CE,Total,20 a 24 anos,7073.0
2305506,Iguatu - CE,Total,25 a 29 anos,7375.0
2305506,Iguatu - CE,Total,30 a 34 anos,7642.0
2305506,Iguatu - CE,Total,35 a 39 anos,7884.0
2305506,Iguatu - CE,Total,40 a 44 anos,7456.0
2305506,Iguatu - CE,Total,45 a 49 anos,6412.0
2305506,Iguatu - CE,Total,50 a 54 anos,5852.0
2305506,Iguatu - CE,Total,55 a 59 anos,5598.0
2305506,Iguatu - CE,Total,60 a 64 anos,4560.0
2305506,Iguatu - CE,Total,65 a 69 anos,3713.0
2305506,Iguatu - CE,Total,70 a 74 anos,2998.0
2305506,Iguatu - CE,Total,75 a 79 anos,2155.0
2305506,Iguatu - CE,Total,80 a 84 anos,1614.0
2305506,Iguatu - CE,Total,85 a 89 anos,855.0
2305506,Iguatu - CE,Total,90 a 94 anos,373.0
2305506,Iguatu - CE,Total,95 a 99 anos,120.0
2305506,Iguatu - CE,Total,100 anos ou mais,25.0
2305605,Independência - CE,Total,Total,24024.0
2305605,Independência - CE,Total,0 a 4 anos,1428.0
2305605,Independência - CE,Total,5 a 9 anos,1375.0
2305605,Independência - CE,Total,10 a 14 anos,1585.0
2305605,Independência - CE,Total,15 a 19 anos,1739.0
2305605,Independência - CE,Total,20 a 24 anos,1729.0
2305605,Independência - CE,Total,25 a 29 anos,1607.0
2305605,Independência - CE,Total,30 a 34 anos,1503.0
2305605,Independência - CE,Total,35 a 39 anos,1632.0
2305605,Independência - CE,Total,40 a 44 anos,1903.0
2305605,Independência - CE,Total,45 a 49 anos,1685.0
2305605,Independência - CE,Total,50 a 54 anos,1484.0
2305605,Independência - CE,Total,55 a 59 anos,1568.0
2305605,Independência - CE,Total,60 a 64 anos,1242.0
2305605,Independência - CE,Total,65 a 69 anos,1025.0
2305605,Independência - CE,Total,70 a 74 anos,870.0
2305605,Independência - CE,Total,75 a 79 anos,682.0
2305605,Independência - CE,Total,80 a 84 anos,494.0
2305605,Independência - CE,Total,85 a 89 anos,278.0
2305605,Independência - CE,Total,90 a 94 anos,143.0
2305605,Independência - CE,Total,95 a 99 anos,41.0
2305605,Independência - CE,Total,100 anos ou mais,11.0
2305654,Ipaporanga - CE,Total,Total,11575.0
2305654,Ipaporanga - CE,Total,0 a 4 anos,718.0
2305654,Ipaporanga - CE,Total,5 a 9 anos,765.0
2305654,Ipaporanga - CE,Total,10 a 14 anos,841.0
2305654,Ipaporanga - CE,Total,15 a 19 anos,894.0
2305654,Ipaporanga - CE,Total,20 a 24 anos,757.0
2305654,Ipaporanga - CE,Total,25 a 29 anos,836.0
2305654,Ipaporanga - CE,Total,30 a 34 anos,697.0
2305654,Ipaporanga - CE,Total,35 a 39 anos,697.0
2305654,Ipaporanga - CE,Total,40 a 44 anos,787.0
2305654,Ipaporanga - CE,Total,45 a 49 anos,739.0
2305654,Ipaporanga - CE,Total,50 a 54 anos,743.0
2305654,Ipaporanga - CE,Total,55 a 59 anos,819.0
2305654,Ipaporanga - CE,Total,60 a 64 anos,593.0
2305654,Ipaporanga - CE,Total,65 a 69 anos,496.0
2305654,Ipaporanga - CE,Total,70 a 74 anos,414.0
2305654,Ipaporanga - CE,Total,75 a 79 anos,306.0
2305654,Ipaporanga - CE,Total,80 a 84 anos,223.0
2305654,Ipaporanga - CE,Total,85 a 89 anos,146.0
2305654,Ipaporanga - CE,Total,90 a 94 anos,85.0
2305654,Ipaporanga - CE,Total,95 a 99 anos,16.0
2305654,Ipaporanga - CE,Total,100 anos ou mais,3.0
2305704,Ipaumirim - CE,Total,Total,12083.0
2305704,Ipaumirim - CE,Total,0 a 4 anos,847.0
2305704,Ipaumirim - CE,Total,5 a 9 anos,911.0
2305704,Ipaumirim - CE,Total,10 a 14 anos,862.0
2305704,Ipaumirim - CE,Total,15 a 19 anos,967.0
2305704,Ipaumirim - CE,Total,20 a 24 anos,903.0
2305704,Ipaumirim - CE,Total,25 a 29 anos,860.0
2305704,Ipaumirim - CE,Total,30 a 34 anos,834.0
2305704,Ipaumirim - CE,Total,35 a 39 anos,883.0
2305704,Ipaumirim - CE,Total,40 a 44 anos,924.0
2305704,Ipaumirim - CE,Total,45 a 49 anos,730.0
2305704,Ipaumirim - CE,Total,50 a 54 anos,583.0
2305704,Ipaumirim - CE,Total,55 a 59 anos,638.0
2305704,Ipaumirim - CE,Total,60 a 64 anos,541.0
2305704,Ipaumirim - CE,Total,65 a 69 anos,492.0
2305704,Ipaumirim - CE,Total,70 a 74 anos,405.0
2305704,Ipaumirim - CE,Total,75 a 79 anos,264.0
2305704,Ipaumirim - CE,Total,80 a 84 anos,251.0
2305704,Ipaumirim - CE,Total,85 a 89 anos,120.0
2305704,Ipaumirim - CE,Total,90 a 94 anos,49.0
2305704,Ipaumirim - CE,Total,95 a 99 anos,18.0
2305704,Ipaumirim - CE,Total,100 anos ou mais,1.0
2305803,Ipu - CE,Total,Total,41081.0
2305803,Ipu - CE,Total,0 a 4 anos,2928.0
2305803,Ipu - CE,Total,5 a 9 anos,2917.0
2305803,Ipu - CE,Total,10 a 14 anos,2980.0
2305803,Ipu - CE,Total,15 a 19 anos,3154.0
2305803,Ipu - CE,Total,20 a 24 anos,3345.0
2305803,Ipu - CE,Total,25 a 29 anos,3042.0
2305803,Ipu - CE,Total,30 a 34 anos,2936.0
2305803,Ipu - CE,Total,35 a 39 anos,2969.0
2305803,Ipu - CE,Total,40 a 44 anos,2776.0
2305803,Ipu - CE,Total,45 a 49 anos,2516.0
2305803,Ipu - CE,Total,50 a 54 anos,2290.0
2305803,Ipu - CE,Total,55 a 59 anos,2236.0
2305803,Ipu - CE,Total,60 a 64 anos,1855.0
2305803,Ipu - CE,Total,65 a 69 anos,1560.0
2305803,Ipu - CE,Total,70 a 74 anos,1331.0
2305803,Ipu - CE,Total,75 a 79 anos,884.0
2305803,Ipu - CE,Total,80 a 84 anos,697.0
2305803,Ipu - CE,Total,85 a 89 anos,396.0
2305803,Ipu - CE,Total,90 a 94 anos,188.0
2305803,Ipu - CE,Total,95 a 99 anos,62.0
2305803,Ipu - CE,Total,100 anos ou mais,19.0
2305902,Ipueiras - CE,Total,Total,36798.0
2305902,Ipueiras - CE,Total,0 a 4 anos,2435.0
2305902,Ipueiras - CE,Total,5 a 9 anos,2510.0
2305902,Ipueiras - CE,Total,10 a 14 anos,2757.0
2305902,Ipueiras - CE,Total,15 a 19 anos,3040.0
2305902,Ipueiras - CE,Total,20 a 24 anos,2643.0
2305902,Ipueiras - CE,Total,25 a 29 anos,2477.0
2305902,Ipueiras - CE,Total,30 a 34 anos,2376.0
2305902,Ipueiras - CE,Total,35 a 39 anos,2507.0
2305902,Ipueiras - CE,Total,40 a 44 anos,2624.0
2305902,Ipueiras - CE,Total,45 a 49 anos,2296.0
2305902,Ipueiras - CE,Total,50 a 54 anos,2128.0
2305902,Ipueiras - CE,Total,55 a 59 anos,2177.0
2305902,Ipueiras - CE,Total,60 a 64 anos,1830.0
2305902,Ipueiras - CE,Total,65 a 69 anos,1560.0
2305902,Ipueiras - CE,Total,70 a 74 anos,1373.0
2305902,Ipueiras - CE,Total,75 a 79 anos,861.0
2305902,Ipueiras - CE,Total,80 a 84 anos,633.0
2305902,Ipueiras - CE,Total,85 a 89 anos,348.0
2305902,Ipueiras - CE,Total,90 a 94 anos,156.0
2305902,Ipueiras - CE,Total,95 a 99 anos,59.0
2305902,Ipueiras - CE,Total,100 anos ou mais,8.0
2306009,Iracema - CE,Total,Total,14001.0
2306009,Iracema - CE,Total,0 a 4 anos,900.0
2306009,Iracema - CE,Total,5 a 9 anos,924.0
2306009,Iracema - CE,Total,10 a 14 anos,927.0
2306009,Iracema - CE,Total,15 a 19 anos,1049.0
2306009,Iracema - CE,Total,20 a 24 anos,1006.0
2306009,Iracema - CE,Total,25 a 29 anos,1003.0
2306009,Iracema - CE,Total,30 a 34 anos,972.0
2306009,Iracema - CE,Total,35 a 39 anos,1114.0
2306009,Iracema - CE,Total,40 a 44 anos,990.0
2306009,Iracema - CE,Total,45 a 49 anos,880.0
2306009,Iracema - CE,Total,50 a 54 anos,821.0
2306009,Iracema - CE,Total,55 a 59 anos,795.0
2306009,Iracema - CE,Total,60 a 64 anos,670.0
2306009,Iracema - CE,Total,65 a 69 anos,615.0
2306009,Iracema - CE,Total,70 a 74 anos,524.0
2306009,Iracema - CE,Total,75 a 79 anos,328.0
2306009,Iracema - CE,Total,80 a 84 anos,248.0
2306009,Iracema - CE,Total,85 a 89 anos,133.0
2306009,Iracema - CE,Total,90 a 94 anos,67.0
2306009,Iracema - CE,Total,95 a 99 anos,25.0
2306009,Iracema - CE,Total,100 anos ou mais,10.0
2306108,Irauçuba - CE,Total,Total,23915.0
2306108,Irauçuba - CE,Total,0 a 4 anos,1820.0
2306108,Irauçuba - CE,Total,5 a 9 anos,1851.0
2306108,Irauçuba - CE,Total,10 a 14 anos,2083.0
2306108,Irauçuba - CE,Total,15 a 19 anos,2166.0
2306108,Irauçuba - CE,Total,20 a 24 anos,2113.0
2306108,Irauçuba - CE,Total,25 a 29 anos,1942.0
2306108,Irauçuba - CE,Total,30 a 34 anos,1837.0
2306108,Irauçuba - CE,Total,35 a 39 anos,1751.0
2306108,Irauçuba - CE,Total,40 a 44 anos,1587.0
2306108,Irauçuba - CE,Total,45 a 49 anos,1369.0
2306108,Irauçuba - CE,Total,50 a 54 anos,1181.0
2306108,Irauçuba - CE,Total,55 a 59 anos,1156.0
2306108,Irauçuba - CE,Total,60 a 64 anos,959.0
2306108,Irauçuba - CE,Total,65 a 69 anos,658.0
2306108,Irauçuba - CE,Total,70 a 74 anos,535.0
2306108,Irauçuba - CE,Total,75 a 79 anos,406.0
2306108,Irauçuba - CE,Total,80 a 84 anos,280.0
2306108,Irauçuba - CE,Total,85 a 89 anos,126.0
2306108,Irauçuba - CE,Total,90 a 94 anos,74.0
2306108,Irauçuba - CE,Total,95 a 99 anos,14.0
2306108,Irauçuba - CE,Total,100 anos ou mais,7.0
2306207,Itaiçaba - CE,Total,Total,7536.0
2306207,Itaiçaba - CE,Total,0 a 4 anos,442.0
2306207,Itaiçaba - CE,Total,5 a 9 anos,491.0
2306207,Itaiçaba - CE,Total,10 a 14 anos,486.0
2306207,Itaiçaba - CE,Total,15 a 19 anos,495.0
2306207,Itaiçaba - CE,Total,20 a 24 anos,504.0
2306207,Itaiçaba - CE,Total,25 a 29 anos,548.0
2306207,Itaiçaba - CE,Total,30 a 34 anos,561.0
2306207,Itaiçaba - CE,Total,35 a 39 anos,630.0
2306207,Itaiçaba - CE,Total,40 a 44 anos,551.0
2306207,Itaiçaba - CE,Total,45 a 49 anos,489.0
2306207,Itaiçaba - CE,Total,50 a 54 anos,488.0
2306207,Itaiçaba - CE,Total,55 a 59 anos,488.0
2306207,Itaiçaba - CE,Total,60 a 64 anos,357.0
2306207,Itaiçaba - CE,Total,65 a 69 anos,307.0
2306207,Itaiçaba - CE,Total,70 a 74 anos,264.0
2306207,Itaiçaba - CE,Total,75 a 79 anos,193.0
2306207,Itaiçaba - CE,Total,80 a 84 anos,109.0
2306207,Itaiçaba - CE,Total,85 a 89 anos,74.0
2306207,Itaiçaba - CE,Total,90 a 94 anos,47.0
2306207,Itaiçaba - CE,Total,95 a 99 anos,10.0
2306207,Itaiçaba - CE,Total,100 anos ou mais,2.0
2306256,Itaitinga - CE,Total,Total,64650.0
2306256,Itaitinga - CE,Total,0 a 4 anos,4088.0
2306256,Itaitinga - CE,Total,5 a 9 anos,4214.0
2306256,Itaitinga - CE,Total,10 a 14 anos,4068.0
2306256,Itaitinga - CE,Total,15 a 19 anos,3929.0
2306256,Itaitinga - CE,Total,20 a 24 anos,5842.0
2306256,Itaitinga - CE,Total,25 a 29 anos,7854.0
2306256,Itaitinga - CE,Total,30 a 34 anos,7981.0
2306256,Itaitinga - CE,Total,35 a 39 anos,6746.0
2306256,Itaitinga - CE,Total,40 a 44 anos,5527.0
2306256,Itaitinga - CE,Total,45 a 49 anos,3778.0
2306256,Itaitinga - CE,Total,50 a 54 anos,3133.0
2306256,Itaitinga - CE,Total,55 a 59 anos,2462.0
2306256,Itaitinga - CE,Total,60 a 64 anos,1683.0
2306256,Itaitinga - CE,Total,65 a 69 anos,1205.0
2306256,Itaitinga - CE,Total,70 a 74 anos,857.0
2306256,Itaitinga - CE,Total,75 a 79 anos,570.0
2306256,Itaitinga - CE,Total,80 a 84 anos,356.0
2306256,Itaitinga - CE,Total,85 a 89 anos,210.0
2306256,Itaitinga - CE,Total,90 a 94 anos,107.0
2306256,Itaitinga - CE,Total,95 a 99 anos,38.0
2306256,Itaitinga - CE,Total,100 anos ou mais,2.0
2306306,Itapajé - CE,Total,Total,46426.0
2306306,Itapajé - CE,Total,0 a 4 anos,3152.0
2306306,Itapajé - CE,Total,5 a 9 anos,3409.0
2306306,Itapajé - CE,Total,10 a 14 anos,3544.0
2306306,Itapajé - CE,Total,15 a 19 anos,3788.0
2306306,Itapajé - CE,Total,20 a 24 anos,3880.0
2306306,Itapajé - CE,Total,25 a 29 anos,3829.0
2306306,Itapajé - CE,Total,30 a 34 anos,3591.0
2306306,Itapajé - CE,Total,35 a 39 anos,3645.0
2306306,Itapajé - CE,Total,40 a 44 anos,3457.0
2306306,Itapajé - CE,Total,45 a 49 anos,3091.0
2306306,Itapajé - CE,Total,50 a 54 anos,2640.0
2306306,Itapajé - CE,Total,55 a 59 anos,2329.0
2306306,Itapajé - CE,Total,60 a 64 anos,1767.0
2306306,Itapajé - CE,Total,65 a 69 anos,1334.0
2306306,Itapajé - CE,Total,70 a 74 anos,1125.0
2306306,Itapajé - CE,Total,75 a 79 anos,775.0
2306306,Itapajé - CE,Total,80 a 84 anos,555.0
2306306,Itapajé - CE,Total,85 a 89 anos,320.0
2306306,Itapajé - CE,Total,90 a 94 anos,133.0
2306306,Itapajé - CE,Total,95 a 99 anos,55.0
2306306,Itapajé - CE,Total,100 anos ou mais,7.0
2306405,Itapipoca - CE,Total,Total,131123.0
2306405,Itapipoca - CE,Total,0 a 4 anos,9944.0
2306405,Itapipoca - CE,Total,5 a 9 anos,10033.0
2306405,Itapipoca - CE,Total,10 a 14 anos,10543.0
2306405,Itapipoca - CE,Total,15 a 19 anos,11163.0
2306405,Itapipoca - CE,Total,20 a 24 anos,11391.0
2306405,Itapipoca - CE,Total,25 a 29 anos,10681.0
2306405,Itapipoca - CE,Total,30 a 34 anos,10444.0
2306405,Itapipoca - CE,Total,35 a 39 anos,10591.0
2306405,Itapipoca - CE,Total,40 a 44 anos,9483.0
2306405,Itapipoca - CE,Total,45 a 49 anos,7903.0
2306405,Itapipoca - CE,Total,50 a 54 anos,6461.0
2306405,Itapipoca - CE,Total,55 a 59 anos,6082.0
2306405,Itapipoca - CE,Total,60 a 64 anos,4677.0
2306405,Itapipoca - CE,Total,65 a 69 anos,3587.0
2306405,Itapipoca - CE,Total,70 a 74 anos,3150.0
2306405,Itapipoca - CE,Total,75 a 79 anos,2024.0
2306405,Itapipoca - CE,Total,80 a 84 anos,1531.0
2306405,Itapipoca - CE,Total,85 a 89 anos,798.0
2306405,Itapipoca - CE,Total,90 a 94 anos,459.0
2306405,Itapipoca - CE,Total,95 a 99 anos,150.0
2306405,Itapipoca - CE,Total,100 anos ou mais,28.0
2306504,Itapiúna - CE,Total,Total,17841.0
2306504,Itapiúna - CE,Total,0 a 4 anos,1164.0
2306504,Itapiúna - CE,Total,5 a 9 anos,1313.0
2306504,Itapiúna - CE,Total,10 a 14 anos,1414.0
2306504,Itapiúna - CE,Total,15 a 19 anos,1383.0
2306504,Itapiúna - CE,Total,20 a 24 anos,1411.0
2306504,Itapiúna - CE,Total,25 a 29 anos,1396.0
2306504,Itapiúna - CE,Total,30 a 34 anos,1347.0
2306504,Itapiúna - CE,Total,35 a 39 anos,1338.0
2306504,Itapiúna - CE,Total,40 a 44 anos,1266.0
2306504,Itapiúna - CE,Total,45 a 49 anos,1061.0
2306504,Itapiúna - CE,Total,50 a 54 anos,955.0
2306504,Itapiúna - CE,Total,55 a 59 anos,959.0
2306504,Itapiúna - CE,Total,60 a 64 anos,795.0
2306504,Itapiúna - CE,Total,65 a 69 anos,657.0
2306504,Itapiúna - CE,Total,70 a 74 anos,536.0
2306504,Itapiúna - CE,Total,75 a 79 anos,338.0
2306504,Itapiúna - CE,Total,80 a 84 anos,269.0
2306504,Itapiúna - CE,Total,85 a 89 anos,134.0
2306504,Itapiúna - CE,Total,90 a 94 anos,72.0
2306504,Itapiúna - CE,Total,95 a 99 anos,26.0
2306504,Itapiúna - CE,Total,100 anos ou mais,7.0
2306553,Itarema - CE,Total,Total,42957.0
2306553,Itarema - CE,Total,0 a 4 anos,3458.0
2306553,Itarema - CE,Total,5 a 9 anos,3380.0
2306553,Itarema - CE,Total,10 a 14 anos,3514.0
2306553,Itarema - CE,Total,15 a 19 anos,3761.0
2306553,Itarema - CE,Total,20 a 24 anos,3831.0
2306553,Itarema - CE,Total,25 a 29 anos,3650.0
2306553,Itarema - CE,Total,30 a 34 anos,3478.0
2306553,Itarema - CE,Total,35 a 39 anos,3442.0
2306553,Itarema - CE,Total,40 a 44 anos,3257.0
2306553,Itarema - CE,Total,45 a 49 anos,2510.0
2306553,Itarema - CE,Total,50 a 54 anos,2010.0
2306553,Itarema - CE,Total,55 a 59 anos,1898.0
2306553,Itarema - CE,Total,60 a 64 anos,1382.0
2306553,Itarema - CE,Total,65 a 69 anos,1029.0
2306553,Itarema - CE,Total,70 a 74 anos,861.0
2306553,Itarema - CE,Total,75 a 79 anos,633.0
2306553,Itarema - CE,Total,80 a 84 anos,468.0
2306553,Itarema - CE,Total,85 a 89 anos,225.0
2306553,Itarema - CE,Total,90 a 94 anos,134.0
2306553,Itarema - CE,Total,95 a 99 anos,32.0
2306553,Itarema - CE,Total,100 anos ou mais,4.0
2306603,Itatira - CE,Total,Total,20424.0
2306603,Itatira - CE,Total,0 a 4 anos,1441.0
2306603,Itatira - CE,Total,5 a 9 anos,1451.0
2306603,Itatira - CE,Total,10 a 14 anos,1659.0
2306603,Itatira - CE,Total,15 a 19 anos,1873.0
2306603,Itatira - CE,Total,20 a 24 anos,1783.0
2306603,Itatira - CE,Total,25 a 29 anos,1578.0
2306603,Itatira - CE,Total,30 a 34 anos,1480.0
2306603,Itatira - CE,Total,35 a 39 anos,1385.0
2306603,Itatira - CE,Total,40 a 44 anos,1311.0
2306603,Itatira - CE,Total,45 a 49 anos,1171.0
2306603,Itatira - CE,Total,50 a 54 anos,1058.0
2306603,Itatira - CE,Total,55 a 59 anos,1059.0
2306603,Itatira - CE,Total,60 a 64 anos,844.0
2306603,Itatira - CE,Total,65 a 69 anos,728.0
2306603,Itatira - CE,Total,70 a 74 anos,608.0
2306603,Itatira - CE,Total,75 a 79 anos,396.0
2306603,Itatira - CE,Total,80 a 84 anos,328.0
2306603,Itatira - CE,Total,85 a 89 anos,154.0
2306603,Itatira - CE,Total,90 a 94 anos,75.0
2306603,Itatira - CE,Total,95 a 99 anos,31.0
2306603,Itatira - CE,Total,100 anos ou mais,11.0
2306702,Jaguaretama - CE,Total,Total,17232.0
2306702,Jaguaretama - CE,Total,0 a 4 anos,1202.0
2306702,Jaguaretama - CE,Total,5 a 9 anos,1073.0
2306702,Jaguaretama - CE,Total,10 a 14 anos,1148.0
2306702,Jaguaretama - CE,Total,15 a 19 anos,1228.0
2306702,Jaguaretama - CE,Total,20 a 24 anos,1264.0
2306702,Jaguaretama - CE,Total,25 a 29 anos,1349.0
2306702,Jaguaretama - CE,Total,30 a 34 anos,1209.0
2306702,Jaguaretama - CE,Total,35 a 39 anos,1194.0
2306702,Jaguaretama - CE,Total,40 a 44 anos,1165.0
2306702,Jaguaretama - CE,Total,45 a 49 anos,1111.0
2306702,Jaguaretama - CE,Total,50 a 54 anos,960.0
2306702,Jaguaretama - CE,Total,55 a 59 anos,1048.0
2306702,Jaguaretama - CE,Total,60 a 64 anos,942.0
2306702,Jaguaretama - CE,Total,65 a 69 anos,808.0
2306702,Jaguaretama - CE,Total,70 a 74 anos,574.0
2306702,Jaguaretama - CE,Total,75 a 79 anos,389.0
2306702,Jaguaretama - CE,Total,80 a 84 anos,274.0
2306702,Jaguaretama - CE,Total,85 a 89 anos,176.0
2306702,Jaguaretama - CE,Total,90 a 94 anos,84.0
2306702,Jaguaretama - CE,Total,95 a 99 anos,30.0
2306702,Jaguaretama - CE,Total,100 anos ou mais,4.0
2306801,Jaguaribara - CE,Total,Total,10356.0
2306801,Jaguaribara - CE,Total,0 a 4 anos,680.0
2306801,Jaguaribara - CE,Total,5 a 9 anos,711.0
2306801,Jaguaribara - CE,Total,10 a 14 anos,764.0
2306801,Jaguaribara - CE,Total,15 a 19 anos,754.0
2306801,Jaguaribara - CE,Total,20 a 24 anos,750.0
2306801,Jaguaribara - CE,Total,25 a 29 anos,739.0
2306801,Jaguaribara - CE,Total,30 a 34 anos,808.0
2306801,Jaguaribara - CE,Total,35 a 39 anos,825.0
2306801,Jaguaribara - CE,Total,40 a 44 anos,716.0
2306801,Jaguaribara - CE,Total,45 a 49 anos,653.0
2306801,Jaguaribara - CE,Total,50 a 54 anos,595.0
2306801,Jaguaribara - CE,Total,55 a 59 anos,603.0
2306801,Jaguaribara - CE,Total,60 a 64 anos,443.0
2306801,Jaguaribara - CE,Total,65 a 69 anos,406.0
2306801,Jaguaribara - CE,Total,70 a 74 anos,365.0
2306801,Jaguaribara - CE,Total,75 a 79 anos,237.0
2306801,Jaguaribara - CE,Total,80 a 84 anos,136.0
2306801,Jaguaribara - CE,Total,85 a 89 anos,104.0
2306801,Jaguaribara - CE,Total,90 a 94 anos,48.0
2306801,Jaguaribara - CE,Total,95 a 99 anos,13.0
2306801,Jaguaribara - CE,Total,100 anos ou mais,6.0
2306900,Jaguaribe - CE,Total,Total,33726.0
2306900,Jaguaribe - CE,Total,0 a 4 anos,2006.0
2306900,Jaguaribe - CE,Total,5 a 9 anos,2249.0
2306900,Jaguaribe - CE,Total,10 a 14 anos,2248.0
2306900,Jaguaribe - CE,Total,15 a 19 anos,2368.0
2306900,Jaguaribe - CE,Total,20 a 24 anos,2443.0
2306900,Jaguaribe - CE,Total,25 a 29 anos,2317.0
2306900,Jaguaribe - CE,Total,30 a 34 anos,2425.0
2306900,Jaguaribe - CE,Total,35 a 39 anos,2680.0
2306900,Jaguaribe - CE,Total,40 a 44 anos,2424.0
2306900,Jaguaribe - CE,Total,45 a 49 anos,2278.0
2306900,Jaguaribe - CE,Total,50 a 54 anos,1955.0
2306900,Jaguaribe - CE,Total,55 a 59 anos,2088.0
2306900,Jaguaribe - CE,Total,60 a 64 anos,1754.0
2306900,Jaguaribe - CE,Total,65 a 69 anos,1387.0
2306900,Jaguaribe - CE,Total,70 a 74 anos,1181.0
2306900,Jaguaribe - CE,Total,75 a 79 anos,772.0
2306900,Jaguaribe - CE,Total,80 a 84 anos,581.0
2306900,Jaguaribe - CE,Total,85 a 89 anos,338.0
2306900,Jaguaribe - CE,Total,90 a 94 anos,153.0
2306900,Jaguaribe - CE,Total,95 a 99 anos,60.0
2306900,Jaguaribe - CE,Total,100 anos ou mais,19.0
2307007,Jaguaruana - CE,Total,Total,31701.0
2307007,Jaguaruana - CE,Total,0 a 4 anos,1833.0
2307007,Jaguaruana - CE,Total,5 a 9 anos,2110.0
2307007,Jaguaruana - CE,Total,10 a 14 anos,2118.0
2307007,Jaguaruana - CE,Total,15 a 19 anos,2171.0
2307007,Jaguaruana - CE,Total,20 a 24 anos,2377.0
2307007,Jaguaruana - CE,Total,25 a 29 anos,2547.0
2307007,Jaguaruana - CE,Total,30 a 34 anos,2589.0
2307007,Jaguaruana - CE,Total,35 a 39 anos,2630.0
2307007,Jaguaruana - CE,Total,40 a 44 anos,2435.0
2307007,Jaguaruana - CE,Total,45 a 49 anos,2150.0
2307007,Jaguaruana - CE,Total,50 a 54 anos,2002.0
2307007,Jaguaruana - CE,Total,55 a 59 anos,1877.0
2307007,Jaguaruana - CE,Total,60 a 64 anos,1416.0
2307007,Jaguaruana - CE,Total,65 a 69 anos,1117.0
2307007,Jaguaruana - CE,Total,70 a 74 anos,947.0
2307007,Jaguaruana - CE,Total,75 a 79 anos,651.0
2307007,Jaguaruana - CE,Total,80 a 84 anos,390.0
2307007,Jaguaruana - CE,Total,85 a 89 anos,168.0
2307007,Jaguaruana - CE,Total,90 a 94 anos,109.0
2307007,Jaguaruana - CE,Total,95 a 99 anos,54.0
2307007,Jaguaruana - CE,Total,100 anos ou mais,10.0
2307106,Jardim - CE,Total,Total,27411.0
2307106,Jardim - CE,Total,0 a 4 anos,1887.0
2307106,Jardim - CE,Total,5 a 9 anos,2108.0
2307106,Jardim - CE,Total,10 a 14 anos,2239.0
2307106,Jardim - CE,Total,15 a 19 anos,2329.0
2307106,Jardim - CE,Total,20 a 24 anos,2257.0
2307106,Jardim - CE,Total,25 a 29 anos,1932.0
2307106,Jardim - CE,Total,30 a 34 anos,2041.0
2307106,Jardim - CE,Total,35 a 39 anos,1948.0
2307106,Jardim - CE,Total,40 a 44 anos,2084.0
2307106,Jardim - CE,Total,45 a 49 anos,1675.0
2307106,Jardim - CE,Total,50 a 54 anos,1369.0
2307106,Jardim - CE,Total,55 a 59 anos,1282.0
2307106,Jardim - CE,Total,60 a 64 anos,1003.0
2307106,Jardim - CE,Total,65 a 69 anos,945.0
2307106,Jardim - CE,Total,70 a 74 anos,813.0
2307106,Jardim - CE,Total,75 a 79 anos,642.0
2307106,Jardim - CE,Total,80 a 84 anos,457.0
2307106,Jardim - CE,Total,85 a 89 anos,253.0
2307106,Jardim - CE,Total,90 a 94 anos,101.0
2307106,Jardim - CE,Total,95 a 99 anos,37.0
2307106,Jardim - CE,Total,100 anos ou mais,9.0
2307205,Jati - CE,Total,Total,7861.0
2307205,Jati - CE,Total,0 a 4 anos,561.0
2307205,Jati - CE,Total,5 a 9 anos,589.0
2307205,Jati - CE,Total,10 a 14 anos,579.0
2307205,Jati - CE,Total,15 a 19 anos,596.0
2307205,Jati - CE,Total,20 a 24 anos,564.0
2307205,Jati - CE,Total,25 a 29 anos,572.0
2307205,Jati - CE,Total,30 a 34 anos,546.0
2307205,Jati - CE,Total,35 a 39 anos,571.0
2307205,Jati - CE,Total,40 a 44 anos,553.0
2307205,Jati - CE,Total,45 a 49 anos,491.0
2307205,Jati - CE,Total,50 a 54 anos,446.0
2307205,Jati - CE,Total,55 a 59 anos,426.0
2307205,Jati - CE,Total,60 a 64 anos,367.0
2307205,Jati - CE,Total,65 a 69 anos,271.0
2307205,Jati - CE,Total,70 a 74 anos,245.0
2307205,Jati - CE,Total,75 a 79 anos,194.0
2307205,Jati - CE,Total,80 a 84 anos,140.0
2307205,Jati - CE,Total,85 a 89 anos,95.0
2307205,Jati - CE,Total,90 a 94 anos,28.0
2307205,Jati - CE,Total,95 a 99 anos,18.0
2307205,Jati - CE,Total,100 anos ou mais,9.0
2307254,Jijoca de Jericoacoara - CE,Total,Total,25555.0
2307254,Jijoca de Jericoacoara - CE,Total,0 a 4 anos,2053.0
2307254,Jijoca de Jericoacoara - CE,Total,5 a 9 anos,1984.0
2307254,Jijoca de Jericoacoara - CE,Total,10 a 14 anos,1893.0
2307254,Jijoca de Jericoacoara - CE,Total,15 a 19 anos,2032.0
2307254,Jijoca de Jericoacoara - CE,Total,20 a 24 anos,2442.0
2307254,Jijoca de Jericoacoara - CE,Total,25 a 29 anos,2642.0
2307254,Jijoca de Jericoacoara - CE,Total,30 a 34 anos,2343.0
2307254,Jijoca de Jericoacoara - CE,Total,35 a 39 anos,2172.0
2307254,Jijoca de Jericoacoara - CE,Total,40 a 44 anos,1918.0
2307254,Jijoca de Jericoacoara - CE,Total,45 a 49 anos,1502.0
2307254,Jijoca de Jericoacoara - CE,Total,50 a 54 anos,1279.0
2307254,Jijoca de Jericoacoara - CE,Total,55 a 59 anos,969.0
2307254,Jijoca de Jericoacoara - CE,Total,60 a 64 anos,708.0
2307254,Jijoca de Jericoacoara - CE,Total,65 a 69 anos,545.0
2307254,Jijoca de Jericoacoara - CE,Total,70 a 74 anos,434.0
2307254,Jijoca de Jericoacoara - CE,Total,75 a 79 anos,301.0
2307254,Jijoca de Jericoacoara - CE,Total,80 a 84 anos,187.0
2307254,Jijoca de Jericoacoara - CE,Total,85 a 89 anos,98.0
2307254,Jijoca de Jericoacoara - CE,Total,90 a 94 anos,41.0
2307254,Jijoca de Jericoacoara - CE,Total,95 a 99 anos,8.0
2307254,Jijoca de Jericoacoara - CE,Total,100 anos ou mais,4.0
2307304,Juazeiro do Norte - CE,Total,Total,286120.0
2307304,Juazeiro do Norte - CE,Total,0 a 4 anos,20018.0
2307304,Juazeiro do Norte - CE,Total,5 a 9 anos,20632.0
2307304,Juazeiro do Norte - CE,Total,10 a 14 anos,20588.0
2307304,Juazeiro do Norte - CE,Total,15 a 19 anos,21593.0
2307304,Juazeiro do Norte - CE,Total,20 a 24 anos,25645.0
2307304,Juazeiro do Norte - CE,Total,25 a 29 anos,25884.0
2307304,Juazeiro do Norte - CE,Total,30 a 34 anos,24729.0
2307304,Juazeiro do Norte - CE,Total,35 a 39 anos,23239.0
2307304,Juazeiro do Norte - CE,Total,40 a 44 anos,22020.0
2307304,Juazeiro do Norte - CE,Total,45 a 49 anos,17791.0
2307304,Juazeiro do Norte - CE,Total,50 a 54 anos,15124.0
2307304,Juazeiro do Norte - CE,Total,55 a 59 anos,12974.0
2307304,Juazeiro do Norte - CE,Total,60 a 64 anos,10205.0
2307304,Juazeiro do Norte - CE,Total,65 a 69 anos,8074.0
2307304,Juazeiro do Norte - CE,Total,70 a 74 anos,6731.0
2307304,Juazeiro do Norte - CE,Total,75 a 79 anos,4689.0
2307304,Juazeiro do Norte - CE,Total,80 a 84 anos,3364.0
2307304,Juazeiro do Norte - CE,Total,85 a 89 anos,1790.0
2307304,Juazeiro do Norte - CE,Total,90 a 94 anos,768.0
2307304,Juazeiro do Norte - CE,Total,95 a 99 anos,197.0
2307304,Juazeiro do Norte - CE,Total,100 anos ou mais,65.0
2307403,Jucás - CE,Total,Total,23922.0
2307403,Jucás - CE,Total,0 a 4 anos,1652.0
2307403,Jucás - CE,Total,5 a 9 anos,1663.0
2307403,Jucás - CE,Total,10 a 14 anos,1861.0
2307403,Jucás - CE,Total,15 a 19 anos,1754.0
2307403,Jucás - CE,Total,20 a 24 anos,1746.0
2307403,Jucás - CE,Total,25 a 29 anos,1714.0
2307403,Jucás - CE,Total,30 a 34 anos,1613.0
2307403,Jucás - CE,Total,35 a 39 anos,1699.0
2307403,Jucás - CE,Total,40 a 44 anos,1641.0
2307403,Jucás - CE,Total,45 a 49 anos,1449.0
2307403,Jucás - CE,Total,50 a 54 anos,1344.0
2307403,Jucás - CE,Total,55 a 59 anos,1356.0
2307403,Jucás - CE,Total,60 a 64 anos,1173.0
2307403,Jucás - CE,Total,65 a 69 anos,949.0
2307403,Jucás - CE,Total,70 a 74 anos,829.0
2307403,Jucás - CE,Total,75 a 79 anos,637.0
2307403,Jucás - CE,Total,80 a 84 anos,472.0
2307403,Jucás - CE,Total,85 a 89 anos,241.0
2307403,Jucás - CE,Total,90 a 94 anos,98.0
2307403,Jucás - CE,Total,95 a 99 anos,21.0
2307403,Jucás - CE,Total,100 anos ou mais,10.0
2307502,Lavras da Mangabeira - CE,Total,Total,30802.0
2307502,Lavras da Mangabeira - CE,Total,0 a 4 anos,1886.0
2307502,Lavras da Mangabeira - CE,Total,5 a 9 anos,1948.0
2307502,Lavras da Mangabeira - CE,Total,10 a 14 anos,2088.0
2307502,Lavras da Mangabeira - CE,Total,15 a 19 anos,2262.0
2307502,Lavras da Mangabeira - CE,Total,20 a 24 anos,2437.0
2307502,Lavras da Mangabeira - CE,Total,25 a 29 anos,2203.0
2307502,Lavras da Mangabeira - CE,Total,30 a 34 anos,2155.0
2307502,Lavras da Mangabeira - CE,Total,35 a 39 anos,2184.0
2307502,Lavras da Mangabeira - CE,Total,40 a 44 anos,2251.0
2307502,Lavras da Mangabeira - CE,Total,45 a 49 anos,1907.0
2307502,Lavras da Mangabeira - CE,Total,50 a 54 anos,1761.0
2307502,Lavras da Mangabeira - CE,Total,55 a 59 anos,1857.0
2307502,Lavras da Mangabeira - CE,Total,60 a 64 anos,1540.0
2307502,Lavras da Mangabeira - CE,Total,65 a 69 anos,1323.0
2307502,Lavras da Mangabeira - CE,Total,70 a 74 anos,1091.0
2307502,Lavras da Mangabeira - CE,Total,75 a 79 anos,766.0
2307502,Lavras da Mangabeira - CE,Total,80 a 84 anos,602.0
2307502,Lavras da Mangabeira - CE,Total,85 a 89 anos,330.0
2307502,Lavras da Mangabeira - CE,Total,90 a 94 anos,160.0
2307502,Lavras da Mangabeira - CE,Total,95 a 99 anos,36.0
2307502,Lavras da Mangabeira - CE,Total,100 anos ou mais,15.0
2307601,Limoeiro do Norte - CE,Total,Total,59560.0
2307601,Limoeiro do Norte - CE,Total,0 a 4 anos,3526.0
2307601,Limoeiro do Norte - CE,Total,5 a 9 anos,3853.0
2307601,Limoeiro do Norte - CE,Total,10 a 14 anos,3971.0
2307601,Limoeiro do Norte - CE,Total,15 a 19 anos,3982.0
2307601,Limoeiro do Norte - CE,Total,20 a 24 anos,4522.0
2307601,Limoeiro do Norte - CE,Total,25 a 29 anos,4671.0
2307601,Limoeiro do Norte - CE,Total,30 a 34 anos,4661.0
2307601,Limoeiro do Norte - CE,Total,35 a 39 anos,4817.0
2307601,Limoeiro do Norte - CE,Total,40 a 44 anos,4451.0
2307601,Limoeiro do Norte - CE,Total,45 a 49 anos,4145.0
2307601,Limoeiro do Norte - CE,Total,50 a 54 anos,3874.0
2307601,Limoeiro do Norte - CE,Total,55 a 59 anos,3684.0
2307601,Limoeiro do Norte - CE,Total,60 a 64 anos,2800.0
2307601,Limoeiro do Norte - CE,Total,65 a 69 anos,2151.0
2307601,Limoeiro do Norte - CE,Total,70 a 74 anos,1803.0
2307601,Limoeiro do Norte - CE,Total,75 a 79 anos,1222.0
2307601,Limoeiro do Norte - CE,Total,80 a 84 anos,739.0
2307601,Limoeiro do Norte - CE,Total,85 a 89 anos,423.0
2307601,Limoeiro do Norte - CE,Total,90 a 94 anos,185.0
2307601,Limoeiro do Norte - CE,Total,95 a 99 anos,69.0
2307601,Limoeiro do Norte - CE,Total,100 anos ou mais,11.0
2307635,Madalena - CE,Total,Total,16896.0
2307635,Madalena - CE,Total,0 a 4 anos,1166.0
2307635,Madalena - CE,Total,5 a 9 anos,1207.0
2307635,Madalena - CE,Total,10 a 14 anos,1263.0
2307635,Madalena - CE,Total,15 a 19 anos,1477.0
2307635,Madalena - CE,Total,20 a 24 anos,1384.0
2307635,Madalena - CE,Total,25 a 29 anos,1377.0
2307635,Madalena - CE,Total,30 a 34 anos,1213.0
2307635,Madalena - CE,Total,35 a 39 anos,1131.0
2307635,Madalena - CE,Total,40 a 44 anos,1109.0
2307635,Madalena - CE,Total,45 a 49 anos,1020.0
2307635,Madalena - CE,Total,50 a 54 anos,955.0
2307635,Madalena - CE,Total,55 a 59 anos,910.0
2307635,Madalena - CE,Total,60 a 64 anos,745.0
2307635,Madalena - CE,Total,65 a 69 anos,584.0
2307635,Madalena - CE,Total,70 a 74 anos,511.0
2307635,Madalena - CE,Total,75 a 79 anos,333.0
2307635,Madalena - CE,Total,80 a 84 anos,284.0
2307635,Madalena - CE,Total,85 a 89 anos,137.0
2307635,Madalena - CE,Total,90 a 94 anos,66.0
2307635,Madalena - CE,Total,95 a 99 anos,21.0
2307635,Madalena - CE,Total,100 anos ou mais,3.0
2307650,Maracanaú - CE,Total,Total,234509.0
2307650,Maracanaú - CE,Total,0 a 4 anos,16209.0
2307650,Maracanaú - CE,Total,5 a 9 anos,17567.0
2307650,Maracanaú - CE,Total,10 a 14 anos,16640.0
2307650,Maracanaú - CE,Total,15 a 19 anos,16804.0
2307650,Maracanaú - CE,Total,20 a 24 anos,19033.0
2307650,Maracanaú - CE,Total,25 a 29 anos,20342.0
2307650,Maracanaú - CE,Total,30 a 34 anos,20254.0
2307650,Maracanaú - CE,Total,35 a 39 anos,20482.0
2307650,Maracanaú - CE,Total,40 a 44 anos,18693.0
2307650,Maracanaú - CE,Total,45 a 49 anos,15081.0
2307650,Maracanaú - CE,Total,50 a 54 anos,13672.0
2307650,Maracanaú - CE,Total,55 a 59 anos,12185.0
2307650,Maracanaú - CE,Total,60 a 64 anos,9287.0
2307650,Maracanaú - CE,Total,65 a 69 anos,6941.0
2307650,Maracanaú - CE,Total,70 a 74 anos,4790.0
2307650,Maracanaú - CE,Total,75 a 79 anos,3015.0
2307650,Maracanaú - CE,Total,80 a 84 anos,1825.0
2307650,Maracanaú - CE,Total,85 a 89 anos,1048.0
2307650,Maracanaú - CE,Total,90 a 94 anos,445.0
2307650,Maracanaú - CE,Total,95 a 99 anos,170.0
2307650,Maracanaú - CE,Total,100 anos ou mais,26.0
2307700,Maranguape - CE,Total,Total,105093.0
2307700,Maranguape - CE,Total,0 a 4 anos,6837.0
2307700,Maranguape - CE,Total,5 a 9 anos,7478.0
2307700,Maranguape - CE,Total,10 a 14 anos,7195.0
2307700,Maranguape - CE,Total,15 a 19 anos,7486.0
2307700,Maranguape - CE,Total,20 a 24 anos,8220.0
2307700,Maranguape - CE,Total,25 a 29 anos,8938.0
2307700,Maranguape - CE,Total,30 a 34 anos,9094.0
2307700,Maranguape - CE,Total,35 a 39 anos,8731.0
2307700,Maranguape - CE,Total,40 a 44 anos,8274.0
2307700,Maranguape - CE,Total,45 a 49 anos,6773.0
2307700,Maranguape - CE,Total,50 a 54 anos,6331.0
2307700,Maranguape - CE,Total,55 a 59 anos,5684.0
2307700,Maranguape - CE,Total,60 a 64 anos,4320.0
2307700,Maranguape - CE,Total,65 a 69 anos,3181.0
2307700,Maranguape - CE,Total,70 a 74 anos,2400.0
2307700,Maranguape - CE,Total,75 a 79 anos,1755.0
2307700,Maranguape - CE,Total,80 a 84 anos,1292.0
2307700,Maranguape - CE,Total,85 a 89 anos,650.0
2307700,Maranguape - CE,Total,90 a 94 anos,332.0
2307700,Maranguape - CE,Total,95 a 99 anos,96.0
2307700,Maranguape - CE,Total,100 anos ou mais,26.0
2307809,Marco - CE,Total,Total,25799.0
2307809,Marco - CE,Total,0 a 4 anos,1875.0
2307809,Marco - CE,Total,5 a 9 anos,1923.0
2307809,Marco - CE,Total,10 a 14 anos,1951.0
2307809,Marco - CE,Total,15 a 19 anos,2276.0
2307809,Marco - CE,Total,20 a 24 anos,2489.0
2307809,Marco - CE,Total,25 a 29 anos,2258.0
2307809,Marco - CE,Total,30 a 34 anos,2282.0
2307809,Marco - CE,Total,35 a 39 anos,2168.0
2307809,Marco - CE,Total,40 a 44 anos,1853.0
2307809,Marco - CE,Total,45 a 49 anos,1474.0
2307809,Marco - CE,Total,50 a 54 anos,1497.0
2307809,Marco - CE,Total,55 a 59 anos,1077.0
2307809,Marco - CE,Total,60 a 64 anos,853.0
2307809,Marco - CE,Total,65 a 69 anos,514.0
2307809,Marco - CE,Total,70 a 74 anos,499.0
2307809,Marco - CE,Total,75 a 79 anos,387.0
2307809,Marco - CE,Total,80 a 84 anos,242.0
2307809,Marco - CE,Total,85 a 89 anos,113.0
2307809,Marco - CE,Total,90 a 94 anos,46.0
2307809,Marco - CE,Total,95 a 99 anos,18.0
2307809,Marco - CE,Total,100 anos ou mais,4.0
2307908,Martinópole - CE,Total,Total,10846.0
2307908,Martinópole - CE,Total,0 a 4 anos,831.0
2307908,Martinópole - CE,Total,5 a 9 anos,741.0
2307908,Martinópole - CE,Total,10 a 14 anos,829.0
2307908,Martinópole - CE,Total,15 a 19 anos,985.0
2307908,Martinópole - CE,Total,20 a 24 anos,964.0
2307908,Martinópole - CE,Total,25 a 29 anos,1042.0
2307908,Martinópole - CE,Total,30 a 34 anos,832.0
2307908,Martinópole - CE,Total,35 a 39 anos,771.0
2307908,Martinópole - CE,Total,40 a 44 anos,718.0
2307908,Martinópole - CE,Total,45 a 49 anos,640.0
2307908,Martinópole - CE,Total,50 a 54 anos,563.0
2307908,Martinópole - CE,Total,55 a 59 anos,531.0
2307908,Martinópole - CE,Total,60 a 64 anos,348.0
2307908,Martinópole - CE,Total,65 a 69 anos,291.0
2307908,Martinópole - CE,Total,70 a 74 anos,304.0
2307908,Martinópole - CE,Total,75 a 79 anos,205.0
2307908,Martinópole - CE,Total,80 a 84 anos,134.0
2307908,Martinópole - CE,Total,85 a 89 anos,67.0
2307908,Martinópole - CE,Total,90 a 94 anos,35.0
2307908,Martinópole - CE,Total,95 a 99 anos,9.0
2307908,Martinópole - CE,Total,100 anos ou mais,6.0
2308005,Massapê - CE,Total,Total,37697.0
2308005,Massapê - CE,Total,0 a 4 anos,2876.0
2308005,Massapê - CE,Total,5 a 9 anos,2719.0
2308005,Massapê - CE,Total,10 a 14 anos,2834.0
2308005,Massapê - CE,Total,15 a 19 anos,3072.0
2308005,Massapê - CE,Total,20 a 24 anos,3451.0
2308005,Massapê - CE,Total,25 a 29 anos,3327.0
2308005,Massapê - CE,Total,30 a 34 anos,3054.0
2308005,Massapê - CE,Total,35 a 39 anos,2829.0
2308005,Massapê - CE,Total,40 a 44 anos,2562.0
2308005,Massapê - CE,Total,45 a 49 anos,2305.0
2308005,Massapê - CE,Total,50 a 54 anos,2045.0
2308005,Massapê - CE,Total,55 a 59 anos,1869.0
2308005,Massapê - CE,Total,60 a 64 anos,1347.0
2308005,Massapê - CE,Total,65 a 69 anos,998.0
2308005,Massapê - CE,Total,70 a 74 anos,965.0
2308005,Massapê - CE,Total,75 a 79 anos,581.0
2308005,Massapê - CE,Total,80 a 84 anos,435.0
2308005,Massapê - CE,Total,85 a 89 anos,261.0
2308005,Massapê - CE,Total,90 a 94 anos,119.0
2308005,Massapê - CE,Total,95 a 99 anos,42.0
2308005,Massapê - CE,Total,100 anos ou mais,6.0
2308104,Mauriti - CE,Total,Total,45561.0
2308104,Mauriti - CE,Total,0 a 4 anos,3235.0
2308104,Mauriti - CE,Total,5 a 9 anos,3303.0
2308104,Mauriti - CE,Total,10 a 14 anos,3580.0
2308104,Mauriti - CE,Total,15 a 19 anos,3524.0
2308104,Mauriti - CE,Total,20 a 24 anos,3690.0
2308104,Mauriti - CE,Total,25 a 29 anos,3646.0
2308104,Mauriti - CE,Total,30 a 34 anos,3437.0
2308104,Mauriti - CE,Total,35 a 39 anos,3332.0
2308104,Mauriti - CE,Total,40 a 44 anos,3307.0
2308104,Mauriti - CE,Total,45 a 49 anos,2920.0
2308104,Mauriti - CE,Total,50 a 54 anos,2499.0
2308104,Mauriti - CE,Total,55 a 59 anos,2280.0
2308104,Mauriti - CE,Total,60 a 64 anos,1904.0
2308104,Mauriti - CE,Total,65 a 69 anos,1473.0
2308104,Mauriti - CE,Total,70 a 74 anos,1288.0
2308104,Mauriti - CE,Total,75 a 79 anos,911.0
2308104,Mauriti - CE,Total,80 a 84 anos,661.0
2308104,Mauriti - CE,Total,85 a 89 anos,377.0
2308104,Mauriti - CE,Total,90 a 94 anos,132.0
2308104,Mauriti - CE,Total,95 a 99 anos,54.0
2308104,Mauriti - CE,Total,100 anos ou mais,8.0
2308203,Meruoca - CE,Total,Total,15157.0
2308203,Meruoca - CE,Total,0 a 4 anos,1046.0
2308203,Meruoca - CE,Total,5 a 9 anos,1120.0
2308203,Meruoca - CE,Total,10 a 14 anos,1137.0
2308203,Meruoca - CE,Total,15 a 19 anos,1148.0
2308203,Meruoca - CE,Total,20 a 24 anos,1228.0
2308203,Meruoca - CE,Total,25 a 29 anos,1287.0
2308203,Meruoca - CE,Total,30 a 34 anos,1226.0
2308203,Meruoca - CE,Total,35 a 39 anos,1241.0
2308203,Meruoca - CE,Total,40 a 44 anos,996.0
2308203,Meruoca - CE,Total,45 a 49 anos,844.0
2308203,Meruoca - CE,Total,50 a 54 anos,780.0
2308203,Meruoca - CE,Total,55 a 59 anos,791.0
2308203,Meruoca - CE,Total,60 a 64 anos,605.0
2308203,Meruoca - CE,Total,65 a 69 anos,496.0
2308203,Meruoca - CE,Total,70 a 74 anos,469.0
2308203,Meruoca - CE,Total,75 a 79 anos,279.0
2308203,Meruoca - CE,Total,80 a 84 anos,206.0
2308203,Meruoca - CE,Total,85 a 89 anos,143.0
2308203,Meruoca - CE,Total,90 a 94 anos,77.0
2308203,Meruoca - CE,Total,95 a 99 anos,33.0
2308203,Meruoca - CE,Total,100 anos ou mais,5.0
2308302,Milagres - CE,Total,Total,25900.0
2308302,Milagres - CE,Total,0 a 4 anos,1530.0
2308302,Milagres - CE,Total,5 a 9 anos,1692.0
2308302,Milagres - CE,Total,10 a 14 anos,1954.0
2308302,Milagres - CE,Total,15 a 19 anos,1968.0
2308302,Milagres - CE,Total,20 a 24 anos,2012.0
2308302,Milagres - CE,Total,25 a 29 anos,1863.0
2308302,Milagres - CE,Total,30 a 34 anos,1894.0
2308302,Milagres - CE,Total,35 a 39 anos,1911.0
2308302,Milagres - CE,Total,40 a 44 anos,1922.0
2308302,Milagres - CE,Total,45 a 49 anos,1771.0
2308302,Milagres - CE,Total,50 a 54 anos,1537.0
2308302,Milagres - CE,Total,55 a 59 anos,1475.0
2308302,Milagres - CE,Total,60 a 64 anos,1168.0
2308302,Milagres - CE,Total,65 a 69 anos,926.0
2308302,Milagres - CE,Total,70 a 74 anos,796.0
2308302,Milagres - CE,Total,75 a 79 anos,584.0
2308302,Milagres - CE,Total,80 a 84 anos,494.0
2308302,Milagres - CE,Total,85 a 89 anos,250.0
2308302,Milagres - CE,Total,90 a 94 anos,114.0
2308302,Milagres - CE,Total,95 a 99 anos,34.0
2308302,Milagres - CE,Total,100 anos ou mais,5.0
2308351,Milhã - CE,Total,Total,14123.0
2308351,Milhã - CE,Total,0 a 4 anos,856.0
2308351,Milhã - CE,Total,5 a 9 anos,839.0
2308351,Milhã - CE,Total,10 a 14 anos,889.0
2308351,Milhã - CE,Total,15 a 19 anos,993.0
2308351,Milhã - CE,Total,20 a 24 anos,1111.0
2308351,Milhã - CE,Total,25 a 29 anos,1157.0
2308351,Milhã - CE,Total,30 a 34 anos,1008.0
2308351,Milhã - CE,Total,35 a 39 anos,1005.0
2308351,Milhã - CE,Total,40 a 44 anos,986.0
2308351,Milhã - CE,Total,45 a 49 anos,900.0
2308351,Milhã - CE,Total,50 a 54 anos,869.0
2308351,Milhã - CE,Total,55 a 59 anos,914.0
2308351,Milhã - CE,Total,60 a 64 anos,698.0
2308351,Milhã - CE,Total,65 a 69 anos,541.0
2308351,Milhã - CE,Total,70 a 74 anos,488.0
2308351,Milhã - CE,Total,75 a 79 anos,373.0
2308351,Milhã - CE,Total,80 a 84 anos,278.0
2308351,Milhã - CE,Total,85 a 89 anos,139.0
2308351,Milhã - CE,Total,90 a 94 anos,51.0
2308351,Milhã - CE,Total,95 a 99 anos,22.0
2308351,Milhã - CE,Total,100 anos ou mais,6.0
2308377,Miraíma - CE,Total,Total,14196.0
2308377,Miraíma - CE,Total,0 a 4 anos,1072.0
2308377,Miraíma - CE,Total,5 a 9 anos,1063.0
2308377,Miraíma - CE,Total,10 a 14 anos,1193.0
2308377,Miraíma - CE,Total,15 a 19 anos,1304.0
2308377,Miraíma - CE,Total,20 a 24 anos,1176.0
2308377,Miraíma - CE,Total,25 a 29 anos,1135.0
2308377,Miraíma - CE,Total,30 a 34 anos,1049.0
2308377,Miraíma - CE,Total,35 a 39 anos,1075.0
2308377,Miraíma - CE,Total,40 a 44 anos,932.0
2308377,Miraíma - CE,Total,45 a 49 anos,883.0
2308377,Miraíma - CE,Total,50 a 54 anos,680.0
2308377,Miraíma - CE,Total,55 a 59 anos,724.0
2308377,Miraíma - CE,Total,60 a 64 anos,551.0
2308377,Miraíma - CE,Total,65 a 69 anos,439.0
2308377,Miraíma - CE,Total,70 a 74 anos,340.0
2308377,Miraíma - CE,Total,75 a 79 anos,234.0
2308377,Miraíma - CE,Total,80 a 84 anos,170.0
2308377,Miraíma - CE,Total,85 a 89 anos,99.0
2308377,Miraíma - CE,Total,90 a 94 anos,50.0
2308377,Miraíma - CE,Total,95 a 99 anos,24.0
2308377,Miraíma - CE,Total,100 anos ou mais,3.0
2308401,Missão Velha - CE,Total,Total,36822.0
2308401,Missão Velha - CE,Total,0 a 4 anos,2780.0
2308401,Missão Velha - CE,Total,5 a 9 anos,2785.0
2308401,Missão Velha - CE,Total,10 a 14 anos,3003.0
2308401,Missão Velha - CE,Total,15 a 19 anos,3031.0
2308401,Missão Velha - CE,Total,20 a 24 anos,3059.0
2308401,Missão Velha - CE,Total,25 a 29 anos,2953.0
2308401,Missão Velha - CE,Total,30 a 34 anos,2725.0
2308401,Missão Velha - CE,Total,35 a 39 anos,2691.0
2308401,Missão Velha - CE,Total,40 a 44 anos,2609.0
2308401,Missão Velha - CE,Total,45 a 49 anos,2264.0
2308401,Missão Velha - CE,Total,50 a 54 anos,1930.0
2308401,Missão Velha - CE,Total,55 a 59 anos,1673.0
2308401,Missão Velha - CE,Total,60 a 64 anos,1403.0
2308401,Missão Velha - CE,Total,65 a 69 anos,1133.0
2308401,Missão Velha - CE,Total,70 a 74 anos,1008.0
2308401,Missão Velha - CE,Total,75 a 79 anos,784.0
2308401,Missão Velha - CE,Total,80 a 84 anos,537.0
2308401,Missão Velha - CE,Total,85 a 89 anos,288.0
2308401,Missão Velha - CE,Total,90 a 94 anos,123.0
2308401,Missão Velha - CE,Total,95 a 99 anos,36.0
2308401,Missão Velha - CE,Total,100 anos ou mais,7.0
2308500,Mombaça - CE,Total,Total,37735.0
2308500,Mombaça - CE,Total,0 a 4 anos,2360.0
2308500,Mombaça - CE,Total,5 a 9 anos,2429.0
2308500,Mombaça - CE,Total,10 a 14 anos,2711.0
2308500,Mombaça - CE,Total,15 a 19 anos,2950.0
2308500,Mombaça - CE,Total,20 a 24 anos,2699.0
2308500,Mombaça - CE,Total,25 a 29 anos,2601.0
2308500,Mombaça - CE,Total,30 a 34 anos,2616.0
2308500,Mombaça - CE,Total,35 a 39 anos,2787.0
2308500,Mombaça - CE,Total,40 a 44 anos,2643.0
2308500,Mombaça - CE,Total,45 a 49 anos,2268.0
2308500,Mombaça - CE,Total,50 a 54 anos,2234.0
2308500,Mombaça - CE,Total,55 a 59 anos,2195.0
2308500,Mombaça - CE,Total,60 a 64 anos,1889.0
2308500,Mombaça - CE,Total,65 a 69 anos,1509.0
2308500,Mombaça - CE,Total,70 a 74 anos,1412.0
2308500,Mombaça - CE,Total,75 a 79 anos,1063.0
2308500,Mombaça - CE,Total,80 a 84 anos,737.0
2308500,Mombaça - CE,Total,85 a 89 anos,399.0
2308500,Mombaça - CE,Total,90 a 94 anos,162.0
2308500,Mombaça - CE,Total,95 a 99 anos,57.0
2308500,Mombaça - CE,Total,100 anos ou mais,14.0
2308609,Monsenhor Tabosa - CE,Total,Total,17149.0
2308609,Monsenhor Tabosa - CE,Total,0 a 4 anos,1133.0
2308609,Monsenhor Tabosa - CE,Total,5 a 9 anos,1167.0
2308609,Monsenhor Tabosa - CE,Total,10 a 14 anos,1164.0
2308609,Monsenhor Tabosa - CE,Total,15 a 19 anos,1280.0
2308609,Monsenhor Tabosa - CE,Total,20 a 24 anos,1317.0
2308609,Monsenhor Tabosa - CE,Total,25 a 29 anos,1229.0
2308609,Monsenhor Tabosa - CE,Total,30 a 34 anos,1223.0
2308609,Monsenhor Tabosa - CE,Total,35 a 39 anos,1258.0
2308609,Monsenhor Tabosa - CE,Total,40 a 44 anos,1235.0
2308609,Monsenhor Tabosa - CE,Total,45 a 49 anos,1053.0
2308609,Monsenhor Tabosa - CE,Total,50 a 54 anos,950.0
2308609,Monsenhor Tabosa - CE,Total,55 a 59 anos,1018.0
2308609,Monsenhor Tabosa - CE,Total,60 a 64 anos,814.0
2308609,Monsenhor Tabosa - CE,Total,65 a 69 anos,696.0
2308609,Monsenhor Tabosa - CE,Total,70 a 74 anos,634.0
2308609,Monsenhor Tabosa - CE,Total,75 a 79 anos,362.0
2308609,Monsenhor Tabosa - CE,Total,80 a 84 anos,309.0
2308609,Monsenhor Tabosa - CE,Total,85 a 89 anos,187.0
2308609,Monsenhor Tabosa - CE,Total,90 a 94 anos,86.0
2308609,Monsenhor Tabosa - CE,Total,95 a 99 anos,26.0
2308609,Monsenhor Tabosa - CE,Total,100 anos ou mais,8.0
2308708,Morada Nova - CE,Total,Total,61443.0
2308708,Morada Nova - CE,Total,0 a 4 anos,3558.0
2308708,Morada Nova - CE,Total,5 a 9 anos,3727.0
2308708,Morada Nova - CE,Total,10 a 14 anos,3934.0
2308708,Morada Nova - CE,Total,15 a 19 anos,4124.0
2308708,Morada Nova - CE,Total,20 a 24 anos,4792.0
2308708,Morada Nova - CE,Total,25 a 29 anos,4699.0
2308708,Morada Nova - CE,Total,30 a 34 anos,4665.0
2308708,Morada Nova - CE,Total,35 a 39 anos,4726.0
2308708,Morada Nova - CE,Total,40 a 44 anos,4581.0
2308708,Morada Nova - CE,Total,45 a 49 anos,4234.0
2308708,Morada Nova - CE,Total,50 a 54 anos,3880.0
2308708,Morada Nova - CE,Total,55 a 59 anos,3798.0
2308708,Morada Nova - CE,Total,60 a 64 anos,2910.0
2308708,Morada Nova - CE,Total,65 a 69 anos,2451.0
2308708,Morada Nova - CE,Total,70 a 74 anos,2052.0
2308708,Morada Nova - CE,Total,75 a 79 anos,1433.0
2308708,Morada Nova - CE,Total,80 a 84 anos,951.0
2308708,Morada Nova - CE,Total,85 a 89 anos,558.0
2308708,Morada Nova - CE,Total,90 a 94 anos,269.0
2308708,Morada Nova - CE,Total,95 a 99 anos,77.0
2308708,Morada Nova - CE,Total,100 anos ou mais,24.0
2308807,Moraújo - CE,Total,Total,8254.0
2308807,Moraújo - CE,Total,0 a 4 anos,596.0
2308807,Moraújo - CE,Total,5 a 9 anos,594.0
2308807,Moraújo - CE,Total,10 a 14 anos,586.0
2308807,Moraújo - CE,Total,15 a 19 anos,699.0
2308807,Moraújo - CE,Total,20 a 24 anos,713.0
2308807,Moraújo - CE,Total,25 a 29 anos,715.0
2308807,Moraújo - CE,Total,30 a 34 anos,627.0
2308807,Moraújo - CE,Total,35 a 39 anos,652.0
2308807,Moraújo - CE,Total,40 a 44 anos,588.0
2308807,Moraújo - CE,Total,45 a 49 anos,518.0
2308807,Moraújo - CE,Total,50 a 54 anos,428.0
2308807,Moraújo - CE,Total,55 a 59 anos,391.0
2308807,Moraújo - CE,Total,60 a 64 anos,314.0
2308807,Moraújo - CE,Total,65 a 69 anos,253.0
2308807,Moraújo - CE,Total,70 a 74 anos,247.0
2308807,Moraújo - CE,Total,75 a 79 anos,156.0
2308807,Moraújo - CE,Total,80 a 84 anos,103.0
2308807,Moraújo - CE,Total,85 a 89 anos,47.0
2308807,Moraújo - CE,Total,90 a 94 anos,23.0
2308807,Moraújo - CE,Total,95 a 99 anos,4.0
2308807,Moraújo - CE,Total,100 anos ou mais,
2308906,Morrinhos - CE,Total,Total,22753.0
2308906,Morrinhos - CE,Total,0 a 4 anos,1809.0
2308906,Morrinhos - CE,Total,5 a 9 anos,1792.0
2308906,Morrinhos - CE,Total,10 a 14 anos,1948.0
2308906,Morrinhos - CE,Total,15 a 19 anos,1994.0
2308906,Morrinhos - CE,Total,20 a 24 anos,1972.0
2308906,Morrinhos - CE,Total,25 a 29 anos,1873.0
2308906,Morrinhos - CE,Total,30 a 34 anos,1718.0
2308906,Morrinhos - CE,Total,35 a 39 anos,1747.0
2308906,Morrinhos - CE,Total,40 a 44 anos,1502.0
2308906,Morrinhos - CE,Total,45 a 49 anos,1331.0
2308906,Morrinhos - CE,Total,50 a 54 anos,1103.0
2308906,Morrinhos - CE,Total,55 a 59 anos,1054.0
2308906,Morrinhos - CE,Total,60 a 64 anos,784.0
2308906,Morrinhos - CE,Total,65 a 69 anos,622.0
2308906,Morrinhos - CE,Total,70 a 74 anos,551.0
2308906,Morrinhos - CE,Total,75 a 79 anos,455.0
2308906,Morrinhos - CE,Total,80 a 84 anos,299.0
2308906,Morrinhos - CE,Total,85 a 89 anos,135.0
2308906,Morrinhos - CE,Total,90 a 94 anos,51.0
2308906,Morrinhos - CE,Total,95 a 99 anos,12.0
2308906,Morrinhos - CE,Total,100 anos ou mais,1.0
2309003,Mucambo - CE,Total,Total,13666.0
2309003,Mucambo - CE,Total,0 a 4 anos,859.0
2309003,Mucambo - CE,Total,5 a 9 anos,912.0
2309003,Mucambo - CE,Total,10 a 14 anos,1034.0
2309003,Mucambo - CE,Total,15 a 19 anos,965.0
2309003,Mucambo - CE,Total,20 a 24 anos,1004.0
2309003,Mucambo - CE,Total,25 a 29 anos,945.0
2309003,Mucambo - CE,Total,30 a 34 anos,959.0
2309003,Mucambo - CE,Total,35 a 39 anos,983.0
2309003,Mucambo - CE,Total,40 a 44 anos,866.0
2309003,Mucambo - CE,Total,45 a 49 anos,858.0
2309003,Mucambo - CE,Total,50 a 54 anos,827.0
2309003,Mucambo - CE,Total,55 a 59 anos,850.0
2309003,Mucambo - CE,Total,60 a 64 anos,689.0
2309003,Mucambo - CE,Total,65 a 69 anos,579.0
2309003,Mucambo - CE,Total,70 a 74 anos,550.0
2309003,Mucambo - CE,Total,75 a 79 anos,340.0
2309003,Mucambo - CE,Total,80 a 84 anos,241.0
2309003,Mucambo - CE,Total,85 a 89 anos,115.0
2309003,Mucambo - CE,Total,90 a 94 anos,66.0
2309003,Mucambo - CE,Total,95 a 99 anos,22.0
2309003,Mucambo - CE,Total,100 anos ou mais,2.0
2309102,Mulungu - CE,Total,Total,10569.0
2309102,Mulungu - CE,Total,0 a 4 anos,737.0
2309102,Mulungu - CE,Total,5 a 9 anos,803.0
2309102,Mulungu - CE,Total,10 a 14 anos,806.0
2309102,Mulungu - CE,Total,15 a 19 anos,846.0
2309102,Mulungu - CE,Total,20 a 24 anos,882.0
2309102,Mulungu - CE,Total,25 a 29 anos,869.0
2309102,Mulungu - CE,Total,30 a 34 anos,784.0
2309102,Mulungu - CE,Total,35 a 39 anos,754.0
2309102,Mulungu - CE,Total,40 a 44 anos,737.0
2309102,Mulungu - CE,Total,45 a 49 anos,630.0
2309102,Mulungu - CE,Total,50 a 54 anos,510.0
2309102,Mulungu - CE,Total,55 a 59 anos,537.0
2309102,Mulungu - CE,Total,60 a 64 anos,491.0
2309102,Mulungu - CE,Total,65 a 69 anos,378.0
2309102,Mulungu - CE,Total,70 a 74 anos,313.0
2309102,Mulungu - CE,Total,75 a 79 anos,189.0
2309102,Mulungu - CE,Total,80 a 84 anos,149.0
2309102,Mulungu - CE,Total,85 a 89 anos,79.0
2309102,Mulungu - CE,Total,90 a 94 anos,54.0
2309102,Mulungu - CE,Total,95 a 99 anos,16.0
2309102,Mulungu - CE,Total,100 anos ou mais,5.0
2309201,Nova Olinda - CE,Total,Total,15399.0
2309201,Nova Olinda - CE,Total,0 a 4 anos,1216.0
2309201,Nova Olinda - CE,Total,5 a 9 anos,1249.0
2309201,Nova Olinda - CE,Total,10 a 14 anos,1263.0
2309201,Nova Olinda - CE,Total,15 a 19 anos,1184.0
2309201,Nova Olinda - CE,Total,20 a 24 anos,1256.0
2309201,Nova Olinda - CE,Total,25 a 29 anos,1300.0
2309201,Nova Olinda - CE,Total,30 a 34 anos,1177.0
2309201,Nova Olinda - CE,Total,35 a 39 anos,1180.0
2309201,Nova Olinda - CE,Total,40 a 44 anos,1072.0
2309201,Nova Olinda - CE,Total,45 a 49 anos,951.0
2309201,Nova Olinda - CE,Total,50 a 54 anos,757.0
2309201,Nova Olinda - CE,Total,55 a 59 anos,668.0
2309201,Nova Olinda - CE,Total,60 a 64 anos,589.0
2309201,Nova Olinda - CE,Total,65 a 69 anos,438.0
2309201,Nova Olinda - CE,Total,70 a 74 anos,417.0
2309201,Nova Olinda - CE,Total,75 a 79 anos,287.0
2309201,Nova Olinda - CE,Total,80 a 84 anos,208.0
2309201,Nova Olinda - CE,Total,85 a 89 anos,124.0
2309201,Nova Olinda - CE,Total,90 a 94 anos,49.0
2309201,Nova Olinda - CE,Total,95 a 99 anos,11.0
2309201,Nova Olinda - CE,Total,100 anos ou mais,3.0
2309300,Nova Russas - CE,Total,Total,30699.0
2309300,Nova Russas - CE,Total,0 a 4 anos,1979.0
2309300,Nova Russas - CE,Total,5 a 9 anos,1963.0
2309300,Nova Russas - CE,Total,10 a 14 anos,2176.0
2309300,Nova Russas - CE,Total,15 a 19 anos,2407.0
2309300,Nova Russas - CE,Total,20 a 24 anos,2310.0
2309300,Nova Russas - CE,Total,25 a 29 anos,2168.0
2309300,Nova Russas - CE,Total,30 a 34 anos,2044.0
2309300,Nova Russas - CE,Total,35 a 39 anos,2119.0
2309300,Nova Russas - CE,Total,40 a 44 anos,2193.0
2309300,Nova Russas - CE,Total,45 a 49 anos,1910.0
2309300,Nova Russas - CE,Total,50 a 54 anos,1756.0
2309300,Nova Russas - CE,Total,55 a 59 anos,1874.0
2309300,Nova Russas - CE,Total,60 a 64 anos,1566.0
2309300,Nova Russas - CE,Total,65 a 69 anos,1297.0
2309300,Nova Russas - CE,Total,70 a 74 anos,1135.0
2309300,Nova Russas - CE,Total,75 a 79 anos,724.0
2309300,Nova Russas - CE,Total,80 a 84 anos,543.0
2309300,Nova Russas - CE,Total,85 a 89 anos,337.0
2309300,Nova Russas - CE,Total,90 a 94 anos,131.0
2309300,Nova Russas - CE,Total,95 a 99 anos,57.0
2309300,Nova Russas - CE,Total,100 anos ou mais,10.0
2309409,Novo Oriente - CE,Total,Total,27545.0
2309409,Novo Oriente - CE,Total,0 a 4 anos,1719.0
2309409,Novo Oriente - CE,Total,5 a 9 anos,1821.0
2309409,Novo Oriente - CE,Total,10 a 14 anos,1929.0
2309409,Novo Oriente - CE,Total,15 a 19 anos,2060.0
2309409,Novo Oriente - CE,Total,20 a 24 anos,2172.0
2309409,Novo Oriente - CE,Total,25 a 29 anos,2129.0
2309409,Novo Oriente - CE,Total,30 a 34 anos,1878.0
2309409,Novo Oriente - CE,Total,35 a 39 anos,1811.0
2309409,Novo Oriente - CE,Total,40 a 44 anos,1952.0
2309409,Novo Oriente - CE,Total,45 a 49 anos,1803.0
2309409,Novo Oriente - CE,Total,50 a 54 anos,1697.0
2309409,Novo Oriente - CE,Total,55 a 59 anos,1696.0
2309409,Novo Oriente - CE,Total,60 a 64 anos,1362.0
2309409,Novo Oriente - CE,Total,65 a 69 anos,1126.0
2309409,Novo Oriente - CE,Total,70 a 74 anos,910.0
2309409,Novo Oriente - CE,Total,75 a 79 anos,615.0
2309409,Novo Oriente - CE,Total,80 a 84 anos,446.0
2309409,Novo Oriente - CE,Total,85 a 89 anos,261.0
2309409,Novo Oriente - CE,Total,90 a 94 anos,119.0
2309409,Novo Oriente - CE,Total,95 a 99 anos,32.0
2309409,Novo Oriente - CE,Total,100 anos ou mais,7.0
2309458,Ocara - CE,Total,Total,24493.0
2309458,Ocara - CE,Total,0 a 4 anos,1482.0
2309458,Ocara - CE,Total,5 a 9 anos,1594.0
2309458,Ocara - CE,Total,10 a 14 anos,1729.0
2309458,Ocara - CE,Total,15 a 19 anos,1822.0
2309458,Ocara - CE,Total,20 a 24 anos,1767.0
2309458,Ocara - CE,Total,25 a 29 anos,1870.0
2309458,Ocara - CE,Total,30 a 34 anos,1803.0
2309458,Ocara - CE,Total,35 a 39 anos,1934.0
2309458,Ocara - CE,Total,40 a 44 anos,1795.0
2309458,Ocara - CE,Total,45 a 49 anos,1614.0
2309458,Ocara - CE,Total,50 a 54 anos,1520.0
2309458,Ocara - CE,Total,55 a 59 anos,1482.0
2309458,Ocara - CE,Total,60 a 64 anos,1121.0
2309458,Ocara - CE,Total,65 a 69 anos,927.0
2309458,Ocara - CE,Total,70 a 74 anos,750.0
2309458,Ocara - CE,Total,75 a 79 anos,541.0
2309458,Ocara - CE,Total,80 a 84 anos,399.0
2309458,Ocara - CE,Total,85 a 89 anos,203.0
2309458,Ocara - CE,Total,90 a 94 anos,104.0
2309458,Ocara - CE,Total,95 a 99 anos,29.0
2309458,Ocara - CE,Total,100 anos ou mais,7.0
2309508,Orós - CE,Total,Total,19675.0
2309508,Orós - CE,Total,0 a 4 anos,1101.0
2309508,Orós - CE,Total,5 a 9 anos,1297.0
2309508,Orós - CE,Total,10 a 14 anos,1336.0
2309508,Orós - CE,Total,15 a 19 anos,1381.0
2309508,Orós - CE,Total,20 a 24 anos,1283.0
2309508,Orós - CE,Total,25 a 29 anos,1229.0
2309508,Orós - CE,Total,30 a 34 anos,1219.0
2309508,Orós - CE,Total,35 a 39 anos,1539.0
2309508,Orós - CE,Total,40 a 44 anos,1430.0
2309508,Orós - CE,Total,45 a 49 anos,1305.0
2309508,Orós - CE,Total,50 a 54 anos,1314.0
2309508,Orós - CE,Total,55 a 59 anos,1231.0
2309508,Orós - CE,Total,60 a 64 anos,1102.0
2309508,Orós - CE,Total,65 a 69 anos,959.0
2309508,Orós - CE,Total,70 a 74 anos,776.0
2309508,Orós - CE,Total,75 a 79 anos,489.0
2309508,Orós - CE,Total,80 a 84 anos,377.0
2309508,Orós - CE,Total,85 a 89 anos,191.0
2309508,Orós - CE,Total,90 a 94 anos,90.0
2309508,Orós - CE,Total,95 a 99 anos,22.0
2309508,Orós - CE,Total,100 anos ou mais,4.0
2309607,Pacajus - CE,Total,Total,70983.0
2309607,Pacajus - CE,Total,0 a 4 anos,4796.0
2309607,Pacajus - CE,Total,5 a 9 anos,5144.0
2309607,Pacajus - CE,Total,10 a 14 anos,5024.0
2309607,Pacajus - CE,Total,15 a 19 anos,5404.0
2309607,Pacajus - CE,Total,20 a 24 anos,5959.0
2309607,Pacajus - CE,Total,25 a 29 anos,6003.0
2309607,Pacajus - CE,Total,30 a 34 anos,5979.0
2309607,Pacajus - CE,Total,35 a 39 anos,6078.0
2309607,Pacajus - CE,Total,40 a 44 anos,5890.0
2309607,Pacajus - CE,Total,45 a 49 anos,4747.0
2309607,Pacajus - CE,Total,50 a 54 anos,4138.0
2309607,Pacajus - CE,Total,55 a 59 anos,3401.0
2309607,Pacajus - CE,Total,60 a 64 anos,2551.0
2309607,Pacajus - CE,Total,65 a 69 anos,1913.0
2309607,Pacajus - CE,Total,70 a 74 anos,1548.0
2309607,Pacajus - CE,Total,75 a 79 anos,1062.0
2309607,Pacajus - CE,Total,80 a 84 anos,720.0
2309607,Pacajus - CE,Total,85 a 89 anos,370.0
2309607,Pacajus - CE,Total,90 a 94 anos,188.0
2309607,Pacajus - CE,Total,95 a 99 anos,60.0
2309607,Pacajus - CE,Total,100 anos ou mais,8.0
2309706,Pacatuba - CE,Total,Total,81524.0
2309706,Pacatuba - CE,Total,0 a 4 anos,6247.0
2309706,Pacatuba - CE,Total,5 a 9 anos,6457.0
2309706,Pacatuba - CE,Total,10 a 14 anos,6035.0
2309706,Pacatuba - CE,Total,15 a 19 anos,5921.0
2309706,Pacatuba - CE,Total,20 a 24 anos,6535.0
2309706,Pacatuba - CE,Total,25 a 29 anos,7427.0
2309706,Pacatuba - CE,Total,30 a 34 anos,7433.0
2309706,Pacatuba - CE,Total,35 a 39 anos,7128.0
2309706,Pacatuba - CE,Total,40 a 44 anos,6276.0
2309706,Pacatuba - CE,Total,45 a 49 anos,4998.0
2309706,Pacatuba - CE,Total,50 a 54 anos,4482.0
2309706,Pacatuba - CE,Total,55 a 59 anos,4051.0
2309706,Pacatuba - CE,Total,60 a 64 anos,2985.0
2309706,Pacatuba - CE,Total,65 a 69 anos,2114.0
2309706,Pacatuba - CE,Total,70 a 74 anos,1434.0
2309706,Pacatuba - CE,Total,75 a 79 anos,901.0
2309706,Pacatuba - CE,Total,80 a 84 anos,604.0
2309706,Pacatuba - CE,Total,85 a 89 anos,323.0
2309706,Pacatuba - CE,Total,90 a 94 anos,117.0
2309706,Pacatuba - CE,Total,95 a 99 anos,47.0
2309706,Pacatuba - CE,Total,100 anos ou mais,9.0
2309805,Pacoti - CE,Total,Total,11186.0
2309805,Pacoti - CE,Total,0 a 4 anos,746.0
2309805,Pacoti - CE,Total,5 a 9 anos,831.0
2309805,Pacoti - CE,Total,10 a 14 anos,903.0
2309805,Pacoti - CE,Total,15 a 19 anos,788.0
2309805,Pacoti - CE,Total,20 a 24 anos,870.0
2309805,Pacoti - CE,Total,25 a 29 anos,887.0
2309805,Pacoti - CE,Total,30 a 34 anos,788.0
2309805,Pacoti - CE,Total,35 a 39 anos,890.0
2309805,Pacoti - CE,Total,40 a 44 anos,773.0
2309805,Pacoti - CE,Total,45 a 49 anos,675.0
2309805,Pacoti - CE,Total,50 a 54 anos,650.0
2309805,Pacoti - CE,Total,55 a 59 anos,649.0
2309805,Pacoti - CE,Total,60 a 64 anos,536.0
2309805,Pacoti - CE,Total,65 a 69 anos,387.0
2309805,Pacoti - CE,Total,70 a 74 anos,280.0
2309805,Pacoti - CE,Total,75 a 79 anos,199.0
2309805,Pacoti - CE,Total,80 a 84 anos,159.0
2309805,Pacoti - CE,Total,85 a 89 anos,102.0
2309805,Pacoti - CE,Total,90 a 94 anos,58.0
2309805,Pacoti - CE,Total,95 a 99 anos,13.0
2309805,Pacoti - CE,Total,100 anos ou mais,2.0
2309904,Pacujá - CE,Total,Total,6175.0
2309904,Pacujá - CE,Total,0 a 4 anos,397.0
2309904,Pacujá - CE,Total,5 a 9 anos,399.0
2309904,Pacujá - CE,Total,10 a 14 anos,469.0
2309904,Pacujá - CE,Total,15 a 19 anos,478.0
2309904,Pacujá - CE,Total,20 a 24 anos,394.0
2309904,Pacujá - CE,Total,25 a 29 anos,444.0
2309904,Pacujá - CE,Total,30 a 34 anos,451.0
2309904,Pacujá - CE,Total,35 a 39 anos,446.0
2309904,Pacujá - CE,Total,40 a 44 anos,418.0
2309904,Pacujá - CE,Total,45 a 49 anos,416.0
2309904,Pacujá - CE,Total,50 a 54 anos,366.0
2309904,Pacujá - CE,Total,55 a 59 anos,385.0
2309904,Pacujá - CE,Total,60 a 64 anos,308.0
2309904,Pacujá - CE,Total,65 a 69 anos,248.0
2309904,Pacujá - CE,Total,70 a 74 anos,202.0
2309904,Pacujá - CE,Total,75 a 79 anos,159.0
2309904,Pacujá - CE,Total,80 a 84 anos,105.0
2309904,Pacujá - CE,Total,85 a 89 anos,52.0
2309904,Pacujá - CE,Total,90 a 94 anos,22.0
2309904,Pacujá - CE,Total,95 a 99 anos,14.0
2309904,Pacujá - CE,Total,100 anos ou mais,2.0
2310001,Palhano - CE,Total,Total,9346.0
2310001,Palhano - CE,Total,0 a 4 anos,532.0
2310001,Palhano - CE,Total,5 a 9 anos,590.0
2310001,Palhano - CE,Total,10 a 14 anos,663.0
2310001,Palhano - CE,Total,15 a 19 anos,684.0
2310001,Palhano - CE,Total,20 a 24 anos,573.0
2310001,Palhano - CE,Total,25 a 29 anos,643.0
2310001,Palhano - CE,Total,30 a 34 anos,707.0
2310001,Palhano - CE,Total,35 a 39 anos,792.0
2310001,Palhano - CE,Total,40 a 44 anos,773.0
2310001,Palhano - CE,Total,45 a 49 anos,630.0
2310001,Palhano - CE,Total,50 a 54 anos,546.0
2310001,Palhano - CE,Total,55 a 59 anos,534.0
2310001,Palhano - CE,Total,60 a 64 anos,438.0
2310001,Palhano - CE,Total,65 a 69 anos,389.0
2310001,Palhano - CE,Total,70 a 74 anos,342.0
2310001,Palhano - CE,Total,75 a 79 anos,240.0
2310001,Palhano - CE,Total,80 a 84 anos,136.0
2310001,Palhano - CE,Total,85 a 89 anos,73.0
2310001,Palhano - CE,Total,90 a 94 anos,39.0
2310001,Palhano - CE,Total,95 a 99 anos,18.0
2310001,Palhano - CE,Total,100 anos ou mais,4.0
2310100,Palmácia - CE,Total,Total,10242.0
2310100,Palmácia - CE,Total,0 a 4 anos,672.0
2310100,Palmácia - CE,Total,5 a 9 anos,666.0
2310100,Palmácia - CE,Total,10 a 14 anos,764.0
2310100,Palmácia - CE,Total,15 a 19 anos,735.0
2310100,Palmácia - CE,Total,20 a 24 anos,836.0
2310100,Palmácia - CE,Total,25 a 29 anos,758.0
2310100,Palmácia - CE,Total,30 a 34 anos,793.0
2310100,Palmácia - CE,Total,35 a 39 anos,770.0
2310100,Palmácia - CE,Total,40 a 44 anos,724.0
2310100,Palmácia - CE,Total,45 a 49 anos,626.0
2310100,Palmácia - CE,Total,50 a 54 anos,646.0
2310100,Palmácia - CE,Total,55 a 59 anos,579.0
2310100,Palmácia - CE,Total,60 a 64 anos,451.0
2310100,Palmácia - CE,Total,65 a 69 anos,353.0
2310100,Palmácia - CE,Total,70 a 74 anos,303.0
2310100,Palmácia - CE,Total,75 a 79 anos,221.0
2310100,Palmácia - CE,Total,80 a 84 anos,180.0
2310100,Palmácia - CE,Total,85 a 89 anos,107.0
2310100,Palmácia - CE,Total,90 a 94 anos,41.0
2310100,Palmácia - CE,Total,95 a 99 anos,15.0
2310100,Palmácia - CE,Total,100 anos ou mais,2.0
2310209,Paracuru - CE,Total,Total,38980.0
2310209,Paracuru - CE,Total,0 a 4 anos,2707.0
2310209,Paracuru - CE,Total,5 a 9 anos,2931.0
2310209,Paracuru - CE,Total,10 a 14 anos,2912.0
2310209,Paracuru - CE,Total,15 a 19 anos,2887.0
2310209,Paracuru - CE,Total,20 a 24 anos,3008.0
2310209,Paracuru - CE,Total,25 a 29 anos,3021.0
2310209,Paracuru - CE,Total,30 a 34 anos,2858.0
2310209,Paracuru - CE,Total,35 a 39 anos,3162.0
2310209,Paracuru - CE,Total,40 a 44 anos,3059.0
2310209,Paracuru - CE,Total,45 a 49 anos,2665.0
2310209,Paracuru - CE,Total,50 a 54 anos,2232.0
2310209,Paracuru - CE,Total,55 a 59 anos,2105.0
2310209,Paracuru - CE,Total,60 a 64 anos,1574.0
2310209,Paracuru - CE,Total,65 a 69 anos,1213.0
2310209,Paracuru - CE,Total,70 a 74 anos,1082.0
2310209,Paracuru - CE,Total,75 a 79 anos,693.0
2310209,Paracuru - CE,Total,80 a 84 anos,445.0
2310209,Paracuru - CE,Total,85 a 89 anos,264.0
2310209,Paracuru - CE,Total,90 a 94 anos,117.0
2310209,Paracuru - CE,Total,95 a 99 anos,39.0
2310209,Paracuru - CE,Total,100 anos ou mais,6.0
2310258,Paraipaba - CE,Total,Total,32216.0
2310258,Paraipaba - CE,Total,0 a 4 anos,2235.0
2310258,Paraipaba - CE,Total,5 a 9 anos,2512.0
2310258,Paraipaba - CE,Total,10 a 14 anos,2401.0
2310258,Paraipaba - CE,Total,15 a 19 anos,2360.0
2310258,Paraipaba - CE,Total,20 a 24 anos,2665.0
2310258,Paraipaba - CE,Total,25 a 29 anos,2658.0
2310258,Paraipaba - CE,Total,30 a 34 anos,2342.0
2310258,Paraipaba - CE,Total,35 a 39 anos,2575.0
2310258,Paraipaba - CE,Total,40 a 44 anos,2416.0
2310258,Paraipaba - CE,Total,45 a 49 anos,2146.0
2310258,Paraipaba - CE,Total,50 a 54 anos,1838.0
2310258,Paraipaba - CE,Total,55 a 59 anos,1713.0
2310258,Paraipaba - CE,Total,60 a 64 anos,1264.0
2310258,Paraipaba - CE,Total,65 a 69 anos,981.0
2310258,Paraipaba - CE,Total,70 a 74 anos,799.0
2310258,Paraipaba - CE,Total,75 a 79 anos,544.0
2310258,Paraipaba - CE,Total,80 a 84 anos,378.0
2310258,Paraipaba - CE,Total,85 a 89 anos,236.0
2310258,Paraipaba - CE,Total,90 a 94 anos,97.0
2310258,Paraipaba - CE,Total,95 a 99 anos,44.0
2310258,Paraipaba - CE,Total,100 anos ou mais,12.0
2310308,Parambu - CE,Total,Total,31445.0
2310308,Parambu - CE,Total,0 a 4 anos,2122.0
2310308,Parambu - CE,Total,5 a 9 anos,2069.0
2310308,Parambu - CE,Total,10 a 14 anos,2168.0
2310308,Parambu - CE,Total,15 a 19 anos,2564.0
2310308,Parambu - CE,Total,20 a 24 anos,2376.0
2310308,Parambu - CE,Total,25 a 29 anos,2373.0
2310308,Parambu - CE,Total,30 a 34 anos,2198.0
2310308,Parambu - CE,Total,35 a 39 anos,2016.0
2310308,Parambu - CE,Total,40 a 44 anos,2093.0
2310308,Parambu - CE,Total,45 a 49 anos,1970.0
2310308,Parambu - CE,Total,50 a 54 anos,1948.0
2310308,Parambu - CE,Total,55 a 59 anos,1889.0
2310308,Parambu - CE,Total,60 a 64 anos,1428.0
2310308,Parambu - CE,Total,65 a 69 anos,1187.0
2310308,Parambu - CE,Total,70 a 74 anos,1111.0
2310308,Parambu - CE,Total,75 a 79 anos,764.0
2310308,Parambu - CE,Total,80 a 84 anos,622.0
2310308,Parambu - CE,Total,85 a 89 anos,314.0
2310308,Parambu - CE,Total,90 a 94 anos,164.0
2310308,Parambu - CE,Total,95 a 99 anos,58.0
2310308,Parambu - CE,Total,100 anos ou mais,11.0
2310407,Paramoti - CE,Total,Total,10384.0
2310407,Paramoti - CE,Total,0 a 4 anos,667.0
2310407,Paramoti - CE,Total,5 a 9 anos,668.0
2310407,Paramoti - CE,Total,10 a 14 anos,740.0
2310407,Paramoti - CE,Total,15 a 19 anos,846.0
2310407,Paramoti - CE,Total,20 a 24 anos,871.0
2310407,Paramoti - CE,Total,25 a 29 anos,793.0
2310407,Paramoti - CE,Total,30 a 34 anos,685.0
2310407,Paramoti - CE,Total,35 a 39 anos,733.0
2310407,Paramoti - CE,Total,40 a 44 anos,710.0
2310407,Paramoti - CE,Total,45 a 49 anos,673.0
2310407,Paramoti - CE,Total,50 a 54 anos,623.0
2310407,Paramoti - CE,Total,55 a 59 anos,615.0
2310407,Paramoti - CE,Total,60 a 64 anos,464.0
2310407,Paramoti - CE,Total,65 a 69 anos,365.0
2310407,Paramoti - CE,Total,70 a 74 anos,359.0
2310407,Paramoti - CE,Total,75 a 79 anos,234.0
2310407,Paramoti - CE,Total,80 a 84 anos,179.0
2310407,Paramoti - CE,Total,85 a 89 anos,85.0
2310407,Paramoti - CE,Total,90 a 94 anos,56.0
2310407,Paramoti - CE,Total,95 a 99 anos,15.0
2310407,Paramoti - CE,Total,100 anos ou mais,3.0
2310506,Pedra Branca - CE,Total,Total,40187.0
2310506,Pedra Branca - CE,Total,0 a 4 anos,2372.0
2310506,Pedra Branca - CE,Total,5 a 9 anos,2571.0
2310506,Pedra Branca - CE,Total,10 a 14 anos,2865.0
2310506,Pedra Branca - CE,Total,15 a 19 anos,3157.0
2310506,Pedra Branca - CE,Total,20 a 24 anos,3053.0
2310506,Pedra Branca - CE,Total,25 a 29 anos,3168.0
2310506,Pedra Branca - CE,Total,30 a 34 anos,2876.0
2310506,Pedra Branca - CE,Total,35 a 39 anos,2752.0
2310506,Pedra Branca - CE,Total,40 a 44 anos,2828.0
2310506,Pedra Branca - CE,Total,45 a 49 anos,2540.0
2310506,Pedra Branca - CE,Total,50 a 54 anos,2372.0
2310506,Pedra Branca - CE,Total,55 a 59 anos,2191.0
2310506,Pedra Branca - CE,Total,60 a 64 anos,1905.0
2310506,Pedra Branca - CE,Total,65 a 69 anos,1520.0
2310506,Pedra Branca - CE,Total,70 a 74 anos,1462.0
2310506,Pedra Branca - CE,Total,75 a 79 anos,1028.0
2310506,Pedra Branca - CE,Total,80 a 84 anos,795.0
2310506,Pedra Branca - CE,Total,85 a 89 anos,436.0
2310506,Pedra Branca - CE,Total,90 a 94 anos,202.0
2310506,Pedra Branca - CE,Total,95 a 99 anos,71.0
2310506,Pedra Branca - CE,Total,100 anos ou mais,23.0
2310605,Penaforte - CE,Total,Total,8972.0
2310605,Penaforte - CE,Total,0 a 4 anos,705.0
2310605,Penaforte - CE,Total,5 a 9 anos,699.0
2310605,Penaforte - CE,Total,10 a 14 anos,700.0
2310605,Penaforte - CE,Total,15 a 19 anos,727.0
2310605,Penaforte - CE,Total,20 a 24 anos,781.0
2310605,Penaforte - CE,Total,25 a 29 anos,713.0
2310605,Penaforte - CE,Total,30 a 34 anos,647.0
2310605,Penaforte - CE,Total,35 a 39 anos,633.0
2310605,Penaforte - CE,Total,40 a 44 anos,659.0
2310605,Penaforte - CE,Total,45 a 49 anos,544.0
2310605,Penaforte - CE,Total,50 a 54 anos,482.0
2310605,Penaforte - CE,Total,55 a 59 anos,436.0
2310605,Penaforte - CE,Total,60 a 64 anos,358.0
2310605,Penaforte - CE,Total,65 a 69 anos,296.0
2310605,Penaforte - CE,Total,70 a 74 anos,206.0
2310605,Penaforte - CE,Total,75 a 79 anos,158.0
2310605,Penaforte - CE,Total,80 a 84 anos,114.0
2310605,Penaforte - CE,Total,85 a 89 anos,66.0
2310605,Penaforte - CE,Total,90 a 94 anos,30.0
2310605,Penaforte - CE,Total,95 a 99 anos,16.0
2310605,Penaforte - CE,Total,100 anos ou mais,2.0
2310704,Pentecoste - CE,Total,Total,37813.0
2310704,Pentecoste - CE,Total,0 a 4 anos,2696.0
2310704,Pentecoste - CE,Total,5 a 9 anos,2735.0
2310704,Pentecoste - CE,Total,10 a 14 anos,2795.0
2310704,Pentecoste - CE,Total,15 a 19 anos,2758.0
2310704,Pentecoste - CE,Total,20 a 24 anos,3120.0
2310704,Pentecoste - CE,Total,25 a 29 anos,3057.0
2310704,Pentecoste - CE,Total,30 a 34 anos,2883.0
2310704,Pentecoste - CE,Total,35 a 39 anos,2834.0
2310704,Pentecoste - CE,Total,40 a 44 anos,2719.0
2310704,Pentecoste - CE,Total,45 a 49 anos,2355.0
2310704,Pentecoste - CE,Total,50 a 54 anos,2270.0
2310704,Pentecoste - CE,Total,55 a 59 anos,2119.0
2310704,Pentecoste - CE,Total,60 a 64 anos,1609.0
2310704,Pentecoste - CE,Total,65 a 69 anos,1198.0
2310704,Pentecoste - CE,Total,70 a 74 anos,960.0
2310704,Pentecoste - CE,Total,75 a 79 anos,683.0
2310704,Pentecoste - CE,Total,80 a 84 anos,550.0
2310704,Pentecoste - CE,Total,85 a 89 anos,271.0
2310704,Pentecoste - CE,Total,90 a 94 anos,133.0
2310704,Pentecoste - CE,Total,95 a 99 anos,52.0
2310704,Pentecoste - CE,Total,100 anos ou mais,16.0
2310803,Pereiro - CE,Total,Total,15274.0
2310803,Pereiro - CE,Total,0 a 4 anos,966.0
2310803,Pereiro - CE,Total,5 a 9 anos,1032.0
2310803,Pereiro - CE,Total,10 a 14 anos,1087.0
2310803,Pereiro - CE,Total,15 a 19 anos,1142.0
2310803,Pereiro - CE,Total,20 a 24 anos,1237.0
2310803,Pereiro - CE,Total,25 a 29 anos,1114.0
2310803,Pereiro - CE,Total,30 a 34 anos,1067.0
2310803,Pereiro - CE,Total,35 a 39 anos,1122.0
2310803,Pereiro - CE,Total,40 a 44 anos,1078.0
2310803,Pereiro - CE,Total,45 a 49 anos,904.0
2310803,Pereiro - CE,Total,50 a 54 anos,904.0
2310803,Pereiro - CE,Total,55 a 59 anos,802.0
2310803,Pereiro - CE,Total,60 a 64 anos,763.0
2310803,Pereiro - CE,Total,65 a 69 anos,640.0
2310803,Pereiro - CE,Total,70 a 74 anos,522.0
2310803,Pereiro - CE,Total,75 a 79 anos,347.0
2310803,Pereiro - CE,Total,80 a 84 anos,285.0
2310803,Pereiro - CE,Total,85 a 89 anos,146.0
2310803,Pereiro - CE,Total,90 a 94 anos,88.0
2310803,Pereiro - CE,Total,95 a 99 anos,24.0
2310803,Pereiro - CE,Total,100 anos ou mais,4.0
2310852,Pindoretama - CE,Total,Total,23391.0
2310852,Pindoretama - CE,Total,0 a 4 anos,1634.0
2310852,Pindoretama - CE,Total,5 a 9 anos,1689.0
2310852,Pindoretama - CE,Total,10 a 14 anos,1604.0
2310852,Pindoretama - CE,Total,15 a 19 anos,1629.0
2310852,Pindoretama - CE,Total,20 a 24 anos,1718.0
2310852,Pindoretama - CE,Total,25 a 29 anos,1882.0
2310852,Pindoretama - CE,Total,30 a 34 anos,1827.0
2310852,Pindoretama - CE,Total,35 a 39 anos,1798.0
2310852,Pindoretama - CE,Total,40 a 44 anos,1897.0
2310852,Pindoretama - CE,Total,45 a 49 anos,1564.0
2310852,Pindoretama - CE,Total,50 a 54 anos,1591.0
2310852,Pindoretama - CE,Total,55 a 59 anos,1225.0
2310852,Pindoretama - CE,Total,60 a 64 anos,933.0
2310852,Pindoretama - CE,Total,65 a 69 anos,748.0
2310852,Pindoretama - CE,Total,70 a 74 anos,634.0
2310852,Pindoretama - CE,Total,75 a 79 anos,422.0
2310852,Pindoretama - CE,Total,80 a 84 anos,322.0
2310852,Pindoretama - CE,Total,85 a 89 anos,165.0
2310852,Pindoretama - CE,Total,90 a 94 anos,76.0
2310852,Pindoretama - CE,Total,95 a 99 anos,30.0
2310852,Pindoretama - CE,Total,100 anos ou mais,3.0
2310902,Piquet Carneiro - CE,Total,Total,16616.0
2310902,Piquet Carneiro - CE,Total,0 a 4 anos,889.0
2310902,Piquet Carneiro - CE,Total,5 a 9 anos,967.0
2310902,Piquet Carneiro - CE,Total,10 a 14 anos,1086.0
2310902,Piquet Carneiro - CE,Total,15 a 19 anos,1180.0
2310902,Piquet Carneiro - CE,Total,20 a 24 anos,1251.0
2310902,Piquet Carneiro - CE,Total,25 a 29 anos,1207.0
2310902,Piquet Carneiro - CE,Total,30 a 34 anos,1275.0
2310902,Piquet Carneiro - CE,Total,35 a 39 anos,1266.0
2310902,Piquet Carneiro - CE,Total,40 a 44 anos,1266.0
2310902,Piquet Carneiro - CE,Total,45 a 49 anos,1060.0
2310902,Piquet Carneiro - CE,Total,50 a 54 anos,970.0
2310902,Piquet Carneiro - CE,Total,55 a 59 anos,958.0
2310902,Piquet Carneiro - CE,Total,60 a 64 anos,833.0
2310902,Piquet Carneiro - CE,Total,65 a 69 anos,689.0
2310902,Piquet Carneiro - CE,Total,70 a 74 anos,666.0
2310902,Piquet Carneiro - CE,Total,75 a 79 anos,458.0
2310902,Piquet Carneiro - CE,Total,80 a 84 anos,344.0
2310902,Piquet Carneiro - CE,Total,85 a 89 anos,143.0
2310902,Piquet Carneiro - CE,Total,90 a 94 anos,83.0
2310902,Piquet Carneiro - CE,Total,95 a 99 anos,20.0
2310902,Piquet Carneiro - CE,Total,100 anos ou mais,5.0
2310951,Pires Ferreira - CE,Total,Total,10606.0
2310951,Pires Ferreira - CE,Total,0 a 4 anos,642.0
2310951,Pires Ferreira - CE,Total,5 a 9 anos,663.0
2310951,Pires Ferreira - CE,Total,10 a 14 anos,767.0
2310951,Pires Ferreira - CE,Total,15 a 19 anos,916.0
2310951,Pires Ferreira - CE,Total,20 a 24 anos,1000.0
2310951,Pires Ferreira - CE,Total,25 a 29 anos,798.0
2310951,Pires Ferreira - CE,Total,30 a 34 anos,699.0
2310951,Pires Ferreira - CE,Total,35 a 39 anos,634.0
2310951,Pires Ferreira - CE,Total,40 a 44 anos,685.0
2310951,Pires Ferreira - CE,Total,45 a 49 anos,721.0
2310951,Pires Ferreira - CE,Total,50 a 54 anos,645.0
2310951,Pires Ferreira - CE,Total,55 a 59 anos,667.0
2310951,Pires Ferreira - CE,Total,60 a 64 anos,466.0
2310951,Pires Ferreira - CE,Total,65 a 69 anos,381.0
2310951,Pires Ferreira - CE,Total,70 a 74 anos,317.0
2310951,Pires Ferreira - CE,Total,75 a 79 anos,230.0
2310951,Pires Ferreira - CE,Total,80 a 84 anos,190.0
2310951,Pires Ferreira - CE,Total,85 a 89 anos,118.0
2310951,Pires Ferreira - CE,Total,90 a 94 anos,47.0
2310951,Pires Ferreira - CE,Total,95 a 99 anos,16.0
2310951,Pires Ferreira - CE,Total,100 anos ou mais,4.0
2311009,Poranga - CE,Total,Total,12065.0
2311009,Poranga - CE,Total,0 a 4 anos,834.0
2311009,Poranga - CE,Total,5 a 9 anos,862.0
2311009,Poranga - CE,Total,10 a 14 anos,902.0
2311009,Poranga - CE,Total,15 a 19 anos,968.0
2311009,Poranga - CE,Total,20 a 24 anos,866.0
2311009,Poranga - CE,Total,25 a 29 anos,859.0
2311009,Poranga - CE,Total,30 a 34 anos,818.0
2311009,Poranga - CE,Total,35 a 39 anos,890.0
2311009,Poranga - CE,Total,40 a 44 anos,856.0
2311009,Poranga - CE,Total,45 a 49 anos,790.0
2311009,Poranga - CE,Total,50 a 54 anos,691.0
2311009,Poranga - CE,Total,55 a 59 anos,659.0
2311009,Poranga - CE,Total,60 a 64 anos,535.0
2311009,Poranga - CE,Total,65 a 69 anos,440.0
2311009,Poranga - CE,Total,70 a 74 anos,402.0
2311009,Poranga - CE,Total,75 a 79 anos,296.0
2311009,Poranga - CE,Total,80 a 84 anos,223.0
2311009,Poranga - CE,Total,85 a 89 anos,106.0
2311009,Poranga - CE,Total,90 a 94 anos,53.0
2311009,Poranga - CE,Total,95 a 99 anos,12.0
2311009,Poranga - CE,Total,100 anos ou mais,3.0
2311108,Porteiras - CE,Total,Total,17050.0
2311108,Porteiras - CE,Total,0 a 4 anos,1231.0
2311108,Porteiras - CE,Total,5 a 9 anos,1241.0
2311108,Porteiras - CE,Total,10 a 14 anos,1282.0
2311108,Porteiras - CE,Total,15 a 19 anos,1327.0
2311108,Porteiras - CE,Total,20 a 24 anos,1366.0
2311108,Porteiras - CE,Total,25 a 29 anos,1271.0
2311108,Porteiras - CE,Total,30 a 34 anos,1351.0
2311108,Porteiras - CE,Total,35 a 39 anos,1293.0
2311108,Porteiras - CE,Total,40 a 44 anos,1234.0
2311108,Porteiras - CE,Total,45 a 49 anos,1057.0
2311108,Porteiras - CE,Total,50 a 54 anos,866.0
2311108,Porteiras - CE,Total,55 a 59 anos,798.0
2311108,Porteiras - CE,Total,60 a 64 anos,687.0
2311108,Porteiras - CE,Total,65 a 69 anos,591.0
2311108,Porteiras - CE,Total,70 a 74 anos,504.0
2311108,Porteiras - CE,Total,75 a 79 anos,351.0
2311108,Porteiras - CE,Total,80 a 84 anos,308.0
2311108,Porteiras - CE,Total,85 a 89 anos,193.0
2311108,Porteiras - CE,Total,90 a 94 anos,73.0
2311108,Porteiras - CE,Total,95 a 99 anos,20.0
2311108,Porteiras - CE,Total,100 anos ou mais,6.0
2311207,Potengi - CE,Total,Total,8833.0
2311207,Potengi - CE,Total,0 a 4 anos,596.0
2311207,Potengi - CE,Total,5 a 9 anos,612.0
2311207,Potengi - CE,Total,10 a 14 anos,740.0
2311207,Potengi - CE,Total,15 a 19 anos,761.0
2311207,Potengi - CE,Total,20 a 24 anos,664.0
2311207,Potengi - CE,Total,25 a 29 anos,572.0
2311207,Potengi - CE,Total,30 a 34 anos,575.0
2311207,Potengi - CE,Total,35 a 39 anos,645.0
2311207,Potengi - CE,Total,40 a 44 anos,600.0
2311207,Potengi - CE,Total,45 a 49 anos,516.0
2311207,Potengi - CE,Total,50 a 54 anos,507.0
2311207,Potengi - CE,Total,55 a 59 anos,501.0
2311207,Potengi - CE,Total,60 a 64 anos,430.0
2311207,Potengi - CE,Total,65 a 69 anos,298.0
2311207,Potengi - CE,Total,70 a 74 anos,281.0
2311207,Potengi - CE,Total,75 a 79 anos,219.0
2311207,Potengi - CE,Total,80 a 84 anos,167.0
2311207,Potengi - CE,Total,85 a 89 anos,99.0
2311207,Potengi - CE,Total,90 a 94 anos,35.0
2311207,Potengi - CE,Total,95 a 99 anos,12.0
2311207,Potengi - CE,Total,100 anos ou mais,3.0
2311231,Potiretama - CE,Total,Total,5974.0
2311231,Potiretama - CE,Total,0 a 4 anos,398.0
2311231,Potiretama - CE,Total,5 a 9 anos,375.0
2311231,Potiretama - CE,Total,10 a 14 anos,388.0
2311231,Potiretama - CE,Total,15 a 19 anos,481.0
2311231,Potiretama - CE,Total,20 a 24 anos,498.0
2311231,Potiretama - CE,Total,25 a 29 anos,445.0
2311231,Potiretama - CE,Total,30 a 34 anos,428.0
2311231,Potiretama - CE,Total,35 a 39 anos,410.0
2311231,Potiretama - CE,Total,40 a 44 anos,483.0
2311231,Potiretama - CE,Total,45 a 49 anos,404.0
2311231,Potiretama - CE,Total,50 a 54 anos,356.0
2311231,Potiretama - CE,Total,55 a 59 anos,325.0
2311231,Potiretama - CE,Total,60 a 64 anos,274.0
2311231,Potiretama - CE,Total,65 a 69 anos,215.0
2311231,Potiretama - CE,Total,70 a 74 anos,204.0
2311231,Potiretama - CE,Total,75 a 79 anos,117.0
2311231,Potiretama - CE,Total,80 a 84 anos,88.0
2311231,Potiretama - CE,Total,85 a 89 anos,56.0
2311231,Potiretama - CE,Total,90 a 94 anos,13.0
2311231,Potiretama - CE,Total,95 a 99 anos,12.0
2311231,Potiretama - CE,Total,100 anos ou mais,4.0
2311264,Quiterianópolis - CE,Total,Total,20213.0
2311264,Quiterianópolis - CE,Total,0 a 4 anos,1277.0
2311264,Quiterianópolis - CE,Total,5 a 9 anos,1327.0
2311264,Quiterianópolis - CE,Total,10 a 14 anos,1432.0
2311264,Quiterianópolis - CE,Total,15 a 19 anos,1577.0
2311264,Quiterianópolis - CE,Total,20 a 24 anos,1394.0
2311264,Quiterianópolis - CE,Total,25 a 29 anos,1463.0
2311264,Quiterianópolis - CE,Total,30 a 34 anos,1384.0
2311264,Quiterianópolis - CE,Total,35 a 39 anos,1459.0
2311264,Quiterianópolis - CE,Total,40 a 44 anos,1551.0
2311264,Quiterianópolis - CE,Total,45 a 49 anos,1333.0
2311264,Quiterianópolis - CE,Total,50 a 54 anos,1267.0
2311264,Quiterianópolis - CE,Total,55 a 59 anos,1206.0
2311264,Quiterianópolis - CE,Total,60 a 64 anos,987.0
2311264,Quiterianópolis - CE,Total,65 a 69 anos,736.0
2311264,Quiterianópolis - CE,Total,70 a 74 anos,666.0
2311264,Quiterianópolis - CE,Total,75 a 79 anos,473.0
2311264,Quiterianópolis - CE,Total,80 a 84 anos,354.0
2311264,Quiterianópolis - CE,Total,85 a 89 anos,195.0
2311264,Quiterianópolis - CE,Total,90 a 94 anos,93.0
2311264,Quiterianópolis - CE,Total,95 a 99 anos,33.0
2311264,Quiterianópolis - CE,Total,100 anos ou mais,6.0
2311306,Quixadá - CE,Total,Total,84168.0
2311306,Quixadá - CE,Total,0 a 4 anos,6270.0
2311306,Quixadá - CE,Total,5 a 9 anos,6159.0
2311306,Quixadá - CE,Total,10 a 14 anos,6215.0
2311306,Quixadá - CE,Total,15 a 19 anos,6541.0
2311306,Quixadá - CE,Total,20 a 24 anos,6923.0
2311306,Quixadá - CE,Total,25 a 29 anos,7443.0
2311306,Quixadá - CE,Total,30 a 34 anos,6402.0
2311306,Quixadá - CE,Total,35 a 39 anos,6223.0
2311306,Quixadá - CE,Total,40 a 44 anos,5663.0
2311306,Quixadá - CE,Total,45 a 49 anos,4995.0
2311306,Quixadá - CE,Total,50 a 54 anos,4633.0
2311306,Quixadá - CE,Total,55 a 59 anos,4423.0
2311306,Quixadá - CE,Total,60 a 64 anos,3504.0
2311306,Quixadá - CE,Total,65 a 69 anos,2691.0
2311306,Quixadá - CE,Total,70 a 74 anos,2320.0
2311306,Quixadá - CE,Total,75 a 79 anos,1524.0
2311306,Quixadá - CE,Total,80 a 84 anos,1220.0
2311306,Quixadá - CE,Total,85 a 89 anos,615.0
2311306,Quixadá - CE,Total,90 a 94 anos,294.0
2311306,Quixadá - CE,Total,95 a 99 anos,95.0
2311306,Quixadá - CE,Total,100 anos ou mais,15.0
2311355,Quixelô - CE,Total,Total,15910.0
2311355,Quixelô - CE,Total,0 a 4 anos,919.0
2311355,Quixelô - CE,Total,5 a 9 anos,915.0
2311355,Quixelô - CE,Total,10 a 14 anos,1105.0
2311355,Quixelô - CE,Total,15 a 19 anos,1048.0
2311355,Quixelô - CE,Total,20 a 24 anos,1001.0
2311355,Quixelô - CE,Total,25 a 29 anos,1065.0
2311355,Quixelô - CE,Total,30 a 34 anos,1073.0
2311355,Quixelô - CE,Total,35 a 39 anos,1111.0
2311355,Quixelô - CE,Total,40 a 44 anos,1185.0
2311355,Quixelô - CE,Total,45 a 49 anos,1133.0
2311355,Quixelô - CE,Total,50 a 54 anos,1012.0
2311355,Quixelô - CE,Total,55 a 59 anos,1035.0
2311355,Quixelô - CE,Total,60 a 64 anos,888.0
2311355,Quixelô - CE,Total,65 a 69 anos,752.0
2311355,Quixelô - CE,Total,70 a 74 anos,686.0
2311355,Quixelô - CE,Total,75 a 79 anos,425.0
2311355,Quixelô - CE,Total,80 a 84 anos,317.0
2311355,Quixelô - CE,Total,85 a 89 anos,155.0
2311355,Quixelô - CE,Total,90 a 94 anos,65.0
2311355,Quixelô - CE,Total,95 a 99 anos,17.0
2311355,Quixelô - CE,Total,100 anos ou mais,3.0
2311405,Quixeramobim - CE,Total,Total,82177.0
2311405,Quixeramobim - CE,Total,0 a 4 anos,5881.0
2311405,Quixeramobim - CE,Total,5 a 9 anos,5590.0
2311405,Quixeramobim - CE,Total,10 a 14 anos,5828.0
2311405,Quixeramobim - CE,Total,15 a 19 anos,6278.0
2311405,Quixeramobim - CE,Total,20 a 24 anos,7086.0
2311405,Quixeramobim - CE,Total,25 a 29 anos,7252.0
2311405,Quixeramobim - CE,Total,30 a 34 anos,6536.0
2311405,Quixeramobim - CE,Total,35 a 39 anos,5677.0
2311405,Quixeramobim - CE,Total,40 a 44 anos,5599.0
2311405,Quixeramobim - CE,Total,45 a 49 anos,4823.0
2311405,Quixeramobim - CE,Total,50 a 54 anos,4655.0
2311405,Quixeramobim - CE,Total,55 a 59 anos,4432.0
2311405,Quixeramobim - CE,Total,60 a 64 anos,3500.0
2311405,Quixeramobim - CE,Total,65 a 69 anos,2856.0
2311405,Quixeramobim - CE,Total,70 a 74 anos,2317.0
2311405,Quixeramobim - CE,Total,75 a 79 anos,1562.0
2311405,Quixeramobim - CE,Total,80 a 84 anos,1244.0
2311405,Quixeramobim - CE,Total,85 a 89 anos,618.0
2311405,Quixeramobim - CE,Total,90 a 94 anos,325.0
2311405,Quixeramobim - CE,Total,95 a 99 anos,97.0
2311405,Quixeramobim - CE,Total,100 anos ou mais,21.0
2311504,Quixeré - CE,Total,Total,20874.0
2311504,Quixeré - CE,Total,0 a 4 anos,1289.0
2311504,Quixeré - CE,Total,5 a 9 anos,1419.0
2311504,Quixeré - CE,Total,10 a 14 anos,1493.0
2311504,Quixeré - CE,Total,15 a 19 anos,1488.0
2311504,Quixeré - CE,Total,20 a 24 anos,1613.0
2311504,Quixeré - CE,Total,25 a 29 anos,1748.0
2311504,Quixeré - CE,Total,30 a 34 anos,1827.0
2311504,Quixeré - CE,Total,35 a 39 anos,1705.0
2311504,Quixeré - CE,Total,40 a 44 anos,1516.0
2311504,Quixeré - CE,Total,45 a 49 anos,1315.0
2311504,Quixeré - CE,Total,50 a 54 anos,1287.0
2311504,Quixeré - CE,Total,55 a 59 anos,1115.0
2311504,Quixeré - CE,Total,60 a 64 anos,861.0
2311504,Quixeré - CE,Total,65 a 69 anos,705.0
2311504,Quixeré - CE,Total,70 a 74 anos,602.0
2311504,Quixeré - CE,Total,75 a 79 anos,428.0
2311504,Quixeré - CE,Total,80 a 84 anos,223.0
2311504,Quixeré - CE,Total,85 a 89 anos,146.0
2311504,Quixeré - CE,Total,90 a 94 anos,59.0
2311504,Quixeré - CE,Total,95 a 99 anos,31.0
2311504,Quixeré - CE,Total,100 anos ou mais,4.0
2311603,Redenção - CE,Total,Total,27214.0
2311603,Redenção - CE,Total,0 a 4 anos,1845.0
2311603,Redenção - CE,Total,5 a 9 anos,1957.0
2311603,Redenção - CE,Total,10 a 14 anos,2033.0
2311603,Redenção - CE,Total,15 a 19 anos,2045.0
2311603,Redenção - CE,Total,20 a 24 anos,2207.0
2311603,Redenção - CE,Total,25 a 29 anos,2183.0
2311603,Redenção - CE,Total,30 a 34 anos,1997.0
2311603,Redenção - CE,Total,35 a 39 anos,2003.0
2311603,Redenção - CE,Total,40 a 44 anos,1858.0
2311603,Redenção - CE,Total,45 a 49 anos,1687.0
2311603,Redenção - CE,Total,50 a 54 anos,1608.0
2311603,Redenção - CE,Total,55 a 59 anos,1549.0
2311603,Redenção - CE,Total,60 a 64 anos,1174.0
2311603,Redenção - CE,Total,65 a 69 anos,971.0
2311603,Redenção - CE,Total,70 a 74 anos,809.0
2311603,Redenção - CE,Total,75 a 79 anos,545.0
2311603,Redenção - CE,Total,80 a 84 anos,374.0
2311603,Redenção - CE,Total,85 a 89 anos,213.0
2311603,Redenção - CE,Total,90 a 94 anos,113.0
2311603,Redenção - CE,Total,95 a 99 anos,38.0
2311603,Redenção - CE,Total,100 anos ou mais,5.0
2311702,Reriutaba - CE,Total,Total,18606.0
2311702,Reriutaba - CE,Total,0 a 4 anos,1254.0
2311702,Reriutaba - CE,Total,5 a 9 anos,1304.0
2311702,Reriutaba - CE,Total,10 a 14 anos,1440.0
2311702,Reriutaba - CE,Total,15 a 19 anos,1483.0
2311702,Reriutaba - CE,Total,20 a 24 anos,1376.0
2311702,Reriutaba - CE,Total,25 a 29 anos,1361.0
2311702,Reriutaba - CE,Total,30 a 34 anos,1268.0
2311702,Reriutaba - CE,Total,35 a 39 anos,1352.0
2311702,Reriutaba - CE,Total,40 a 44 anos,1296.0
2311702,Reriutaba - CE,Total,45 a 49 anos,1134.0
2311702,Reriutaba - CE,Total,50 a 54 anos,1062.0
2311702,Reriutaba - CE,Total,55 a 59 anos,977.0
2311702,Reriutaba - CE,Total,60 a 64 anos,865.0
2311702,Reriutaba - CE,Total,65 a 69 anos,733.0
2311702,Reriutaba - CE,Total,70 a 74 anos,630.0
2311702,Reriutaba - CE,Total,75 a 79 anos,416.0
2311702,Reriutaba - CE,Total,80 a 84 anos,354.0
2311702,Reriutaba - CE,Total,85 a 89 anos,174.0
2311702,Reriutaba - CE,Total,90 a 94 anos,93.0
2311702,Reriutaba - CE,Total,95 a 99 anos,31.0
2311702,Reriutaba - CE,Total,100 anos ou mais,3.0
2311801,Russas - CE,Total,Total,72928.0
2311801,Russas - CE,Total,0 a 4 anos,4525.0
2311801,Russas - CE,Total,5 a 9 anos,4793.0
2311801,Russas - CE,Total,10 a 14 anos,4897.0
2311801,Russas - CE,Total,15 a 19 anos,5019.0
2311801,Russas - CE,Total,20 a 24 anos,5663.0
2311801,Russas - CE,Total,25 a 29 anos,5898.0
2311801,Russas - CE,Total,30 a 34 anos,6164.0
2311801,Russas - CE,Total,35 a 39 anos,6024.0
2311801,Russas - CE,Total,40 a 44 anos,5790.0
2311801,Russas - CE,Total,45 a 49 anos,4987.0
2311801,Russas - CE,Total,50 a 54 anos,4301.0
2311801,Russas - CE,Total,55 a 59 anos,4089.0
2311801,Russas - CE,Total,60 a 64 anos,3175.0
2311801,Russas - CE,Total,65 a 69 anos,2408.0
2311801,Russas - CE,Total,70 a 74 anos,2113.0
2311801,Russas - CE,Total,75 a 79 anos,1407.0
2311801,Russas - CE,Total,80 a 84 anos,862.0
2311801,Russas - CE,Total,85 a 89 anos,467.0
2311801,Russas - CE,Total,90 a 94 anos,243.0
2311801,Russas - CE,Total,95 a 99 anos,88.0
2311801,Russas - CE,Total,100 anos ou mais,15.0
2311900,Saboeiro - CE,Total,Total,13854.0
2311900,Saboeiro - CE,Total,0 a 4 anos,898.0
2311900,Saboeiro - CE,Total,5 a 9 anos,963.0
2311900,Saboeiro - CE,Total,10 a 14 anos,1070.0
2311900,Saboeiro - CE,Total,15 a 19 anos,1083.0
2311900,Saboeiro - CE,Total,20 a 24 anos,946.0
2311900,Saboeiro - CE,Total,25 a 29 anos,945.0
2311900,Saboeiro - CE,Total,30 a 34 anos,932.0
2311900,Saboeiro - CE,Total,35 a 39 anos,912.0
2311900,Saboeiro - CE,Total,40 a 44 anos,969.0
2311900,Saboeiro - CE,Total,45 a 49 anos,822.0
2311900,Saboeiro - CE,Total,50 a 54 anos,796.0
2311900,Saboeiro - CE,Total,55 a 59 anos,853.0
2311900,Saboeiro - CE,Total,60 a 64 anos,694.0
2311900,Saboeiro - CE,Total,65 a 69 anos,585.0
2311900,Saboeiro - CE,Total,70 a 74 anos,538.0
2311900,Saboeiro - CE,Total,75 a 79 anos,353.0
2311900,Saboeiro - CE,Total,80 a 84 anos,286.0
2311900,Saboeiro - CE,Total,85 a 89 anos,128.0
2311900,Saboeiro - CE,Total,90 a 94 anos,47.0
2311900,Saboeiro - CE,Total,95 a 99 anos,23.0
2311900,Saboeiro - CE,Total,100 anos ou mais,11.0
2311959,Salitre - CE,Total,Total,16633.0
2311959,Salitre - CE,Total,0 a 4 anos,1373.0
2311959,Salitre - CE,Total,5 a 9 anos,1310.0
2311959,Salitre - CE,Total,10 a 14 anos,1430.0
2311959,Salitre - CE,Total,15 a 19 anos,1474.0
2311959,Salitre - CE,Total,20 a 24 anos,1562.0
2311959,Salitre - CE,Total,25 a 29 anos,1249.0
2311959,Salitre - CE,Total,30 a 34 anos,1302.0
2311959,Salitre - CE,Total,35 a 39 anos,1206.0
2311959,Salitre - CE,Total,40 a 44 anos,1060.0
2311959,Salitre - CE,Total,45 a 49 anos,941.0
2311959,Salitre - CE,Total,50 a 54 anos,842.0
2311959,Salitre - CE,Total,55 a 59 anos,761.0
2311959,Salitre - CE,Total,60 a 64 anos,571.0
2311959,Salitre - CE,Total,65 a 69 anos,460.0
2311959,Salitre - CE,Total,70 a 74 anos,389.0
2311959,Salitre - CE,Total,75 a 79 anos,317.0
2311959,Salitre - CE,Total,80 a 84 anos,211.0
2311959,Salitre - CE,Total,85 a 89 anos,107.0
2311959,Salitre - CE,Total,90 a 94 anos,49.0
2311959,Salitre - CE,Total,95 a 99 anos,17.0
2311959,Salitre - CE,Total,100 anos ou mais,2.0
2312007,Santana do Acaraú - CE,Total,Total,30628.0
2312007,Santana do Acaraú - CE,Total,0 a 4 anos,2177.0
2312007,Santana do Acaraú - CE,Total,5 a 9 anos,2106.0
2312007,Santana do Acaraú - CE,Total,10 a 14 anos,2327.0
2312007,Santana do Acaraú - CE,Total,15 a 19 anos,2671.0
2312007,Santana do Acaraú - CE,Total,20 a 24 anos,2706.0
2312007,Santana do Acaraú - CE,Total,25 a 29 anos,2519.0
2312007,Santana do Acaraú - CE,Total,30 a 34 anos,2366.0
2312007,Santana do Acaraú - CE,Total,35 a 39 anos,2354.0
2312007,Santana do Acaraú - CE,Total,40 a 44 anos,2076.0
2312007,Santana do Acaraú - CE,Total,45 a 49 anos,1934.0
2312007,Santana do Acaraú - CE,Total,50 a 54 anos,1621.0
2312007,Santana do Acaraú - CE,Total,55 a 59 anos,1512.0
2312007,Santana do Acaraú - CE,Total,60 a 64 anos,1138.0
2312007,Santana do Acaraú - CE,Total,65 a 69 anos,860.0
2312007,Santana do Acaraú - CE,Total,70 a 74 anos,797.0
2312007,Santana do Acaraú - CE,Total,75 a 79 anos,657.0
2312007,Santana do Acaraú - CE,Total,80 a 84 anos,465.0
2312007,Santana do Acaraú - CE,Total,85 a 89 anos,213.0
2312007,Santana do Acaraú - CE,Total,90 a 94 anos,94.0
2312007,Santana do Acaraú - CE,Total,95 a 99 anos,27.0
2312007,Santana do Acaraú - CE,Total,100 anos ou mais,8.0
2312106,Santana do Cariri - CE,Total,Total,16954.0
2312106,Santana do Cariri - CE,Total,0 a 4 anos,1208.0
2312106,Santana do Cariri - CE,Total,5 a 9 anos,1304.0
2312106,Santana do Cariri - CE,Total,10 a 14 anos,1388.0
2312106,Santana do Cariri - CE,Total,15 a 19 anos,1434.0
2312106,Santana do Cariri - CE,Total,20 a 24 anos,1403.0
2312106,Santana do Cariri - CE,Total,25 a 29 anos,1200.0
2312106,Santana do Cariri - CE,Total,30 a 34 anos,1157.0
2312106,Santana do Cariri - CE,Total,35 a 39 anos,1282.0
2312106,Santana do Cariri - CE,Total,40 a 44 anos,1169.0
2312106,Santana do Cariri - CE,Total,45 a 49 anos,999.0
2312106,Santana do Cariri - CE,Total,50 a 54 anos,904.0
2312106,Santana do Cariri - CE,Total,55 a 59 anos,865.0
2312106,Santana do Cariri - CE,Total,60 a 64 anos,721.0
2312106,Santana do Cariri - CE,Total,65 a 69 anos,567.0
2312106,Santana do Cariri - CE,Total,70 a 74 anos,499.0
2312106,Santana do Cariri - CE,Total,75 a 79 anos,349.0
2312106,Santana do Cariri - CE,Total,80 a 84 anos,281.0
2312106,Santana do Cariri - CE,Total,85 a 89 anos,137.0
2312106,Santana do Cariri - CE,Total,90 a 94 anos,58.0
2312106,Santana do Cariri - CE,Total,95 a 99 anos,23.0
2312106,Santana do Cariri - CE,Total,100 anos ou mais,6.0
2312205,Santa Quitéria - CE,Total,Total,40183.0
2312205,Santa Quitéria - CE,Total,0 a 4 anos,2543.0
2312205,Santa Quitéria - CE,Total,5 a 9 anos,2672.0
2312205,Santa Quitéria - CE,Total,10 a 14 anos,2867.0
2312205,Santa Quitéria - CE,Total,15 a 19 anos,3144.0
2312205,Santa Quitéria - CE,Total,20 a 24 anos,3121.0
2312205,Santa Quitéria - CE,Total,25 a 29 anos,3090.0
2312205,Santa Quitéria - CE,Total,30 a 34 anos,2910.0
2312205,Santa Quitéria - CE,Total,35 a 39 anos,2872.0
2312205,Santa Quitéria - CE,Total,40 a 44 anos,2753.0
2312205,Santa Quitéria - CE,Total,45 a 49 anos,2592.0
2312205,Santa Quitéria - CE,Total,50 a 54 anos,2334.0
2312205,Santa Quitéria - CE,Total,55 a 59 anos,2376.0
2312205,Santa Quitéria - CE,Total,60 a 64 anos,1863.0
2312205,Santa Quitéria - CE,Total,65 a 69 anos,1488.0
2312205,Santa Quitéria - CE,Total,70 a 74 anos,1399.0
2312205,Santa Quitéria - CE,Total,75 a 79 anos,903.0
2312205,Santa Quitéria - CE,Total,80 a 84 anos,681.0
2312205,Santa Quitéria - CE,Total,85 a 89 anos,336.0
2312205,Santa Quitéria - CE,Total,90 a 94 anos,169.0
2312205,Santa Quitéria - CE,Total,95 a 99 anos,60.0
2312205,Santa Quitéria - CE,Total,100 anos ou mais,10.0
2312304,São Benedito - CE,Total,Total,47640.0
2312304,São Benedito - CE,Total,0 a 4 anos,3745.0
2312304,São Benedito - CE,Total,5 a 9 anos,3634.0
2312304,São Benedito - CE,Total,10 a 14 anos,3911.0
2312304,São Benedito - CE,Total,15 a 19 anos,3783.0
2312304,São Benedito - CE,Total,20 a 24 anos,3721.0
2312304,São Benedito - CE,Total,25 a 29 anos,3654.0
2312304,São Benedito - CE,Total,30 a 34 anos,3565.0
2312304,São Benedito - CE,Total,35 a 39 anos,3624.0
2312304,São Benedito - CE,Total,40 a 44 anos,3460.0
2312304,São Benedito - CE,Total,45 a 49 anos,2827.0
2312304,São Benedito - CE,Total,50 a 54 anos,2484.0
2312304,São Benedito - CE,Total,55 a 59 anos,2336.0
2312304,São Benedito - CE,Total,60 a 64 anos,1909.0
2312304,São Benedito - CE,Total,65 a 69 anos,1571.0
2312304,São Benedito - CE,Total,70 a 74 anos,1342.0
2312304,São Benedito - CE,Total,75 a 79 anos,836.0
2312304,São Benedito - CE,Total,80 a 84 anos,638.0
2312304,São Benedito - CE,Total,85 a 89 anos,357.0
2312304,São Benedito - CE,Total,90 a 94 anos,172.0
2312304,São Benedito - CE,Total,95 a 99 anos,58.0
2312304,São Benedito - CE,Total,100 anos ou mais,13.0
2312403,São Gonçalo do Amarante - CE,Total,Total,54143.0
2312403,São Gonçalo do Amarante - CE,Total,0 a 4 anos,3812.0
2312403,São Gonçalo do Amarante - CE,Total,5 a 9 anos,4339.0
2312403,São Gonçalo do Amarante - CE,Total,10 a 14 anos,4167.0
2312403,São Gonçalo do Amarante - CE,Total,15 a 19 anos,4116.0
2312403,São Gonçalo do Amarante - CE,Total,20 a 24 anos,4487.0
2312403,São Gonçalo do Amarante - CE,Total,25 a 29 anos,4558.0
2312403,São Gonçalo do Amarante - CE,Total,30 a 34 anos,4454.0
2312403,São Gonçalo do Amarante - CE,Total,35 a 39 anos,4487.0
2312403,São Gonçalo do Amarante - CE,Total,40 a 44 anos,4290.0
2312403,São Gonçalo do Amarante - CE,Total,45 a 49 anos,3563.0
2312403,São Gonçalo do Amarante - CE,Total,50 a 54 anos,3063.0
2312403,São Gonçalo do Amarante - CE,Total,55 a 59 anos,2542.0
2312403,São Gonçalo do Amarante - CE,Total,60 a 64 anos,1907.0
2312403,São Gonçalo do Amarante - CE,Total,65 a 69 anos,1430.0
2312403,São Gonçalo do Amarante - CE,Total,70 a 74 anos,1135.0
2312403,São Gonçalo do Amarante - CE,Total,75 a 79 anos,794.0
2312403,São Gonçalo do Amarante - CE,Total,80 a 84 anos,534.0
2312403,São Gonçalo do Amarante - CE,Total,85 a 89 anos,278.0
2312403,São Gonçalo do Amarante - CE,Total,90 a 94 anos,121.0
2312403,São Gonçalo do Amarante - CE,Total,95 a 99 anos,54.0
2312403,São Gonçalo do Amarante - CE,Total,100 anos ou mais,12.0
2312502,São João do Jaguaribe - CE,Total,Total,5855.0
2312502,São João do Jaguaribe - CE,Total,0 a 4 anos,271.0
2312502,São João do Jaguaribe - CE,Total,5 a 9 anos,280.0
2312502,São João do Jaguaribe - CE,Total,10 a 14 anos,300.0
2312502,São João do Jaguaribe - CE,Total,15 a 19 anos,336.0
2312502,São João do Jaguaribe - CE,Total,20 a 24 anos,346.0
2312502,São João do Jaguaribe - CE,Total,25 a 29 anos,358.0
2312502,São João do Jaguaribe - CE,Total,30 a 34 anos,312.0
2312502,São João do Jaguaribe - CE,Total,35 a 39 anos,396.0
2312502,São João do Jaguaribe - CE,Total,40 a 44 anos,408.0
2312502,São João do Jaguaribe - CE,Total,45 a 49 anos,485.0
2312502,São João do Jaguaribe - CE,Total,50 a 54 anos,461.0
2312502,São João do Jaguaribe - CE,Total,55 a 59 anos,440.0
2312502,São João do Jaguaribe - CE,Total,60 a 64 anos,377.0
2312502,São João do Jaguaribe - CE,Total,65 a 69 anos,298.0
2312502,São João do Jaguaribe - CE,Total,70 a 74 anos,281.0
2312502,São João do Jaguaribe - CE,Total,75 a 79 anos,223.0
2312502,São João do Jaguaribe - CE,Total,80 a 84 anos,136.0
2312502,São João do Jaguaribe - CE,Total,85 a 89 anos,88.0
2312502,São João do Jaguaribe - CE,Total,90 a 94 anos,41.0
2312502,São João do Jaguaribe - CE,Total,95 a 99 anos,17.0
2312502,São João do Jaguaribe - CE,Total,100 anos ou mais,1.0
2312601,São Luís do Curu - CE,Total,Total,10822.0
2312601,São Luís do Curu - CE,Total,0 a 4 anos,742.0
2312601,São Luís do Curu - CE,Total,5 a 9 anos,757.0
2312601,São Luís do Curu - CE,Total,10 a 14 anos,781.0
2312601,São Luís do Curu - CE,Total,15 a 19 anos,729.0
2312601,São Luís do Curu - CE,Total,20 a 24 anos,808.0
2312601,São Luís do Curu - CE,Total,25 a 29 anos,802.0
2312601,São Luís do Curu - CE,Total,30 a 34 anos,838.0
2312601,São Luís do Curu - CE,Total,35 a 39 anos,763.0
2312601,São Luís do Curu - CE,Total,40 a 44 anos,771.0
2312601,São Luís do Curu - CE,Total,45 a 49 anos,724.0
2312601,São Luís do Curu - CE,Total,50 a 54 anos,685.0
2312601,São Luís do Curu - CE,Total,55 a 59 anos,614.0
2312601,São Luís do Curu - CE,Total,60 a 64 anos,532.0
2312601,São Luís do Curu - CE,Total,65 a 69 anos,379.0
2312601,São Luís do Curu - CE,Total,70 a 74 anos,365.0
2312601,São Luís do Curu - CE,Total,75 a 79 anos,207.0
2312601,São Luís do Curu - CE,Total,80 a 84 anos,165.0
2312601,São Luís do Curu - CE,Total,85 a 89 anos,94.0
2312601,São Luís do Curu - CE,Total,90 a 94 anos,54.0
2312601,São Luís do Curu - CE,Total,95 a 99 anos,11.0
2312601,São Luís do Curu - CE,Total,100 anos ou mais,1.0
2312700,Senador Pompeu - CE,Total,Total,24266.0
2312700,Senador Pompeu - CE,Total,0 a 4 anos,1510.0
2312700,Senador Pompeu - CE,Total,5 a 9 anos,1554.0
2312700,Senador Pompeu - CE,Total,10 a 14 anos,1602.0
2312700,Senador Pompeu - CE,Total,15 a 19 anos,1720.0
2312700,Senador Pompeu - CE,Total,20 a 24 anos,1861.0
2312700,Senador Pompeu - CE,Total,25 a 29 anos,1746.0
2312700,Senador Pompeu - CE,Total,30 a 34 anos,1755.0
2312700,Senador Pompeu - CE,Total,35 a 39 anos,1688.0
2312700,Senador Pompeu - CE,Total,40 a 44 anos,1635.0
2312700,Senador Pompeu - CE,Total,45 a 49 anos,1482.0
2312700,Senador Pompeu - CE,Total,50 a 54 anos,1517.0
2312700,Senador Pompeu - CE,Total,55 a 59 anos,1553.0
2312700,Senador Pompeu - CE,Total,60 a 64 anos,1272.0
2312700,Senador Pompeu - CE,Total,65 a 69 anos,1010.0
2312700,Senador Pompeu - CE,Total,70 a 74 anos,849.0
2312700,Senador Pompeu - CE,Total,75 a 79 anos,627.0
2312700,Senador Pompeu - CE,Total,80 a 84 anos,467.0
2312700,Senador Pompeu - CE,Total,85 a 89 anos,259.0
2312700,Senador Pompeu - CE,Total,90 a 94 anos,112.0
2312700,Senador Pompeu - CE,Total,95 a 99 anos,34.0
2312700,Senador Pompeu - CE,Total,100 anos ou mais,13.0
2312809,Senador Sá - CE,Total,Total,7262.0
2312809,Senador Sá - CE,Total,0 a 4 anos,525.0
2312809,Senador Sá - CE,Total,5 a 9 anos,552.0
2312809,Senador Sá - CE,Total,10 a 14 anos,577.0
2312809,Senador Sá - CE,Total,15 a 19 anos,595.0
2312809,Senador Sá - CE,Total,20 a 24 anos,613.0
2312809,Senador Sá - CE,Total,25 a 29 anos,601.0
2312809,Senador Sá - CE,Total,30 a 34 anos,599.0
2312809,Senador Sá - CE,Total,35 a 39 anos,581.0
2312809,Senador Sá - CE,Total,40 a 44 anos,477.0
2312809,Senador Sá - CE,Total,45 a 49 anos,420.0
2312809,Senador Sá - CE,Total,50 a 54 anos,331.0
2312809,Senador Sá - CE,Total,55 a 59 anos,351.0
2312809,Senador Sá - CE,Total,60 a 64 anos,299.0
2312809,Senador Sá - CE,Total,65 a 69 anos,218.0
2312809,Senador Sá - CE,Total,70 a 74 anos,223.0
2312809,Senador Sá - CE,Total,75 a 79 anos,137.0
2312809,Senador Sá - CE,Total,80 a 84 anos,80.0
2312809,Senador Sá - CE,Total,85 a 89 anos,50.0
2312809,Senador Sá - CE,Total,90 a 94 anos,22.0
2312809,Senador Sá - CE,Total,95 a 99 anos,7.0
2312809,Senador Sá - CE,Total,100 anos ou mais,4.0
2312908,Sobral - CE,Total,Total,203023.0
2312908,Sobral - CE,Total,0 a 4 anos,13565.0
2312908,Sobral - CE,Total,5 a 9 anos,14614.0
2312908,Sobral - CE,Total,10 a 14 anos,13540.0
2312908,Sobral - CE,Total,15 a 19 anos,14724.0
2312908,Sobral - CE,Total,20 a 24 anos,18195.0
2312908,Sobral - CE,Total,25 a 29 anos,19144.0
2312908,Sobral - CE,Total,30 a 34 anos,18466.0
2312908,Sobral - CE,Total,35 a 39 anos,17210.0
2312908,Sobral - CE,Total,40 a 44 anos,15391.0
2312908,Sobral - CE,Total,45 a 49 anos,12656.0
2312908,Sobral - CE,Total,50 a 54 anos,11215.0
2312908,Sobral - CE,Total,55 a 59 anos,10082.0
2312908,Sobral - CE,Total,60 a 64 anos,7387.0
2312908,Sobral - CE,Total,65 a 69 anos,5561.0
2312908,Sobral - CE,Total,70 a 74 anos,4586.0
2312908,Sobral - CE,Total,75 a 79 anos,2880.0
2312908,Sobral - CE,Total,80 a 84 anos,2058.0
2312908,Sobral - CE,Total,85 a 89 anos,1058.0
2312908,Sobral - CE,Total,90 a 94 anos,481.0
2312908,Sobral - CE,Total,95 a 99 anos,177.0
2312908,Sobral - CE,Total,100 anos ou mais,33.0
2313005,Solonópole - CE,Total,Total,18179.0
2313005,Solonópole - CE,Total,0 a 4 anos,1007.0
2313005,Solonópole - CE,Total,5 a 9 anos,1078.0
2313005,Solonópole - CE,Total,10 a 14 anos,1165.0
2313005,Solonópole - CE,Total,15 a 19 anos,1294.0
2313005,Solonópole - CE,Total,20 a 24 anos,1319.0
2313005,Solonópole - CE,Total,25 a 29 anos,1312.0
2313005,Solonópole - CE,Total,30 a 34 anos,1239.0
2313005,Solonópole - CE,Total,35 a 39 anos,1350.0
2313005,Solonópole - CE,Total,40 a 44 anos,1372.0
2313005,Solonópole - CE,Total,45 a 49 anos,1189.0
2313005,Solonópole - CE,Total,50 a 54 anos,1197.0
2313005,Solonópole - CE,Total,55 a 59 anos,1133.0
2313005,Solonópole - CE,Total,60 a 64 anos,997.0
2313005,Solonópole - CE,Total,65 a 69 anos,844.0
2313005,Solonópole - CE,Total,70 a 74 anos,663.0
2313005,Solonópole - CE,Total,75 a 79 anos,442.0
2313005,Solonópole - CE,Total,80 a 84 anos,340.0
2313005,Solonópole - CE,Total,85 a 89 anos,141.0
2313005,Solonópole - CE,Total,90 a 94 anos,71.0
2313005,Solonópole - CE,Total,95 a 99 anos,19.0
2313005,Solonópole - CE,Total,100 anos ou mais,7.0
2313104,Tabuleiro do Norte - CE,Total,Total,30652.0
2313104,Tabuleiro do Norte - CE,Total,0 a 4 anos,1769.0
2313104,Tabuleiro do Norte - CE,Total,5 a 9 anos,1877.0
2313104,Tabuleiro do Norte - CE,Total,10 a 14 anos,2015.0
2313104,Tabuleiro do Norte - CE,Total,15 a 19 anos,2020.0
2313104,Tabuleiro do Norte - CE,Total,20 a 24 anos,2292.0
2313104,Tabuleiro do Norte - CE,Total,25 a 29 anos,2306.0
2313104,Tabuleiro do Norte - CE,Total,30 a 34 anos,2170.0
2313104,Tabuleiro do Norte - CE,Total,35 a 39 anos,2278.0
2313104,Tabuleiro do Norte - CE,Total,40 a 44 anos,2261.0
2313104,Tabuleiro do Norte - CE,Total,45 a 49 anos,2281.0
2313104,Tabuleiro do Norte - CE,Total,50 a 54 anos,2181.0
2313104,Tabuleiro do Norte - CE,Total,55 a 59 anos,1921.0
2313104,Tabuleiro do Norte - CE,Total,60 a 64 anos,1584.0
2313104,Tabuleiro do Norte - CE,Total,65 a 69 anos,1170.0
2313104,Tabuleiro do Norte - CE,Total,70 a 74 anos,993.0
2313104,Tabuleiro do Norte - CE,Total,75 a 79 anos,678.0
2313104,Tabuleiro do Norte - CE,Total,80 a 84 anos,469.0
2313104,Tabuleiro do Norte - CE,Total,85 a 89 anos,237.0
2313104,Tabuleiro do Norte - CE,Total,90 a 94 anos,108.0
2313104,Tabuleiro do Norte - CE,Total,95 a 99 anos,35.0
2313104,Tabuleiro do Norte - CE,Total,100 anos ou mais,7.0
2313203,Tamboril - CE,Total,Total,24815.0
2313203,Tamboril - CE,Total,0 a 4 anos,1587.0
2313203,Tamboril - CE,Total,5 a 9 anos,1560.0
2313203,Tamboril - CE,Total,10 a 14 anos,1760.0
2313203,Tamboril - CE,Total,15 a 19 anos,1928.0
2313203,Tamboril - CE,Total,20 a 24 anos,1740.0
2313203,Tamboril - CE,Total,25 a 29 anos,1857.0
2313203,Tamboril - CE,Total,30 a 34 anos,1698.0
2313203,Tamboril - CE,Total,35 a 39 anos,1761.0
2313203,Tamboril - CE,Total,40 a 44 anos,1746.0
2313203,Tamboril - CE,Total,45 a 49 anos,1585.0
2313203,Tamboril - CE,Total,50 a 54 anos,1428.0
2313203,Tamboril - CE,Total,55 a 59 anos,1510.0
2313203,Tamboril - CE,Total,60 a 64 anos,1236.0
2313203,Tamboril - CE,Total,65 a 69 anos,1022.0
2313203,Tamboril - CE,Total,70 a 74 anos,891.0
2313203,Tamboril - CE,Total,75 a 79 anos,585.0
2313203,Tamboril - CE,Total,80 a 84 anos,466.0
2313203,Tamboril - CE,Total,85 a 89 anos,251.0
2313203,Tamboril - CE,Total,90 a 94 anos,142.0
2313203,Tamboril - CE,Total,95 a 99 anos,50.0
2313203,Tamboril - CE,Total,100 anos ou mais,12.0
2313252,Tarrafas - CE,Total,Total,7529.0
2313252,Tarrafas - CE,Total,0 a 4 anos,416.0
2313252,Tarrafas - CE,Total,5 a 9 anos,493.0
2313252,Tarrafas - CE,Total,10 a 14 anos,572.0
2313252,Tarrafas - CE,Total,15 a 19 anos,564.0
2313252,Tarrafas - CE,Total,20 a 24 anos,580.0
2313252,Tarrafas - CE,Total,25 a 29 anos,514.0
2313252,Tarrafas - CE,Total,30 a 34 anos,515.0
2313252,Tarrafas - CE,Total,35 a 39 anos,516.0
2313252,Tarrafas - CE,Total,40 a 44 anos,494.0
2313252,Tarrafas - CE,Total,45 a 49 anos,426.0
2313252,Tarrafas - CE,Total,50 a 54 anos,469.0
2313252,Tarrafas - CE,Total,55 a 59 anos,468.0
2313252,Tarrafas - CE,Total,60 a 64 anos,405.0
2313252,Tarrafas - CE,Total,65 a 69 anos,346.0
2313252,Tarrafas - CE,Total,70 a 74 anos,275.0
2313252,Tarrafas - CE,Total,75 a 79 anos,195.0
2313252,Tarrafas - CE,Total,80 a 84 anos,157.0
2313252,Tarrafas - CE,Total,85 a 89 anos,86.0
2313252,Tarrafas - CE,Total,90 a 94 anos,31.0
2313252,Tarrafas - CE,Total,95 a 99 anos,6.0
2313252,Tarrafas - CE,Total,100 anos ou mais,1.0
2313302,Tauá - CE,Total,Total,61227.0
2313302,Tauá - CE,Total,0 a 4 anos,3937.0
2313302,Tauá - CE,Total,5 a 9 anos,4022.0
2313302,Tauá - CE,Total,10 a 14 anos,3998.0
2313302,Tauá - CE,Total,15 a 19 anos,4657.0
2313302,Tauá - CE,Total,20 a 24 anos,4865.0
2313302,Tauá - CE,Total,25 a 29 anos,4632.0
2313302,Tauá - CE,Total,30 a 34 anos,4397.0
2313302,Tauá - CE,Total,35 a 39 anos,4298.0
2313302,Tauá - CE,Total,40 a 44 anos,4375.0
2313302,Tauá - CE,Total,45 a 49 anos,3782.0
2313302,Tauá - CE,Total,50 a 54 anos,3593.0
2313302,Tauá - CE,Total,55 a 59 anos,3491.0
2313302,Tauá - CE,Total,60 a 64 anos,2955.0
2313302,Tauá - CE,Total,65 a 69 anos,2357.0
2313302,Tauá - CE,Total,70 a 74 anos,2163.0
2313302,Tauá - CE,Total,75 a 79 anos,1530.0
2313302,Tauá - CE,Total,80 a 84 anos,1171.0
2313302,Tauá - CE,Total,85 a 89 anos,602.0
2313302,Tauá - CE,Total,90 a 94 anos,278.0
2313302,Tauá - CE,Total,95 a 99 anos,101.0
2313302,Tauá - CE,Total,100 anos ou mais,23.0
2313351,Tejuçuoca - CE,Total,Total,17154.0
2313351,Tejuçuoca - CE,Total,0 a 4 anos,1267.0
2313351,Tejuçuoca - CE,Total,5 a 9 anos,1375.0
2313351,Tejuçuoca - CE,Total,10 a 14 anos,1414.0
2313351,Tejuçuoca - CE,Total,15 a 19 anos,1427.0
2313351,Tejuçuoca - CE,Total,20 a 24 anos,1437.0
2313351,Tejuçuoca - CE,Total,25 a 29 anos,1356.0
2313351,Tejuçuoca - CE,Total,30 a 34 anos,1354.0
2313351,Tejuçuoca - CE,Total,35 a 39 anos,1317.0
2313351,Tejuçuoca - CE,Total,40 a 44 anos,1116.0
2313351,Tejuçuoca - CE,Total,45 a 49 anos,1061.0
2313351,Tejuçuoca - CE,Total,50 a 54 anos,848.0
2313351,Tejuçuoca - CE,Total,55 a 59 anos,860.0
2313351,Tejuçuoca - CE,Total,60 a 64 anos,601.0
2313351,Tejuçuoca - CE,Total,65 a 69 anos,527.0
2313351,Tejuçuoca - CE,Total,70 a 74 anos,453.0
2313351,Tejuçuoca - CE,Total,75 a 79 anos,322.0
2313351,Tejuçuoca - CE,Total,80 a 84 anos,220.0
2313351,Tejuçuoca - CE,Total,85 a 89 anos,116.0
2313351,Tejuçuoca - CE,Total,90 a 94 anos,58.0
2313351,Tejuçuoca - CE,Total,95 a 99 anos,20.0
2313351,Tejuçuoca - CE,Total,100 anos ou mais,5.0
2313401,Tianguá - CE,Total,Total,81506.0
2313401,Tianguá - CE,Total,0 a 4 anos,6504.0
2313401,Tianguá - CE,Total,5 a 9 anos,6441.0
2313401,Tianguá - CE,Total,10 a 14 anos,6333.0
2313401,Tianguá - CE,Total,15 a 19 anos,6474.0
2313401,Tianguá - CE,Total,20 a 24 anos,7336.0
2313401,Tianguá - CE,Total,25 a 29 anos,7448.0
2313401,Tianguá - CE,Total,30 a 34 anos,6966.0
2313401,Tianguá - CE,Total,35 a 39 anos,6548.0
2313401,Tianguá - CE,Total,40 a 44 anos,5868.0
2313401,Tianguá - CE,Total,45 a 49 anos,4702.0
2313401,Tianguá - CE,Total,50 a 54 anos,3999.0
2313401,Tianguá - CE,Total,55 a 59 anos,3535.0
2313401,Tianguá - CE,Total,60 a 64 anos,2856.0
2313401,Tianguá - CE,Total,65 a 69 anos,2137.0
2313401,Tianguá - CE,Total,70 a 74 anos,1779.0
2313401,Tianguá - CE,Total,75 a 79 anos,1135.0
2313401,Tianguá - CE,Total,80 a 84 anos,794.0
2313401,Tianguá - CE,Total,85 a 89 anos,405.0
2313401,Tianguá - CE,Total,90 a 94 anos,178.0
2313401,Tianguá - CE,Total,95 a 99 anos,52.0
2313401,Tianguá - CE,Total,100 anos ou mais,16.0
2313500,Trairi - CE,Total,Total,58415.0
2313500,Trairi - CE,Total,0 a 4 anos,4633.0
2313500,Trairi - CE,Total,5 a 9 anos,4613.0
2313500,Trairi - CE,Total,10 a 14 anos,4740.0
2313500,Trairi - CE,Total,15 a 19 anos,4693.0
2313500,Trairi - CE,Total,20 a 24 anos,4501.0
2313500,Trairi - CE,Total,25 a 29 anos,4868.0
2313500,Trairi - CE,Total,30 a 34 anos,4372.0
2313500,Trairi - CE,Total,35 a 39 anos,4544.0
2313500,Trairi - CE,Total,40 a 44 anos,4162.0
2313500,Trairi - CE,Total,45 a 49 anos,3525.0
2313500,Trairi - CE,Total,50 a 54 anos,3056.0
2313500,Trairi - CE,Total,55 a 59 anos,2970.0
2313500,Trairi - CE,Total,60 a 64 anos,2137.0
2313500,Trairi - CE,Total,65 a 69 anos,1730.0
2313500,Trairi - CE,Total,70 a 74 anos,1460.0
2313500,Trairi - CE,Total,75 a 79 anos,998.0
2313500,Trairi - CE,Total,80 a 84 anos,715.0
2313500,Trairi - CE,Total,85 a 89 anos,385.0
2313500,Trairi - CE,Total,90 a 94 anos,215.0
2313500,Trairi - CE,Total,95 a 99 anos,85.0
2313500,Trairi - CE,Total,100 anos ou mais,13.0
2313559,Tururu - CE,Total,Total,15412.0
2313559,Tururu - CE,Total,0 a 4 anos,1114.0
2313559,Tururu - CE,Total,5 a 9 anos,1219.0
2313559,Tururu - CE,Total,10 a 14 anos,1172.0
2313559,Tururu - CE,Total,15 a 19 anos,1249.0
2313559,Tururu - CE,Total,20 a 24 anos,1160.0
2313559,Tururu - CE,Total,25 a 29 anos,1335.0
2313559,Tururu - CE,Total,30 a 34 anos,1190.0
2313559,Tururu - CE,Total,35 a 39 anos,1137.0
2313559,Tururu - CE,Total,40 a 44 anos,1019.0
2313559,Tururu - CE,Total,45 a 49 anos,968.0
2313559,Tururu - CE,Total,50 a 54 anos,833.0
2313559,Tururu - CE,Total,55 a 59 anos,854.0
2313559,Tururu - CE,Total,60 a 64 anos,588.0
2313559,Tururu - CE,Total,65 a 69 anos,486.0
2313559,Tururu - CE,Total,70 a 74 anos,377.0
2313559,Tururu - CE,Total,75 a 79 anos,304.0
2313559,Tururu - CE,Total,80 a 84 anos,220.0
2313559,Tururu - CE,Total,85 a 89 anos,124.0
2313559,Tururu - CE,Total,90 a 94 anos,48.0
2313559,Tururu - CE,Total,95 a 99 anos,13.0
2313559,Tururu - CE,Total,100 anos ou mais,2.0
2313609,Ubajara - CE,Total,Total,32767.0
2313609,Ubajara - CE,Total,0 a 4 anos,2531.0
2313609,Ubajara - CE,Total,5 a 9 anos,2505.0
2313609,Ubajara - CE,Total,10 a 14 anos,2639.0
2313609,Ubajara - CE,Total,15 a 19 anos,2648.0
2313609,Ubajara - CE,Total,20 a 24 anos,2604.0
2313609,Ubajara - CE,Total,25 a 29 anos,2482.0
2313609,Ubajara - CE,Total,30 a 34 anos,2469.0
2313609,Ubajara - CE,Total,35 a 39 anos,2562.0
2313609,Ubajara - CE,Total,40 a 44 anos,2477.0
2313609,Ubajara - CE,Total,45 a 49 anos,1991.0
2313609,Ubajara - CE,Total,50 a 54 anos,1684.0
2313609,Ubajara - CE,Total,55 a 59 anos,1555.0
2313609,Ubajara - CE,Total,60 a 64 anos,1310.0
2313609,Ubajara - CE,Total,65 a 69 anos,1060.0
2313609,Ubajara - CE,Total,70 a 74 anos,890.0
2313609,Ubajara - CE,Total,75 a 79 anos,560.0
2313609,Ubajara - CE,Total,80 a 84 anos,396.0
2313609,Ubajara - CE,Total,85 a 89 anos,258.0
2313609,Ubajara - CE,Total,90 a 94 anos,98.0
2313609,Ubajara - CE,Total,95 a 99 anos,36.0
2313609,Ubajara - CE,Total,100 anos ou mais,12.0
2313708,Umari - CE,Total,Total,6871.0
2313708,Umari - CE,Total,0 a 4 anos,385.0
2313708,Umari - CE,Total,5 a 9 anos,421.0
2313708,Umari - CE,Total,10 a 14 anos,454.0
2313708,Umari - CE,Total,15 a 19 anos,538.0
2313708,Umari - CE,Total,20 a 24 anos,506.0
2313708,Umari - CE,Total,25 a 29 anos,465.0
2313708,Umari - CE,Total,30 a 34 anos,445.0
2313708,Umari - CE,Total,35 a 39 anos,516.0
2313708,Umari - CE,Total,40 a 44 anos,540.0
2313708,Umari - CE,Total,45 a 49 anos,447.0
2313708,Umari - CE,Total,50 a 54 anos,390.0
2313708,Umari - CE,Total,55 a 59 anos,416.0
2313708,Umari - CE,Total,60 a 64 anos,353.0
2313708,Umari - CE,Total,65 a 69 anos,277.0
2313708,Umari - CE,Total,70 a 74 anos,268.0
2313708,Umari - CE,Total,75 a 79 anos,176.0
2313708,Umari - CE,Total,80 a 84 anos,160.0
2313708,Umari - CE,Total,85 a 89 anos,77.0
2313708,Umari - CE,Total,90 a 94 anos,31.0
2313708,Umari - CE,Total,95 a 99 anos,6.0
2313708,Umari - CE,Total,100 anos ou mais,
2313757,Umirim - CE,Total,Total,17470.0
2313757,Umirim - CE,Total,0 a 4 anos,1351.0
2313757,Umirim - CE,Total,5 a 9 anos,1426.0
2313757,Umirim - CE,Total,10 a 14 anos,1412.0
2313757,Umirim - CE,Total,15 a 19 anos,1365.0
2313757,Umirim - CE,Total,20 a 24 anos,1410.0
2313757,Umirim - CE,Total,25 a 29 anos,1508.0
2313757,Umirim - CE,Total,30 a 34 anos,1367.0
2313757,Umirim - CE,Total,35 a 39 anos,1290.0
2313757,Umirim - CE,Total,40 a 44 anos,1170.0
2313757,Umirim - CE,Total,45 a 49 anos,1051.0
2313757,Umirim - CE,Total,50 a 54 anos,924.0
2313757,Umirim - CE,Total,55 a 59 anos,845.0
2313757,Umirim - CE,Total,60 a 64 anos,667.0
2313757,Umirim - CE,Total,65 a 69 anos,502.0
2313757,Umirim - CE,Total,70 a 74 anos,451.0
2313757,Umirim - CE,Total,75 a 79 anos,316.0
2313757,Umirim - CE,Total,80 a 84 anos,207.0
2313757,Umirim - CE,Total,85 a 89 anos,119.0
2313757,Umirim - CE,Total,90 a 94 anos,58.0
2313757,Umirim - CE,Total,95 a 99 anos,22.0
2313757,Umirim - CE,Total,100 anos ou mais,9.0
2313807,Uruburetama - CE,Total,Total,20189.0
2313807,Uruburetama - CE,Total,0 a 4 anos,1607.0
2313807,Uruburetama - CE,Total,5 a 9 anos,1593.0
2313807,Uruburetama - CE,Total,10 a 14 anos,1553.0
2313807,Uruburetama - CE,Total,15 a 19 anos,1628.0
2313807,Uruburetama - CE,Total,20 a 24 anos,1715.0
2313807,Uruburetama - CE,Total,25 a 29 anos,1766.0
2313807,Uruburetama - CE,Total,30 a 34 anos,1635.0
2313807,Uruburetama - CE,Total,35 a 39 anos,1568.0
2313807,Uruburetama - CE,Total,40 a 44 anos,1433.0
2313807,Uruburetama - CE,Total,45 a 49 anos,1188.0
2313807,Uruburetama - CE,Total,50 a 54 anos,1079.0
2313807,Uruburetama - CE,Total,55 a 59 anos,948.0
2313807,Uruburetama - CE,Total,60 a 64 anos,731.0
2313807,Uruburetama - CE,Total,65 a 69 anos,554.0
2313807,Uruburetama - CE,Total,70 a 74 anos,442.0
2313807,Uruburetama - CE,Total,75 a 79 anos,336.0
2313807,Uruburetama - CE,Total,80 a 84 anos,216.0
2313807,Uruburetama - CE,Total,85 a 89 anos,107.0
2313807,Uruburetama - CE,Total,90 a 94 anos,65.0
2313807,Uruburetama - CE,Total,95 a 99 anos,23.0
2313807,Uruburetama - CE,Total,100 anos ou mais,2.0
2313906,Uruoca - CE,Total,Total,13746.0
2313906,Uruoca - CE,Total,0 a 4 anos,958.0
2313906,Uruoca - CE,Total,5 a 9 anos,1019.0
2313906,Uruoca - CE,Total,10 a 14 anos,1067.0
2313906,Uruoca - CE,Total,15 a 19 anos,1074.0
2313906,Uruoca - CE,Total,20 a 24 anos,1182.0
2313906,Uruoca - CE,Total,25 a 29 anos,1207.0
2313906,Uruoca - CE,Total,30 a 34 anos,1115.0
2313906,Uruoca - CE,Total,35 a 39 anos,1000.0
2313906,Uruoca - CE,Total,40 a 44 anos,979.0
2313906,Uruoca - CE,Total,45 a 49 anos,884.0
2313906,Uruoca - CE,Total,50 a 54 anos,724.0
2313906,Uruoca - CE,Total,55 a 59 anos,704.0
2313906,Uruoca - CE,Total,60 a 64 anos,511.0
2313906,Uruoca - CE,Total,65 a 69 anos,398.0
2313906,Uruoca - CE,Total,70 a 74 anos,349.0
2313906,Uruoca - CE,Total,75 a 79 anos,286.0
2313906,Uruoca - CE,Total,80 a 84 anos,154.0
2313906,Uruoca - CE,Total,85 a 89 anos,82.0
2313906,Uruoca - CE,Total,90 a 94 anos,39.0
2313906,Uruoca - CE,Total,95 a 99 anos,10.0
2313906,Uruoca - CE,Total,100 anos ou mais,4.0
2313955,Varjota - CE,Total,Total,18105.0
2313955,Varjota - CE,Total,0 a 4 anos,1286.0
2313955,Varjota - CE,Total,5 a 9 anos,1406.0
2313955,Varjota - CE,Total,10 a 14 anos,1311.0
2313955,Varjota - CE,Total,15 a 19 anos,1388.0
2313955,Varjota - CE,Total,20 a 24 anos,1490.0
2313955,Varjota - CE,Total,25 a 29 anos,1360.0
2313955,Varjota - CE,Total,30 a 34 anos,1316.0
2313955,Varjota - CE,Total,35 a 39 anos,1356.0
2313955,Varjota - CE,Total,40 a 44 anos,1244.0
2313955,Varjota - CE,Total,45 a 49 anos,1100.0
2313955,Varjota - CE,Total,50 a 54 anos,1024.0
2313955,Varjota - CE,Total,55 a 59 anos,951.0
2313955,Varjota - CE,Total,60 a 64 anos,768.0
2313955,Varjota - CE,Total,65 a 69 anos,606.0
2313955,Varjota - CE,Total,70 a 74 anos,557.0
2313955,Varjota - CE,Total,75 a 79 anos,407.0
2313955,Varjota - CE,Total,80 a 84 anos,285.0
2313955,Varjota - CE,Total,85 a 89 anos,148.0
2313955,Varjota - CE,Total,90 a 94 anos,74.0
2313955,Varjota - CE,Total,95 a 99 anos,22.0
2313955,Varjota - CE,Total,100 anos ou mais,6.0
2314003,Várzea Alegre - CE,Total,Total,38984.0
2314003,Várzea Alegre - CE,Total,0 a 4 anos,2251.0
2314003,Várzea Alegre - CE,Total,5 a 9 anos,2507.0
2314003,Várzea Alegre - CE,Total,10 a 14 anos,2632.0
2314003,Várzea Alegre - CE,Total,15 a 19 anos,2961.0
2314003,Várzea Alegre - CE,Total,20 a 24 anos,2911.0
2314003,Várzea Alegre - CE,Total,25 a 29 anos,2871.0
2314003,Várzea Alegre - CE,Total,30 a 34 anos,2847.0
2314003,Várzea Alegre - CE,Total,35 a 39 anos,2904.0
2314003,Várzea Alegre - CE,Total,40 a 44 anos,2709.0
2314003,Várzea Alegre - CE,Total,45 a 49 anos,2550.0
2314003,Várzea Alegre - CE,Total,50 a 54 anos,2275.0
2314003,Várzea Alegre - CE,Total,55 a 59 anos,2232.0
2314003,Várzea Alegre - CE,Total,60 a 64 anos,1933.0
2314003,Várzea Alegre - CE,Total,65 a 69 anos,1567.0
2314003,Várzea Alegre - CE,Total,70 a 74 anos,1326.0
2314003,Várzea Alegre - CE,Total,75 a 79 anos,1068.0
2314003,Várzea Alegre - CE,Total,80 a 84 anos,751.0
2314003,Várzea Alegre - CE,Total,85 a 89 anos,432.0
2314003,Várzea Alegre - CE,Total,90 a 94 anos,195.0
2314003,Várzea Alegre - CE,Total,95 a 99 anos,58.0
2314003,Várzea Alegre - CE,Total,100 anos ou mais,4.0
2314102,Viçosa do Ceará - CE,Total,Total,59712.0
2314102,Viçosa do Ceará - CE,Total,0 a 4 anos,4688.0
2314102,Viçosa do Ceará - CE,Total,5 a 9 anos,4627.0
2314102,Viçosa do Ceará - CE,Total,10 a 14 anos,4873.0
2314102,Viçosa do Ceará - CE,Total,15 a 19 anos,5094.0
2314102,Viçosa do Ceará - CE,Total,20 a 24 anos,5211.0
2314102,Viçosa do Ceará - CE,Total,25 a 29 anos,5134.0
2314102,Viçosa do Ceará - CE,Total,30 a 34 anos,4526.0
2314102,Viçosa do Ceará - CE,Total,35 a 39 anos,4460.0
2314102,Viçosa do Ceará - CE,Total,40 a 44 anos,4091.0
2314102,Viçosa do Ceará - CE,Total,45 a 49 anos,3483.0
2314102,Viçosa do Ceará - CE,Total,50 a 54 anos,3047.0
2314102,Viçosa do Ceará - CE,Total,55 a 59 anos,2747.0
2314102,Viçosa do Ceará - CE,Total,60 a 64 anos,2120.0
2314102,Viçosa do Ceará - CE,Total,65 a 69 anos,1675.0
2314102,Viçosa do Ceará - CE,Total,70 a 74 anos,1410.0
2314102,Viçosa do Ceará - CE,Total,75 a 79 anos,1069.0
2314102,Viçosa do Ceará - CE,Total,80 a 84 anos,792.0
2314102,Viçosa do Ceará - CE,Total,85 a 89 anos,383.0
2314102,Viçosa do Ceará - CE,Total,90 a 94 anos,207.0
2314102,Viçosa do Ceará - CE,Total,95 a 99 anos,56.0
2314102,Viçosa do Ceará - CE,Total,100 anos ou mais,19.0
