NC;NN;D1C;D1N;D2C;D2N;D3C;D3N;MC;MN;V
Nível Territorial (Código);Nível Territorial;Brasil, Unidade da Federação e Município (Código);Brasil, Unidade da Federação e Município;Variável (Código);Variável;Ano (Código);Ano;Unidade de Medida (Código);Unidade de Medida;Valor
1;Brasil;1;Brasil;9324;População residente estimada;2014;2014;45;Pessoas;202768562
1;Brasil;1;Brasil;9324;População residente estimada;2015;2015;45;Pessoas;204450049
1;Brasil;1;Brasil;9324;População residente estimada;2016;2016;45;Pessoas;206081432
1;Brasil;1;Brasil;9324;População residente estimada;2017;2017;45;Pessoas;207660929
1;Brasil;1;Brasil;9324;População residente estimada;2018;2018;45;Pessoas;208494900
1;Brasil;1;Brasil;9324;População residente estimada;2019;2019;45;Pessoas;210147125
1;Brasil;1;Brasil;9324;População residente estimada;2020;2020;45;Pessoas;211755692
1;Brasil;1;Brasil;9324;População residente estimada;2021;2021;45;Pessoas;213317639
1;Brasil;1;Brasil;9324;População residente estimada;2024;2024;45;Pessoas;212583750
3;Unidade da Federação;23;Ceará;9324;População residente estimada;2014;2014;45;Pessoas;8842791
3;Unidade da Federação;23;Ceará;9324;População residente estimada;2015;2015;45;Pessoas;8904459
3;Unidade da Federação;23;Ceará;9324;População residente estimada;2016;2016;45;Pessoas;8963663
3;Unidade da Federação;23;Ceará;9324;População residente estimada;2017;2017;45;Pessoas;9020460
3;Unidade da Federação;23;Ceará;9324;População residente estimada;2018;2018;45;Pessoas;9075649
3;Unidade da Federação;23;Ceará;9324;População residente estimada;2019;2019;45;Pessoas;9132078
3;Unidade da Federação;23;Ceará;9324;População residente estimada;2020;2020;45;Pessoas;9187103
3;Unidade da Federação;23;Ceará;9324;População residente estimada;2021;2021;45;Pessoas;9240580
3;Unidade da Federação;23;Ceará;9324;População residente estimada;2024;2024;45;Pessoas;9233656
6;Município;2300101;Abaiara - CE;9324;População residente estimada;2014;2014;45;Pessoas;11226
6;Município;2300101;Abaiara - CE;9324;População residente estimada;2015;2015;45;Pessoas;11357
6;Município;2300101;Abaiara - CE;9324;População residente estimada;2016;2016;45;Pessoas;11483
6;Município;2300101;Abaiara - CE;9324;População residente estimada;2017;2017;45;Pessoas;11605
6;Município;2300101;Abaiara - CE;9324;População residente estimada;2018;2018;45;Pessoas;11663
6;Município;2300101;Abaiara - CE;9324;População residente estimada;2019;2019;45;Pessoas;11737
6;Município;2300101;Abaiara - CE;9324;População residente estimada;2020;2020;45;Pessoas;11853
6;Município;2300101;Abaiara - CE;9324;População residente estimada;2021;2021;45;Pessoas;11965
6;Município;2300101;Abaiara - CE;9324;População residente estimada;2024;2024;45;Pessoas;10282
6;Município;2300150;Acarape - CE;9324;População residente estimada;2014;2014;45;Pessoas;16153
6;Município;2300150;Acarape - CE;9324;População residente estimada;2015;2015;45;Pessoas;16288
6;Município;2300150;Acarape - CE;9324;População residente estimada;2016;2016;45;Pessoas;16418
6;Município;2300150;Acarape - CE;9324;População residente estimada;2017;2017;45;Pessoas;16543
6;Município;2300150;Acarape - CE;9324;População residente estimada;2018;2018;45;Pessoas;15399
6;Município;2300150;Acarape - CE;9324;População residente estimada;2019;2019;45;Pessoas;14929
6;Município;2300150;Acarape - CE;9324;População residente estimada;2020;2020;45;Pessoas;15036
6;Município;2300150;Acarape - CE;9324;População residente estimada;2021;2021;45;Pessoas;15140
6;Município;2300150;Acarape - CE;9324;População residente estimada;2024;2024;45;Pessoas;14306
6;Município;2300200;Acaraú - CE;9324;População residente estimada;2014;2014;45;Pessoas;60684
6;Município;2300200;Acaraú - CE;9324;População residente estimada;2015;2015;45;Pessoas;61210
6;Município;2300200;Acaraú - CE;9324;População residente estimada;2016;2016;45;Pessoas;61715
6;Município;2300200;Acaraú - CE;9324;População residente estimada;2017;2017;45;Pessoas;62199
6;Município;2300200;Acaraú - CE;9324;População residente estimada;2018;2018;45;Pessoas;62557
6;Município;2300200;Acaraú - CE;9324;População residente estimada;2019;2019;45;Pessoas;62641
6;Município;2300200;Acaraú - CE;9324;População residente estimada;2020;2020;45;Pessoas;63104
6;Município;2300200;Acaraú - CE;9324;População residente estimada;2021;2021;45;Pessoas;63556
6;Município;2300200;Acaraú - CE;9324;População residente estimada;2024;2024;45;Pessoas;68758
6;Município;2300309;Acopiara - CE;9324;População residente estimada;2014;2014;45;Pessoas;52903
6;Município;2300309;Acopiara - CE;9324;População residente estimada;2015;2015;45;Pessoas;53135
6;Município;2300309;Acopiara - CE;9324;População residente estimada;2016;2016;45;Pessoas;53358
6;Município;2300309;Acopiara - CE;9324;População residente estimada;2017;2017;45;Pessoas;53572
6;Município;2300309;Acopiara - CE;9324;População residente estimada;2018;2018;45;Pessoas;53931
6;Município;2300309;Acopiara - CE;9324;População residente estimada;2019;2019;45;Pessoas;54270
6;Município;2300309;Acopiara - CE;9324;População residente estimada;2020;2020;45;Pessoas;54481
6;Município;2300309;Acopiara - CE;9324;População residente estimada;2021;2021;45;Pessoas;54687
6;Município;2300309;Acopiara - CE;9324;População residente estimada;2024;2024;45;Pessoas;46215
6;Município;2300408;Aiuaba - CE;9324;População residente estimada;2014;2014;45;Pessoas;16893
6;Município;2300408;Aiuaba - CE;9324;População residente estimada;2015;2015;45;Pessoas;16997
6;Município;2300408;Aiuaba - CE;9324;População residente estimada;2016;2016;45;Pessoas;17098
6;Município;2300408;Aiuaba - CE;9324;População residente estimada;2017;2017;45;Pessoas;17194
6;Município;2300408;Aiuaba - CE;9324;População residente estimada;2018;2018;45;Pessoas;17303
6;Município;2300408;Aiuaba - CE;9324;População residente estimada;2019;2019;45;Pessoas;17399
6;Município;2300408;Aiuaba - CE;9324;População residente estimada;2020;2020;45;Pessoas;17493
6;Município;2300408;Aiuaba - CE;9324;População residente estimada;2021;2021;45;Pessoas;17584
6;Município;2300408;Aiuaba - CE;9324;População residente estimada;2024;2024;45;Pessoas;14220
6;Município;2300507;Alcântaras - CE;9324;População residente estimada;2014;2014;45;Pessoas;11247
6;Município;2300507;Alcântaras - CE;9324;População residente estimada;2015;2015;45;Pessoas;11321
6;Município;2300507;Alcântaras - CE;9324;População residente estimada;2016;2016;45;Pessoas;11391
6;Município;2300507;Alcântaras - CE;9324;População residente estimada;2017;2017;45;Pessoas;11459
6;Município;2300507;Alcântaras - CE;9324;População residente estimada;2018;2018;45;Pessoas;11529
6;Município;2300507;Alcântaras - CE;9324;População residente estimada;2019;2019;45;Pessoas;11714
6;Município;2300507;Alcântaras - CE;9324;População residente estimada;2020;2020;45;Pessoas;11781
6;Município;2300507;Alcântaras - CE;9324;População residente estimada;2021;2021;45;Pessoas;11846
6;Município;2300507;Alcântaras - CE;9324;População residente estimada;2024;2024;45;Pessoas;11754
6;Município;2300606;Altaneira - CE;9324;População residente estimada;2014;2014;45;Pessoas;7271
6;Município;2300606;Altaneira - CE;9324;População residente estimada;2015;2015;45;Pessoas;7344
6;Município;2300606;Altaneira - CE;9324;População residente estimada;2016;2016;45;Pessoas;7413
6;Município;2300606;Altaneira - CE;9324;População residente estimada;2017;2017;45;Pessoas;7479
6;Município;2300606;Altaneira - CE;9324;População residente estimada;2018;2018;45;Pessoas;7521
6;Município;2300606;Altaneira - CE;9324;População residente estimada;2019;2019;45;Pessoas;7586
6;Município;2300606;Altaneira - CE;9324;População residente estimada;2020;2020;45;Pessoas;7650
6;Município;2300606;Altaneira - CE;9324;População residente estimada;2021;2021;45;Pessoas;7712
6;Município;2300606;Altaneira - CE;9324;População residente estimada;2024;2024;45;Pessoas;6970
6;Município;2300705;Alto Santo - CE;9324;População residente estimada;2014;2014;45;Pessoas;16823
6;Município;2300705;Alto Santo - CE;9324;População residente estimada;2015;2015;45;Pessoas;16876
6;Município;2300705;Alto Santo - CE;9324;População residente estimada;2016;2016;45;Pessoas;16927
6;Município;2300705;Alto Santo - CE;9324;População residente estimada;2017;2017;45;Pessoas;16976
6;Município;2300705;Alto Santo - CE;9324;População residente estimada;2018;2018;45;Pessoas;17096
6;Município;2300705;Alto Santo - CE;9324;População residente estimada;2019;2019;45;Pessoas;17146
6;Município;2300705;Alto Santo - CE;9324;População residente estimada;2020;2020;45;Pessoas;17196
6;Município;2300705;Alto Santo - CE;9324;População residente estimada;2021;2021;45;Pessoas;16077
6;Município;2300705;Alto Santo - CE;9324;População residente estimada;2024;2024;45;Pessoas;14418
6;Município;2300754;Amontada - CE;9324;População residente estimada;2014;2014;45;Pessoas;41672
6;Município;2300754;Amontada - CE;9324;População residente estimada;2015;2015;45;Pessoas;42098
6;Município;2300754;Amontada - CE;9324;População residente estimada;2016;2016;45;Pessoas;42508
6;Município;2300754;Amontada - CE;9324;População residente estimada;2017;2017;45;Pessoas;42901
6;Município;2300754;Amontada - CE;9324;População residente estimada;2018;2018;45;Pessoas;43131
6;Município;2300754;Amontada - CE;9324;População residente estimada;2019;2019;45;Pessoas;43452
6;Município;2300754;Amontada - CE;9324;População residente estimada;2020;2020;45;Pessoas;43829
6;Município;2300754;Amontada - CE;9324;População residente estimada;2021;2021;45;Pessoas;44195
6;Município;2300754;Amontada - CE;9324;População residente estimada;2024;2024;45;Pessoas;44342
6;Município;2300804;Antonina do Norte - CE;9324;População residente estimada;2014;2014;45;Pessoas;7200
6;Município;2300804;Antonina do Norte - CE;9324;População residente estimada;2015;2015;45;Pessoas;7227
6;Município;2300804;Antonina do Norte - CE;9324;População residente estimada;2016;2016;45;Pessoas;7253
6;Município;2300804;Antonina do Norte - CE;9324;População residente estimada;2017;2017;45;Pessoas;7278
6;Município;2300804;Antonina do Norte - CE;9324;População residente estimada;2018;2018;45;Pessoas;7328
6;Município;2300804;Antonina do Norte - CE;9324;População residente estimada;2019;2019;45;Pessoas;7353
6;Município;2300804;Antonina do Norte - CE;9324;População residente estimada;2020;2020;45;Pessoas;7378
6;Município;2300804;Antonina do Norte - CE;9324;População residente estimada;2021;2021;45;Pessoas;7402
6;Município;2300804;Antonina do Norte - CE;9324;População residente estimada;2024;2024;45;Pessoas;7484
6;Município;2300903;Apuiarés - CE;9324;População residente estimada;2014;2014;45;Pessoas;14483
6;Município;2300903;Apuiarés - CE;9324;População residente estimada;2015;2015;45;Pessoas;14565
6;Município;2300903;Apuiarés - CE;9324;População residente estimada;2016;2016;45;Pessoas;14644
6;Município;2300903;Apuiarés - CE;9324;População residente estimada;2017;2017;45;Pessoas;14719
6;Município;2300903;Apuiarés - CE;9324;População residente estimada;2018;2018;45;Pessoas;14814
6;Município;2300903;Apuiarés - CE;9324;População residente estimada;2019;2019;45;Pessoas;14600
6;Município;2300903;Apuiarés - CE;9324;População residente estimada;2020;2020;45;Pessoas;14672
6;Município;2300903;Apuiarés - CE;9324;População residente estimada;2021;2021;45;Pessoas;14742
6;Município;2300903;Apuiarés - CE;9324;População residente estimada;2024;2024;45;Pessoas;13219
6;Município;2301000;Aquiraz - CE;9324;População residente estimada;2014;2014;45;Pessoas;76967
6;Município;2301000;Aquiraz - CE;9324;População residente estimada;2015;2015;45;Pessoas;77717
6;Município;2301000;Aquiraz - CE;9324;População residente estimada;2016;2016;45;Pessoas;78438
6;Município;2301000;Aquiraz - CE;9324;População residente estimada;2017;2017;45;Pessoas;79128
6;Município;2301000;Aquiraz - CE;9324;População residente estimada;2018;2018;45;Pessoas;79563
6;Município;2301000;Aquiraz - CE;9324;População residente estimada;2019;2019;45;Pessoas;80271
6;Município;2301000;Aquiraz - CE;9324;População residente estimada;2020;2020;45;Pessoas;80935
6;Município;2301000;Aquiraz - CE;9324;População residente estimada;2021;2021;45;Pessoas;81581
6;Município;2301000;Aquiraz - CE;9324;População residente estimada;2024;2024;45;Pessoas;84737
6;Município;2301109;Aracati - CE;9324;População residente estimada;2014;2014;45;Pessoas;72248
6;Município;2301109;Aracati - CE;9324;População residente estimada;2015;2015;45;Pessoas;72727
6;Município;2301109;Aracati - CE;9324;População residente estimada;2016;2016;45;Pessoas;73188
6;Município;2301109;Aracati - CE;9324;População residente estimada;2017;2017;45;Pessoas;73629
6;Município;2301109;Aracati - CE;9324;População residente estimada;2018;2018;45;Pessoas;74084
6;Município;2301109;Aracati - CE;9324;População residente estimada;2019;2019;45;Pessoas;74547
6;Município;2301109;Aracati - CE;9324;População residente estimada;2020;2020;45;Pessoas;74975
6;Município;2301109;Aracati - CE;9324;População residente estimada;2021;2021;45;Pessoas;75392
6;Município;2301109;Aracati - CE;9324;População residente estimada;2024;2024;45;Pessoas;78752
6;Município;2301208;Aracoiaba - CE;9324;População residente estimada;2014;2014;45;Pessoas;26062
6;Município;2301208;Aracoiaba - CE;9324;População residente estimada;2015;2015;45;Pessoas;26134
6;Município;2301208;Aracoiaba - CE;9324;População residente estimada;2016;2016;45;Pessoas;26203
6;Município;2301208;Aracoiaba - CE;9324;População residente estimada;2017;2017;45;Pessoas;26269
6;Município;2301208;Aracoiaba - CE;9324;População residente estimada;2018;2018;45;Pessoas;26437
6;Município;2301208;Aracoiaba - CE;9324;População residente estimada;2019;2019;45;Pessoas;26469
6;Município;2301208;Aracoiaba - CE;9324;População residente estimada;2020;2020;45;Pessoas;26535
6;Município;2301208;Aracoiaba - CE;9324;População residente estimada;2021;2021;45;Pessoas;26600
6;Município;2301208;Aracoiaba - CE;9324;População residente estimada;2024;2024;45;Pessoas;26696
6;Município;2301257;Ararendá - CE;9324;População residente estimada;2014;2014;45;Pessoas;10750
6;Município;2301257;Ararendá - CE;9324;População residente estimada;2015;2015;45;Pessoas;10775
6;Município;2301257;Ararendá - CE;9324;População residente estimada;2016;2016;45;Pessoas;10800
6;Município;2301257;Ararendá - CE;9324;População residente estimada;2017;2017;45;Pessoas;10823
6;Município;2301257;Ararendá - CE;9324;População residente estimada;2018;2018;45;Pessoas;10901
6;Município;2301257;Ararendá - CE;9324;População residente estimada;2019;2019;45;Pessoas;10935
6;Município;2301257;Ararendá - CE;9324;População residente estimada;2020;2020;45;Pessoas;10959
6;Município;2301257;Ararendá - CE;9324;População residente estimada;2021;2021;45;Pessoas;10983
6;Município;2301257;Ararendá - CE;9324;População residente estimada;2024;2024;45;Pessoas;11485
6;Município;2301307;Araripe - CE;9324;População residente estimada;2014;2014;45;Pessoas;21230
6;Município;2301307;Araripe - CE;9324;População residente estimada;2015;2015;45;Pessoas;21289
6;Município;2301307;Araripe - CE;9324;População residente estimada;2016;2016;45;Pessoas;21345
6;Município;2301307;Araripe - CE;9324;População residente estimada;2017;2017;45;Pessoas;21398
6;Município;2301307;Araripe - CE;9324;População residente estimada;2018;2018;45;Pessoas;21550
6;Município;2301307;Araripe - CE;9324;População residente estimada;2019;2019;45;Pessoas;21600
6;Município;2301307;Araripe - CE;9324;População residente estimada;2020;2020;45;Pessoas;21654
6;Município;2301307;Araripe - CE;9324;População residente estimada;2021;2021;45;Pessoas;21707
6;Município;2301307;Araripe - CE;9324;População residente estimada;2024;2024;45;Pessoas;20223
6;Município;2301406;Aratuba - CE;9324;População residente estimada;2014;2014;45;Pessoas;11419
6;Município;2301406;Aratuba - CE;9324;População residente estimada;2015;2015;45;Pessoas;11358
6;Município;2301406;Aratuba - CE;9324;População residente estimada;2016;2016;45;Pessoas;11300
6;Município;2301406;Aratuba - CE;9324;População residente estimada;2017;2017;45;Pessoas;11244
6;Município;2301406;Aratuba - CE;9324;População residente estimada;2018;2018;45;Pessoas;11346
6;Município;2301406;Aratuba - CE;9324;População residente estimada;2019;2019;45;Pessoas;11847
6;Município;2301406;Aratuba - CE;9324;População residente estimada;2020;2020;45;Pessoas;11802
6;Município;2301406;Aratuba - CE;9324;População residente estimada;2021;2021;45;Pessoas;11759
6;Município;2301406;Aratuba - CE;9324;População residente estimada;2024;2024;45;Pessoas;11459
6;Município;2301505;Arneiroz - CE;9324;População residente estimada;2014;2014;45;Pessoas;7768
6;Município;2301505;Arneiroz - CE;9324;População residente estimada;2015;2015;45;Pessoas;7771
6;Município;2301505;Arneiroz - CE;9324;População residente estimada;2016;2016;45;Pessoas;7774
6;Município;2301505;Arneiroz - CE;9324;População residente estimada;2017;2017;45;Pessoas;7777
6;Município;2301505;Arneiroz - CE;9324;População residente estimada;2018;2018;45;Pessoas;7836
6;Município;2301505;Arneiroz - CE;9324;População residente estimada;2019;2019;45;Pessoas;7840
6;Município;2301505;Arneiroz - CE;9324;População residente estimada;2020;2020;45;Pessoas;7844
6;Município;2301505;Arneiroz - CE;9324;População residente estimada;2021;2021;45;Pessoas;7848
6;Município;2301505;Arneiroz - CE;9324;População residente estimada;2024;2024;45;Pessoas;7619
6;Município;2301604;Assaré - CE;9324;População residente estimada;2014;2014;45;Pessoas;23058
6;Município;2301604;Assaré - CE;9324;População residente estimada;2015;2015;45;Pessoas;23126
6;Município;2301604;Assaré - CE;9324;População residente estimada;2016;2016;45;Pessoas;23191
6;Município;2301604;Assaré - CE;9324;População residente estimada;2017;2017;45;Pessoas;23254
6;Município;2301604;Assaré - CE;9324;População residente estimada;2018;2018;45;Pessoas;23417
6;Município;2301604;Assaré - CE;9324;População residente estimada;2019;2019;45;Pessoas;23417
6;Município;2301604;Assaré - CE;9324;População residente estimada;2020;2020;45;Pessoas;23478
6;Município;2301604;Assaré - CE;9324;População residente estimada;2021;2021;45;Pessoas;23537
6;Município;2301604;Assaré - CE;9324;População residente estimada;2024;2024;45;Pessoas;22212
6;Município;2301703;Aurora - CE;9324;População residente estimada;2014;2014;45;Pessoas;24658
6;Município;2301703;Aurora - CE;9324;População residente estimada;2015;2015;45;Pessoas;24602
6;Município;2301703;Aurora - CE;9324;População residente estimada;2016;2016;45;Pessoas;24548
6;Município;2301703;Aurora - CE;9324;População residente estimada;2017;2017;45;Pessoas;24496
6;Município;2301703;Aurora - CE;9324;População residente estimada;2018;2018;45;Pessoas;24699
6;Município;2301703;Aurora - CE;9324;População residente estimada;2019;2019;45;Pessoas;24654
6;Município;2301703;Aurora - CE;9324;População residente estimada;2020;2020;45;Pessoas;24610
6;Município;2301703;Aurora - CE;9324;População residente estimada;2021;2021;45;Pessoas;24567
6;Município;2301703;Aurora - CE;9324;População residente estimada;2024;2024;45;Pessoas;24267
6;Município;2301802;Baixio - CE;9324;População residente estimada;2014;2014;45;Pessoas;6182
6;Município;2301802;Baixio - CE;9324;População residente estimada;2015;2015;45;Pessoas;6198
6;Município;2301802;Baixio - CE;9324;População residente estimada;2016;2016;45;Pessoas;6214
6;Município;2301802;Baixio - CE;9324;População residente estimada;2017;2017;45;Pessoas;6228
6;Município;2301802;Baixio - CE;9324;População residente estimada;2018;2018;45;Pessoas;6272
6;Município;2301802;Baixio - CE;9324;População residente estimada;2019;2019;45;Pessoas;6288
6;Município;2301802;Baixio - CE;9324;População residente estimada;2020;2020;45;Pessoas;6303
6;Município;2301802;Baixio - CE;9324;População residente estimada;2021;2021;45;Pessoas;6318
6;Município;2301802;Baixio - CE;9324;População residente estimada;2024;2024;45;Pessoas;5832
6;Município;2301851;Banabuiú - CE;9324;População residente estimada;2014;2014;45;Pessoas;17842
6;Município;2301851;Banabuiú - CE;9324;População residente estimada;2015;2015;45;Pessoas;17906
6;Município;2301851;Banabuiú - CE;9324;População residente estimada;2016;2016;45;Pessoas;17968
6;Município;2301851;Banabuiú - CE;9324;População residente estimada;2017;2017;45;Pessoas;18027
6;Município;2301851;Banabuiú - CE;9324;População residente estimada;2018;2018;45;Pessoas;18151
6;Município;2301851;Banabuiú - CE;9324;População residente estimada;2019;2019;45;Pessoas;18197
6;Município;2301851;Banabuiú - CE;9324;População residente estimada;2020;2020;45;Pessoas;18256
6;Município;2301851;Banabuiú - CE;9324;População residente estimada;2021;2021;45;Pessoas;18313
6;Município;2301851;Banabuiú - CE;9324;População residente estimada;2024;2024;45;Pessoas;17654
6;Município;2301901;Barbalha - CE;9324;População residente estimada;2014;2014;45;Pessoas;58347
6;Município;2301901;Barbalha - CE;9324;População residente estimada;2015;2015;45;Pessoas;58855
6;Município;2301901;Barbalha - CE;9324;População residente estimada;2016;2016;45;Pessoas;59343
6;Município;2301901;Barbalha - CE;9324;População residente estimada;2017;2017;45;Pessoas;59811
6;Município;2301901;Barbalha - CE;9324;População residente estimada;2018;2018;45;Pessoas;60155
6;Município;2301901;Barbalha - CE;9324;População residente estimada;2019;2019;45;Pessoas;60781
6;Município;2301901;Barbalha - CE;9324;População residente estimada;2020;2020;45;Pessoas;61228
6;Município;2301901;Barbalha - CE;9324;População residente estimada;2021;2021;45;Pessoas;61662
6;Município;2301901;Barbalha - CE;9324;População residente estimada;2024;2024;45;Pessoas;80217
6;Município;2301950;Barreira - CE;9324;População residente estimada;2014;2014;45;Pessoas;20532
6;Município;2301950;Barreira - CE;9324;População residente estimada;2015;2015;45;Pessoas;20687
6;Município;2301950;Barreira - CE;9324;População residente estimada;2016;2016;45;Pessoas;20835
6;Município;2301950;Barreira - CE;9324;População residente estimada;2017;2017;45;Pessoas;20978
6;Município;2301950;Barreira - CE;9324;População residente estimada;2018;2018;45;Pessoas;22362
6;Município;2301950;Barreira - CE;9324;População residente estimada;2019;2019;45;Pessoas;22425
6;Município;2301950;Barreira - CE;9324;População residente estimada;2020;2020;45;Pessoas;22573
6;Município;2301950;Barreira - CE;9324;População residente estimada;2021;2021;45;Pessoas;22715
6;Município;2301950;Barreira - CE;9324;População residente estimada;2024;2024;45;Pessoas;23351
6;Município;2302008;Barro - CE;9324;População residente estimada;2014;2014;45;Pessoas;22193
6;Município;2302008;Barro - CE;9324;População residente estimada;2015;2015;45;Pessoas;22279
6;Município;2302008;Barro - CE;9324;População residente estimada;2016;2016;45;Pessoas;22361
6;Município;2302008;Barro - CE;9324;População residente estimada;2017;2017;45;Pessoas;22440
6;Município;2302008;Barro - CE;9324;População residente estimada;2018;2018;45;Pessoas;22593
6;Município;2302008;Barro - CE;9324;População residente estimada;2019;2019;45;Pessoas;22680
6;Município;2302008;Barro - CE;9324;População residente estimada;2020;2020;45;Pessoas;22758
6;Município;2302008;Barro - CE;9324;População residente estimada;2021;2021;45;Pessoas;22834
6;Município;2302008;Barro - CE;9324;População residente estimada;2024;2024;45;Pessoas;19669
6;Município;2302057;Barroquinha - CE;9324;População residente estimada;2014;2014;45;Pessoas;14800
6;Município;2302057;Barroquinha - CE;9324;População residente estimada;2015;2015;45;Pessoas;14828
6;Município;2302057;Barroquinha - CE;9324;População residente estimada;2016;2016;45;Pessoas;14854
6;Município;2302057;Barroquinha - CE;9324;População residente estimada;2017;2017;45;Pessoas;14880
6;Município;2302057;Barroquinha - CE;9324;População residente estimada;2018;2018;45;Pessoas;14989
6;Município;2302057;Barroquinha - CE;9324;População residente estimada;2019;2019;45;Pessoas;15017
6;Município;2302057;Barroquinha - CE;9324;População residente estimada;2020;2020;45;Pessoas;15044
6;Município;2302057;Barroquinha - CE;9324;População residente estimada;2021;2021;45;Pessoas;15069
6;Município;2302057;Barroquinha - CE;9324;População residente estimada;2024;2024;45;Pessoas;14977
6;Município;2302107;Baturité - CE;9324;População residente estimada;2014;2014;45;Pessoas;34735
6;Município;2302107;Baturité - CE;9324;População residente estimada;2015;2015;45;Pessoas;34949
6;Município;2302107;Baturité - CE;9324;População residente estimada;2016;2016;45;Pessoas;35154
6;Município;2302107;Baturité - CE;9324;População residente estimada;2017;2017;45;Pessoas;35351
6;Município;2302107;Baturité - CE;9324;População residente estimada;2018;2018;45;Pessoas;35575
6;Município;2302107;Baturité - CE;9324;População residente estimada;2019;2019;45;Pessoas;35750
6;Município;2302107;Baturité - CE;9324;População residente estimada;2020;2020;45;Pessoas;35941
6;Município;2302107;Baturité - CE;9324;População residente estimada;2021;2021;45;Pessoas;36127
6;Município;2302107;Baturité - CE;9324;População residente estimada;2024;2024;45;Pessoas;36978
6;Município;2302206;Beberibe - CE;9324;População residente estimada;2014;2014;45;Pessoas;51885
6;Município;2302206;Beberibe - CE;9324;População residente estimada;2015;2015;45;Pessoas;52310
6;Município;2302206;Beberibe - CE;9324;População residente estimada;2016;2016;45;Pessoas;52719
6;Município;2302206;Beberibe - CE;9324;População residente estimada;2017;2017;45;Pessoas;53110
6;Município;2302206;Beberibe - CE;9324;População residente estimada;2018;2018;45;Pessoas;53421
6;Município;2302206;Beberibe - CE;9324;População residente estimada;2019;2019;45;Pessoas;53573
6;Município;2302206;Beberibe - CE;9324;População residente estimada;2020;2020;45;Pessoas;53949
6;Município;2302206;Beberibe - CE;9324;População residente estimada;2021;2021;45;Pessoas;54315
6;Município;2302206;Beberibe - CE;9324;População residente estimada;2024;2024;45;Pessoas;55666
6;Município;2302305;Bela Cruz - CE;9324;População residente estimada;2014;2014;45;Pessoas;31956
6;Município;2302305;Bela Cruz - CE;9324;População residente estimada;2015;2015;45;Pessoas;32103
6;Município;2302305;Bela Cruz - CE;9324;População residente estimada;2016;2016;45;Pessoas;32243
6;Município;2302305;Bela Cruz - CE;9324;População residente estimada;2017;2017;45;Pessoas;32378
6;Município;2302305;Bela Cruz - CE;9324;População residente estimada;2018;2018;45;Pessoas;32593
6;Município;2302305;Bela Cruz - CE;9324;População residente estimada;2019;2019;45;Pessoas;32591
6;Município;2302305;Bela Cruz - CE;9324;População residente estimada;2020;2020;45;Pessoas;32722
6;Município;2302305;Bela Cruz - CE;9324;População residente estimada;2021;2021;45;Pessoas;32851
6;Município;2302305;Bela Cruz - CE;9324;População residente estimada;2024;2024;45;Pessoas;34441
6;Município;2302404;Boa Viagem - CE;9324;População residente estimada;2014;2014;45;Pessoas;53725
6;Município;2302404;Boa Viagem - CE;9324;População residente estimada;2015;2015;45;Pessoas;53838
6;Município;2302404;Boa Viagem - CE;9324;População residente estimada;2016;2016;45;Pessoas;53945
6;Município;2302404;Boa Viagem - CE;9324;População residente estimada;2017;2017;45;Pessoas;54049
6;Município;2302404;Boa Viagem - CE;9324;População residente estimada;2018;2018;45;Pessoas;54440
6;Município;2302404;Boa Viagem - CE;9324;População residente estimada;2019;2019;45;Pessoas;54470
6;Município;2302404;Boa Viagem - CE;9324;População residente estimada;2020;2020;45;Pessoas;54577
6;Município;2302404;Boa Viagem - CE;9324;População residente estimada;2021;2021;45;Pessoas;54680
6;Município;2302404;Boa Viagem - CE;9324;População residente estimada;2024;2024;45;Pessoas;52169
6;Município;2302503;Brejo Santo - CE;9324;População residente estimada;2014;2014;45;Pessoas;47645
6;Município;2302503;Brejo Santo - CE;9324;População residente estimada;2015;2015;45;Pessoas;48056
6;Município;2302503;Brejo Santo - CE;9324;População residente estimada;2016;2016;45;Pessoas;48451
6;Município;2302503;Brejo Santo - CE;9324;População residente estimada;2017;2017;45;Pessoas;48830
6;Município;2302503;Brejo Santo - CE;9324;População residente estimada;2018;2018;45;Pessoas;49109
6;Município;2302503;Brejo Santo - CE;9324;População residente estimada;2019;2019;45;Pessoas;49477
6;Município;2302503;Brejo Santo - CE;9324;População residente estimada;2020;2020;45;Pessoas;49842
6;Município;2302503;Brejo Santo - CE;9324;População residente estimada;2021;2021;45;Pessoas;50195
6;Município;2302503;Brejo Santo - CE;9324;População residente estimada;2024;2024;45;Pessoas;53778
6;Município;2302602;Camocim - CE;9324;População residente estimada;2014;2014;45;Pessoas;62201
6;Município;2302602;Camocim - CE;9324;População residente estimada;2015;2015;45;Pessoas;62473
6;Município;2302602;Camocim - CE;9324;População residente estimada;2016;2016;45;Pessoas;62734
6;Município;2302602;Camocim - CE;9324;População residente estimada;2017;2017;45;Pessoas;62985
6;Município;2302602;Camocim - CE;9324;População residente estimada;2018;2018;45;Pessoas;63408
6;Município;2302602;Camocim - CE;9324;População residente estimada;2019;2019;45;Pessoas;63661
6;Município;2302602;Camocim - CE;9324;População residente estimada;2020;2020;45;Pessoas;63907
6;Município;2302602;Camocim - CE;9324;População residente estimada;2021;2021;45;Pessoas;64147
6;Município;2302602;Camocim - CE;9324;População residente estimada;2024;2024;45;Pessoas;65031
6;Município;2302701;Campos Sales - CE;9324;População residente estimada;2014;2014;45;Pessoas;27077
6;Município;2302701;Campos Sales - CE;9324;População residente estimada;2015;2015;45;Pessoas;27123
6;Município;2302701;Campos Sales - CE;9324;População residente estimada;2016;2016;45;Pessoas;27167
6;Município;2302701;Campos Sales - CE;9324;População residente estimada;2017;2017;45;Pessoas;27209
6;Município;2302701;Campos Sales - CE;9324;População residente estimada;2018;2018;45;Pessoas;27409
6;Município;2302701;Campos Sales - CE;9324;População residente estimada;2019;2019;45;Pessoas;27426
6;Município;2302701;Campos Sales - CE;9324;População residente estimada;2020;2020;45;Pessoas;27470
6;Município;2302701;Campos Sales - CE;9324;População residente estimada;2021;2021;45;Pessoas;27513
6;Município;2302701;Campos Sales - CE;9324;População residente estimada;2024;2024;45;Pessoas;26082
6;Município;2302800;Canindé - CE;9324;População residente estimada;2014;2014;45;Pessoas;76724
6;Município;2302800;Canindé - CE;9324;População residente estimada;2015;2015;45;Pessoas;76998
6;Município;2302800;Canindé - CE;9324;População residente estimada;2016;2016;45;Pessoas;77261
6;Município;2302800;Canindé - CE;9324;População residente estimada;2017;2017;45;Pessoas;77514
6;Município;2302800;Canindé - CE;9324;População residente estimada;2018;2018;45;Pessoas;78049
6;Município;2302800;Canindé - CE;9324;População residente estimada;2019;2019;45;Pessoas;76997
6;Município;2302800;Canindé - CE;9324;População residente estimada;2020;2020;45;Pessoas;77244
6;Município;2302800;Canindé - CE;9324;População residente estimada;2021;2021;45;Pessoas;77484
6;Município;2302800;Canindé - CE;9324;População residente estimada;2024;2024;45;Pessoas;77207
6;Município;2302909;Capistrano - CE;9324;População residente estimada;2014;2014;45;Pessoas;17523
6;Município;2302909;Capistrano - CE;9324;População residente estimada;2015;2015;45;Pessoas;17573
6;Município;2302909;Capistrano - CE;9324;População residente estimada;2016;2016;45;Pessoas;17621
6;Município;2302909;Capistrano - CE;9324;População residente estimada;2017;2017;45;Pessoas;17668
6;Município;2302909;Capistrano - CE;9324;População residente estimada;2018;2018;45;Pessoas;17793
6;Município;2302909;Capistrano - CE;9324;População residente estimada;2019;2019;45;Pessoas;17738
6;Município;2302909;Capistrano - CE;9324;População residente estimada;2020;2020;45;Pessoas;17786
6;Município;2302909;Capistrano - CE;9324;População residente estimada;2021;2021;45;Pessoas;17830
6;Município;2302909;Capistrano - CE;9324;População residente estimada;2024;2024;45;Pessoas;17760
6;Município;2303006;Caridade - CE;9324;População residente estimada;2014;2014;45;Pessoas;21524
6;Município;2303006;Caridade - CE;9324;População residente estimada;2015;2015;45;Pessoas;21800
6;Município;2303006;Caridade - CE;9324;População residente estimada;2016;2016;45;Pessoas;22065
6;Município;2303006;Caridade - CE;9324;População residente estimada;2017;2017;45;Pessoas;22320
6;Município;2303006;Caridade - CE;9324;População residente estimada;2018;2018;45;Pessoas;22427
6;Município;2303006;Caridade - CE;9324;População residente estimada;2019;2019;45;Pessoas;22547
6;Município;2303006;Caridade - CE;9324;População residente estimada;2020;2020;45;Pessoas;22782
6;Município;2303006;Caridade - CE;9324;População residente estimada;2021;2021;45;Pessoas;23011
6;Município;2303006;Caridade - CE;9324;População residente estimada;2024;2024;45;Pessoas;16419
6;Município;2303105;Cariré - CE;9324;População residente estimada;2014;2014;45;Pessoas;18637
6;Município;2303105;Cariré - CE;9324;População residente estimada;2015;2015;45;Pessoas;18645
6;Município;2303105;Cariré - CE;9324;População residente estimada;2016;2016;45;Pessoas;18653
6;Município;2303105;Cariré - CE;9324;População residente estimada;2017;2017;45;Pessoas;18660
6;Município;2303105;Cariré - CE;9324;População residente estimada;2018;2018;45;Pessoas;18802
6;Município;2303105;Cariré - CE;9324;População residente estimada;2019;2019;45;Pessoas;18448
6;Município;2303105;Cariré - CE;9324;População residente estimada;2020;2020;45;Pessoas;18459
6;Município;2303105;Cariré - CE;9324;População residente estimada;2021;2021;45;Pessoas;18470
6;Município;2303105;Cariré - CE;9324;População residente estimada;2024;2024;45;Pessoas;18075
6;Município;2303204;Caririaçu - CE;9324;População residente estimada;2014;2014;45;Pessoas;26840
6;Município;2303204;Caririaçu - CE;9324;População residente estimada;2015;2015;45;Pessoas;26858
6;Município;2303204;Caririaçu - CE;9324;População residente estimada;2016;2016;45;Pessoas;26876
6;Município;2303204;Caririaçu - CE;9324;População residente estimada;2017;2017;45;Pessoas;26892
6;Município;2303204;Caririaçu - CE;9324;População residente estimada;2018;2018;45;Pessoas;27095
6;Município;2303204;Caririaçu - CE;9324;População residente estimada;2019;2019;45;Pessoas;26965
6;Município;2303204;Caririaçu - CE;9324;População residente estimada;2020;2020;45;Pessoas;26987
6;Município;2303204;Caririaçu - CE;9324;População residente estimada;2021;2021;45;Pessoas;27008
6;Município;2303204;Caririaçu - CE;9324;População residente estimada;2024;2024;45;Pessoas;27482
6;Município;2303303;Cariús - CE;9324;População residente estimada;2014;2014;45;Pessoas;18813
6;Município;2303303;Cariús - CE;9324;População residente estimada;2015;2015;45;Pessoas;18810
6;Município;2303303;Cariús - CE;9324;População residente estimada;2016;2016;45;Pessoas;18807
6;Município;2303303;Cariús - CE;9324;População residente estimada;2017;2017;45;Pessoas;18804
6;Município;2303303;Cariús - CE;9324;População residente estimada;2018;2018;45;Pessoas;18950
6;Município;2303303;Cariús - CE;9324;População residente estimada;2019;2019;45;Pessoas;18699
6;Município;2303303;Cariús - CE;9324;População residente estimada;2020;2020;45;Pessoas;18699
6;Município;2303303;Cariús - CE;9324;População residente estimada;2021;2021;45;Pessoas;18700
6;Município;2303303;Cariús - CE;9324;População residente estimada;2024;2024;45;Pessoas;17333
6;Município;2303402;Carnaubal - CE;9324;População residente estimada;2014;2014;45;Pessoas;17374
6;Município;2303402;Carnaubal - CE;9324;População residente estimada;2015;2015;45;Pessoas;17463
6;Município;2303402;Carnaubal - CE;9324;População residente estimada;2016;2016;45;Pessoas;17549
6;Município;2303402;Carnaubal - CE;9324;População residente estimada;2017;2017;45;Pessoas;17631
6;Município;2303402;Carnaubal - CE;9324;População residente estimada;2018;2018;45;Pessoas;17747
6;Município;2303402;Carnaubal - CE;9324;População residente estimada;2019;2019;45;Pessoas;17606
6;Município;2303402;Carnaubal - CE;9324;População residente estimada;2020;2020;45;Pessoas;17685
6;Município;2303402;Carnaubal - CE;9324;População residente estimada;2021;2021;45;Pessoas;17763
6;Município;2303402;Carnaubal - CE;9324;População residente estimada;2024;2024;45;Pessoas;17758
6;Município;2303501;Cascavel - CE;9324;População residente estimada;2014;2014;45;Pessoas;69498
6;Município;2303501;Cascavel - CE;9324;População residente estimada;2015;2015;45;Pessoas;70047
6;Município;2303501;Cascavel - CE;9324;População residente estimada;2016;2016;45;Pessoas;70574
6;Município;2303501;Cascavel - CE;9324;População residente estimada;2017;2017;45;Pessoas;71079
6;Município;2303501;Cascavel - CE;9324;População residente estimada;2018;2018;45;Pessoas;71499
6;Município;2303501;Cascavel - CE;9324;População residente estimada;2019;2019;45;Pessoas;71743
6;Município;2303501;Cascavel - CE;9324;População residente estimada;2020;2020;45;Pessoas;72232
6;Município;2303501;Cascavel - CE;9324;População residente estimada;2021;2021;45;Pessoas;72706
6;Município;2303501;Cascavel - CE;9324;População residente estimada;2024;2024;45;Pessoas;76365
6;Município;2303600;Catarina - CE;9324;População residente estimada;2014;2014;45;Pessoas;19882
6;Município;2303600;Catarina - CE;9324;População residente estimada;2015;2015;45;Pessoas;20079
6;Município;2303600;Catarina - CE;9324;População residente estimada;2016;2016;45;Pessoas;20269
6;Município;2303600;Catarina - CE;9324;População residente estimada;2017;2017;45;Pessoas;20451
6;Município;2303600;Catarina - CE;9324;População residente estimada;2018;2018;45;Pessoas;20562
6;Município;2303600;Catarina - CE;9324;População residente estimada;2019;2019;45;Pessoas;20698
6;Município;2303600;Catarina - CE;9324;População residente estimada;2020;2020;45;Pessoas;20871
6;Município;2303600;Catarina - CE;9324;População residente estimada;2021;2021;45;Pessoas;21041
6;Município;2303600;Catarina - CE;9324;População residente estimada;2024;2024;45;Pessoas;9577
6;Município;2303659;Catunda - CE;9324;População residente estimada;2014;2014;45;Pessoas;10257
6;Município;2303659;Catunda - CE;9324;População residente estimada;2015;2015;45;Pessoas;10294
6;Município;2303659;Catunda - CE;9324;População residente estimada;2016;2016;45;Pessoas;10331
6;Município;2303659;Catunda - CE;9324;População residente estimada;2017;2017;45;Pessoas;10365
6;Município;2303659;Catunda - CE;9324;População residente estimada;2018;2018;45;Pessoas;10437
6;Município;2303659;Catunda - CE;9324;População residente estimada;2019;2019;45;Pessoas;10342
6;Município;2303659;Catunda - CE;9324;População residente estimada;2020;2020;45;Pessoas;10376
6;Município;2303659;Catunda - CE;9324;População residente estimada;2021;2021;45;Pessoas;10410
6;Município;2303659;Catunda - CE;9324;População residente estimada;2024;2024;45;Pessoas;10817
6;Município;2303709;Caucaia - CE;9324;População residente estimada;2014;2014;45;Pessoas;349526
6;Município;2303709;Caucaia - CE;9324;População residente estimada;2015;2015;45;Pessoas;353932
6;Município;2303709;Caucaia - CE;9324;População residente estimada;2016;2016;45;Pessoas;358164
6;Município;2303709;Caucaia - CE;9324;População residente estimada;2017;2017;45;Pessoas;362223
6;Município;2303709;Caucaia - CE;9324;População residente estimada;2018;2018;45;Pessoas;363982
6;Município;2303709;Caucaia - CE;9324;População residente estimada;2019;2019;45;Pessoas;361400
6;Município;2303709;Caucaia - CE;9324;População residente estimada;2020;2020;45;Pessoas;365212
6;Município;2303709;Caucaia - CE;9324;População residente estimada;2021;2021;45;Pessoas;368918
6;Município;2303709;Caucaia - CE;9324;População residente estimada;2024;2024;45;Pessoas;375730
6;Município;2303808;Cedro - CE;9324;População residente estimada;2014;2014;45;Pessoas;24986
6;Município;2303808;Cedro - CE;9324;População residente estimada;2015;2015;45;Pessoas;25013
6;Município;2303808;Cedro - CE;9324;População residente estimada;2016;2016;45;Pessoas;25038
6;Município;2303808;Cedro - CE;9324;População residente estimada;2017;2017;45;Pessoas;25063
6;Município;2303808;Cedro - CE;9324;População residente estimada;2018;2018;45;Pessoas;25249
6;Município;2303808;Cedro - CE;9324;População residente estimada;2019;2019;45;Pessoas;25557
6;Município;2303808;Cedro - CE;9324;População residente estimada;2020;2020;45;Pessoas;25585
6;Município;2303808;Cedro - CE;9324;População residente estimada;2021;2021;45;Pessoas;25612
6;Município;2303808;Cedro - CE;9324;População residente estimada;2024;2024;45;Pessoas;22678
6;Município;2303907;Chaval - CE;9324;População residente estimada;2014;2014;45;Pessoas;12888
6;Município;2303907;Chaval - CE;9324;População residente estimada;2015;2015;45;Pessoas;12910
6;Município;2303907;Chaval - CE;9324;População residente estimada;2016;2016;45;Pessoas;12931
6;Município;2303907;Chaval - CE;9324;População residente estimada;2017;2017;45;Pessoas;12952
6;Município;2303907;Chaval - CE;9324;População residente estimada;2018;2018;45;Pessoas;13047
6;Município;2303907;Chaval - CE;9324;População residente estimada;2019;2019;45;Pessoas;13069
6;Município;2303907;Chaval - CE;9324;População residente estimada;2020;2020;45;Pessoas;13091
6;Município;2303907;Chaval - CE;9324;População residente estimada;2021;2021;45;Pessoas;13112
6;Município;2303907;Chaval - CE;9324;População residente estimada;2024;2024;45;Pessoas;12805
6;Município;2303931;Choró - CE;9324;População residente estimada;2014;2014;45;Pessoas;13246
6;Município;2303931;Choró - CE;9324;População residente estimada;2015;2015;45;Pessoas;13294
6;Município;2303931;Choró - CE;9324;População residente estimada;2016;2016;45;Pessoas;13340
6;Município;2303931;Choró - CE;9324;População residente estimada;2017;2017;45;Pessoas;13384
6;Município;2303931;Choró - CE;9324;População residente estimada;2018;2018;45;Pessoas;13476
6;Município;2303931;Choró - CE;9324;População residente estimada;2019;2019;45;Pessoas;13521
6;Município;2303931;Choró - CE;9324;População residente estimada;2020;2020;45;Pessoas;13565
6;Município;2303931;Choró - CE;9324;População residente estimada;2021;2021;45;Pessoas;13608
6;Município;2303931;Choró - CE;9324;População residente estimada;2024;2024;45;Pessoas;12380
6;Município;2303956;Chorozinho - CE;9324;População residente estimada;2014;2014;45;Pessoas;19189
6;Município;2303956;Chorozinho - CE;9324;População residente estimada;2015;2015;45;Pessoas;19192
6;Município;2303956;Chorozinho - CE;9324;População residente estimada;2016;2016;45;Pessoas;19194
6;Município;2303956;Chorozinho - CE;9324;População residente estimada;2017;2017;45;Pessoas;19197
6;Município;2303956;Chorozinho - CE;9324;População residente estimada;2018;2018;45;Pessoas;19345
6;Município;2303956;Chorozinho - CE;9324;População residente estimada;2019;2019;45;Pessoas;20264
6;Município;2303956;Chorozinho - CE;9324;População residente estimada;2020;2020;45;Pessoas;20274
6;Município;2303956;Chorozinho - CE;9324;População residente estimada;2021;2021;45;Pessoas;20286
6;Município;2303956;Chorozinho - CE;9324;População residente estimada;2024;2024;45;Pessoas;20763
6;Município;2304004;Coreaú - CE;9324;População residente estimada;2014;2014;45;Pessoas;22773
6;Município;2304004;Coreaú - CE;9324;População residente estimada;2015;2015;45;Pessoas;22889
6;Município;2304004;Coreaú - CE;9324;População residente estimada;2016;2016;45;Pessoas;23000
6;Município;2304004;Coreaú - CE;9324;População residente estimada;2017;2017;45;Pessoas;23107
6;Município;2304004;Coreaú - CE;9324;População residente estimada;2018;2018;45;Pessoas;23258
6;Município;2304004;Coreaú - CE;9324;População residente estimada;2019;2019;45;Pessoas;23136
6;Município;2304004;Coreaú - CE;9324;População residente estimada;2020;2020;45;Pessoas;23239
6;Município;2304004;Coreaú - CE;9324;População residente estimada;2021;2021;45;Pessoas;23340
6;Município;2304004;Coreaú - CE;9324;População residente estimada;2024;2024;45;Pessoas;21438
6;Município;2304103;Crateús - CE;9324;População residente estimada;2014;2014;45;Pessoas;74188
6;Município;2304103;Crateús - CE;9324;População residente estimada;2015;2015;45;Pessoas;74271
6;Município;2304103;Crateús - CE;9324;População residente estimada;2016;2016;45;Pessoas;74350
6;Município;2304103;Crateús - CE;9324;População residente estimada;2017;2017;45;Pessoas;74426
6;Município;2304103;Crateús - CE;9324;População residente estimada;2018;2018;45;Pessoas;74982
6;Município;2304103;Crateús - CE;9324;População residente estimada;2019;2019;45;Pessoas;75074
6;Município;2304103;Crateús - CE;9324;População residente estimada;2020;2020;45;Pessoas;75159
6;Município;2304103;Crateús - CE;9324;População residente estimada;2021;2021;45;Pessoas;75241
6;Município;2304103;Crateús - CE;9324;População residente estimada;2024;2024;45;Pessoas;79809
6;Município;2304202;Crato - CE;9324;População residente estimada;2014;2014;45;Pessoas;127657
6;Município;2304202;Crato - CE;9324;População residente estimada;2015;2015;45;Pessoas;128680
6;Município;2304202;Crato - CE;9324;População residente estimada;2016;2016;45;Pessoas;129662
6;Município;2304202;Crato - CE;9324;População residente estimada;2017;2017;45;Pessoas;130604
6;Município;2304202;Crato - CE;9324;População residente estimada;2018;2018;45;Pessoas;131372
6;Município;2304202;Crato - CE;9324;População residente estimada;2019;2019;45;Pessoas;132123
6;Município;2304202;Crato - CE;9324;População residente estimada;2020;2020;45;Pessoas;133031
6;Município;2304202;Crato - CE;9324;População residente estimada;2021;2021;45;Pessoas;133913
6;Município;2304202;Crato - CE;9324;População residente estimada;2024;2024;45;Pessoas;138232
6;Município;2304236;Croatá - CE;9324;População residente estimada;2014;2014;45;Pessoas;17650
6;Município;2304236;Croatá - CE;9324;População residente estimada;2015;2015;45;Pessoas;17728
6;Município;2304236;Croatá - CE;9324;População residente estimada;2016;2016;45;Pessoas;17802
6;Município;2304236;Croatá - CE;9324;População residente estimada;2017;2017;45;Pessoas;17874
6;Município;2304236;Croatá - CE;9324;População residente estimada;2018;2018;45;Pessoas;17994
6;Município;2304236;Croatá - CE;9324;População residente estimada;2019;2019;45;Pessoas;18063
6;Município;2304236;Croatá - CE;9324;População residente estimada;2020;2020;45;Pessoas;18133
6;Município;2304236;Croatá - CE;9324;População residente estimada;2021;2021;45;Pessoas;18201
6;Município;2304236;Croatá - CE;9324;População residente estimada;2024;2024;45;Pessoas;18007
6;Município;2304251;Cruz - CE;9324;População residente estimada;2014;2014;45;Pessoas;23514
6;Município;2304251;Cruz - CE;9324;População residente estimada;2015;2015;45;Pessoas;23677
6;Município;2304251;Cruz - CE;9324;População residente estimada;2016;2016;45;Pessoas;23833
6;Município;2304251;Cruz - CE;9324;População residente estimada;2017;2017;45;Pessoas;23983
6;Município;2304251;Cruz - CE;9324;População residente estimada;2018;2018;45;Pessoas;24131
6;Município;2304251;Cruz - CE;9324;População residente estimada;2019;2019;45;Pessoas;24827
6;Município;2304251;Cruz - CE;9324;População residente estimada;2020;2020;45;Pessoas;24977
6;Município;2304251;Cruz - CE;9324;População residente estimada;2021;2021;45;Pessoas;25121
6;Município;2304251;Cruz - CE;9324;População residente estimada;2024;2024;45;Pessoas;31847
6;Município;2304269;Deputado Irapuan Pinheiro - CE;9324;População residente estimada;2014;2014;45;Pessoas;9403
6;Município;2304269;Deputado Irapuan Pinheiro - CE;9324;População residente estimada;2015;2015;45;Pessoas;9444
6;Município;2304269;Deputado Irapuan Pinheiro - CE;9324;População residente estimada;2016;2016;45;Pessoas;9483
6;Município;2304269;Deputado Irapuan Pinheiro - CE;9324;População residente estimada;2017;2017;45;Pessoas;9521
6;Município;2304269;Deputado Irapuan Pinheiro - CE;9324;População residente estimada;2018;2018;45;Pessoas;9585
6;Município;2304269;Deputado Irapuan Pinheiro - CE;9324;População residente estimada;2019;2019;45;Pessoas;9625
6;Município;2304269;Deputado Irapuan Pinheiro - CE;9324;População residente estimada;2020;2020;45;Pessoas;9662
6;Município;2304269;Deputado Irapuan Pinheiro - CE;9324;População residente estimada;2021;2021;45;Pessoas;9698
6;Município;2304269;Deputado Irapuan Pinheiro - CE;9324;População residente estimada;2024;2024;45;Pessoas;9172
6;Município;2304277;Ereré - CE;9324;População residente estimada;2014;2014;45;Pessoas;7073
6;Município;2304277;Ereré - CE;9324;População residente estimada;2015;2015;45;Pessoas;7104
6;Município;2304277;Ereré - CE;9324;População residente estimada;2016;2016;45;Pessoas;7134
6;Município;2304277;Ereré - CE;9324;População residente estimada;2017;2017;45;Pessoas;7163
6;Município;2304277;Ereré - CE;9324;População residente estimada;2018;2018;45;Pessoas;7211
6;Município;2304277;Ereré - CE;9324;População residente estimada;2019;2019;45;Pessoas;7198
6;Município;2304277;Ereré - CE;9324;População residente estimada;2020;2020;45;Pessoas;7225
6;Município;2304277;Ereré - CE;9324;População residente estimada;2021;2021;45;Pessoas;7254
6;Município;2304277;Ereré - CE;9324;População residente estimada;2024;2024;45;Pessoas;6393
6;Município;2304285;Eusébio - CE;9324;População residente estimada;2014;2014;45;Pessoas;50308
6;Município;2304285;Eusébio - CE;9324;População residente estimada;2015;2015;45;Pessoas;51127
6;Município;2304285;Eusébio - CE;9324;População residente estimada;2016;2016;45;Pessoas;51913
6;Município;2304285;Eusébio - CE;9324;População residente estimada;2017;2017;45;Pessoas;52667
6;Município;2304285;Eusébio - CE;9324;População residente estimada;2018;2018;45;Pessoas;52880
6;Município;2304285;Eusébio - CE;9324;População residente estimada;2019;2019;45;Pessoas;53618
6;Município;2304285;Eusébio - CE;9324;População residente estimada;2020;2020;45;Pessoas;54337
6;Município;2304285;Eusébio - CE;9324;População residente estimada;2021;2021;45;Pessoas;55035
6;Município;2304285;Eusébio - CE;9324;População residente estimada;2024;2024;45;Pessoas;80304
6;Município;2304301;Farias Brito - CE;9324;População residente estimada;2014;2014;45;Pessoas;18937
6;Município;2304301;Farias Brito - CE;9324;População residente estimada;2015;2015;45;Pessoas;18861
6;Município;2304301;Farias Brito - CE;9324;População residente estimada;2016;2016;45;Pessoas;18789
6;Município;2304301;Farias Brito - CE;9324;População residente estimada;2017;2017;45;Pessoas;18720
6;Município;2304301;Farias Brito - CE;9324;População residente estimada;2018;2018;45;Pessoas;18882
6;Município;2304301;Farias Brito - CE;9324;População residente estimada;2019;2019;45;Pessoas;19450
6;Município;2304301;Farias Brito - CE;9324;População residente estimada;2020;2020;45;Pessoas;19389
6;Município;2304301;Farias Brito - CE;9324;População residente estimada;2021;2021;45;Pessoas;19330
6;Município;2304301;Farias Brito - CE;9324;População residente estimada;2024;2024;45;Pessoas;18557
6;Município;2304350;Forquilha - CE;9324;População residente estimada;2014;2014;45;Pessoas;23276
6;Município;2304350;Forquilha - CE;9324;População residente estimada;2015;2015;45;Pessoas;23544
6;Município;2304350;Forquilha - CE;9324;População residente estimada;2016;2016;45;Pessoas;23801
6;Município;2304350;Forquilha - CE;9324;População residente estimada;2017;2017;45;Pessoas;24047
6;Município;2304350;Forquilha - CE;9324;População residente estimada;2018;2018;45;Pessoas;24169
6;Município;2304350;Forquilha - CE;9324;População residente estimada;2019;2019;45;Pessoas;24218
6;Município;2304350;Forquilha - CE;9324;População residente estimada;2020;2020;45;Pessoas;24452
6;Município;2304350;Forquilha - CE;9324;População residente estimada;2021;2021;45;Pessoas;24680
6;Município;2304350;Forquilha - CE;9324;População residente estimada;2024;2024;45;Pessoas;25127
6;Município;2304400;Fortaleza - CE;9324;População residente estimada;2014;2014;45;Pessoas;2571896
6;Município;2304400;Fortaleza - CE;9324;População residente estimada;2015;2015;45;Pessoas;2591188
6;Município;2304400;Fortaleza - CE;9324;População residente estimada;2016;2016;45;Pessoas;2609716
6;Município;2304400;Fortaleza - CE;9324;População residente estimada;2017;2017;45;Pessoas;2627482
6;Município;2304400;Fortaleza - CE;9324;População residente estimada;2018;2018;45;Pessoas;2643247
6;Município;2304400;Fortaleza - CE;9324;População residente estimada;2019;2019;45;Pessoas;2669342
6;Município;2304400;Fortaleza - CE;9324;População residente estimada;2020;2020;45;Pessoas;2686612
6;Município;2304400;Fortaleza - CE;9324;População residente estimada;2021;2021;45;Pessoas;2703391
6;Município;2304400;Fortaleza - CE;9324;População residente estimada;2024;2024;45;Pessoas;2574412
6;Município;2304459;Fortim - CE;9324;População residente estimada;2014;2014;45;Pessoas;15781
6;Município;2304459;Fortim - CE;9324;População residente estimada;2015;2015;45;Pessoas;15951
6;Município;2304459;Fortim - CE;9324;População residente estimada;2016;2016;45;Pessoas;16115
6;Município;2304459;Fortim - CE;9324;População residente estimada;2017;2017;45;Pessoas;16272
6;Município;2304459;Fortim - CE;9324;População residente estimada;2018;2018;45;Pessoas;16357
6;Município;2304459;Fortim - CE;9324;População residente estimada;2019;2019;45;Pessoas;16480
6;Município;2304459;Fortim - CE;9324;População residente estimada;2020;2020;45;Pessoas;16631
6;Município;2304459;Fortim - CE;9324;População residente estimada;2021;2021;45;Pessoas;16776
6;Município;2304459;Fortim - CE;9324;População residente estimada;2024;2024;45;Pessoas;18052
6;Município;2304509;Frecheirinha - CE;9324;População residente estimada;2014;2014;45;Pessoas;13473
6;Município;2304509;Frecheirinha - CE;9324;População residente estimada;2015;2015;45;Pessoas;13541
6;Município;2304509;Frecheirinha - CE;9324;População residente estimada;2016;2016;45;Pessoas;13606
6;Município;2304509;Frecheirinha - CE;9324;População residente estimada;2017;2017;45;Pessoas;13669
6;Município;2304509;Frecheirinha - CE;9324;População residente estimada;2018;2018;45;Pessoas;13758
6;Município;2304509;Frecheirinha - CE;9324;População residente estimada;2019;2019;45;Pessoas;14072
6;Município;2304509;Frecheirinha - CE;9324;População residente estimada;2020;2020;45;Pessoas;14134
6;Município;2304509;Frecheirinha - CE;9324;População residente estimada;2021;2021;45;Pessoas;14195
6;Município;2304509;Frecheirinha - CE;9324;População residente estimada;2024;2024;45;Pessoas;16362
6;Município;2304608;General Sampaio - CE;9324;População residente estimada;2014;2014;45;Pessoas;6679
6;Município;2304608;General Sampaio - CE;9324;População residente estimada;2015;2015;45;Pessoas;6763
6;Município;2304608;General Sampaio - CE;9324;População residente estimada;2016;2016;45;Pessoas;6845
6;Município;2304608;General Sampaio - CE;9324;População residente estimada;2017;2017;45;Pessoas;6922
6;Município;2304608;General Sampaio - CE;9324;População residente estimada;2018;2018;45;Pessoas;6956
6;Município;2304608;General Sampaio - CE;9324;População residente estimada;2019;2019;45;Pessoas;7618
6;Município;2304608;General Sampaio - CE;9324;População residente estimada;2020;2020;45;Pessoas;7694
6;Município;2304608;General Sampaio - CE;9324;População residente estimada;2021;2021;45;Pessoas;7767
6;Município;2304608;General Sampaio - CE;9324;População residente estimada;2024;2024;45;Pessoas;6924
6;Município;2304657;Graça - CE;9324;População residente estimada;2014;2014;45;Pessoas;15287
6;Município;2304657;Graça - CE;9324;População residente estimada;2015;2015;45;Pessoas;15294
6;Município;2304657;Graça - CE;9324;População residente estimada;2016;2016;45;Pessoas;15300
6;Município;2304657;Graça - CE;9324;População residente estimada;2017;2017;45;Pessoas;15307
6;Município;2304657;Graça - CE;9324;População residente estimada;2018;2018;45;Pessoas;15423
6;Município;2304657;Graça - CE;9324;População residente estimada;2019;2019;45;Pessoas;14399
6;Município;2304657;Graça - CE;9324;População residente estimada;2020;2020;45;Pessoas;14407
6;Município;2304657;Graça - CE;9324;População residente estimada;2021;2021;45;Pessoas;14415
6;Município;2304657;Graça - CE;9324;População residente estimada;2024;2024;45;Pessoas;14174
6;Município;2304707;Granja - CE;9324;População residente estimada;2014;2014;45;Pessoas;53682
6;Município;2304707;Granja - CE;9324;População residente estimada;2015;2015;45;Pessoas;53918
6;Município;2304707;Granja - CE;9324;População residente estimada;2016;2016;45;Pessoas;54146
6;Município;2304707;Granja - CE;9324;População residente estimada;2017;2017;45;Pessoas;54365
6;Município;2304707;Granja - CE;9324;População residente estimada;2018;2018;45;Pessoas;54729
6;Município;2304707;Granja - CE;9324;População residente estimada;2019;2019;45;Pessoas;54748
6;Município;2304707;Granja - CE;9324;População residente estimada;2020;2020;45;Pessoas;54962
6;Município;2304707;Granja - CE;9324;População residente estimada;2021;2021;45;Pessoas;55170
6;Município;2304707;Granja - CE;9324;População residente estimada;2024;2024;45;Pessoas;55633
6;Município;2304806;Granjeiro - CE;9324;População residente estimada;2014;2014;45;Pessoas;4531
6;Município;2304806;Granjeiro - CE;9324;População residente estimada;2015;2015;45;Pessoas;4494
6;Município;2304806;Granjeiro - CE;9324;População residente estimada;2016;2016;45;Pessoas;4459
6;Município;2304806;Granjeiro - CE;9324;População residente estimada;2017;2017;45;Pessoas;4425
6;Município;2304806;Granjeiro - CE;9324;População residente estimada;2018;2018;45;Pessoas;4469
6;Município;2304806;Granjeiro - CE;9324;População residente estimada;2019;2019;45;Pessoas;4844
6;Município;2304806;Granjeiro - CE;9324;População residente estimada;2020;2020;45;Pessoas;4814
6;Município;2304806;Granjeiro - CE;9324;População residente estimada;2021;2021;45;Pessoas;4784
6;Município;2304806;Granjeiro - CE;9324;População residente estimada;2024;2024;45;Pessoas;4960
6;Município;2304905;Groaíras - CE;9324;População residente estimada;2014;2014;45;Pessoas;10759
6;Município;2304905;Groaíras - CE;9324;População residente estimada;2015;2015;45;Pessoas;10847
6;Município;2304905;Groaíras - CE;9324;População residente estimada;2016;2016;45;Pessoas;10931
6;Município;2304905;Groaíras - CE;9324;População residente estimada;2017;2017;45;Pessoas;11012
6;Município;2304905;Groaíras - CE;9324;População residente estimada;2018;2018;45;Pessoas;11076
6;Município;2304905;Groaíras - CE;9324;População residente estimada;2019;2019;45;Pessoas;11068
6;Município;2304905;Groaíras - CE;9324;População residente estimada;2020;2020;45;Pessoas;11144
6;Município;2304905;Groaíras - CE;9324;População residente estimada;2021;2021;45;Pessoas;11219
6;Município;2304905;Groaíras - CE;9324;População residente estimada;2024;2024;45;Pessoas;11313
6;Município;2304954;Guaiúba - CE;9324;População residente estimada;2014;2014;45;Pessoas;25581
6;Município;2304954;Guaiúba - CE;9324;População residente estimada;2015;2015;45;Pessoas;25841
6;Município;2304954;Guaiúba - CE;9324;População residente estimada;2016;2016;45;Pessoas;26091
6;Município;2304954;Guaiúba - CE;9324;População residente estimada;2017;2017;45;Pessoas;26331
6;Município;2304954;Guaiúba - CE;9324;População residente estimada;2018;2018;45;Pessoas;26472
6;Município;2304954;Guaiúba - CE;9324;População residente estimada;2019;2019;45;Pessoas;26064
6;Município;2304954;Guaiúba - CE;9324;População residente estimada;2020;2020;45;Pessoas;26290
6;Município;2304954;Guaiúba - CE;9324;População residente estimada;2021;2021;45;Pessoas;26508
6;Município;2304954;Guaiúba - CE;9324;População residente estimada;2024;2024;45;Pessoas;25085
6;Município;2305001;Guaraciaba do Norte - CE;9324;População residente estimada;2014;2014;45;Pessoas;38995
6;Município;2305001;Guaraciaba do Norte - CE;9324;População residente estimada;2015;2015;45;Pessoas;39151
6;Município;2305001;Guaraciaba do Norte - CE;9324;População residente estimada;2016;2016;45;Pessoas;39301
6;Município;2305001;Guaraciaba do Norte - CE;9324;População residente estimada;2017;2017;45;Pessoas;39445
6;Município;2305001;Guaraciaba do Norte - CE;9324;População residente estimada;2018;2018;45;Pessoas;39713
6;Município;2305001;Guaraciaba do Norte - CE;9324;População residente estimada;2019;2019;45;Pessoas;40642
6;Município;2305001;Guaraciaba do Norte - CE;9324;População residente estimada;2020;2020;45;Pessoas;40784
6;Município;2305001;Guaraciaba do Norte - CE;9324;População residente estimada;2021;2021;45;Pessoas;40921
6;Município;2305001;Guaraciaba do Norte - CE;9324;População residente estimada;2024;2024;45;Pessoas;44294
6;Município;2305100;Guaramiranga - CE;9324;População residente estimada;2014;2014;45;Pessoas;3812
6;Município;2305100;Guaramiranga - CE;9324;População residente estimada;2015;2015;45;Pessoas;3720
6;Município;2305100;Guaramiranga - CE;9324;População residente estimada;2016;2016;45;Pessoas;3632
6;Município;2305100;Guaramiranga - CE;9324;População residente estimada;2017;2017;45;Pessoas;3547
6;Município;2305100;Guaramiranga - CE;9324;População residente estimada;2018;2018;45;Pessoas;3595
6;Município;2305100;Guaramiranga - CE;9324;População residente estimada;2019;2019;45;Pessoas;5193
6;Município;2305100;Guaramiranga - CE;9324;População residente estimada;2020;2020;45;Pessoas;5132
6;Município;2305100;Guaramiranga - CE;9324;População residente estimada;2021;2021;45;Pessoas;5073
6;Município;2305100;Guaramiranga - CE;9324;População residente estimada;2024;2024;45;Pessoas;5819
6;Município;2305209;Hidrolândia - CE;9324;População residente estimada;2014;2014;45;Pessoas;19970
6;Município;2305209;Hidrolândia - CE;9324;População residente estimada;2015;2015;45;Pessoas;20055
6;Município;2305209;Hidrolândia - CE;9324;População residente estimada;2016;2016;45;Pessoas;20136
6;Município;2305209;Hidrolândia - CE;9324;População residente estimada;2017;2017;45;Pessoas;20215
6;Município;2305209;Hidrolândia - CE;9324;População residente estimada;2018;2018;45;Pessoas;20352
6;Município;2305209;Hidrolândia - CE;9324;População residente estimada;2019;2019;45;Pessoas;19978
6;Município;2305209;Hidrolândia - CE;9324;População residente estimada;2020;2020;45;Pessoas;20053
6;Município;2305209;Hidrolândia - CE;9324;População residente estimada;2021;2021;45;Pessoas;20126
6;Município;2305209;Hidrolândia - CE;9324;População residente estimada;2024;2024;45;Pessoas;18225
6;Município;2305233;Horizonte - CE;9324;População residente estimada;2014;2014;45;Pessoas;62002
6;Município;2305233;Horizonte - CE;9324;População residente estimada;2015;2015;45;Pessoas;63365
6;Município;2305233;Horizonte - CE;9324;População residente estimada;2016;2016;45;Pessoas;64673
6;Município;2305233;Horizonte - CE;9324;População residente estimada;2017;2017;45;Pessoas;65928
6;Município;2305233;Horizonte - CE;9324;População residente estimada;2018;2018;45;Pessoas;66114
6;Município;2305233;Horizonte - CE;9324;População residente estimada;2019;2019;45;Pessoas;67337
6;Município;2305233;Horizonte - CE;9324;População residente estimada;2020;2020;45;Pessoas;68529
6;Município;2305233;Horizonte - CE;9324;População residente estimada;2021;2021;45;Pessoas;69688
6;Município;2305233;Horizonte - CE;9324;População residente estimada;2024;2024;45;Pessoas;79934
6;Município;2305266;Ibaretama - CE;9324;População residente estimada;2014;2014;45;Pessoas;13172
6;Município;2305266;Ibaretama - CE;9324;População residente estimada;2015;2015;45;Pessoas;13188
6;Município;2305266;Ibaretama - CE;9324;População residente estimada;2016;2016;45;Pessoas;13203
6;Município;2305266;Ibaretama - CE;9324;População residente estimada;2017;2017;45;Pessoas;13218
6;Município;2305266;Ibaretama - CE;9324;População residente estimada;2018;2018;45;Pessoas;13317
6;Município;2305266;Ibaretama - CE;9324;População residente estimada;2019;2019;45;Pessoas;13353
6;Município;2305266;Ibaretama - CE;9324;População residente estimada;2020;2020;45;Pessoas;13369
6;Município;2305266;Ibaretama - CE;9324;População residente estimada;2021;2021;45;Pessoas;13385
6;Município;2305266;Ibaretama - CE;9324;População residente estimada;2024;2024;45;Pessoas;12191
6;Município;2305308;Ibiapina - CE;9324;População residente estimada;2014;2014;45;Pessoas;24555
6;Município;2305308;Ibiapina - CE;9324;População residente estimada;2015;2015;45;Pessoas;24649
6;Município;2305308;Ibiapina - CE;9324;População residente estimada;2016;2016;45;Pessoas;24739
6;Município;2305308;Ibiapina - CE;9324;População residente estimada;2017;2017;45;Pessoas;24825
6;Município;2305308;Ibiapina - CE;9324;População residente estimada;2018;2018;45;Pessoas;24995
6;Município;2305308;Ibiapina - CE;9324;População residente estimada;2019;2019;45;Pessoas;24997
6;Município;2305308;Ibiapina - CE;9324;População residente estimada;2020;2020;45;Pessoas;25082
6;Município;2305308;Ibiapina - CE;9324;População residente estimada;2021;2021;45;Pessoas;25165
6;Município;2305308;Ibiapina - CE;9324;População residente estimada;2024;2024;45;Pessoas;24649
6;Município;2305332;Ibicuitinga - CE;9324;População residente estimada;2014;2014;45;Pessoas;12012
6;Município;2305332;Ibicuitinga - CE;9324;População residente estimada;2015;2015;45;Pessoas;12130
6;Município;2305332;Ibicuitinga - CE;9324;População residente estimada;2016;2016;45;Pessoas;12242
6;Município;2305332;Ibicuitinga - CE;9324;População residente estimada;2017;2017;45;Pessoas;12350
6;Município;2305332;Ibicuitinga - CE;9324;População residente estimada;2018;2018;45;Pessoas;12419
6;Município;2305332;Ibicuitinga - CE;9324;População residente estimada;2019;2019;45;Pessoas;12525
6;Município;2305332;Ibicuitinga - CE;9324;População residente estimada;2020;2020;45;Pessoas;12629
6;Município;2305332;Ibicuitinga - CE;9324;População residente estimada;2021;2021;45;Pessoas;12730
6;Município;2305332;Ibicuitinga - CE;9324;População residente estimada;2024;2024;45;Pessoas;11979
6;Município;2305357;Icapuí - CE;9324;População residente estimada;2014;2014;45;Pessoas;19276
6;Município;2305357;Icapuí - CE;9324;População residente estimada;2015;2015;45;Pessoas;19418
6;Município;2305357;Icapuí - CE;9324;População residente estimada;2016;2016;45;Pessoas;19554
6;Município;2305357;Icapuí - CE;9324;População residente estimada;2017;2017;45;Pessoas;19685
6;Município;2305357;Icapuí - CE;9324;População residente estimada;2018;2018;45;Pessoas;19804
6;Município;2305357;Icapuí - CE;9324;População residente estimada;2019;2019;45;Pessoas;19934
6;Município;2305357;Icapuí - CE;9324;População residente estimada;2020;2020;45;Pessoas;20060
6;Município;2305357;Icapuí - CE;9324;População residente estimada;2021;2021;45;Pessoas;20183
6;Município;2305357;Icapuí - CE;9324;População residente estimada;2024;2024;45;Pessoas;22367
6;Município;2305407;Icó - CE;9324;População residente estimada;2014;2014;45;Pessoas;67045
6;Município;2305407;Icó - CE;9324;População residente estimada;2015;2015;45;Pessoas;67198
6;Município;2305407;Icó - CE;9324;População residente estimada;2016;2016;45;Pessoas;67345
6;Município;2305407;Icó - CE;9324;População residente estimada;2017;2017;45;Pessoas;67486
6;Município;2305407;Icó - CE;9324;População residente estimada;2018;2018;45;Pessoas;67972
6;Município;2305407;Icó - CE;9324;População residente estimada;2019;2019;45;Pessoas;68018
6;Município;2305407;Icó - CE;9324;População residente estimada;2020;2020;45;Pessoas;68162
6;Município;2305407;Icó - CE;9324;População residente estimada;2021;2021;45;Pessoas;68303
6;Município;2305407;Icó - CE;9324;População residente estimada;2024;2024;45;Pessoas;64802
6;Município;2305506;Iguatu - CE;9324;População residente estimada;2014;2014;45;Pessoas;100733
6;Município;2305506;Iguatu - CE;9324;População residente estimada;2015;2015;45;Pessoas;101386
6;Município;2305506;Iguatu - CE;9324;População residente estimada;2016;2016;45;Pessoas;102013
6;Município;2305506;Iguatu - CE;9324;População residente estimada;2017;2017;45;Pessoas;102614
6;Município;2305506;Iguatu - CE;9324;População residente estimada;2018;2018;45;Pessoas;103255
6;Município;2305506;Iguatu - CE;9324;População residente estimada;2019;2019;45;Pessoas;102498
6;Município;2305506;Iguatu - CE;9324;População residente estimada;2020;2020;45;Pessoas;103074
6;Município;2305506;Iguatu - CE;9324;População residente estimada;2021;2021;45;Pessoas;103633
6;Município;2305506;Iguatu - CE;9324;População residente estimada;2024;2024;45;Pessoas;102251
6;Município;2305605;Independência - CE;9324;População residente estimada;2014;2014;45;Pessoas;25952
6;Município;2305605;Independência - CE;9324;População residente estimada;2015;2015;45;Pessoas;25957
6;Município;2305605;Independência - CE;9324;População residente estimada;2016;2016;45;Pessoas;25962
6;Município;2305605;Independência - CE;9324;População residente estimada;2017;2017;45;Pessoas;25967
6;Município;2305605;Independência - CE;9324;População residente estimada;2018;2018;45;Pessoas;26168
6;Município;2305605;Independência - CE;9324;População residente estimada;2019;2019;45;Pessoas;26178
6;Município;2305605;Independência - CE;9324;População residente estimada;2020;2020;45;Pessoas;26187
6;Município;2305605;Independência - CE;9324;População residente estimada;2021;2021;45;Pessoas;26196
6;Município;2305605;Independência - CE;9324;População residente estimada;2024;2024;45;Pessoas;24530
6;Município;2305654;Ipaporanga - CE;9324;População residente estimada;2014;2014;45;Pessoas;11500
6;Município;2305654;Ipaporanga - CE;9324;População residente estimada;2015;2015;45;Pessoas;11499
6;Município;2305654;Ipaporanga - CE;9324;População residente estimada;2016;2016;45;Pessoas;11499
6;Município;2305654;Ipaporanga - CE;9324;População residente estimada;2017;2017;45;Pessoas;11499
6;Município;2305654;Ipaporanga - CE;9324;População residente estimada;2018;2018;45;Pessoas;11587
6;Município;2305654;Ipaporanga - CE;9324;População residente estimada;2019;2019;45;Pessoas;11593
6;Município;2305654;Ipaporanga - CE;9324;População residente estimada;2020;2020;45;Pessoas;11596
6;Município;2305654;Ipaporanga - CE;9324;População residente estimada;2021;2021;45;Pessoas;11597
6;Município;2305654;Ipaporanga - CE;9324;População residente estimada;2024;2024;45;Pessoas;11937
6;Município;2305704;Ipaumirim - CE;9324;População residente estimada;2014;2014;45;Pessoas;12281
6;Município;2305704;Ipaumirim - CE;9324;População residente estimada;2015;2015;45;Pessoas;12305
6;Município;2305704;Ipaumirim - CE;9324;População residente estimada;2016;2016;45;Pessoas;12327
6;Município;2305704;Ipaumirim - CE;9324;População residente estimada;2017;2017;45;Pessoas;12349
6;Município;2305704;Ipaumirim - CE;9324;População residente estimada;2018;2018;45;Pessoas;12439
6;Município;2305704;Ipaumirim - CE;9324;População residente estimada;2019;2019;45;Pessoas;12463
6;Município;2305704;Ipaumirim - CE;9324;População residente estimada;2020;2020;45;Pessoas;12485
6;Município;2305704;Ipaumirim - CE;9324;População residente estimada;2021;2021;45;Pessoas;12507
6;Município;2305704;Ipaumirim - CE;9324;População residente estimada;2024;2024;45;Pessoas;12441
6;Município;2305803;Ipu - CE;9324;População residente estimada;2014;2014;45;Pessoas;41292
6;Município;2305803;Ipu - CE;9324;População residente estimada;2015;2015;45;Pessoas;41391
6;Município;2305803;Ipu - CE;9324;População residente estimada;2016;2016;45;Pessoas;41485
6;Município;2305803;Ipu - CE;9324;População residente estimada;2017;2017;45;Pessoas;41576
6;Município;2305803;Ipu - CE;9324;População residente estimada;2018;2018;45;Pessoas;41873
6;Município;2305803;Ipu - CE;9324;População residente estimada;2019;2019;45;Pessoas;41964
6;Município;2305803;Ipu - CE;9324;População residente estimada;2020;2020;45;Pessoas;42058
6;Município;2305803;Ipu - CE;9324;População residente estimada;2021;2021;45;Pessoas;42148
6;Município;2305803;Ipu - CE;9324;População residente estimada;2024;2024;45;Pessoas;42968
6;Município;2305902;Ipueiras - CE;9324;População residente estimada;2014;2014;45;Pessoas;38089
6;Município;2305902;Ipueiras - CE;9324;População residente estimada;2015;2015;45;Pessoas;38022
6;Município;2305902;Ipueiras - CE;9324;População residente estimada;2016;2016;45;Pessoas;37957
6;Município;2305902;Ipueiras - CE;9324;População residente estimada;2017;2017;45;Pessoas;37896
6;Município;2305902;Ipueiras - CE;9324;População residente estimada;2018;2018;45;Pessoas;38205
6;Município;2305902;Ipueiras - CE;9324;População residente estimada;2019;2019;45;Pessoas;38166
6;Município;2305902;Ipueiras - CE;9324;População residente estimada;2020;2020;45;Pessoas;38114
6;Município;2305902;Ipueiras - CE;9324;População residente estimada;2021;2021;45;Pessoas;38064
6;Município;2305902;Ipueiras - CE;9324;População residente estimada;2024;2024;45;Pessoas;38285
6;Município;2306009;Iracema - CE;9324;População residente estimada;2014;2014;45;Pessoas;14042
6;Município;2306009;Iracema - CE;9324;População residente estimada;2015;2015;45;Pessoas;14071
6;Município;2306009;Iracema - CE;9324;População residente estimada;2016;2016;45;Pessoas;14098
6;Município;2306009;Iracema - CE;9324;População residente estimada;2017;2017;45;Pessoas;14125
6;Município;2306009;Iracema - CE;9324;População residente estimada;2018;2018;45;Pessoas;14227
6;Município;2306009;Iracema - CE;9324;População residente estimada;2019;2019;45;Pessoas;14297
6;Município;2306009;Iracema - CE;9324;População residente estimada;2020;2020;45;Pessoas;14326
6;Município;2306009;Iracema - CE;9324;População residente estimada;2021;2021;45;Pessoas;14351
6;Município;2306009;Iracema - CE;9324;População residente estimada;2024;2024;45;Pessoas;14411
6;Município;2306108;Irauçuba - CE;9324;População residente estimada;2014;2014;45;Pessoas;23376
6;Município;2306108;Irauçuba - CE;9324;População residente estimada;2015;2015;45;Pessoas;23543
6;Município;2306108;Irauçuba - CE;9324;População residente estimada;2016;2016;45;Pessoas;23704
6;Município;2306108;Irauçuba - CE;9324;População residente estimada;2017;2017;45;Pessoas;23858
6;Município;2306108;Irauçuba - CE;9324;População residente estimada;2018;2018;45;Pessoas;24003
6;Município;2306108;Irauçuba - CE;9324;População residente estimada;2019;2019;45;Pessoas;24156
6;Município;2306108;Irauçuba - CE;9324;População residente estimada;2020;2020;45;Pessoas;24305
6;Município;2306108;Irauçuba - CE;9324;População residente estimada;2021;2021;45;Pessoas;24450
6;Município;2306108;Irauçuba - CE;9324;População residente estimada;2024;2024;45;Pessoas;24751
6;Município;2306207;Itaiçaba - CE;9324;População residente estimada;2014;2014;45;Pessoas;7612
6;Município;2306207;Itaiçaba - CE;9324;População residente estimada;2015;2015;45;Pessoas;7656
6;Município;2306207;Itaiçaba - CE;9324;População residente estimada;2016;2016;45;Pessoas;7698
6;Município;2306207;Itaiçaba - CE;9324;População residente estimada;2017;2017;45;Pessoas;7738
6;Município;2306207;Itaiçaba - CE;9324;População residente estimada;2018;2018;45;Pessoas;7787
6;Município;2306207;Itaiçaba - CE;9324;População residente estimada;2019;2019;45;Pessoas;7827
6;Município;2306207;Itaiçaba - CE;9324;População residente estimada;2020;2020;45;Pessoas;7866
6;Município;2306207;Itaiçaba - CE;9324;População residente estimada;2021;2021;45;Pessoas;7904
6;Município;2306207;Itaiçaba - CE;9324;População residente estimada;2024;2024;45;Pessoas;7779
6;Município;2306256;Itaitinga - CE;9324;População residente estimada;2014;2014;45;Pessoas;38131
6;Município;2306256;Itaitinga - CE;9324;População residente estimada;2015;2015;45;Pessoas;38540
6;Município;2306256;Itaitinga - CE;9324;População residente estimada;2016;2016;45;Pessoas;38933
6;Município;2306256;Itaitinga - CE;9324;População residente estimada;2017;2017;45;Pessoas;39310
6;Município;2306256;Itaitinga - CE;9324;População residente estimada;2018;2018;45;Pessoas;39518
6;Município;2306256;Itaitinga - CE;9324;População residente estimada;2019;2019;45;Pessoas;37980
6;Município;2306256;Itaitinga - CE;9324;População residente estimada;2020;2020;45;Pessoas;38325
6;Município;2306256;Itaitinga - CE;9324;População residente estimada;2021;2021;45;Pessoas;38661
6;Município;2306256;Itaitinga - CE;9324;População residente estimada;2024;2024;45;Pessoas;70679
6;Município;2306306;Itapajé - CE;9324;População residente estimada;2014;2014;45;Pessoas;50671
6;Município;2306306;Itapajé - CE;9324;População residente estimada;2015;2015;45;Pessoas;51113
6;Município;2306306;Itapajé - CE;9324;População residente estimada;2016;2016;45;Pessoas;51538
6;Município;2306306;Itapajé - CE;9324;População residente estimada;2017;2017;45;Pessoas;51945
6;Município;2306306;Itapajé - CE;9324;População residente estimada;2018;2018;45;Pessoas;52240
6;Município;2306306;Itapajé - CE;9324;População residente estimada;2019;2019;45;Pessoas;52675
6;Município;2306306;Itapajé - CE;9324;População residente estimada;2020;2020;45;Pessoas;53067
6;Município;2306306;Itapajé - CE;9324;População residente estimada;2021;2021;45;Pessoas;53448
6;Município;2306306;Itapajé - CE;9324;População residente estimada;2024;2024;45;Pessoas;49086
6;Município;2306405;Itapipoca - CE;9324;População residente estimada;2014;2014;45;Pessoas;123613
6;Município;2306405;Itapipoca - CE;9324;População residente estimada;2015;2015;45;Pessoas;124950
6;Município;2306405;Itapipoca - CE;9324;População residente estimada;2016;2016;45;Pessoas;126234
6;Município;2306405;Itapipoca - CE;9324;População residente estimada;2017;2017;45;Pessoas;127465
6;Município;2306405;Itapipoca - CE;9324;População residente estimada;2018;2018;45;Pessoas;128135
6;Município;2306405;Itapipoca - CE;9324;População residente estimada;2019;2019;45;Pessoas;129358
6;Município;2306405;Itapipoca - CE;9324;População residente estimada;2020;2020;45;Pessoas;130539
6;Município;2306405;Itapipoca - CE;9324;População residente estimada;2021;2021;45;Pessoas;131687
6;Município;2306405;Itapipoca - CE;9324;População residente estimada;2024;2024;45;Pessoas;137892
6;Município;2306504;Itapiúna - CE;9324;População residente estimada;2014;2014;45;Pessoas;19570
6;Município;2306504;Itapiúna - CE;9324;População residente estimada;2015;2015;45;Pessoas;19724
6;Município;2306504;Itapiúna - CE;9324;População residente estimada;2016;2016;45;Pessoas;19872
6;Município;2306504;Itapiúna - CE;9324;População residente estimada;2017;2017;45;Pessoas;20014
6;Município;2306504;Itapiúna - CE;9324;População residente estimada;2018;2018;45;Pessoas;20133
6;Município;2306504;Itapiúna - CE;9324;População residente estimada;2019;2019;45;Pessoas;20382
6;Município;2306504;Itapiúna - CE;9324;População residente estimada;2020;2020;45;Pessoas;20520
6;Município;2306504;Itapiúna - CE;9324;População residente estimada;2021;2021;45;Pessoas;20653
6;Município;2306504;Itapiúna - CE;9324;População residente estimada;2024;2024;45;Pessoas;18228
6;Município;2306553;Itarema - CE;9324;População residente estimada;2014;2014;45;Pessoas;39955
6;Município;2306553;Itarema - CE;9324;População residente estimada;2015;2015;45;Pessoas;40398
6;Município;2306553;Itarema - CE;9324;População residente estimada;2016;2016;45;Pessoas;40822
6;Município;2306553;Itarema - CE;9324;População residente estimada;2017;2017;45;Pessoas;41230
6;Município;2306553;Itarema - CE;9324;População residente estimada;2018;2018;45;Pessoas;41445
6;Município;2306553;Itarema - CE;9324;População residente estimada;2019;2019;45;Pessoas;41826
6;Município;2306553;Itarema - CE;9324;População residente estimada;2020;2020;45;Pessoas;42215
6;Município;2306553;Itarema - CE;9324;População residente estimada;2021;2021;45;Pessoas;42595
6;Município;2306553;Itarema - CE;9324;População residente estimada;2024;2024;45;Pessoas;45465
6;Município;2306603;Itatira - CE;9324;População residente estimada;2014;2014;45;Pessoas;20077
6;Município;2306603;Itatira - CE;9324;População residente estimada;2015;2015;45;Pessoas;20285
6;Município;2306603;Itatira - CE;9324;População residente estimada;2016;2016;45;Pessoas;20484
6;Município;2306603;Itatira - CE;9324;População residente estimada;2017;2017;45;Pessoas;20675
6;Município;2306603;Itatira - CE;9324;População residente estimada;2018;2018;45;Pessoas;20786
6;Município;2306603;Itatira - CE;9324;População residente estimada;2019;2019;45;Pessoas;21647
6;Município;2306603;Itatira - CE;9324;População residente estimada;2020;2020;45;Pessoas;21836
6;Município;2306603;Itatira - CE;9324;População residente estimada;2021;2021;45;Pessoas;22018
6;Município;2306603;Itatira - CE;9324;População residente estimada;2024;2024;45;Pessoas;21087
6;Município;2306702;Jaguaretama - CE;9324;População residente estimada;2014;2014;45;Pessoas;18018
6;Município;2306702;Jaguaretama - CE;9324;População residente estimada;2015;2015;45;Pessoas;17997
6;Município;2306702;Jaguaretama - CE;9324;População residente estimada;2016;2016;45;Pessoas;17977
6;Município;2306702;Jaguaretama - CE;9324;População residente estimada;2017;2017;45;Pessoas;17958
6;Município;2306702;Jaguaretama - CE;9324;População residente estimada;2018;2018;45;Pessoas;18102
6;Município;2306702;Jaguaretama - CE;9324;População residente estimada;2019;2019;45;Pessoas;18162
6;Município;2306702;Jaguaretama - CE;9324;População residente estimada;2020;2020;45;Pessoas;18147
6;Município;2306702;Jaguaretama - CE;9324;População residente estimada;2021;2021;45;Pessoas;18133
6;Município;2306702;Jaguaretama - CE;9324;População residente estimada;2024;2024;45;Pessoas;17625
6;Município;2306801;Jaguaribara - CE;9324;População residente estimada;2014;2014;45;Pessoas;10999
6;Município;2306801;Jaguaribara - CE;9324;População residente estimada;2015;2015;45;Pessoas;11102
6;Município;2306801;Jaguaribara - CE;9324;População residente estimada;2016;2016;45;Pessoas;11200
6;Município;2306801;Jaguaribara - CE;9324;População residente estimada;2017;2017;45;Pessoas;11295
6;Município;2306801;Jaguaribara - CE;9324;População residente estimada;2018;2018;45;Pessoas;11359
6;Município;2306801;Jaguaribara - CE;9324;População residente estimada;2019;2019;45;Pessoas;11401
6;Município;2306801;Jaguaribara - CE;9324;População residente estimada;2020;2020;45;Pessoas;11492
6;Município;2306801;Jaguaribara - CE;9324;População residente estimada;2021;2021;45;Pessoas;11580
6;Município;2306801;Jaguaribara - CE;9324;População residente estimada;2024;2024;45;Pessoas;10656
6;Município;2306900;Jaguaribe - CE;9324;População residente estimada;2014;2014;45;Pessoas;34621
6;Município;2306900;Jaguaribe - CE;9324;População residente estimada;2015;2015;45;Pessoas;34561
6;Município;2306900;Jaguaribe - CE;9324;População residente estimada;2016;2016;45;Pessoas;34503
6;Município;2306900;Jaguaribe - CE;9324;População residente estimada;2017;2017;45;Pessoas;34448
6;Município;2306900;Jaguaribe - CE;9324;População residente estimada;2018;2018;45;Pessoas;34729
6;Município;2306900;Jaguaribe - CE;9324;População residente estimada;2019;2019;45;Pessoas;34682
6;Município;2306900;Jaguaribe - CE;9324;População residente estimada;2020;2020;45;Pessoas;34636
6;Município;2306900;Jaguaribe - CE;9324;População residente estimada;2021;2021;45;Pessoas;34592
6;Município;2306900;Jaguaribe - CE;9324;População residente estimada;2024;2024;45;Pessoas;35124
6;Município;2307007;Jaguaruana - CE;9324;População residente estimada;2014;2014;45;Pessoas;33324
6;Município;2307007;Jaguaruana - CE;9324;População residente estimada;2015;2015;45;Pessoas;33469
6;Município;2307007;Jaguaruana - CE;9324;População residente estimada;2016;2016;45;Pessoas;33607
6;Município;2307007;Jaguaruana - CE;9324;População residente estimada;2017;2017;45;Pessoas;33740
6;Município;2307007;Jaguaruana - CE;9324;População residente estimada;2018;2018;45;Pessoas;33967
6;Município;2307007;Jaguaruana - CE;9324;População residente estimada;2019;2019;45;Pessoas;33705
6;Município;2307007;Jaguaruana - CE;9324;População residente estimada;2020;2020;45;Pessoas;33834
6;Município;2307007;Jaguaruana - CE;9324;População residente estimada;2021;2021;45;Pessoas;33960
6;Município;2307007;Jaguaruana - CE;9324;População residente estimada;2024;2024;45;Pessoas;33070
6;Município;2307106;Jardim - CE;9324;População residente estimada;2014;2014;45;Pessoas;27069
6;Município;2307106;Jardim - CE;9324;População residente estimada;2015;2015;45;Pessoas;27072
6;Município;2307106;Jardim - CE;9324;População residente estimada;2016;2016;45;Pessoas;27074
6;Município;2307106;Jardim - CE;9324;População residente estimada;2017;2017;45;Pessoas;27076
6;Município;2307106;Jardim - CE;9324;População residente estimada;2018;2018;45;Pessoas;27284
6;Município;2307106;Jardim - CE;9324;População residente estimada;2019;2019;45;Pessoas;27174
6;Município;2307106;Jardim - CE;9324;População residente estimada;2020;2020;45;Pessoas;27181
6;Município;2307106;Jardim - CE;9324;População residente estimada;2021;2021;45;Pessoas;27187
6;Município;2307106;Jardim - CE;9324;População residente estimada;2024;2024;45;Pessoas;28707
6;Município;2307205;Jati - CE;9324;População residente estimada;2014;2014;45;Pessoas;7785
6;Município;2307205;Jati - CE;9324;População residente estimada;2015;2015;45;Pessoas;7807
6;Município;2307205;Jati - CE;9324;População residente estimada;2016;2016;45;Pessoas;7827
6;Município;2307205;Jati - CE;9324;População residente estimada;2017;2017;45;Pessoas;7847
6;Município;2307205;Jati - CE;9324;População residente estimada;2018;2018;45;Pessoas;7902
6;Município;2307205;Jati - CE;9324;População residente estimada;2019;2019;45;Pessoas;8111
6;Município;2307205;Jati - CE;9324;População residente estimada;2020;2020;45;Pessoas;8130
6;Município;2307205;Jati - CE;9324;População residente estimada;2021;2021;45;Pessoas;8150
6;Município;2307205;Jati - CE;9324;População residente estimada;2024;2024;45;Pessoas;8100
6;Município;2307254;Jijoca de Jericoacoara - CE;9324;População residente estimada;2014;2014;45;Pessoas;18616
6;Município;2307254;Jijoca de Jericoacoara - CE;9324;População residente estimada;2015;2015;45;Pessoas;18926
6;Município;2307254;Jijoca de Jericoacoara - CE;9324;População residente estimada;2016;2016;45;Pessoas;19224
6;Município;2307254;Jijoca de Jericoacoara - CE;9324;População residente estimada;2017;2017;45;Pessoas;19510
6;Município;2307254;Jijoca de Jericoacoara - CE;9324;População residente estimada;2018;2018;45;Pessoas;19587
6;Município;2307254;Jijoca de Jericoacoara - CE;9324;População residente estimada;2019;2019;45;Pessoas;19816
6;Município;2307254;Jijoca de Jericoacoara - CE;9324;População residente estimada;2020;2020;45;Pessoas;20087
6;Município;2307254;Jijoca de Jericoacoara - CE;9324;População residente estimada;2021;2021;45;Pessoas;20351
6;Município;2307254;Jijoca de Jericoacoara - CE;9324;População residente estimada;2024;2024;45;Pessoas;27662
6;Município;2307304;Juazeiro do Norte - CE;9324;População residente estimada;2014;2014;45;Pessoas;263704
6;Município;2307304;Juazeiro do Norte - CE;9324;População residente estimada;2015;2015;45;Pessoas;266022
6;Município;2307304;Juazeiro do Norte - CE;9324;População residente estimada;2016;2016;45;Pessoas;268248
6;Município;2307304;Juazeiro do Norte - CE;9324;População residente estimada;2017;2017;45;Pessoas;270383
6;Município;2307304;Juazeiro do Norte - CE;9324;População residente estimada;2018;2018;45;Pessoas;271926
6;Município;2307304;Juazeiro do Norte - CE;9324;População residente estimada;2019;2019;45;Pessoas;274207
6;Município;2307304;Juazeiro do Norte - CE;9324;População residente estimada;2020;2020;45;Pessoas;276264
6;Município;2307304;Juazeiro do Norte - CE;9324;População residente estimada;2021;2021;45;Pessoas;278264
6;Município;2307304;Juazeiro do Norte - CE;9324;População residente estimada;2024;2024;45;Pessoas;303004
6;Município;2307403;Jucás - CE;9324;População residente estimada;2014;2014;45;Pessoas;24417
6;Município;2307403;Jucás - CE;9324;População residente estimada;2015;2015;45;Pessoas;24479
6;Município;2307403;Jucás - CE;9324;População residente estimada;2016;2016;45;Pessoas;24540
6;Município;2307403;Jucás - CE;9324;População residente estimada;2017;2017;45;Pessoas;24597
6;Município;2307403;Jucás - CE;9324;População residente estimada;2018;2018;45;Pessoas;24773
6;Município;2307403;Jucás - CE;9324;População residente estimada;2019;2019;45;Pessoas;24833
6;Município;2307403;Jucás - CE;9324;População residente estimada;2020;2020;45;Pessoas;24892
6;Município;2307403;Jucás - CE;9324;População residente estimada;2021;2021;45;Pessoas;24949
6;Município;2307403;Jucás - CE;9324;População residente estimada;2024;2024;45;Pessoas;24591
6;Município;2307502;Lavras da Mangabeira - CE;9324;População residente estimada;2014;2014;45;Pessoas;31409
6;Município;2307502;Lavras da Mangabeira - CE;9324;População residente estimada;2015;2015;45;Pessoas;31383
6;Município;2307502;Lavras da Mangabeira - CE;9324;População residente estimada;2016;2016;45;Pessoas;31359
6;Município;2307502;Lavras da Mangabeira - CE;9324;População residente estimada;2017;2017;45;Pessoas;31335
6;Município;2307502;Lavras da Mangabeira - CE;9324;População residente estimada;2018;2018;45;Pessoas;31584
6;Município;2307502;Lavras da Mangabeira - CE;9324;População residente estimada;2019;2019;45;Pessoas;31508
6;Município;2307502;Lavras da Mangabeira - CE;9324;População residente estimada;2020;2020;45;Pessoas;31492
6;Município;2307502;Lavras da Mangabeira - CE;9324;População residente estimada;2021;2021;45;Pessoas;31476
6;Município;2307502;Lavras da Mangabeira - CE;9324;População residente estimada;2024;2024;45;Pessoas;32123
6;Município;2307601;Limoeiro do Norte - CE;9324;População residente estimada;2014;2014;45;Pessoas;57782
6;Município;2307601;Limoeiro do Norte - CE;9324;População residente estimada;2015;2015;45;Pessoas;58175
6;Município;2307601;Limoeiro do Norte - CE;9324;População residente estimada;2016;2016;45;Pessoas;58552
6;Município;2307601;Limoeiro do Norte - CE;9324;População residente estimada;2017;2017;45;Pessoas;58915
6;Município;2307601;Limoeiro do Norte - CE;9324;População residente estimada;2018;2018;45;Pessoas;59278
6;Município;2307601;Limoeiro do Norte - CE;9324;População residente estimada;2019;2019;45;Pessoas;59540
6;Município;2307601;Limoeiro do Norte - CE;9324;População residente estimada;2020;2020;45;Pessoas;59890
6;Município;2307601;Limoeiro do Norte - CE;9324;População residente estimada;2021;2021;45;Pessoas;60232
6;Município;2307601;Limoeiro do Norte - CE;9324;População residente estimada;2024;2024;45;Pessoas;62285
6;Município;2307635;Madalena - CE;9324;População residente estimada;2014;2014;45;Pessoas;19225
6;Município;2307635;Madalena - CE;9324;População residente estimada;2015;2015;45;Pessoas;19425
6;Município;2307635;Madalena - CE;9324;População residente estimada;2016;2016;45;Pessoas;19616
6;Município;2307635;Madalena - CE;9324;População residente estimada;2017;2017;45;Pessoas;19800
6;Município;2307635;Madalena - CE;9324;População residente estimada;2018;2018;45;Pessoas;19906
6;Município;2307635;Madalena - CE;9324;População residente estimada;2019;2019;45;Pessoas;19691
6;Município;2307635;Madalena - CE;9324;População residente estimada;2020;2020;45;Pessoas;19864
6;Município;2307635;Madalena - CE;9324;População residente estimada;2021;2021;45;Pessoas;20031
6;Município;2307635;Madalena - CE;9324;População residente estimada;2024;2024;45;Pessoas;17264
6;Município;2307650;Maracanaú - CE;9324;População residente estimada;2014;2014;45;Pessoas;219749
6;Município;2307650;Maracanaú - CE;9324;População residente estimada;2015;2015;45;Pessoas;221504
6;Município;2307650;Maracanaú - CE;9324;População residente estimada;2016;2016;45;Pessoas;223188
6;Município;2307650;Maracanaú - CE;9324;População residente estimada;2017;2017;45;Pessoas;224804
6;Município;2307650;Maracanaú - CE;9324;População residente estimada;2018;2018;45;Pessoas;226128
6;Município;2307650;Maracanaú - CE;9324;População residente estimada;2019;2019;45;Pessoas;227886
6;Município;2307650;Maracanaú - CE;9324;População residente estimada;2020;2020;45;Pessoas;229458
6;Município;2307650;Maracanaú - CE;9324;População residente estimada;2021;2021;45;Pessoas;230986
6;Município;2307650;Maracanaú - CE;9324;População residente estimada;2024;2024;45;Pessoas;249684
6;Município;2307700;Maranguape - CE;9324;População residente estimada;2014;2014;45;Pessoas;122020
6;Município;2307700;Maranguape - CE;9324;População residente estimada;2015;2015;45;Pessoas;123570
6;Município;2307700;Maranguape - CE;9324;População residente estimada;2016;2016;45;Pessoas;125058
6;Município;2307700;Maranguape - CE;9324;População residente estimada;2017;2017;45;Pessoas;126486
6;Município;2307700;Maranguape - CE;9324;População residente estimada;2018;2018;45;Pessoas;127098
6;Município;2307700;Maranguape - CE;9324;População residente estimada;2019;2019;45;Pessoas;128978
6;Município;2307700;Maranguape - CE;9324;População residente estimada;2020;2020;45;Pessoas;130346
6;Município;2307700;Maranguape - CE;9324;População residente estimada;2021;2021;45;Pessoas;131677
6;Município;2307700;Maranguape - CE;9324;População residente estimada;2024;2024;45;Pessoas;108937
6;Município;2307809;Marco - CE;9324;População residente estimada;2014;2014;45;Pessoas;26219
6;Município;2307809;Marco - CE;9324;População residente estimada;2015;2015;45;Pessoas;26484
6;Município;2307809;Marco - CE;9324;População residente estimada;2016;2016;45;Pessoas;26738
6;Município;2307809;Marco - CE;9324;População residente estimada;2017;2017;45;Pessoas;26981
6;Município;2307809;Marco - CE;9324;População residente estimada;2018;2018;45;Pessoas;27127
6;Município;2307809;Marco - CE;9324;População residente estimada;2019;2019;45;Pessoas;27361
6;Município;2307809;Marco - CE;9324;População residente estimada;2020;2020;45;Pessoas;27595
6;Município;2307809;Marco - CE;9324;População residente estimada;2021;2021;45;Pessoas;27822
6;Município;2307809;Marco - CE;9324;População residente estimada;2024;2024;45;Pessoas;27064
6;Município;2307908;Martinópole - CE;9324;População residente estimada;2014;2014;45;Pessoas;10796
6;Município;2307908;Martinópole - CE;9324;População residente estimada;2015;2015;45;Pessoas;10895
6;Município;2307908;Martinópole - CE;9324;População residente estimada;2016;2016;45;Pessoas;10990
6;Município;2307908;Martinópole - CE;9324;População residente estimada;2017;2017;45;Pessoas;11082
6;Município;2307908;Martinópole - CE;9324;População residente estimada;2018;2018;45;Pessoas;11143
6;Município;2307908;Martinópole - CE;9324;População residente estimada;2019;2019;45;Pessoas;11233
6;Município;2307908;Martinópole - CE;9324;População residente estimada;2020;2020;45;Pessoas;11321
6;Município;2307908;Martinópole - CE;9324;População residente estimada;2021;2021;45;Pessoas;11407
6;Município;2307908;Martinópole - CE;9324;População residente estimada;2024;2024;45;Pessoas;11232
6;Município;2308005;Massapê - CE;9324;População residente estimada;2014;2014;45;Pessoas;37214
6;Município;2308005;Massapê - CE;9324;População residente estimada;2015;2015;45;Pessoas;37560
6;Município;2308005;Massapê - CE;9324;População residente estimada;2016;2016;45;Pessoas;37892
6;Município;2308005;Massapê - CE;9324;População residente estimada;2017;2017;45;Pessoas;38210
6;Município;2308005;Massapê - CE;9324;População residente estimada;2018;2018;45;Pessoas;38424
6;Município;2308005;Massapê - CE;9324;População residente estimada;2019;2019;45;Pessoas;38737
6;Município;2308005;Massapê - CE;9324;População residente estimada;2020;2020;45;Pessoas;39044
6;Município;2308005;Massapê - CE;9324;População residente estimada;2021;2021;45;Pessoas;39341
6;Município;2308005;Massapê - CE;9324;População residente estimada;2024;2024;45;Pessoas;39633
6;Município;2308104;Mauriti - CE;9324;População residente estimada;2014;2014;45;Pessoas;45881
6;Município;2308104;Mauriti - CE;9324;População residente estimada;2015;2015;45;Pessoas;46113
6;Município;2308104;Mauriti - CE;9324;População residente estimada;2016;2016;45;Pessoas;46335
6;Município;2308104;Mauriti - CE;9324;População residente estimada;2017;2017;45;Pessoas;46548
6;Município;2308104;Mauriti - CE;9324;População residente estimada;2018;2018;45;Pessoas;46854
6;Município;2308104;Mauriti - CE;9324;População residente estimada;2019;2019;45;Pessoas;47962
6;Município;2308104;Mauriti - CE;9324;População residente estimada;2020;2020;45;Pessoas;48168
6;Município;2308104;Mauriti - CE;9324;População residente estimada;2021;2021;45;Pessoas;48370
6;Município;2308104;Mauriti - CE;9324;População residente estimada;2024;2024;45;Pessoas;47406
6;Município;2308203;Meruoca - CE;9324;População residente estimada;2014;2014;45;Pessoas;14529
6;Município;2308203;Meruoca - CE;9324;População residente estimada;2015;2015;45;Pessoas;14674
6;Município;2308203;Meruoca - CE;9324;População residente estimada;2016;2016;45;Pessoas;14814
6;Município;2308203;Meruoca - CE;9324;População residente estimada;2017;2017;45;Pessoas;14948
6;Município;2308203;Meruoca - CE;9324;População residente estimada;2018;2018;45;Pessoas;15030
6;Município;2308203;Meruoca - CE;9324;População residente estimada;2019;2019;45;Pessoas;15057
6;Município;2308203;Meruoca - CE;9324;População residente estimada;2020;2020;45;Pessoas;15185
6;Município;2308203;Meruoca - CE;9324;População residente estimada;2021;2021;45;Pessoas;15309
6;Município;2308203;Meruoca - CE;9324;População residente estimada;2024;2024;45;Pessoas;15749
6;Município;2308302;Milagres - CE;9324;População residente estimada;2014;2014;45;Pessoas;28419
6;Município;2308302;Milagres - CE;9324;População residente estimada;2015;2015;45;Pessoas;28354
6;Município;2308302;Milagres - CE;9324;População residente estimada;2016;2016;45;Pessoas;28292
6;Município;2308302;Milagres - CE;9324;População residente estimada;2017;2017;45;Pessoas;28231
6;Município;2308302;Milagres - CE;9324;População residente estimada;2018;2018;45;Pessoas;28466
6;Município;2308302;Milagres - CE;9324;População residente estimada;2019;2019;45;Pessoas;27512
6;Município;2308302;Milagres - CE;9324;População residente estimada;2020;2020;45;Pessoas;27462
6;Município;2308302;Milagres - CE;9324;População residente estimada;2021;2021;45;Pessoas;27413
6;Município;2308302;Milagres - CE;9324;População residente estimada;2024;2024;45;Pessoas;26860
6;Município;2308351;Milhã - CE;9324;População residente estimada;2014;2014;45;Pessoas;13188
6;Município;2308351;Milhã - CE;9324;População residente estimada;2015;2015;45;Pessoas;13170
6;Município;2308351;Milhã - CE;9324;População residente estimada;2016;2016;45;Pessoas;13152
6;Município;2308351;Milhã - CE;9324;População residente estimada;2017;2017;45;Pessoas;13136
6;Município;2308351;Milhã - CE;9324;População residente estimada;2018;2018;45;Pessoas;13241
6;Município;2308351;Milhã - CE;9324;População residente estimada;2019;2019;45;Pessoas;13155
6;Município;2308351;Milhã - CE;9324;População residente estimada;2020;2020;45;Pessoas;13142
6;Município;2308351;Milhã - CE;9324;População residente estimada;2021;2021;45;Pessoas;13129
6;Município;2308351;Milhã - CE;9324;População residente estimada;2024;2024;45;Pessoas;14635
6;Município;2308377;Miraíma - CE;9324;População residente estimada;2014;2014;45;Pessoas;13345
6;Município;2308377;Miraíma - CE;9324;População residente estimada;2015;2015;45;Pessoas;13428
6;Município;2308377;Miraíma - CE;9324;População residente estimada;2016;2016;45;Pessoas;13507
6;Município;2308377;Miraíma - CE;9324;População residente estimada;2017;2017;45;Pessoas;13583
6;Município;2308377;Miraíma - CE;9324;População residente estimada;2018;2018;45;Pessoas;13669
6;Município;2308377;Miraíma - CE;9324;População residente estimada;2019;2019;45;Pessoas;13818
6;Município;2308377;Miraíma - CE;9324;População residente estimada;2020;2020;45;Pessoas;13894
6;Município;2308377;Miraíma - CE;9324;População residente estimada;2021;2021;45;Pessoas;13965
6;Município;2308377;Miraíma - CE;9324;População residente estimada;2024;2024;45;Pessoas;14736
6;Município;2308401;Missão Velha - CE;9324;População residente estimada;2014;2014;45;Pessoas;35150
6;Município;2308401;Missão Velha - CE;9324;População residente estimada;2015;2015;45;Pessoas;35240
6;Município;2308401;Missão Velha - CE;9324;População residente estimada;2016;2016;45;Pessoas;35326
6;Município;2308401;Missão Velha - CE;9324;População residente estimada;2017;2017;45;Pessoas;35409
6;Município;2308401;Missão Velha - CE;9324;População residente estimada;2018;2018;45;Pessoas;35662
6;Município;2308401;Missão Velha - CE;9324;População residente estimada;2019;2019;45;Pessoas;35393
6;Município;2308401;Missão Velha - CE;9324;População residente estimada;2020;2020;45;Pessoas;35480
6;Município;2308401;Missão Velha - CE;9324;População residente estimada;2021;2021;45;Pessoas;35566
6;Município;2308401;Missão Velha - CE;9324;População residente estimada;2024;2024;45;Pessoas;38767
6;Município;2308500;Mombaça - CE;9324;População residente estimada;2014;2014;45;Pessoas;43557
6;Município;2308500;Mombaça - CE;9324;População residente estimada;2015;2015;45;Pessoas;43619
6;Município;2308500;Mombaça - CE;9324;População residente estimada;2016;2016;45;Pessoas;43678
6;Município;2308500;Mombaça - CE;9324;População residente estimada;2017;2017;45;Pessoas;43735
6;Município;2308500;Mombaça - CE;9324;População residente estimada;2018;2018;45;Pessoas;44060
6;Município;2308500;Mombaça - CE;9324;População residente estimada;2019;2019;45;Pessoas;43797
6;Município;2308500;Mombaça - CE;9324;População residente estimada;2020;2020;45;Pessoas;43858
6;Município;2308500;Mombaça - CE;9324;População residente estimada;2021;2021;45;Pessoas;43917
6;Município;2308500;Mombaça - CE;9324;População residente estimada;2024;2024;45;Pessoas;38649
6;Município;2308609;Monsenhor Tabosa - CE;9324;População residente estimada;2014;2014;45;Pessoas;16998
6;Município;2308609;Monsenhor Tabosa - CE;9324;População residente estimada;2015;2015;45;Pessoas;17012
6;Município;2308609;Monsenhor Tabosa - CE;9324;População residente estimada;2016;2016;45;Pessoas;17025
6;Município;2308609;Monsenhor Tabosa - CE;9324;População residente estimada;2017;2017;45;Pessoas;17038
6;Município;2308609;Monsenhor Tabosa - CE;9324;População residente estimada;2018;2018;45;Pessoas;17167
6;Município;2308609;Monsenhor Tabosa - CE;9324;População residente estimada;2019;2019;45;Pessoas;17234
6;Município;2308609;Monsenhor Tabosa - CE;9324;População residente estimada;2020;2020;45;Pessoas;17249
6;Município;2308609;Monsenhor Tabosa - CE;9324;População residente estimada;2021;2021;45;Pessoas;17264
6;Município;2308609;Monsenhor Tabosa - CE;9324;População residente estimada;2024;2024;45;Pessoas;17664
6;Município;2308708;Morada Nova - CE;9324;População residente estimada;2014;2014;45;Pessoas;62091
6;Município;2308708;Morada Nova - CE;9324;População residente estimada;2015;2015;45;Pessoas;61903
6;Município;2308708;Morada Nova - CE;9324;População residente estimada;2016;2016;45;Pessoas;61722
6;Município;2308708;Morada Nova - CE;9324;População residente estimada;2017;2017;45;Pessoas;61548
6;Município;2308708;Morada Nova - CE;9324;População residente estimada;2018;2018;45;Pessoas;62069
6;Município;2308708;Morada Nova - CE;9324;População residente estimada;2019;2019;45;Pessoas;61890
6;Município;2308708;Morada Nova - CE;9324;População residente estimada;2020;2020;45;Pessoas;61738
6;Município;2308708;Morada Nova - CE;9324;População residente estimada;2021;2021;45;Pessoas;61590
6;Município;2308708;Morada Nova - CE;9324;População residente estimada;2024;2024;45;Pessoas;65323
6;Município;2308807;Moraújo - CE;9324;População residente estimada;2014;2014;45;Pessoas;8457
6;Município;2308807;Moraújo - CE;9324;População residente estimada;2015;2015;45;Pessoas;8520
6;Município;2308807;Moraújo - CE;9324;População residente estimada;2016;2016;45;Pessoas;8579
6;Município;2308807;Moraújo - CE;9324;População residente estimada;2017;2017;45;Pessoas;8636
6;Município;2308807;Moraújo - CE;9324;População residente estimada;2018;2018;45;Pessoas;8689
6;Município;2308807;Moraújo - CE;9324;População residente estimada;2019;2019;45;Pessoas;8724
6;Município;2308807;Moraújo - CE;9324;População residente estimada;2020;2020;45;Pessoas;8779
6;Município;2308807;Moraújo - CE;9324;População residente estimada;2021;2021;45;Pessoas;8833
6;Município;2308807;Moraújo - CE;9324;População residente estimada;2024;2024;45;Pessoas;8516
6;Município;2308906;Morrinhos - CE;9324;População residente estimada;2014;2014;45;Pessoas;21737
6;Município;2308906;Morrinhos - CE;9324;População residente estimada;2015;2015;45;Pessoas;21905
6;Município;2308906;Morrinhos - CE;9324;População residente estimada;2016;2016;45;Pessoas;22067
6;Município;2308906;Morrinhos - CE;9324;População residente estimada;2017;2017;45;Pessoas;22222
6;Município;2308906;Morrinhos - CE;9324;População residente estimada;2018;2018;45;Pessoas;22354
6;Município;2308906;Morrinhos - CE;9324;População residente estimada;2019;2019;45;Pessoas;22534
6;Município;2308906;Morrinhos - CE;9324;População residente estimada;2020;2020;45;Pessoas;22685
6;Município;2308906;Morrinhos - CE;9324;População residente estimada;2021;2021;45;Pessoas;22830
6;Município;2308906;Morrinhos - CE;9324;População residente estimada;2024;2024;45;Pessoas;23608
6;Município;2309003;Mucambo - CE;9324;População residente estimada;2014;2014;45;Pessoas;14346
6;Município;2309003;Mucambo - CE;9324;População residente estimada;2015;2015;45;Pessoas;14357
6;Município;2309003;Mucambo - CE;9324;População residente estimada;2016;2016;45;Pessoas;14367
6;Município;2309003;Mucambo - CE;9324;População residente estimada;2017;2017;45;Pessoas;14377
6;Município;2309003;Mucambo - CE;9324;População residente estimada;2018;2018;45;Pessoas;14485
6;Município;2309003;Mucambo - CE;9324;População residente estimada;2019;2019;45;Pessoas;14537
6;Município;2309003;Mucambo - CE;9324;População residente estimada;2020;2020;45;Pessoas;14549
6;Município;2309003;Mucambo - CE;9324;População residente estimada;2021;2021;45;Pessoas;14561
6;Município;2309003;Mucambo - CE;9324;População residente estimada;2024;2024;45;Pessoas;14009
6;Município;2309102;Mulungu - CE;9324;População residente estimada;2014;2014;45;Pessoas;12364
6;Município;2309102;Mulungu - CE;9324;População residente estimada;2015;2015;45;Pessoas;12526
6;Município;2309102;Mulungu - CE;9324;População residente estimada;2016;2016;45;Pessoas;12682
6;Município;2309102;Mulungu - CE;9324;População residente estimada;2017;2017;45;Pessoas;12831
6;Município;2309102;Mulungu - CE;9324;População residente estimada;2018;2018;45;Pessoas;12892
6;Município;2309102;Mulungu - CE;9324;População residente estimada;2019;2019;45;Pessoas;10823
6;Município;2309102;Mulungu - CE;9324;População residente estimada;2020;2020;45;Pessoas;10941
6;Município;2309102;Mulungu - CE;9324;População residente estimada;2021;2021;45;Pessoas;11056
6;Município;2309102;Mulungu - CE;9324;População residente estimada;2024;2024;45;Pessoas;10993
6;Município;2309201;Nova Olinda - CE;9324;População residente estimada;2014;2014;45;Pessoas;15048
6;Município;2309201;Nova Olinda - CE;9324;População residente estimada;2015;2015;45;Pessoas;15181
6;Município;2309201;Nova Olinda - CE;9324;População residente estimada;2016;2016;45;Pessoas;15310
6;Município;2309201;Nova Olinda - CE;9324;População residente estimada;2017;2017;45;Pessoas;15433
6;Município;2309201;Nova Olinda - CE;9324;População residente estimada;2018;2018;45;Pessoas;15520
6;Município;2309201;Nova Olinda - CE;9324;População residente estimada;2019;2019;45;Pessoas;15565
6;Município;2309201;Nova Olinda - CE;9324;População residente estimada;2020;2020;45;Pessoas;15684
6;Município;2309201;Nova Olinda - CE;9324;População residente estimada;2021;2021;45;Pessoas;15798
6;Município;2309201;Nova Olinda - CE;9324;População residente estimada;2024;2024;45;Pessoas;15960
6;Município;2309300;Nova Russas - CE;9324;População residente estimada;2014;2014;45;Pessoas;31783
6;Município;2309300;Nova Russas - CE;9324;População residente estimada;2015;2015;45;Pessoas;31870
6;Município;2309300;Nova Russas - CE;9324;População residente estimada;2016;2016;45;Pessoas;31954
6;Município;2309300;Nova Russas - CE;9324;População residente estimada;2017;2017;45;Pessoas;32035
6;Município;2309300;Nova Russas - CE;9324;População residente estimada;2018;2018;45;Pessoas;32262
6;Município;2309300;Nova Russas - CE;9324;População residente estimada;2019;2019;45;Pessoas;32328
6;Município;2309300;Nova Russas - CE;9324;População residente estimada;2020;2020;45;Pessoas;32408
6;Município;2309300;Nova Russas - CE;9324;População residente estimada;2021;2021;45;Pessoas;32487
6;Município;2309300;Nova Russas - CE;9324;População residente estimada;2024;2024;45;Pessoas;32014
6;Município;2309409;Novo Oriente - CE;9324;População residente estimada;2014;2014;45;Pessoas;28149
6;Município;2309409;Novo Oriente - CE;9324;População residente estimada;2015;2015;45;Pessoas;28220
6;Município;2309409;Novo Oriente - CE;9324;População residente estimada;2016;2016;45;Pessoas;28288
6;Município;2309409;Novo Oriente - CE;9324;População residente estimada;2017;2017;45;Pessoas;28353
6;Município;2309409;Novo Oriente - CE;9324;População residente estimada;2018;2018;45;Pessoas;28557
6;Município;2309409;Novo Oriente - CE;9324;População residente estimada;2019;2019;45;Pessoas;28607
6;Município;2309409;Novo Oriente - CE;9324;População residente estimada;2020;2020;45;Pessoas;28673
6;Município;2309409;Novo Oriente - CE;9324;População residente estimada;2021;2021;45;Pessoas;28737
6;Município;2309409;Novo Oriente - CE;9324;População residente estimada;2024;2024;45;Pessoas;29043
6;Município;2309458;Ocara - CE;9324;População residente estimada;2014;2014;45;Pessoas;24979
6;Município;2309458;Ocara - CE;9324;População residente estimada;2015;2015;45;Pessoas;25123
6;Município;2309458;Ocara - CE;9324;População residente estimada;2016;2016;45;Pessoas;25261
6;Município;2309458;Ocara - CE;9324;População residente estimada;2017;2017;45;Pessoas;25394
6;Município;2309458;Ocara - CE;9324;População residente estimada;2018;2018;45;Pessoas;25557
6;Município;2309458;Ocara - CE;9324;População residente estimada;2019;2019;45;Pessoas;25703
6;Município;2309458;Ocara - CE;9324;População residente estimada;2020;2020;45;Pessoas;25833
6;Município;2309458;Ocara - CE;9324;População residente estimada;2021;2021;45;Pessoas;25958
6;Município;2309458;Ocara - CE;9324;População residente estimada;2024;2024;45;Pessoas;25218
6;Município;2309508;Orós - CE;9324;População residente estimada;2014;2014;45;Pessoas;21447
6;Município;2309508;Orós - CE;9324;População residente estimada;2015;2015;45;Pessoas;21394
6;Município;2309508;Orós - CE;9324;População residente estimada;2016;2016;45;Pessoas;21342
6;Município;2309508;Orós - CE;9324;População residente estimada;2017;2017;45;Pessoas;21292
6;Município;2309508;Orós - CE;9324;População residente estimada;2018;2018;45;Pessoas;21471
6;Município;2309508;Orós - CE;9324;População residente estimada;2019;2019;45;Pessoas;21427
6;Município;2309508;Orós - CE;9324;População residente estimada;2020;2020;45;Pessoas;21384
6;Município;2309508;Orós - CE;9324;População residente estimada;2021;2021;45;Pessoas;21342
6;Município;2309508;Orós - CE;9324;População residente estimada;2024;2024;45;Pessoas;20019
6;Município;2309607;Pacajus - CE;9324;População residente estimada;2014;2014;45;Pessoas;67678
6;Município;2309607;Pacajus - CE;9324;População residente estimada;2015;2015;45;Pessoas;68800
6;Município;2309607;Pacajus - CE;9324;População residente estimada;2016;2016;45;Pessoas;69877
6;Município;2309607;Pacajus - CE;9324;População residente estimada;2017;2017;45;Pessoas;70911
6;Município;2309607;Pacajus - CE;9324;População residente estimada;2018;2018;45;Pessoas;71193
6;Município;2309607;Pacajus - CE;9324;População residente estimada;2019;2019;45;Pessoas;72203
6;Município;2309607;Pacajus - CE;9324;População residente estimada;2020;2020;45;Pessoas;73188
6;Município;2309607;Pacajus - CE;9324;População residente estimada;2021;2021;45;Pessoas;74145
6;Município;2309607;Pacajus - CE;9324;População residente estimada;2024;2024;45;Pessoas;74825
6;Município;2309706;Pacatuba - CE;9324;População residente estimada;2014;2014;45;Pessoas;79077
6;Município;2309706;Pacatuba - CE;9324;População residente estimada;2015;2015;45;Pessoas;80378
6;Município;2309706;Pacatuba - CE;9324;População residente estimada;2016;2016;45;Pessoas;81627
6;Município;2309706;Pacatuba - CE;9324;População residente estimada;2017;2017;45;Pessoas;82824
6;Município;2309706;Pacatuba - CE;9324;População residente estimada;2018;2018;45;Pessoas;83157
6;Município;2309706;Pacatuba - CE;9324;População residente estimada;2019;2019;45;Pessoas;83432
6;Município;2309706;Pacatuba - CE;9324;População residente estimada;2020;2020;45;Pessoas;84554
6;Município;2309706;Pacatuba - CE;9324;População residente estimada;2021;2021;45;Pessoas;85647
6;Município;2309706;Pacatuba - CE;9324;População residente estimada;2024;2024;45;Pessoas;85873
6;Município;2309805;Pacoti - CE;9324;População residente estimada;2014;2014;45;Pessoas;11884
6;Município;2309805;Pacoti - CE;9324;População residente estimada;2015;2015;45;Pessoas;11910
6;Município;2309805;Pacoti - CE;9324;População residente estimada;2016;2016;45;Pessoas;11936
6;Município;2309805;Pacoti - CE;9324;População residente estimada;2017;2017;45;Pessoas;11960
6;Município;2309805;Pacoti - CE;9324;População residente estimada;2018;2018;45;Pessoas;12046
6;Município;2309805;Pacoti - CE;9324;População residente estimada;2019;2019;45;Pessoas;12261
6;Município;2309805;Pacoti - CE;9324;População residente estimada;2020;2020;45;Pessoas;12288
6;Município;2309805;Pacoti - CE;9324;População residente estimada;2021;2021;45;Pessoas;12313
6;Município;2309805;Pacoti - CE;9324;População residente estimada;2024;2024;45;Pessoas;11442
6;Município;2309904;Pacujá - CE;9324;População residente estimada;2014;2014;45;Pessoas;6150
6;Município;2309904;Pacujá - CE;9324;População residente estimada;2015;2015;45;Pessoas;6168
6;Município;2309904;Pacujá - CE;9324;População residente estimada;2016;2016;45;Pessoas;6186
6;Município;2309904;Pacujá - CE;9324;População residente estimada;2017;2017;45;Pessoas;6202
6;Município;2309904;Pacujá - CE;9324;População residente estimada;2018;2018;45;Pessoas;6246
6;Município;2309904;Pacujá - CE;9324;População residente estimada;2019;2019;45;Pessoas;6533
6;Município;2309904;Pacujá - CE;9324;População residente estimada;2020;2020;45;Pessoas;6549
6;Município;2309904;Pacujá - CE;9324;População residente estimada;2021;2021;45;Pessoas;6565
6;Município;2309904;Pacujá - CE;9324;População residente estimada;2024;2024;45;Pessoas;6345
6;Município;2310001;Palhano - CE;9324;População residente estimada;2014;2014;45;Pessoas;9169
6;Município;2310001;Palhano - CE;9324;População residente estimada;2015;2015;45;Pessoas;9209
6;Município;2310001;Palhano - CE;9324;População residente estimada;2016;2016;45;Pessoas;9248
6;Município;2310001;Palhano - CE;9324;População residente estimada;2017;2017;45;Pessoas;9285
6;Município;2310001;Palhano - CE;9324;População residente estimada;2018;2018;45;Pessoas;9348
6;Município;2310001;Palhano - CE;9324;População residente estimada;2019;2019;45;Pessoas;9386
6;Município;2310001;Palhano - CE;9324;População residente estimada;2020;2020;45;Pessoas;9422
6;Município;2310001;Palhano - CE;9324;População residente estimada;2021;2021;45;Pessoas;9458
6;Município;2310001;Palhano - CE;9324;População residente estimada;2024;2024;45;Pessoas;9671
6;Município;2310100;Palmácia - CE;9324;População residente estimada;2014;2014;45;Pessoas;12762
6;Município;2310100;Palmácia - CE;9324;População residente estimada;2015;2015;45;Pessoas;12895
6;Município;2310100;Palmácia - CE;9324;População residente estimada;2016;2016;45;Pessoas;13022
6;Município;2310100;Palmácia - CE;9324;População residente estimada;2017;2017;45;Pessoas;13145
6;Município;2310100;Palmácia - CE;9324;População residente estimada;2018;2018;45;Pessoas;13214
6;Município;2310100;Palmácia - CE;9324;População residente estimada;2019;2019;45;Pessoas;13322
6;Município;2310100;Palmácia - CE;9324;População residente estimada;2020;2020;45;Pessoas;13439
6;Município;2310100;Palmácia - CE;9324;População residente estimada;2021;2021;45;Pessoas;13553
6;Município;2310100;Palmácia - CE;9324;População residente estimada;2024;2024;45;Pessoas;10339
6;Município;2310209;Paracuru - CE;9324;População residente estimada;2014;2014;45;Pessoas;33178
6;Município;2310209;Paracuru - CE;9324;População residente estimada;2015;2015;45;Pessoas;33426
6;Município;2310209;Paracuru - CE;9324;População residente estimada;2016;2016;45;Pessoas;33665
6;Município;2310209;Paracuru - CE;9324;População residente estimada;2017;2017;45;Pessoas;33894
6;Município;2310209;Paracuru - CE;9324;População residente estimada;2018;2018;45;Pessoas;34097
6;Município;2310209;Paracuru - CE;9324;População residente estimada;2019;2019;45;Pessoas;35076
6;Município;2310209;Paracuru - CE;9324;População residente estimada;2020;2020;45;Pessoas;35304
6;Município;2310209;Paracuru - CE;9324;População residente estimada;2021;2021;45;Pessoas;35526
6;Município;2310209;Paracuru - CE;9324;População residente estimada;2024;2024;45;Pessoas;41447
6;Município;2310258;Paraipaba - CE;9324;População residente estimada;2014;2014;45;Pessoas;31705
6;Município;2310258;Paraipaba - CE;9324;População residente estimada;2015;2015;45;Pessoas;31986
6;Município;2310258;Paraipaba - CE;9324;População residente estimada;2016;2016;45;Pessoas;32256
6;Município;2310258;Paraipaba - CE;9324;População residente estimada;2017;2017;45;Pessoas;32515
6;Município;2310258;Paraipaba - CE;9324;População residente estimada;2018;2018;45;Pessoas;32700
6;Município;2310258;Paraipaba - CE;9324;População residente estimada;2019;2019;45;Pessoas;32744
6;Município;2310258;Paraipaba - CE;9324;População residente estimada;2020;2020;45;Pessoas;32992
6;Município;2310258;Paraipaba - CE;9324;População residente estimada;2021;2021;45;Pessoas;33232
6;Município;2310258;Paraipaba - CE;9324;População residente estimada;2024;2024;45;Pessoas;33896
6;Município;2310308;Parambu - CE;9324;População residente estimada;2014;2014;45;Pessoas;31376
6;Município;2310308;Parambu - CE;9324;População residente estimada;2015;2015;45;Pessoas;31293
6;Município;2310308;Parambu - CE;9324;População residente estimada;2016;2016;45;Pessoas;31213
6;Município;2310308;Parambu - CE;9324;População residente estimada;2017;2017;45;Pessoas;31137
6;Município;2310308;Parambu - CE;9324;População residente estimada;2018;2018;45;Pessoas;31398
6;Município;2310308;Parambu - CE;9324;População residente estimada;2019;2019;45;Pessoas;31521
6;Município;2310308;Parambu - CE;9324;População residente estimada;2020;2020;45;Pessoas;31455
6;Município;2310308;Parambu - CE;9324;População residente estimada;2021;2021;45;Pessoas;31391
6;Município;2310308;Parambu - CE;9324;População residente estimada;2024;2024;45;Pessoas;32816
6;Município;2310407;Paramoti - CE;9324;População residente estimada;2014;2014;45;Pessoas;11533
6;Município;2310407;Paramoti - CE;9324;População residente estimada;2015;2015;45;Pessoas;11549
6;Município;2310407;Paramoti - CE;9324;População residente estimada;2016;2016;45;Pessoas;11564
6;Município;2310407;Paramoti - CE;9324;População residente estimada;2017;2017;45;Pessoas;11578
6;Município;2310407;Paramoti - CE;9324;População residente estimada;2018;2018;45;Pessoas;11664
6;Município;2310407;Paramoti - CE;9324;População residente estimada;2019;2019;45;Pessoas;12226
6;Município;2310407;Paramoti - CE;9324;População residente estimada;2020;2020;45;Pessoas;12252
6;Município;2310407;Paramoti - CE;9324;População residente estimada;2021;2021;45;Pessoas;12276
6;Município;2310407;Paramoti - CE;9324;População residente estimada;2024;2024;45;Pessoas;10528
6;Município;2310506;Pedra Branca - CE;9324;População residente estimada;2014;2014;45;Pessoas;42696
6;Município;2310506;Pedra Branca - CE;9324;População residente estimada;2015;2015;45;Pessoas;42746
6;Município;2310506;Pedra Branca - CE;9324;População residente estimada;2016;2016;45;Pessoas;42795
6;Município;2310506;Pedra Branca - CE;9324;População residente estimada;2017;2017;45;Pessoas;42841
6;Município;2310506;Pedra Branca - CE;9324;População residente estimada;2018;2018;45;Pessoas;43160
6;Município;2310506;Pedra Branca - CE;9324;População residente estimada;2019;2019;45;Pessoas;43258
6;Município;2310506;Pedra Branca - CE;9324;População residente estimada;2020;2020;45;Pessoas;43309
6;Município;2310506;Pedra Branca - CE;9324;População residente estimada;2021;2021;45;Pessoas;43359
6;Município;2310506;Pedra Branca - CE;9324;População residente estimada;2024;2024;45;Pessoas;42257
6;Município;2310605;Penaforte - CE;9324;População residente estimada;2014;2014;45;Pessoas;8743
6;Município;2310605;Penaforte - CE;9324;População residente estimada;2015;2015;45;Pessoas;8817
6;Município;2310605;Penaforte - CE;9324;População residente estimada;2016;2016;45;Pessoas;8888
6;Município;2310605;Penaforte - CE;9324;População residente estimada;2017;2017;45;Pessoas;8956
6;Município;2310605;Penaforte - CE;9324;População residente estimada;2018;2018;45;Pessoas;9010
6;Município;2310605;Penaforte - CE;9324;População residente estimada;2019;2019;45;Pessoas;9077
6;Município;2310605;Penaforte - CE;9324;População residente estimada;2020;2020;45;Pessoas;9143
6;Município;2310605;Penaforte - CE;9324;População residente estimada;2021;2021;45;Pessoas;9207
6;Município;2310605;Penaforte - CE;9324;População residente estimada;2024;2024;45;Pessoas;9308
6;Município;2310704;Pentecoste - CE;9324;População residente estimada;2014;2014;45;Pessoas;36611
6;Município;2310704;Pentecoste - CE;9324;População residente estimada;2015;2015;45;Pessoas;36773
6;Município;2310704;Pentecoste - CE;9324;População residente estimada;2016;2016;45;Pessoas;36928
6;Município;2310704;Pentecoste - CE;9324;População residente estimada;2017;2017;45;Pessoas;37077
6;Município;2310704;Pentecoste - CE;9324;População residente estimada;2018;2018;45;Pessoas;37326
6;Município;2310704;Pentecoste - CE;9324;População residente estimada;2019;2019;45;Pessoas;37751
6;Município;2310704;Pentecoste - CE;9324;População residente estimada;2020;2020;45;Pessoas;37900
6;Município;2310704;Pentecoste - CE;9324;População residente estimada;2021;2021;45;Pessoas;38045
6;Município;2310704;Pentecoste - CE;9324;População residente estimada;2024;2024;45;Pessoas;39715
6;Município;2310803;Pereiro - CE;9324;População residente estimada;2014;2014;45;Pessoas;16089
6;Município;2310803;Pereiro - CE;9324;População residente estimada;2015;2015;45;Pessoas;16115
6;Município;2310803;Pereiro - CE;9324;População residente estimada;2016;2016;45;Pessoas;16139
6;Município;2310803;Pereiro - CE;9324;População residente estimada;2017;2017;45;Pessoas;16163
6;Município;2310803;Pereiro - CE;9324;População residente estimada;2018;2018;45;Pessoas;16281
6;Município;2310803;Pereiro - CE;9324;População residente estimada;2019;2019;45;Pessoas;16307
6;Município;2310803;Pereiro - CE;9324;População residente estimada;2020;2020;45;Pessoas;16331
6;Município;2310803;Pereiro - CE;9324;População residente estimada;2021;2021;45;Pessoas;16356
6;Município;2310803;Pereiro - CE;9324;População residente estimada;2024;2024;45;Pessoas;15869
6;Município;2310852;Pindoretama - CE;9324;População residente estimada;2014;2014;45;Pessoas;19975
6;Município;2310852;Pindoretama - CE;9324;População residente estimada;2015;2015;45;Pessoas;20207
6;Município;2310852;Pindoretama - CE;9324;População residente estimada;2016;2016;45;Pessoas;20430
6;Município;2310852;Pindoretama - CE;9324;População residente estimada;2017;2017;45;Pessoas;20644
6;Município;2310852;Pindoretama - CE;9324;População residente estimada;2018;2018;45;Pessoas;20748
6;Município;2310852;Pindoretama - CE;9324;População residente estimada;2019;2019;45;Pessoas;20567
6;Município;2310852;Pindoretama - CE;9324;População residente estimada;2020;2020;45;Pessoas;20769
6;Município;2310852;Pindoretama - CE;9324;População residente estimada;2021;2021;45;Pessoas;20964
6;Município;2310852;Pindoretama - CE;9324;População residente estimada;2024;2024;45;Pessoas;24607
6;Município;2310902;Piquet Carneiro - CE;9324;População residente estimada;2014;2014;45;Pessoas;16318
6;Município;2310902;Piquet Carneiro - CE;9324;População residente estimada;2015;2015;45;Pessoas;16461
6;Município;2310902;Piquet Carneiro - CE;9324;População residente estimada;2016;2016;45;Pessoas;16599
6;Município;2310902;Piquet Carneiro - CE;9324;População residente estimada;2017;2017;45;Pessoas;16731
6;Município;2310902;Piquet Carneiro - CE;9324;População residente estimada;2018;2018;45;Pessoas;16827
6;Município;2310902;Piquet Carneiro - CE;9324;População residente estimada;2019;2019;45;Pessoas;16959
6;Município;2310902;Piquet Carneiro - CE;9324;População residente estimada;2020;2020;45;Pessoas;17086
6;Município;2310902;Piquet Carneiro - CE;9324;População residente estimada;2021;2021;45;Pessoas;17210
6;Município;2310902;Piquet Carneiro - CE;9324;População residente estimada;2024;2024;45;Pessoas;17202
6;Município;2310951;Pires Ferreira - CE;9324;População residente estimada;2014;2014;45;Pessoas;10616
6;Município;2310951;Pires Ferreira - CE;9324;População residente estimada;2015;2015;45;Pessoas;10674
6;Município;2310951;Pires Ferreira - CE;9324;População residente estimada;2016;2016;45;Pessoas;10730
6;Município;2310951;Pires Ferreira - CE;9324;População residente estimada;2017;2017;45;Pessoas;10784
6;Município;2310951;Pires Ferreira - CE;9324;População residente estimada;2018;2018;45;Pessoas;10853
6;Município;2310951;Pires Ferreira - CE;9324;População residente estimada;2019;2019;45;Pessoas;10951
6;Município;2310951;Pires Ferreira - CE;9324;População residente estimada;2020;2020;45;Pessoas;11001
6;Município;2310951;Pires Ferreira - CE;9324;População residente estimada;2021;2021;45;Pessoas;11052
6;Município;2310951;Pires Ferreira - CE;9324;População residente estimada;2024;2024;45;Pessoas;10952
6;Município;2311009;Poranga - CE;9324;População residente estimada;2014;2014;45;Pessoas;12214
6;Município;2311009;Poranga - CE;9324;População residente estimada;2015;2015;45;Pessoas;12224
6;Município;2311009;Poranga - CE;9324;População residente estimada;2016;2016;45;Pessoas;12234
6;Município;2311009;Poranga - CE;9324;População residente estimada;2017;2017;45;Pessoas;12243
6;Município;2311009;Poranga - CE;9324;População residente estimada;2018;2018;45;Pessoas;12334
6;Município;2311009;Poranga - CE;9324;População residente estimada;2019;2019;45;Pessoas;12336
6;Município;2311009;Poranga - CE;9324;População residente estimada;2020;2020;45;Pessoas;12347
6;Município;2311009;Poranga - CE;9324;População residente estimada;2021;2021;45;Pessoas;12358
6;Município;2311009;Poranga - CE;9324;População residente estimada;2024;2024;45;Pessoas;12423
6;Município;2311108;Porteiras - CE;9324;População residente estimada;2014;2014;45;Pessoas;15058
6;Município;2311108;Porteiras - CE;9324;População residente estimada;2015;2015;45;Pessoas;15010
6;Município;2311108;Porteiras - CE;9324;População residente estimada;2016;2016;45;Pessoas;14965
6;Município;2311108;Porteiras - CE;9324;População residente estimada;2017;2017;45;Pessoas;14921
6;Município;2311108;Porteiras - CE;9324;População residente estimada;2018;2018;45;Pessoas;15047
6;Município;2311108;Porteiras - CE;9324;População residente estimada;2019;2019;45;Pessoas;14996
6;Município;2311108;Porteiras - CE;9324;População residente estimada;2020;2020;45;Pessoas;14958
6;Município;2311108;Porteiras - CE;9324;População residente estimada;2021;2021;45;Pessoas;14920
6;Município;2311108;Porteiras - CE;9324;População residente estimada;2024;2024;45;Pessoas;17745
6;Município;2311207;Potengi - CE;9324;População residente estimada;2014;2014;45;Pessoas;10722
6;Município;2311207;Potengi - CE;9324;População residente estimada;2015;2015;45;Pessoas;10790
6;Município;2311207;Potengi - CE;9324;População residente estimada;2016;2016;45;Pessoas;10856
6;Município;2311207;Potengi - CE;9324;População residente estimada;2017;2017;45;Pessoas;10918
6;Município;2311207;Potengi - CE;9324;População residente estimada;2018;2018;45;Pessoas;10986
6;Município;2311207;Potengi - CE;9324;População residente estimada;2019;2019;45;Pessoas;11045
6;Município;2311207;Potengi - CE;9324;População residente estimada;2020;2020;45;Pessoas;11106
6;Município;2311207;Potengi - CE;9324;População residente estimada;2021;2021;45;Pessoas;11165
6;Município;2311207;Potengi - CE;9324;População residente estimada;2024;2024;45;Pessoas;8926
6;Município;2311231;Potiretama - CE;9324;População residente estimada;2014;2014;45;Pessoas;6299
6;Município;2311231;Potiretama - CE;9324;População residente estimada;2015;2015;45;Pessoas;6318
6;Município;2311231;Potiretama - CE;9324;População residente estimada;2016;2016;45;Pessoas;6337
6;Município;2311231;Potiretama - CE;9324;População residente estimada;2017;2017;45;Pessoas;6356
6;Município;2311231;Potiretama - CE;9324;População residente estimada;2018;2018;45;Pessoas;6400
6;Município;2311231;Potiretama - CE;9324;População residente estimada;2019;2019;45;Pessoas;6419
6;Município;2311231;Potiretama - CE;9324;População residente estimada;2020;2020;45;Pessoas;6437
6;Município;2311231;Potiretama - CE;9324;População residente estimada;2021;2021;45;Pessoas;6455
6;Município;2311231;Potiretama - CE;9324;População residente estimada;2024;2024;45;Pessoas;6129
6;Município;2311264;Quiterianópolis - CE;9324;População residente estimada;2014;2014;45;Pessoas;20600
6;Município;2311264;Quiterianópolis - CE;9324;População residente estimada;2015;2015;45;Pessoas;20690
6;Município;2311264;Quiterianópolis - CE;9324;População residente estimada;2016;2016;45;Pessoas;20777
6;Município;2311264;Quiterianópolis - CE;9324;População residente estimada;2017;2017;45;Pessoas;20860
6;Município;2311264;Quiterianópolis - CE;9324;População residente estimada;2018;2018;45;Pessoas;21000
6;Município;2311264;Quiterianópolis - CE;9324;População residente estimada;2019;2019;45;Pessoas;21084
6;Município;2311264;Quiterianópolis - CE;9324;População residente estimada;2020;2020;45;Pessoas;21166
6;Município;2311264;Quiterianópolis - CE;9324;População residente estimada;2021;2021;45;Pessoas;21246
6;Município;2311264;Quiterianópolis - CE;9324;População residente estimada;2024;2024;45;Pessoas;20506
6;Município;2311306;Quixadá - CE;9324;População residente estimada;2014;2014;45;Pessoas;84684
6;Município;2311306;Quixadá - CE;9324;População residente estimada;2015;2015;45;Pessoas;85351
6;Município;2311306;Quixadá - CE;9324;População residente estimada;2016;2016;45;Pessoas;85991
6;Município;2311306;Quixadá - CE;9324;População residente estimada;2017;2017;45;Pessoas;86605
6;Município;2311306;Quixadá - CE;9324;População residente estimada;2018;2018;45;Pessoas;87116
6;Município;2311306;Quixadá - CE;9324;População residente estimada;2019;2019;45;Pessoas;87728
6;Município;2311306;Quixadá - CE;9324;População residente estimada;2020;2020;45;Pessoas;88321
6;Município;2311306;Quixadá - CE;9324;População residente estimada;2021;2021;45;Pessoas;88899
6;Município;2311306;Quixadá - CE;9324;População residente estimada;2024;2024;45;Pessoas;88483
6;Município;2311355;Quixelô - CE;9324;População residente estimada;2014;2014;45;Pessoas;14997
6;Município;2311355;Quixelô - CE;9324;População residente estimada;2015;2015;45;Pessoas;14949
6;Município;2311355;Quixelô - CE;9324;População residente estimada;2016;2016;45;Pessoas;14903
6;Município;2311355;Quixelô - CE;9324;População residente estimada;2017;2017;45;Pessoas;14860
6;Município;2311355;Quixelô - CE;9324;População residente estimada;2018;2018;45;Pessoas;14986
6;Município;2311355;Quixelô - CE;9324;População residente estimada;2019;2019;45;Pessoas;16178
6;Município;2311355;Quixelô - CE;9324;População residente estimada;2020;2020;45;Pessoas;16147
6;Município;2311355;Quixelô - CE;9324;População residente estimada;2021;2021;45;Pessoas;16116
6;Município;2311355;Quixelô - CE;9324;População residente estimada;2024;2024;45;Pessoas;16992
6;Município;2311405;Quixeramobim - CE;9324;População residente estimada;2014;2014;45;Pessoas;76386
6;Município;2311405;Quixeramobim - CE;9324;População residente estimada;2015;2015;45;Pessoas;77174
6;Município;2311405;Quixeramobim - CE;9324;População residente estimada;2016;2016;45;Pessoas;77931
6;Município;2311405;Quixeramobim - CE;9324;População residente estimada;2017;2017;45;Pessoas;78658
6;Município;2311405;Quixeramobim - CE;9324;População residente estimada;2018;2018;45;Pessoas;79081
6;Município;2311405;Quixeramobim - CE;9324;População residente estimada;2019;2019;45;Pessoas;81082
6;Município;2311405;Quixeramobim - CE;9324;População residente estimada;2020;2020;45;Pessoas;81778
6;Município;2311405;Quixeramobim - CE;9324;População residente estimada;2021;2021;45;Pessoas;82455
6;Município;2311405;Quixeramobim - CE;9324;População residente estimada;2024;2024;45;Pessoas;85797
6;Município;2311504;Quixeré - CE;9324;População residente estimada;2014;2014;45;Pessoas;21410
6;Município;2311504;Quixeré - CE;9324;População residente estimada;2015;2015;45;Pessoas;21572
6;Município;2311504;Quixeré - CE;9324;População residente estimada;2016;2016;45;Pessoas;21728
6;Município;2311504;Quixeré - CE;9324;População residente estimada;2017;2017;45;Pessoas;21876
6;Município;2311504;Quixeré - CE;9324;População residente estimada;2018;2018;45;Pessoas;22008
6;Município;2311504;Quixeré - CE;9324;População residente estimada;2019;2019;45;Pessoas;22149
6;Município;2311504;Quixeré - CE;9324;População residente estimada;2020;2020;45;Pessoas;22293
6;Município;2311504;Quixeré - CE;9324;População residente estimada;2021;2021;45;Pessoas;22432
6;Município;2311504;Quixeré - CE;9324;População residente estimada;2024;2024;45;Pessoas;21607
6;Município;2311603;Redenção - CE;9324;População residente estimada;2014;2014;45;Pessoas;27182
6;Município;2311603;Redenção - CE;9324;População residente estimada;2015;2015;45;Pessoas;27272
6;Município;2311603;Redenção - CE;9324;População residente estimada;2016;2016;45;Pessoas;27358
6;Município;2311603;Redenção - CE;9324;População residente estimada;2017;2017;45;Pessoas;27441
6;Município;2311603;Redenção - CE;9324;População residente estimada;2018;2018;45;Pessoas;27633
6;Município;2311603;Redenção - CE;9324;População residente estimada;2019;2019;45;Pessoas;29053
6;Município;2311603;Redenção - CE;9324;População residente estimada;2020;2020;45;Pessoas;29146
6;Município;2311603;Redenção - CE;9324;População residente estimada;2021;2021;45;Pessoas;29238
6;Município;2311603;Redenção - CE;9324;População residente estimada;2024;2024;45;Pessoas;28359
6;Município;2311702;Reriutaba - CE;9324;População residente estimada;2014;2014;45;Pessoas;19145
6;Município;2311702;Reriutaba - CE;9324;População residente estimada;2015;2015;45;Pessoas;19015
6;Município;2311702;Reriutaba - CE;9324;População residente estimada;2016;2016;45;Pessoas;18889
6;Município;2311702;Reriutaba - CE;9324;População residente estimada;2017;2017;45;Pessoas;18769
6;Município;2311702;Reriutaba - CE;9324;População residente estimada;2018;2018;45;Pessoas;18945
6;Município;2311702;Reriutaba - CE;9324;População residente estimada;2019;2019;45;Pessoas;18491
6;Município;2311702;Reriutaba - CE;9324;População residente estimada;2020;2020;45;Pessoas;18385
6;Município;2311702;Reriutaba - CE;9324;População residente estimada;2021;2021;45;Pessoas;18279
6;Município;2311702;Reriutaba - CE;9324;População residente estimada;2024;2024;45;Pessoas;19059
6;Município;2311801;Russas - CE;9324;População residente estimada;2014;2014;45;Pessoas;74243
6;Município;2311801;Russas - CE;9324;População residente estimada;2015;2015;45;Pessoas;75018
6;Município;2311801;Russas - CE;9324;População residente estimada;2016;2016;45;Pessoas;75762
6;Município;2311801;Russas - CE;9324;População residente estimada;2017;2017;45;Pessoas;76475
6;Município;2311801;Russas - CE;9324;População residente estimada;2018;2018;45;Pessoas;76884
6;Município;2311801;Russas - CE;9324;População residente estimada;2019;2019;45;Pessoas;78194
6;Município;2311801;Russas - CE;9324;População residente estimada;2020;2020;45;Pessoas;78882
6;Município;2311801;Russas - CE;9324;População residente estimada;2021;2021;45;Pessoas;79550
6;Município;2311801;Russas - CE;9324;População residente estimada;2024;2024;45;Pessoas;74582
6;Município;2311900;Saboeiro - CE;9324;População residente estimada;2014;2014;45;Pessoas;15793
6;Município;2311900;Saboeiro - CE;9324;População residente estimada;2015;2015;45;Pessoas;15753
6;Município;2311900;Saboeiro - CE;9324;População residente estimada;2016;2016;45;Pessoas;15715
6;Município;2311900;Saboeiro - CE;9324;População residente estimada;2017;2017;45;Pessoas;15678
6;Município;2311900;Saboeiro - CE;9324;População residente estimada;2018;2018;45;Pessoas;15808
6;Município;2311900;Saboeiro - CE;9324;População residente estimada;2019;2019;45;Pessoas;15819
6;Município;2311900;Saboeiro - CE;9324;População residente estimada;2020;2020;45;Pessoas;15788
6;Município;2311900;Saboeiro - CE;9324;População residente estimada;2021;2021;45;Pessoas;15757
6;Município;2311900;Saboeiro - CE;9324;População residente estimada;2024;2024;45;Pessoas;14036
6;Município;2311959;Salitre - CE;9324;População residente estimada;2014;2014;45;Pessoas;16070
6;Município;2311959;Salitre - CE;9324;População residente estimada;2015;2015;45;Pessoas;16161
6;Município;2311959;Salitre - CE;9324;População residente estimada;2016;2016;45;Pessoas;16248
6;Município;2311959;Salitre - CE;9324;População residente estimada;2017;2017;45;Pessoas;16331
6;Município;2311959;Salitre - CE;9324;População residente estimada;2018;2018;45;Pessoas;16435
6;Município;2311959;Salitre - CE;9324;População residente estimada;2019;2019;45;Pessoas;16554
6;Município;2311959;Salitre - CE;9324;População residente estimada;2020;2020;45;Pessoas;16635
6;Município;2311959;Salitre - CE;9324;População residente estimada;2021;2021;45;Pessoas;16714
6;Município;2311959;Salitre - CE;9324;População residente estimada;2024;2024;45;Pessoas;17220
6;Município;2312007;Santana do Acaraú - CE;9324;População residente estimada;2014;2014;45;Pessoas;31369
6;Município;2312007;Santana do Acaraú - CE;9324;População residente estimada;2015;2015;45;Pessoas;31596
6;Município;2312007;Santana do Acaraú - CE;9324;População residente estimada;2016;2016;45;Pessoas;31814
6;Município;2312007;Santana do Acaraú - CE;9324;População residente estimada;2017;2017;45;Pessoas;32023
6;Município;2312007;Santana do Acaraú - CE;9324;População residente estimada;2018;2018;45;Pessoas;32216
6;Município;2312007;Santana do Acaraú - CE;9324;População residente estimada;2019;2019;45;Pessoas;32452
6;Município;2312007;Santana do Acaraú - CE;9324;População residente estimada;2020;2020;45;Pessoas;32654
6;Município;2312007;Santana do Acaraú - CE;9324;População residente estimada;2021;2021;45;Pessoas;32851
6;Município;2312007;Santana do Acaraú - CE;9324;População residente estimada;2024;2024;45;Pessoas;32043
6;Município;2312106;Santana do Cariri - CE;9324;População residente estimada;2014;2014;45;Pessoas;17457
6;Município;2312106;Santana do Cariri - CE;9324;População residente estimada;2015;2015;45;Pessoas;17468
6;Município;2312106;Santana do Cariri - CE;9324;População residente estimada;2016;2016;45;Pessoas;17479
6;Município;2312106;Santana do Cariri - CE;9324;População residente estimada;2017;2017;45;Pessoas;17489
6;Município;2312106;Santana do Cariri - CE;9324;População residente estimada;2018;2018;45;Pessoas;17622
6;Município;2312106;Santana do Cariri - CE;9324;População residente estimada;2019;2019;45;Pessoas;17700
6;Município;2312106;Santana do Cariri - CE;9324;População residente estimada;2020;2020;45;Pessoas;17712
6;Município;2312106;Santana do Cariri - CE;9324;População residente estimada;2021;2021;45;Pessoas;17726
6;Município;2312106;Santana do Cariri - CE;9324;População residente estimada;2024;2024;45;Pessoas;17388
6;Município;2312205;Santa Quitéria - CE;9324;População residente estimada;2014;2014;45;Pessoas;43359
6;Município;2312205;Santa Quitéria - CE;9324;População residente estimada;2015;2015;45;Pessoas;43359
6;Município;2312205;Santa Quitéria - CE;9324;População residente estimada;2016;2016;45;Pessoas;43359
6;Município;2312205;Santa Quitéria - CE;9324;População residente estimada;2017;2017;45;Pessoas;43360
6;Município;2312205;Santa Quitéria - CE;9324;População residente estimada;2018;2018;45;Pessoas;43695
6;Município;2312205;Santa Quitéria - CE;9324;População residente estimada;2019;2019;45;Pessoas;43703
6;Município;2312205;Santa Quitéria - CE;9324;População residente estimada;2020;2020;45;Pessoas;43711
6;Município;2312205;Santa Quitéria - CE;9324;População residente estimada;2021;2021;45;Pessoas;43719
6;Município;2312205;Santa Quitéria - CE;9324;População residente estimada;2024;2024;45;Pessoas;41647
6;Município;2312304;São Benedito - CE;9324;População residente estimada;2014;2014;45;Pessoas;45917
6;Município;2312304;São Benedito - CE;9324;População residente estimada;2015;2015;45;Pessoas;46171
6;Município;2312304;São Benedito - CE;9324;População residente estimada;2016;2016;45;Pessoas;46414
6;Município;2312304;São Benedito - CE;9324;População residente estimada;2017;2017;45;Pessoas;46648
6;Município;2312304;São Benedito - CE;9324;População residente estimada;2018;2018;45;Pessoas;46949
6;Município;2312304;São Benedito - CE;9324;População residente estimada;2019;2019;45;Pessoas;47903
6;Município;2312304;São Benedito - CE;9324;População residente estimada;2020;2020;45;Pessoas;48131
6;Município;2312304;São Benedito - CE;9324;População residente estimada;2021;2021;45;Pessoas;48354
6;Município;2312304;São Benedito - CE;9324;População residente estimada;2024;2024;45;Pessoas;49829
6;Município;2312403;São Gonçalo do Amarante - CE;9324;População residente estimada;2014;2014;45;Pessoas;46783
6;Município;2312403;São Gonçalo do Amarante - CE;9324;População residente estimada;2015;2015;45;Pessoas;47297
6;Município;2312403;São Gonçalo do Amarante - CE;9324;População residente estimada;2016;2016;45;Pessoas;47791
6;Município;2312403;São Gonçalo do Amarante - CE;9324;População residente estimada;2017;2017;45;Pessoas;48265
6;Município;2312403;São Gonçalo do Amarante - CE;9324;População residente estimada;2018;2018;45;Pessoas;48516
6;Município;2312403;São Gonçalo do Amarante - CE;9324;População residente estimada;2019;2019;45;Pessoas;48422
6;Município;2312403;São Gonçalo do Amarante - CE;9324;População residente estimada;2020;2020;45;Pessoas;48869
6;Município;2312403;São Gonçalo do Amarante - CE;9324;População residente estimada;2021;2021;45;Pessoas;49306
6;Município;2312403;São Gonçalo do Amarante - CE;9324;População residente estimada;2024;2024;45;Pessoas;57499
6;Município;2312502;São João do Jaguaribe - CE;9324;População residente estimada;2014;2014;45;Pessoas;7774
6;Município;2312502;São João do Jaguaribe - CE;9324;População residente estimada;2015;2015;45;Pessoas;7721
6;Município;2312502;São João do Jaguaribe - CE;9324;População residente estimada;2016;2016;45;Pessoas;7670
6;Município;2312502;São João do Jaguaribe - CE;9324;População residente estimada;2017;2017;45;Pessoas;7621
6;Município;2312502;São João do Jaguaribe - CE;9324;População residente estimada;2018;2018;45;Pessoas;7691
6;Município;2312502;São João do Jaguaribe - CE;9324;População residente estimada;2019;2019;45;Pessoas;7645
6;Município;2312502;São João do Jaguaribe - CE;9324;População residente estimada;2020;2020;45;Pessoas;7601
6;Município;2312502;São João do Jaguaribe - CE;9324;População residente estimada;2021;2021;45;Pessoas;7557
6;Município;2312502;São João do Jaguaribe - CE;9324;População residente estimada;2024;2024;45;Pessoas;5792
6;Município;2312601;São Luís do Curu - CE;9324;População residente estimada;2014;2014;45;Pessoas;12713
6;Município;2312601;São Luís do Curu - CE;9324;População residente estimada;2015;2015;45;Pessoas;12760
6;Município;2312601;São Luís do Curu - CE;9324;População residente estimada;2016;2016;45;Pessoas;12805
6;Município;2312601;São Luís do Curu - CE;9324;População residente estimada;2017;2017;45;Pessoas;12849
6;Município;2312601;São Luís do Curu - CE;9324;População residente estimada;2018;2018;45;Pessoas;12938
6;Município;2312601;São Luís do Curu - CE;9324;População residente estimada;2019;2019;45;Pessoas;13000
6;Município;2312601;São Luís do Curu - CE;9324;População residente estimada;2020;2020;45;Pessoas;13044
6;Município;2312601;São Luís do Curu - CE;9324;População residente estimada;2021;2021;45;Pessoas;13086
6;Município;2312601;São Luís do Curu - CE;9324;População residente estimada;2024;2024;45;Pessoas;10962
6;Município;2312700;Senador Pompeu - CE;9324;População residente estimada;2014;2014;45;Pessoas;26600
6;Município;2312700;Senador Pompeu - CE;9324;População residente estimada;2015;2015;45;Pessoas;26547
6;Município;2312700;Senador Pompeu - CE;9324;População residente estimada;2016;2016;45;Pessoas;26496
6;Município;2312700;Senador Pompeu - CE;9324;População residente estimada;2017;2017;45;Pessoas;26447
6;Município;2312700;Senador Pompeu - CE;9324;População residente estimada;2018;2018;45;Pessoas;26664
6;Município;2312700;Senador Pompeu - CE;9324;População residente estimada;2019;2019;45;Pessoas;25496
6;Município;2312700;Senador Pompeu - CE;9324;População residente estimada;2020;2020;45;Pessoas;25456
6;Município;2312700;Senador Pompeu - CE;9324;População residente estimada;2021;2021;45;Pessoas;25418
6;Município;2312700;Senador Pompeu - CE;9324;População residente estimada;2024;2024;45;Pessoas;25143
6;Município;2312809;Senador Sá - CE;9324;População residente estimada;2014;2014;45;Pessoas;7290
6;Município;2312809;Senador Sá - CE;9324;População residente estimada;2015;2015;45;Pessoas;7367
6;Município;2312809;Senador Sá - CE;9324;População residente estimada;2016;2016;45;Pessoas;7442
6;Município;2312809;Senador Sá - CE;9324;População residente estimada;2017;2017;45;Pessoas;7513
6;Município;2312809;Senador Sá - CE;9324;População residente estimada;2018;2018;45;Pessoas;7553
6;Município;2312809;Senador Sá - CE;9324;População residente estimada;2019;2019;45;Pessoas;7623
6;Município;2312809;Senador Sá - CE;9324;População residente estimada;2020;2020;45;Pessoas;7691
6;Município;2312809;Senador Sá - CE;9324;População residente estimada;2021;2021;45;Pessoas;7758
6;Município;2312809;Senador Sá - CE;9324;População residente estimada;2024;2024;45;Pessoas;7519
6;Município;2312908;Sobral - CE;9324;População residente estimada;2014;2014;45;Pessoas;199750
6;Município;2312908;Sobral - CE;9324;População residente estimada;2015;2015;45;Pessoas;201756
6;Município;2312908;Sobral - CE;9324;População residente estimada;2016;2016;45;Pessoas;203682
6;Município;2312908;Sobral - CE;9324;População residente estimada;2017;2017;45;Pessoas;205529
6;Município;2312908;Sobral - CE;9324;População residente estimada;2018;2018;45;Pessoas;206644
6;Município;2312908;Sobral - CE;9324;População residente estimada;2019;2019;45;Pessoas;208935
6;Município;2312908;Sobral - CE;9324;População residente estimada;2020;2020;45;Pessoas;210711
6;Município;2312908;Sobral - CE;9324;População residente estimada;2021;2021;45;Pessoas;212437
6;Município;2312908;Sobral - CE;9324;População residente estimada;2024;2024;45;Pessoas;215286
6;Município;2313005;Solonópole - CE;9324;População residente estimada;2014;2014;45;Pessoas;18060
6;Município;2313005;Solonópole - CE;9324;População residente estimada;2015;2015;45;Pessoas;18094
6;Município;2313005;Solonópole - CE;9324;População residente estimada;2016;2016;45;Pessoas;18127
6;Município;2313005;Solonópole - CE;9324;População residente estimada;2017;2017;45;Pessoas;18158
6;Município;2313005;Solonópole - CE;9324;População residente estimada;2018;2018;45;Pessoas;18291
6;Município;2313005;Solonópole - CE;9324;População residente estimada;2019;2019;45;Pessoas;18324
6;Município;2313005;Solonópole - CE;9324;População residente estimada;2020;2020;45;Pessoas;18357
6;Município;2313005;Solonópole - CE;9324;População residente estimada;2021;2021;45;Pessoas;18389
6;Município;2313005;Solonópole - CE;9324;População residente estimada;2024;2024;45;Pessoas;18736
6;Município;2313104;Tabuleiro do Norte - CE;9324;População residente estimada;2014;2014;45;Pessoas;30143
6;Município;2313104;Tabuleiro do Norte - CE;9324;População residente estimada;2015;2015;45;Pessoas;30263
6;Município;2313104;Tabuleiro do Norte - CE;9324;População residente estimada;2016;2016;45;Pessoas;30378
6;Município;2313104;Tabuleiro do Norte - CE;9324;População residente estimada;2017;2017;45;Pessoas;30489
6;Município;2313104;Tabuleiro do Norte - CE;9324;População residente estimada;2018;2018;45;Pessoas;30695
6;Município;2313104;Tabuleiro do Norte - CE;9324;População residente estimada;2019;2019;45;Pessoas;30697
6;Município;2313104;Tabuleiro do Norte - CE;9324;População residente estimada;2020;2020;45;Pessoas;30807
6;Município;2313104;Tabuleiro do Norte - CE;9324;População residente estimada;2021;2021;45;Pessoas;32079
6;Município;2313104;Tabuleiro do Norte - CE;9324;População residente estimada;2024;2024;45;Pessoas;32044
6;Município;2313203;Tamboril - CE;9324;População residente estimada;2014;2014;45;Pessoas;25635
6;Município;2313203;Tamboril - CE;9324;População residente estimada;2015;2015;45;Pessoas;25597
6;Município;2313203;Tamboril - CE;9324;População residente estimada;2016;2016;45;Pessoas;25560
6;Município;2313203;Tamboril - CE;9324;População residente estimada;2017;2017;45;Pessoas;25525
6;Município;2313203;Tamboril - CE;9324;População residente estimada;2018;2018;45;Pessoas;25731
6;Município;2313203;Tamboril - CE;9324;População residente estimada;2019;2019;45;Pessoas;26251
6;Município;2313203;Tamboril - CE;9324;População residente estimada;2020;2020;45;Pessoas;26225
6;Município;2313203;Tamboril - CE;9324;População residente estimada;2021;2021;45;Pessoas;26199
6;Município;2313203;Tamboril - CE;9324;População residente estimada;2024;2024;45;Pessoas;25331
6;Município;2313252;Tarrafas - CE;9324;População residente estimada;2014;2014;45;Pessoas;8923
6;Município;2313252;Tarrafas - CE;9324;População residente estimada;2015;2015;45;Pessoas;8899
6;Município;2313252;Tarrafas - CE;9324;População residente estimada;2016;2016;45;Pessoas;8875
6;Município;2313252;Tarrafas - CE;9324;População residente estimada;2017;2017;45;Pessoas;8852
6;Município;2313252;Tarrafas - CE;9324;População residente estimada;2018;2018;45;Pessoas;8926
6;Município;2313252;Tarrafas - CE;9324;População residente estimada;2019;2019;45;Pessoas;8592
6;Município;2313252;Tarrafas - CE;9324;População residente estimada;2020;2020;45;Pessoas;8573
6;Município;2313252;Tarrafas - CE;9324;População residente estimada;2021;2021;45;Pessoas;8555
6;Município;2313252;Tarrafas - CE;9324;População residente estimada;2024;2024;45;Pessoas;7626
6;Município;2313302;Tauá - CE;9324;População residente estimada;2014;2014;45;Pessoas;57478
6;Município;2313302;Tauá - CE;9324;População residente estimada;2015;2015;45;Pessoas;57701
6;Município;2313302;Tauá - CE;9324;População residente estimada;2016;2016;45;Pessoas;57914
6;Município;2313302;Tauá - CE;9324;População residente estimada;2017;2017;45;Pessoas;58119
6;Município;2313302;Tauá - CE;9324;População residente estimada;2018;2018;45;Pessoas;58517
6;Município;2313302;Tauá - CE;9324;População residente estimada;2019;2019;45;Pessoas;58859
6;Município;2313302;Tauá - CE;9324;População residente estimada;2020;2020;45;Pessoas;59062
6;Município;2313302;Tauá - CE;9324;População residente estimada;2021;2021;45;Pessoas;59259
6;Município;2313302;Tauá - CE;9324;População residente estimada;2024;2024;45;Pessoas;64255
6;Município;2313351;Tejuçuoca - CE;9324;População residente estimada;2014;2014;45;Pessoas;18301
6;Município;2313351;Tejuçuoca - CE;9324;População residente estimada;2015;2015;45;Pessoas;18510
6;Município;2313351;Tejuçuoca - CE;9324;População residente estimada;2016;2016;45;Pessoas;18709
6;Município;2313351;Tejuçuoca - CE;9324;População residente estimada;2017;2017;45;Pessoas;18902
6;Município;2313351;Tejuçuoca - CE;9324;População residente estimada;2018;2018;45;Pessoas;18998
6;Município;2313351;Tejuçuoca - CE;9324;População residente estimada;2019;2019;45;Pessoas;19187
6;Município;2313351;Tejuçuoca - CE;9324;População residente estimada;2020;2020;45;Pessoas;19371
6;Município;2313351;Tejuçuoca - CE;9324;População residente estimada;2021;2021;45;Pessoas;19551
6;Município;2313351;Tejuçuoca - CE;9324;População residente estimada;2024;2024;45;Pessoas;17626
6;Município;2313401;Tianguá - CE;9324;População residente estimada;2014;2014;45;Pessoas;72803
6;Município;2313401;Tianguá - CE;9324;População residente estimada;2015;2015;45;Pessoas;73468
6;Município;2313401;Tianguá - CE;9324;População residente estimada;2016;2016;45;Pessoas;74107
6;Município;2313401;Tianguá - CE;9324;População residente estimada;2017;2017;45;Pessoas;74719
6;Município;2313401;Tianguá - CE;9324;População residente estimada;2018;2018;45;Pessoas;75140
6;Município;2313401;Tianguá - CE;9324;População residente estimada;2019;2019;45;Pessoas;75946
6;Município;2313401;Tianguá - CE;9324;População residente estimada;2020;2020;45;Pessoas;76537
6;Município;2313401;Tianguá - CE;9324;População residente estimada;2021;2021;45;Pessoas;77111
6;Município;2313401;Tianguá - CE;9324;População residente estimada;2024;2024;45;Pessoas;86137
6;Município;2313500;Trairi - CE;9324;População residente estimada;2014;2014;45;Pessoas;53998
6;Município;2313500;Trairi - CE;9324;População residente estimada;2015;2015;45;Pessoas;54418
6;Município;2313500;Trairi - CE;9324;População residente estimada;2016;2016;45;Pessoas;54820
6;Município;2313500;Trairi - CE;9324;População residente estimada;2017;2017;45;Pessoas;55207
6;Município;2313500;Trairi - CE;9324;População residente estimada;2018;2018;45;Pessoas;55535
6;Município;2313500;Trairi - CE;9324;População residente estimada;2019;2019;45;Pessoas;55918
6;Município;2313500;Trairi - CE;9324;População residente estimada;2020;2020;45;Pessoas;56291
6;Município;2313500;Trairi - CE;9324;População residente estimada;2021;2021;45;Pessoas;56653
6;Município;2313500;Trairi - CE;9324;População residente estimada;2024;2024;45;Pessoas;61516
6;Município;2313559;Tururu - CE;9324;População residente estimada;2014;2014;45;Pessoas;15413
6;Município;2313559;Tururu - CE;9324;População residente estimada;2015;2015;45;Pessoas;15594
6;Município;2313559;Tururu - CE;9324;População residente estimada;2016;2016;45;Pessoas;15768
6;Município;2313559;Tururu - CE;9324;População residente estimada;2017;2017;45;Pessoas;15935
6;Município;2313559;Tururu - CE;9324;População residente estimada;2018;2018;45;Pessoas;16015
6;Município;2313559;Tururu - CE;9324;População residente estimada;2019;2019;45;Pessoas;16271
6;Município;2313559;Tururu - CE;9324;População residente estimada;2020;2020;45;Pessoas;16431
6;Município;2313559;Tururu - CE;9324;População residente estimada;2021;2021;45;Pessoas;16588
6;Município;2313559;Tururu - CE;9324;População residente estimada;2024;2024;45;Pessoas;15457
6;Município;2313609;Ubajara - CE;9324;População residente estimada;2014;2014;45;Pessoas;33505
6;Município;2313609;Ubajara - CE;9324;População residente estimada;2015;2015;45;Pessoas;33792
6;Município;2313609;Ubajara - CE;9324;População residente estimada;2016;2016;45;Pessoas;34068
6;Município;2313609;Ubajara - CE;9324;População residente estimada;2017;2017;45;Pessoas;34332
6;Município;2313609;Ubajara - CE;9324;População residente estimada;2018;2018;45;Pessoas;34530
6;Município;2313609;Ubajara - CE;9324;População residente estimada;2019;2019;45;Pessoas;34792
6;Município;2313609;Ubajara - CE;9324;População residente estimada;2020;2020;45;Pessoas;35047
6;Município;2313609;Ubajara - CE;9324;População residente estimada;2021;2021;45;Pessoas;35295
6;Município;2313609;Ubajara - CE;9324;População residente estimada;2024;2024;45;Pessoas;34312
6;Município;2313708;Umari - CE;9324;População residente estimada;2014;2014;45;Pessoas;7662
6;Município;2313708;Umari - CE;9324;População residente estimada;2015;2015;45;Pessoas;7665
6;Município;2313708;Umari - CE;9324;População residente estimada;2016;2016;45;Pessoas;7668
6;Município;2313708;Umari - CE;9324;População residente estimada;2017;2017;45;Pessoas;7671
6;Município;2313708;Umari - CE;9324;População residente estimada;2018;2018;45;Pessoas;7729
6;Município;2313708;Umari - CE;9324;População residente estimada;2019;2019;45;Pessoas;7733
6;Município;2313708;Umari - CE;9324;População residente estimada;2020;2020;45;Pessoas;7736
6;Município;2313708;Umari - CE;9324;População residente estimada;2021;2021;45;Pessoas;7740
6;Município;2313708;Umari - CE;9324;População residente estimada;2024;2024;45;Pessoas;6993
6;Município;2313757;Umirim - CE;9324;População residente estimada;2014;2014;45;Pessoas;19437
6;Município;2313757;Umirim - CE;9324;População residente estimada;2015;2015;45;Pessoas;19521
6;Município;2313757;Umirim - CE;9324;População residente estimada;2016;2016;45;Pessoas;19602
6;Município;2313757;Umirim - CE;9324;População residente estimada;2017;2017;45;Pessoas;19679
6;Município;2313757;Umirim - CE;9324;População residente estimada;2018;2018;45;Pessoas;19811
6;Município;2313757;Umirim - CE;9324;População residente estimada;2019;2019;45;Pessoas;19825
6;Município;2313757;Umirim - CE;9324;População residente estimada;2020;2020;45;Pessoas;19903
6;Município;2313757;Umirim - CE;9324;População residente estimada;2021;2021;45;Pessoas;19976
6;Município;2313757;Umirim - CE;9324;População residente estimada;2024;2024;45;Pessoas;17804
6;Município;2313807;Uruburetama - CE;9324;População residente estimada;2014;2014;45;Pessoas;20991
6;Município;2313807;Uruburetama - CE;9324;População residente estimada;2015;2015;45;Pessoas;21206
6;Município;2313807;Uruburetama - CE;9324;População residente estimada;2016;2016;45;Pessoas;21411
6;Município;2313807;Uruburetama - CE;9324;População residente estimada;2017;2017;45;Pessoas;21609
6;Município;2313807;Uruburetama - CE;9324;População residente estimada;2018;2018;45;Pessoas;21725
6;Município;2313807;Uruburetama - CE;9324;População residente estimada;2019;2019;45;Pessoas;21850
6;Município;2313807;Uruburetama - CE;9324;População residente estimada;2020;2020;45;Pessoas;22040
6;Município;2313807;Uruburetama - CE;9324;População residente estimada;2021;2021;45;Pessoas;22223
6;Município;2313807;Uruburetama - CE;9324;População residente estimada;2024;2024;45;Pessoas;21279
6;Município;2313906;Uruoca - CE;9324;População residente estimada;2014;2014;45;Pessoas;13435
6;Município;2313906;Uruoca - CE;9324;População residente estimada;2015;2015;45;Pessoas;13519
6;Município;2313906;Uruoca - CE;9324;População residente estimada;2016;2016;45;Pessoas;13600
6;Município;2313906;Uruoca - CE;9324;População residente estimada;2017;2017;45;Pessoas;13677
6;Município;2313906;Uruoca - CE;9324;População residente estimada;2018;2018;45;Pessoas;13763
6;Município;2313906;Uruoca - CE;9324;População residente estimada;2019;2019;45;Pessoas;13840
6;Município;2313906;Uruoca - CE;9324;População residente estimada;2020;2020;45;Pessoas;13915
6;Município;2313906;Uruoca - CE;9324;População residente estimada;2021;2021;45;Pessoas;13988
6;Município;2313906;Uruoca - CE;9324;População residente estimada;2024;2024;45;Pessoas;14243
6;Município;2313955;Varjota - CE;9324;População residente estimada;2014;2014;45;Pessoas;18081
6;Município;2313955;Varjota - CE;9324;População residente estimada;2015;2015;45;Pessoas;18136
6;Município;2313955;Varjota - CE;9324;População residente estimada;2016;2016;45;Pessoas;18188
6;Município;2313955;Varjota - CE;9324;População residente estimada;2017;2017;45;Pessoas;18239
6;Município;2313955;Varjota - CE;9324;População residente estimada;2018;2018;45;Pessoas;18368
6;Município;2313955;Varjota - CE;9324;População residente estimada;2019;2019;45;Pessoas;18420
6;Município;2313955;Varjota - CE;9324;População residente estimada;2020;2020;45;Pessoas;18471
6;Município;2313955;Varjota - CE;9324;População residente estimada;2021;2021;45;Pessoas;18520
6;Município;2313955;Varjota - CE;9324;População residente estimada;2024;2024;45;Pessoas;18660
6;Município;2314003;Várzea Alegre - CE;9324;População residente estimada;2014;2014;45;Pessoas;39861
6;Município;2314003;Várzea Alegre - CE;9324;População residente estimada;2015;2015;45;Pessoas;40062
6;Município;2314003;Várzea Alegre - CE;9324;População residente estimada;2016;2016;45;Pessoas;40255
6;Município;2314003;Várzea Alegre - CE;9324;População residente estimada;2017;2017;45;Pessoas;40440
6;Município;2314003;Várzea Alegre - CE;9324;População residente estimada;2018;2018;45;Pessoas;40704
6;Município;2314003;Várzea Alegre - CE;9324;População residente estimada;2019;2019;45;Pessoas;40721
6;Município;2314003;Várzea Alegre - CE;9324;População residente estimada;2020;2020;45;Pessoas;40903
6;Município;2314003;Várzea Alegre - CE;9324;População residente estimada;2021;2021;45;Pessoas;41078
6;Município;2314003;Várzea Alegre - CE;9324;População residente estimada;2024;2024;45;Pessoas;40771
6;Município;2314102;Viçosa do Ceará - CE;9324;População residente estimada;2014;2014;45;Pessoas;58332
6;Município;2314102;Viçosa do Ceará - CE;9324;População residente estimada;2015;2015;45;Pessoas;58922
6;Município;2314102;Viçosa do Ceará - CE;9324;População residente estimada;2016;2016;45;Pessoas;59487
6;Município;2314102;Viçosa do Ceará - CE;9324;População residente estimada;2017;2017;45;Pessoas;60030
6;Município;2314102;Viçosa do Ceará - CE;9324;População residente estimada;2018;2018;45;Pessoas;60355
6;Município;2314102;Viçosa do Ceará - CE;9324;População residente estimada;2019;2019;45;Pessoas;60889
6;Município;2314102;Viçosa do Ceará - CE;9324;População residente estimada;2020;2020;45;Pessoas;61410
6;Município;2314102;Viçosa do Ceará - CE;9324;População residente estimada;2021;2021;45;Pessoas;61916
6;Município;2314102;Viçosa do Ceará - CE;9324;População residente estimada;2024;2024;45;Pessoas;62609
