cod_ibge,municipio,ano,nascimentos,obitos,populacao,saldo_natural,natalidade_por_mil,mortalidade_por_mil,crescimento_natural_por_mil
2300101,Abaiara - CE,2014,125,41,11226.0,84,11.134865490824872,3.6522358809905575,7.482629609834313
2300101,Abaiara - CE,2015,132,42,11357.0,90,11.622787708021484,3.6981597252795635,7.924627982741921
2300101,Abaiara - CE,2016,105,65,11483.0,40,9.14395192893843,5.66054167029522,3.4834102586432114
2300101,Abaiara - CE,2017,117,61,11605.0,56,10.081861266695391,5.256355019388195,4.825506247307195
2300101,Abaiara - CE,2018,144,59,11663.0,85,12.346737546085913,5.058732744576867,7.288004801509046
2300101,Abaiara - CE,2019,137,62,11737.0,75,11.672488710914202,5.282440146545114,6.390048564369089
2300101,Abaiara - CE,2020,149,62,11853.0,87,12.570657217582047,5.23074327174555,7.339913945836496
2300101,Abaiara - CE,2021,136,69,11965.0,67,11.366485582950272,5.76681989134977,5.599665691600502
2300101,Abaiara - CE,2022,141,83,,58,,,
2300101,Abaiara - CE,2023,122,36,,86,,,
2300101,Abaiara - CE,2024,105,59,10282.0,46,10.212021007586072,5.738183232834079,4.473837774751994
2300150,Acarape - CE,2014,243,58,16153.0,185,15.04364514331703,3.5906642728904847,11.452980870426547
2300150,Acarape - CE,2015,234,74,16288.0,160,14.3664047151277,4.543222003929273,9.823182711198427
2300150,Acarape - CE,2016,220,92,16418.0,128,13.399926909489583,5.603605798513827,7.796321110975758
2300150,Acarape - CE,2017,204,81,16543.0,123,12.331499727981624,4.896330774345645,7.435168953635979
2300150,Acarape - CE,2018,211,93,15399.0,118,13.702188453795701,6.039353204753555,7.662835249042145
2300150,Acarape - CE,2019,239,78,14929.0,161,16.009109786321925,5.224730390515105,10.78437939580682
2300150,Acarape - CE,2020,192,120,15036.0,72,12.769353551476458,7.980845969672785,4.788507581803671
2300150,Acarape - CE,2021,217,116,15140.0,101,14.332892998678995,7.661822985468956,6.67107001321004
2300150,Acarape - CE,2022,222,82,,140,,,
2300150,Acarape - CE,2023,244,86,,158,,,
2300150,Acarape - CE,2024,181,96,14306.0,85,12.652034111561582,6.710471130993988,5.9415629805675945
2300200,Acaraú - CE,2014,947,283,60684.0,664,15.605431415200053,4.66350273548217,10.941928679717883
2300200,Acaraú - CE,2015,1029,326,61210.0,703,16.810978598268257,5.325927136088874,11.485051462179383
2300200,Acaraú - CE,2016,960,305,61715.0,655,15.555375516487079,4.942072429717248,10.613303086769829
2300200,Acaraú - CE,2017,1004,331,62199.0,673,16.14173861316098,5.321628965095901,10.820109648065083
2300200,Acaraú - CE,2018,1026,317,62557.0,709,16.401042249468485,5.067378550761705,11.33366369870678
2300200,Acaraú - CE,2019,1034,348,62641.0,686,16.50676074775307,5.555466866748615,10.951293881004455
2300200,Acaraú - CE,2020,922,382,63104.0,540,14.61080121703854,6.053498985801217,8.557302231237323
2300200,Acaraú - CE,2021,887,411,63556.0,476,13.956196110516709,6.466737994839197,7.489458115677513
2300200,Acaraú - CE,2022,910,361,,549,,,
2300200,Acaraú - CE,2023,868,390,,478,,,
2300200,Acaraú - CE,2024,814,395,68758.0,419,11.838622414846272,5.744786061258327,6.093836353587946
2300309,Acopiara - CE,2014,578,315,52903.0,263,10.925656389996787,5.95429370735119,4.971362682645596
2300309,Acopiara - CE,2015,645,321,53135.0,324,12.138891502775948,6.041215771148961,6.097675731626987
2300309,Acopiara - CE,2016,570,367,53358.0,203,10.682559316316203,6.878068893136924,3.8044904231792795
2300309,Acopiara - CE,2017,565,387,53572.0,178,10.546554170088852,7.223922944821922,3.3226312252669303
2300309,Acopiara - CE,2018,587,389,53931.0,198,10.884278059001316,7.212920212864587,3.67135784613673
2300309,Acopiara - CE,2019,620,370,54270.0,250,11.42435968306615,6.817763036668509,4.606596646397641
2300309,Acopiara - CE,2020,536,412,54481.0,124,9.838292248673849,7.562269415025422,2.276022833648428
2300309,Acopiara - CE,2021,543,413,54687.0,130,9.929233638707554,7.552069047488434,2.37716459121912
2300309,Acopiara - CE,2022,520,425,,95,,,
2300309,Acopiara - CE,2023,450,382,,68,,,
2300309,Acopiara - CE,2024,415,416,46215.0,-1,8.97976847343936,9.0014064697609,-0.021637996321540627
2300408,Aiuaba - CE,2014,147,72,16893.0,75,8.701829160007104,4.262120404901438,4.4397087551056655
2300408,Aiuaba - CE,2015,166,83,16997.0,83,9.766429369888805,4.883214684944402,4.883214684944402
2300408,Aiuaba - CE,2016,178,79,17098.0,99,10.41057433617967,4.620423441338168,5.790150894841502
2300408,Aiuaba - CE,2017,180,95,17194.0,85,10.468768174944747,5.525183203443062,4.943584971501687
2300408,Aiuaba - CE,2018,195,83,17303.0,112,11.269722013523666,4.796856036525458,6.472865976998208
2300408,Aiuaba - CE,2019,170,75,17399.0,95,9.77067647565952,4.310592562790965,5.460083912868556
2300408,Aiuaba - CE,2020,201,101,17493.0,100,11.490310409878237,5.773738066655234,5.716572343223003
2300408,Aiuaba - CE,2021,169,113,17584.0,56,9.61101000909918,6.426296633303003,3.1847133757961785
2300408,Aiuaba - CE,2022,171,98,,73,,,
2300408,Aiuaba - CE,2023,133,80,,53,,,
2300408,Aiuaba - CE,2024,151,104,14220.0,47,10.618846694796062,7.313642756680731,3.305203938115331
2300507,Alcântaras - CE,2014,150,60,11247.0,90,13.336889837289943,5.334755934915978,8.002133902373966
2300507,Alcântaras - CE,2015,170,85,11321.0,85,15.016341312604894,7.508170656302447,7.508170656302447
2300507,Alcântaras - CE,2016,152,69,11391.0,83,13.34386796593802,6.0574137476955485,7.286454218242472
2300507,Alcântaras - CE,2017,135,68,11459.0,67,11.781132734095472,5.93420019198883,5.846932542106641
2300507,Alcântaras - CE,2018,145,70,11529.0,75,12.576979790094544,6.071645415907711,6.505334374186833
2300507,Alcântaras - CE,2019,155,74,11714.0,81,13.232030049513403,6.317227249445109,6.914802800068294
2300507,Alcântaras - CE,2020,150,73,11781.0,77,12.732365673542144,6.196417961123844,6.5359477124183005
2300507,Alcântaras - CE,2021,149,95,11846.0,54,12.578085429680904,8.01958466993078,4.558500759750126
2300507,Alcântaras - CE,2022,128,75,,53,,,
2300507,Alcântaras - CE,2023,130,78,,52,,,
2300507,Alcântaras - CE,2024,126,75,11754.0,51,10.719754977029096,6.380806533945891,4.338948443083206
2300606,Altaneira - CE,2014,92,51,7271.0,41,12.653005088708568,7.014165864392794,5.638839224315775
2300606,Altaneira - CE,2015,48,4,7344.0,44,6.5359477124183005,0.5446623093681918,5.991285403050108
2300606,Altaneira - CE,2016,107,48,7413.0,59,14.434102252799137,6.475111290975314,7.958990961823823
2300606,Altaneira - CE,2017,124,56,7479.0,68,16.579756651958817,7.487632036368499,9.09212461559032
2300606,Altaneira - CE,2018,124,53,7521.0,71,16.487169259406997,7.0469352479723435,9.440234011434649
2300606,Altaneira - CE,2019,132,68,7586.0,64,17.400474558397047,8.963880833113631,8.436593725283418
2300606,Altaneira - CE,2020,114,55,7650.0,59,14.901960784313726,7.18954248366013,7.712418300653594
2300606,Altaneira - CE,2021,114,75,7712.0,39,14.782157676348547,9.725103734439834,5.057053941908714
2300606,Altaneira - CE,2022,121,63,,58,,,
2300606,Altaneira - CE,2023,80,63,,17,,,
2300606,Altaneira - CE,2024,95,69,6970.0,26,13.62984218077475,9.899569583931132,3.7302725968436157
2300705,Alto Santo - CE,2014,189,75,16823.0,114,11.234619271235808,4.4581822504904,6.776437020745408
2300705,Alto Santo - CE,2015,212,78,16876.0,134,12.562218535197914,4.621948328987911,7.940270206210003
2300705,Alto Santo - CE,2016,213,90,16927.0,123,12.583446564660012,5.316949252673244,7.266497311986766
2300705,Alto Santo - CE,2017,186,104,16976.0,82,10.956644674835061,6.126295947219604,4.8303487276154575
2300705,Alto Santo - CE,2018,190,102,17096.0,88,11.113710809546092,5.966307908282639,5.147402901263454
2300705,Alto Santo - CE,2019,179,91,17146.0,88,10.439752712002798,5.307360317275166,5.132392394727633
2300705,Alto Santo - CE,2020,175,108,17196.0,67,10.176785298906722,6.280530355896721,3.896254943010002
2300705,Alto Santo - CE,2021,192,119,16077.0,73,11.942526590781863,7.401878459911675,4.540648130870188
2300705,Alto Santo - CE,2022,172,102,,70,,,
2300705,Alto Santo - CE,2023,145,116,,29,,,
2300705,Alto Santo - CE,2024,147,116,14418.0,31,10.19558884727424,8.045498682202803,2.150090165071439
2300754,Amontada - CE,2014,620,158,41672.0,462,14.878095603762718,3.7915146861201765,11.086580917642543
2300754,Amontada - CE,2015,543,155,42098.0,388,12.898474986935247,3.681885125184094,9.216589861751151
2300754,Amontada - CE,2016,582,154,42508.0,428,13.69154041592171,3.622847464006775,10.068692951914933
2300754,Amontada - CE,2017,691,171,42901.0,520,16.10685065616186,3.9859210741008364,12.120929582061024
2300754,Amontada - CE,2018,733,199,43131.0,534,16.994736964132528,4.613850826551668,12.380886137580859
2300754,Amontada - CE,2019,663,243,43452.0,420,15.258215962441314,5.592377796188898,9.665838166252415
2300754,Amontada - CE,2020,682,203,43829.0,479,15.560473658992903,4.6316365876474475,10.928837071345455
2300754,Amontada - CE,2021,763,253,44195.0,510,17.264396424934947,5.724629482973187,11.53976694196176
2300754,Amontada - CE,2022,650,269,,381,,,
2300754,Amontada - CE,2023,685,256,,429,,,
2300754,Amontada - CE,2024,625,265,44342.0,360,14.094988949528663,5.976275314600154,8.118713634928511
2300804,Antonina do Norte - CE,2014,99,51,7200.0,48,13.75,7.083333333333333,6.666666666666667
2300804,Antonina do Norte - CE,2015,75,28,7227.0,47,10.377750103777501,3.8743600387436,6.5033900650339005
2300804,Antonina do Norte - CE,2016,90,60,7253.0,30,12.408658486143665,8.272438990762442,4.136219495381221
2300804,Antonina do Norte - CE,2017,94,54,7278.0,40,12.915636163781258,7.41962077493817,5.496015388843089
2300804,Antonina do Norte - CE,2018,98,59,7328.0,39,13.373362445414847,8.051310043668122,5.322052401746725
2300804,Antonina do Norte - CE,2019,105,39,7353.0,66,14.279885760913913,5.303957568339453,8.97592819257446
2300804,Antonina do Norte - CE,2020,93,62,7378.0,31,12.605042016806722,8.403361344537815,4.201680672268908
2300804,Antonina do Norte - CE,2021,84,66,7402.0,18,11.348284247500676,8.916509051607674,2.4317751958930023
2300804,Antonina do Norte - CE,2022,97,62,,35,,,
2300804,Antonina do Norte - CE,2023,80,56,,24,,,
2300804,Antonina do Norte - CE,2024,92,39,7484.0,53,12.292891501870658,5.21111704970604,7.081774452164618
2300903,Apuiarés - CE,2014,148,56,14483.0,92,10.218877304425877,3.8666022232962782,6.3522750811296005
2300903,Apuiarés - CE,2015,159,88,14565.0,71,10.916580844490216,6.041881222107793,4.874699622382424
2300903,Apuiarés - CE,2016,139,89,14644.0,50,9.491942092324502,6.077574433214969,3.4143676591095327
2300903,Apuiarés - CE,2017,160,77,14719.0,83,10.870303689109313,5.231333650383857,5.638970038725457
2300903,Apuiarés - CE,2018,138,84,14814.0,54,9.315512353179425,5.6703118671526935,3.6452004860267313
2300903,Apuiarés - CE,2019,180,100,14600.0,80,12.32876712328767,6.8493150684931505,5.47945205479452
2300903,Apuiarés - CE,2020,156,86,14672.0,70,10.632497273718649,5.861504907306434,4.770992366412214
2300903,Apuiarés - CE,2021,174,116,14742.0,58,11.803011803011803,7.868674535341203,3.9343372676706014
2300903,Apuiarés - CE,2022,137,103,,34,,,
2300903,Apuiarés - CE,2023,147,80,,67,,,
2300903,Apuiarés - CE,2024,142,91,13219.0,51,10.742113624328617,6.884030562069747,3.8580830622588698
2301000,Aquiraz - CE,2014,967,309,76967.0,658,12.563826055322412,4.014707601959281,8.54911845336313
2301000,Aquiraz - CE,2015,1138,400,77717.0,738,14.642870929140344,5.146879061209259,9.495991867931084
2301000,Aquiraz - CE,2016,1025,406,78438.0,619,13.067645783931258,5.176062622708381,7.891583161222876
2301000,Aquiraz - CE,2017,1005,441,79128.0,564,12.700940248710948,5.5732484076433115,7.127691841067637
2301000,Aquiraz - CE,2018,1130,439,79563.0,691,14.202581602000931,5.517640109095936,8.684941492904994
2301000,Aquiraz - CE,2019,1099,454,80271.0,645,13.69112132650646,5.655840839157355,8.035280487349103
2301000,Aquiraz - CE,2020,1017,514,80935.0,503,12.565639093099401,6.350775313523197,6.214863779576203
2301000,Aquiraz - CE,2021,1059,603,81581.0,456,12.980963704784202,7.391426925387038,5.589536779397164
2301000,Aquiraz - CE,2022,1080,538,,542,,,
2301000,Aquiraz - CE,2023,1135,480,,655,,,
2301000,Aquiraz - CE,2024,987,545,84737.0,442,11.647804382973199,6.431665034164533,5.2161393488086665
2301109,Aracati - CE,2014,995,345,72248.0,650,13.772007529620197,4.775218691174842,8.996788838445354
2301109,Aracati - CE,2015,1164,345,72727.0,819,16.00506001897507,4.743767789129209,11.261292229845862
2301109,Aracati - CE,2016,1024,382,73188.0,642,13.991364704596382,5.219434880034978,8.771929824561402
2301109,Aracati - CE,2017,1003,409,73629.0,594,13.622349889309918,5.554876475301851,8.067473414008068
2301109,Aracati - CE,2018,985,396,74084.0,589,13.29571837373792,5.345283731979914,7.950434641758004
2301109,Aracati - CE,2019,1015,412,74547.0,603,13.615571384495688,5.526714690061303,8.088856694434384
2301109,Aracati - CE,2020,954,460,74975.0,494,12.7242414138046,6.135378459486495,6.588862954318106
2301109,Aracati - CE,2021,935,540,75392.0,395,12.40184634974533,7.162563667232598,5.239282682512734
2301109,Aracati - CE,2022,867,482,,385,,,
2301109,Aracati - CE,2023,817,469,,348,,,
2301109,Aracati - CE,2024,807,499,78752.0,308,10.247358797236895,6.336347013409183,3.9110117838277128
2301208,Aracoiaba - CE,2014,360,144,26062.0,216,13.813214642007521,5.525285856803008,8.287928785204512
2301208,Aracoiaba - CE,2015,354,184,26134.0,170,13.545572817019975,7.0406367184510605,6.504936098568914
2301208,Aracoiaba - CE,2016,298,170,26203.0,128,11.372743578979506,6.487806739686295,4.884936839293211
2301208,Aracoiaba - CE,2017,312,209,26269.0,103,11.877117514941567,7.956146027637138,3.9209714873044272
2301208,Aracoiaba - CE,2018,406,195,26437.0,211,15.35726443998941,7.376026024132844,7.981238415856565
2301208,Aracoiaba - CE,2019,347,199,26469.0,148,13.109675469417054,7.518228871510068,5.591446597906985
2301208,Aracoiaba - CE,2020,317,211,26535.0,106,11.946485773506689,7.95176182400603,3.99472394950066
2301208,Aracoiaba - CE,2021,342,229,26600.0,113,12.857142857142858,8.609022556390977,4.2481203007518795
2301208,Aracoiaba - CE,2022,295,227,,68,,,
2301208,Aracoiaba - CE,2023,305,175,,130,,,
2301208,Aracoiaba - CE,2024,281,197,26696.0,84,10.525921486364998,7.379382679053042,3.146538807311957
2301257,Ararendá - CE,2014,136,73,10750.0,63,12.651162790697674,6.790697674418604,5.86046511627907
2301257,Ararendá - CE,2015,103,102,10775.0,1,9.559164733178655,9.466357308584687,0.09280742459396753
2301257,Ararendá - CE,2016,116,74,10800.0,42,10.74074074074074,6.851851851851852,3.888888888888889
2301257,Ararendá - CE,2017,129,76,10823.0,53,11.919061258431118,7.022082601866396,4.896978656564723
2301257,Ararendá - CE,2018,161,85,10901.0,76,14.769287221355839,7.7974497752499765,6.971837446105862
2301257,Ararendá - CE,2019,152,88,10935.0,64,13.90032007315958,8.047553726566072,5.852766346593507
2301257,Ararendá - CE,2020,148,92,10959.0,56,13.504881832283967,8.394926544392737,5.109955287891231
2301257,Ararendá - CE,2021,133,111,10983.0,22,12.109623964308478,10.106528270964217,2.0030956933442594
2301257,Ararendá - CE,2022,151,102,,49,,,
2301257,Ararendá - CE,2023,167,91,,76,,,
2301257,Ararendá - CE,2024,110,76,11485.0,34,9.57771005659556,6.617326948193296,2.960383108402264
2301307,Araripe - CE,2014,362,123,21230.0,239,17.051342439943475,5.7936881771078665,11.25765426283561
2301307,Araripe - CE,2015,355,127,21289.0,228,16.675278312743668,5.965522100615342,10.70975621212833
2301307,Araripe - CE,2016,354,146,21345.0,208,16.584680252986647,6.840009369875849,9.744670883110798
2301307,Araripe - CE,2017,389,105,21398.0,284,18.179269090569214,4.907000654266754,13.272268436302458
2301307,Araripe - CE,2018,372,127,21550.0,245,17.262180974477957,5.893271461716938,11.368909512761022
2301307,Araripe - CE,2019,355,143,21600.0,212,16.435185185185183,6.62037037037037,9.814814814814815
2301307,Araripe - CE,2020,336,131,21654.0,205,15.516763646439458,6.049690588343955,9.467073058095503
2301307,Araripe - CE,2021,337,137,21707.0,200,15.524945869995854,6.311328142995347,9.213617727000507
2301307,Araripe - CE,2022,295,142,,153,,,
2301307,Araripe - CE,2023,311,131,,180,,,
2301307,Araripe - CE,2024,276,151,20223.0,125,13.647826731938881,7.466745784502794,6.1810809474360875
2301406,Aratuba - CE,2014,108,65,11419.0,43,9.457921008844906,5.692267273841843,3.7656537350030654
2301406,Aratuba - CE,2015,96,72,11358.0,24,8.452192287374539,6.3391442155309035,2.1130480718436346
2301406,Aratuba - CE,2016,108,73,11300.0,35,9.557522123893806,6.460176991150442,3.0973451327433628
2301406,Aratuba - CE,2017,174,74,11244.0,100,15.474919957310567,6.581287797936677,8.893632159373887
2301406,Aratuba - CE,2018,183,62,11346.0,121,16.129032258064516,5.46448087431694,10.664551383747577
2301406,Aratuba - CE,2019,180,55,11847.0,125,15.193719929095973,4.642525533890436,10.551194395205536
2301406,Aratuba - CE,2020,171,103,11802.0,68,14.489069649211999,8.727334350110151,5.761735299101847
2301406,Aratuba - CE,2021,160,108,11759.0,52,13.606599200612296,9.184454460413301,4.422144740198996
2301406,Aratuba - CE,2022,150,116,,34,,,
2301406,Aratuba - CE,2023,131,87,,44,,,
2301406,Aratuba - CE,2024,156,86,11459.0,70,13.613753381621434,7.505017889868226,6.108735491753207
2301505,Arneiroz - CE,2014,84,33,7768.0,51,10.813594232749743,4.248197734294542,6.565396498455201
2301505,Arneiroz - CE,2015,99,53,7771.0,46,12.739673143739545,6.820229056749453,5.919444086990092
2301505,Arneiroz - CE,2016,69,39,7774.0,30,8.875739644970414,5.016722408026756,3.8590172369436586
2301505,Arneiroz - CE,2017,86,32,7777.0,54,11.058248682011058,4.114697184004115,6.9435514980069435
2301505,Arneiroz - CE,2018,90,54,7836.0,36,11.485451761102604,6.891271056661561,4.594180704441042
2301505,Arneiroz - CE,2019,117,55,7840.0,62,14.923469387755102,7.01530612244898,7.908163265306122
2301505,Arneiroz - CE,2020,98,65,7844.0,33,12.49362570117287,8.28658847526772,4.207037225905151
2301505,Arneiroz - CE,2021,90,67,7848.0,23,11.46788990825688,8.537206931702345,2.930682976554536
2301505,Arneiroz - CE,2022,75,60,,15,,,
2301505,Arneiroz - CE,2023,85,48,,37,,,
2301505,Arneiroz - CE,2024,75,59,7619.0,16,9.843811523822023,7.743798398739992,2.100013125082032
2301604,Assaré - CE,2014,263,128,23058.0,135,11.406019602740914,5.5512186659727645,5.85480093676815
2301604,Assaré - CE,2015,235,123,23126.0,112,10.161722736314104,5.318688921560149,4.843033814753956
2301604,Assaré - CE,2016,242,148,23191.0,94,10.435082575136907,6.381786037687034,4.053296537449873
2301604,Assaré - CE,2017,253,144,23254.0,109,10.879848628192999,6.192483013675067,4.687365614517933
2301604,Assaré - CE,2018,284,126,23417.0,158,12.127941239270616,5.380706324465133,6.7472349148054835
2301604,Assaré - CE,2019,291,143,23417.0,148,12.426869368407568,6.106674638083444,6.320194730324124
2301604,Assaré - CE,2020,267,163,23478.0,104,11.372348581650908,6.942669733367408,4.4296788482834994
2301604,Assaré - CE,2021,275,171,23537.0,104,11.68373199643115,7.265156986871734,4.418575009559417
2301604,Assaré - CE,2022,251,172,,79,,,
2301604,Assaré - CE,2023,246,178,,68,,,
2301604,Assaré - CE,2024,244,153,22212.0,91,10.985053124437242,6.888168557536467,4.096884566900774
2301703,Aurora - CE,2014,288,141,24658.0,147,11.679779381945009,5.718225322410577,5.961554059534431
2301703,Aurora - CE,2015,351,132,24602.0,219,14.26713275343468,5.365417445736119,8.901715307698561
2301703,Aurora - CE,2016,307,160,24548.0,147,12.50611047743197,6.517842594101353,5.988267883330617
2301703,Aurora - CE,2017,311,179,24496.0,132,12.695950359242326,7.30731548007838,5.388634879163946
2301703,Aurora - CE,2018,303,158,24699.0,145,12.26770314587635,6.397020122272156,5.870683023604195
2301703,Aurora - CE,2019,300,173,24654.0,127,12.168410805548795,7.0171168978664715,5.151293907682324
2301703,Aurora - CE,2020,302,180,24610.0,122,12.271434376269807,7.314099959366111,4.957334416903698
2301703,Aurora - CE,2021,283,188,24567.0,95,11.519518052672284,7.652542027923637,3.8669760247486464
2301703,Aurora - CE,2022,282,208,,74,,,
2301703,Aurora - CE,2023,237,199,,38,,,
2301703,Aurora - CE,2024,259,175,24267.0,84,10.672930316891252,7.2114394033049,3.461490913586352
2301802,Baixio - CE,2014,61,27,6182.0,34,9.86735684244581,4.367518602394047,5.499838240051763
2301802,Baixio - CE,2015,80,36,6198.0,44,12.907389480477573,5.808325266214908,7.099064214262666
2301802,Baixio - CE,2016,52,29,6214.0,23,8.368200836820083,4.666881235918893,3.701319600901191
2301802,Baixio - CE,2017,77,37,6228.0,40,12.363519588953116,5.940912010276172,6.422607578676943
2301802,Baixio - CE,2018,83,51,6272.0,32,13.233418367346939,8.131377551020408,5.1020408163265305
2301802,Baixio - CE,2019,67,41,6288.0,26,10.655216284987278,6.520356234096692,4.134860050890585
2301802,Baixio - CE,2020,66,49,6303.0,17,10.471204188481677,7.774075836903061,2.6971283515786135
2301802,Baixio - CE,2021,63,48,6318.0,15,9.971509971509972,7.597340930674265,2.3741690408357075
2301802,Baixio - CE,2022,51,50,,1,,,
2301802,Baixio - CE,2023,61,43,,18,,,
2301802,Baixio - CE,2024,59,37,5832.0,22,10.116598079561042,6.344307270233196,3.7722908093278464
2301851,Banabuiú - CE,2014,214,67,17842.0,147,11.994171057056384,3.75518439636812,8.238986660688264
2301851,Banabuiú - CE,2015,235,86,17906.0,149,13.124092482966603,4.802859376745225,8.321233106221378
2301851,Banabuiú - CE,2016,261,97,17968.0,164,14.525823686553872,5.398486197684774,9.1273374888691
2301851,Banabuiú - CE,2017,238,92,18027.0,146,13.202418594330727,5.10345592722028,8.098962667110447
2301851,Banabuiú - CE,2018,266,98,18151.0,168,14.654839953721558,5.399151561897416,9.255688391824142
2301851,Banabuiú - CE,2019,240,86,18197.0,154,13.188987195691597,4.726053745122823,8.462933450568775
2301851,Banabuiú - CE,2020,245,107,18256.0,138,13.420245398773007,5.861086765994742,7.5591586327782645
2301851,Banabuiú - CE,2021,226,117,18313.0,109,12.340959973789111,6.388904057227107,5.9520559165620055
2301851,Banabuiú - CE,2022,203,106,,97,,,
2301851,Banabuiú - CE,2023,258,100,,158,,,
2301851,Banabuiú - CE,2024,198,112,17654.0,86,11.215588535176163,6.3441712926249005,4.871417242551264
2301901,Barbalha - CE,2014,1777,365,58347.0,1412,30.4557218023206,6.255677241332031,24.20004456098857
2301901,Barbalha - CE,2015,1385,400,58855.0,985,23.532410160564098,6.79636394528927,16.736046215274825
2301901,Barbalha - CE,2016,1376,412,59343.0,964,23.187233540602936,6.942689112447972,16.244544428154963
2301901,Barbalha - CE,2017,1170,405,59811.0,765,19.56161910016552,6.7713296885188345,12.790289411646688
2301901,Barbalha - CE,2018,1190,405,60155.0,785,19.782229241127087,6.732607430803757,13.049621810323332
2301901,Barbalha - CE,2019,1240,450,60781.0,790,20.401112189664534,7.403629423668581,12.997482765995953
2301901,Barbalha - CE,2020,1247,459,61228.0,788,20.36649898739139,7.496570196642059,12.86992879074933
2301901,Barbalha - CE,2021,1169,565,61662.0,604,18.958191430702865,9.162855567448348,9.795335863254516
2301901,Barbalha - CE,2022,1098,497,,601,,,
2301901,Barbalha - CE,2023,1058,467,,591,,,
2301901,Barbalha - CE,2024,1054,477,80217.0,577,13.139359487390454,5.946370470099854,7.192989017290599
2301950,Barreira - CE,2014,324,96,20532.0,228,15.780245470485097,4.675628287551139,11.104617182933957
2301950,Barreira - CE,2015,339,126,20687.0,213,16.38710301155315,6.09078165031179,10.29632136124136
2301950,Barreira - CE,2016,310,135,20835.0,175,14.878809695224382,6.479481641468682,8.3993280537557
2301950,Barreira - CE,2017,322,135,20978.0,187,15.349413671465344,6.435313185241682,8.914100486223663
2301950,Barreira - CE,2018,353,120,22362.0,233,15.785707897325821,5.3662463107056615,10.419461586620159
2301950,Barreira - CE,2019,356,151,22425.0,205,15.875139353400222,6.733556298773689,9.141583054626533
2301950,Barreira - CE,2020,376,150,22573.0,226,16.65706817879768,6.645106986222478,10.0119611925752
2301950,Barreira - CE,2021,323,169,22715.0,154,14.219678626458288,7.440017609509135,6.779661016949152
2301950,Barreira - CE,2022,296,161,,135,,,
2301950,Barreira - CE,2023,298,160,,138,,,
2301950,Barreira - CE,2024,262,130,23351.0,132,11.220076227998801,5.567213395571924,5.652862832426877
2302008,Barro - CE,2014,263,111,22193.0,152,11.850583517325283,5.001577073852116,6.849006443473168
2302008,Barro - CE,2015,232,136,22279.0,96,10.413393778894925,6.1044032496970235,4.308990529197899
2302008,Barro - CE,2016,219,122,22361.0,97,9.793837484906756,5.45592773131792,4.337909753588838
2302008,Barro - CE,2017,265,164,22440.0,101,11.809269162210338,7.30837789661319,4.500891265597148
2302008,Barro - CE,2018,246,150,22593.0,96,10.888328243261187,6.639224538573894,4.249103704687292
2302008,Barro - CE,2019,231,155,22680.0,76,10.185185185185187,6.834215167548501,3.3509700176366843
2302008,Barro - CE,2020,220,170,22758.0,50,9.666930310220582,7.469900694261359,2.197029615959223
2302008,Barro - CE,2021,233,187,22834.0,46,10.204081632653061,8.189541911185076,2.0145397214679863
2302008,Barro - CE,2022,205,174,,31,,,
2302008,Barro - CE,2023,187,158,,29,,,
2302008,Barro - CE,2024,193,185,19669.0,8,9.812395139559712,9.405663734811123,0.40673140474858915
2302057,Barroquinha - CE,2014,197,70,14800.0,127,13.31081081081081,4.72972972972973,8.581081081081082
2302057,Barroquinha - CE,2015,193,71,14828.0,122,13.015915834906933,4.78823846776369,8.227677367143242
2302057,Barroquinha - CE,2016,231,85,14854.0,146,15.551366635249765,5.722364346304026,9.82900228894574
2302057,Barroquinha - CE,2017,216,81,14880.0,135,14.516129032258066,5.443548387096774,9.072580645161292
2302057,Barroquinha - CE,2018,224,59,14989.0,165,14.944292481152845,3.9362198945893656,11.008072586563479
2302057,Barroquinha - CE,2019,224,96,15017.0,128,14.916428048212026,6.392754877805155,8.523673170406871
2302057,Barroquinha - CE,2020,224,124,15044.0,100,14.889657006115396,8.24248869981388,6.6471683063015155
2302057,Barroquinha - CE,2021,216,111,15069.0,105,14.334063308779614,7.366115867011746,6.967947441767867
2302057,Barroquinha - CE,2022,202,109,,93,,,
2302057,Barroquinha - CE,2023,214,128,,86,,,
2302057,Barroquinha - CE,2024,210,89,14977.0,121,14.021499632770247,5.942445082459772,8.079054550310476
2302107,Baturité - CE,2014,606,148,34735.0,458,17.446379732258528,4.260832013818915,13.185547718439613
2302107,Baturité - CE,2015,570,204,34949.0,366,16.309479527311225,5.837076883458754,10.47240264385247
2302107,Baturité - CE,2016,516,234,35154.0,282,14.678272742788872,6.656426011264721,8.021846731524152
2302107,Baturité - CE,2017,453,216,35351.0,237,12.814347543209529,6.110152470934344,6.704195072275183
2302107,Baturité - CE,2018,531,221,35575.0,310,14.926212227687982,6.212227687983134,8.71398453970485
2302107,Baturité - CE,2019,522,247,35750.0,275,14.601398601398602,6.909090909090909,7.6923076923076925
2302107,Baturité - CE,2020,454,279,35941.0,175,12.631813249492224,7.762722239225397,4.869091010266827
2302107,Baturité - CE,2021,435,295,36127.0,140,12.040855869571233,8.165637888559804,3.8752179810114322
2302107,Baturité - CE,2022,438,230,,208,,,
2302107,Baturité - CE,2023,432,203,,229,,,
2302107,Baturité - CE,2024,407,250,36978.0,157,11.006544431824327,6.760776678024771,4.245767753799557
2302206,Beberibe - CE,2014,607,213,51885.0,394,11.698949600077095,4.105232726221451,7.593716873855643
2302206,Beberibe - CE,2015,613,266,52310.0,347,11.718600649971323,5.085069776333397,6.633530873637928
2302206,Beberibe - CE,2016,650,279,52719.0,371,12.329520666173487,5.292209639788312,7.037311026385175
2302206,Beberibe - CE,2017,576,291,53110.0,285,10.845415176049709,5.479194125400113,5.366221050649595
2302206,Beberibe - CE,2018,630,303,53421.0,327,11.79311506710844,5.671926770371202,6.121188296737238
2302206,Beberibe - CE,2019,648,291,53573.0,357,12.09564519440763,5.431840666007131,6.6638045284005
2302206,Beberibe - CE,2020,581,345,53949.0,236,10.769430387958998,6.394928543624535,4.374501844334464
2302206,Beberibe - CE,2021,644,410,54315.0,234,11.856761483936298,7.5485593298352205,4.308202154101077
2302206,Beberibe - CE,2022,601,367,,234,,,
2302206,Beberibe - CE,2023,567,347,,220,,,
2302206,Beberibe - CE,2024,511,354,55666.0,157,9.179750655696475,6.359357597096971,2.820393058599504
2302305,Bela Cruz - CE,2014,385,144,31956.0,241,12.047815746651647,4.50619601952685,7.541619727124797
2302305,Bela Cruz - CE,2015,453,158,32103.0,295,14.110830763480047,4.921658411986419,9.18917235149363
2302305,Bela Cruz - CE,2016,401,167,32243.0,234,12.436807989331017,5.179418788574264,7.257389200756753
2302305,Bela Cruz - CE,2017,389,163,32378.0,226,12.01433071838903,5.03428253752548,6.980048180863549
2302305,Bela Cruz - CE,2018,400,180,32593.0,220,12.272573865553953,5.522658239499279,6.749915626054674
2302305,Bela Cruz - CE,2019,408,163,32591.0,245,12.518793531956675,5.0013807492866125,7.517412782670062
2302305,Bela Cruz - CE,2020,381,195,32722.0,186,11.64354257074751,5.959293441721166,5.684249129026343
2302305,Bela Cruz - CE,2021,395,235,32851.0,160,12.023987093239171,7.153511308635963,4.870475784603209
2302305,Bela Cruz - CE,2022,358,193,,165,,,
2302305,Bela Cruz - CE,2023,337,182,,155,,,
2302305,Bela Cruz - CE,2024,351,186,34441.0,165,10.191341714816643,5.4005400540054005,4.790801660811242
2302404,Boa Viagem - CE,2014,657,332,53725.0,325,12.22894369474174,6.17961842717543,6.04932526756631
2302404,Boa Viagem - CE,2015,651,348,53838.0,303,12.09183104870166,6.463835952301348,5.627995096400312
2302404,Boa Viagem - CE,2016,596,364,53945.0,232,11.048289924923534,6.747613309852627,4.3006766150709055
2302404,Boa Viagem - CE,2017,638,327,54049.0,311,11.804103683694425,6.050065681141186,5.754038002553238
2302404,Boa Viagem - CE,2018,722,375,54440.0,347,13.262307127112416,6.888317413666422,6.3739897134459955
2302404,Boa Viagem - CE,2019,571,329,54470.0,242,10.482834587846522,6.040022030475491,4.442812557371029
2302404,Boa Viagem - CE,2020,571,399,54577.0,172,10.462282646536087,7.310771936896495,3.1515107096395916
2302404,Boa Viagem - CE,2021,613,435,54680.0,178,11.210680321872713,7.955376737381127,3.255303584491587
2302404,Boa Viagem - CE,2022,557,412,,145,,,
2302404,Boa Viagem - CE,2023,580,388,,192,,,
2302404,Boa Viagem - CE,2024,539,379,52169.0,160,10.331806245088078,7.264850773447833,3.066955471640246
2302503,Brejo Santo - CE,2014,794,261,47645.0,533,16.664917619897157,5.478014482107252,11.186903137789905
2302503,Brejo Santo - CE,2015,911,273,48056.0,638,18.957050108207092,5.680872315631763,13.276177792575329
2302503,Brejo Santo - CE,2016,764,259,48451.0,505,15.768508389919711,5.345606901818332,10.422901488101381
2302503,Brejo Santo - CE,2017,778,269,48830.0,509,15.932828179397912,5.508908457915216,10.423919721482696
2302503,Brejo Santo - CE,2018,877,252,49109.0,625,17.858233724979126,5.131442301818404,12.726791423160725
2302503,Brejo Santo - CE,2019,833,275,49477.0,558,16.836105665258607,5.558138124785254,11.277967540473352
2302503,Brejo Santo - CE,2020,777,307,49842.0,470,15.589262068135307,6.159463905942779,9.429798162192528
2302503,Brejo Santo - CE,2021,657,426,50195.0,231,13.088953082976392,8.486901085765515,4.602051997210878
2302503,Brejo Santo - CE,2022,699,333,,366,,,
2302503,Brejo Santo - CE,2023,714,311,,403,,,
2302503,Brejo Santo - CE,2024,677,293,53778.0,384,12.588790955409275,5.4483245937000255,7.140466361709249
2302602,Camocim - CE,2014,902,318,62201.0,584,14.501374575971447,5.112457999067539,9.38891657690391
2302602,Camocim - CE,2015,884,355,62473.0,529,14.150112848750659,5.682454820482448,8.467658028268211
2302602,Camocim - CE,2016,908,321,62734.0,587,14.473810055153505,5.116842541524532,9.356967513628973
2302602,Camocim - CE,2017,957,318,62985.0,639,15.19409383186473,5.0488211478923555,10.145272683972374
2302602,Camocim - CE,2018,960,407,63408.0,553,15.14004542013626,6.418748422911936,8.721296997224325
2302602,Camocim - CE,2019,984,364,63661.0,620,15.4568731248331,5.717786399836635,9.739086724996465
2302602,Camocim - CE,2020,862,491,63907.0,371,13.488350258970065,7.683039416652323,5.805310842317742
2302602,Camocim - CE,2021,922,458,64147.0,464,14.373236472477279,7.13985065552559,7.233385816951689
2302602,Camocim - CE,2022,785,373,,412,,,
2302602,Camocim - CE,2023,933,397,,536,,,
2302602,Camocim - CE,2024,785,419,65031.0,366,12.071166059264042,6.443080992142209,5.628085067121834
2302701,Campos Sales - CE,2014,353,164,27077.0,189,13.036894781548916,6.05680097499723,6.980093806551686
2302701,Campos Sales - CE,2015,361,182,27123.0,179,13.309737123474541,6.7101721785938135,6.599564944880729
2302701,Campos Sales - CE,2016,349,191,27167.0,158,12.846468141495196,7.030588581735194,5.815879559760003
2302701,Campos Sales - CE,2017,356,182,27209.0,174,13.083906060494689,6.688963210702341,6.394942849792348
2302701,Campos Sales - CE,2018,365,192,27409.0,173,13.316793753876464,7.004998358203509,6.311795395672954
2302701,Campos Sales - CE,2019,420,179,27426.0,241,15.313935681470138,6.526653540436082,8.787282141034055
2302701,Campos Sales - CE,2020,324,199,27470.0,125,11.794685111030216,7.244266472515471,4.550418638514743
2302701,Campos Sales - CE,2021,363,236,27513.0,127,13.193762948424382,8.577763239196015,4.6159997092283644
2302701,Campos Sales - CE,2022,365,203,,162,,,
2302701,Campos Sales - CE,2023,340,187,,153,,,
2302701,Campos Sales - CE,2024,322,203,26082.0,119,12.345679012345679,7.7831454643048845,4.562533548040795
2302800,Canindé - CE,2014,1199,405,76724.0,794,15.627443824618112,5.278661175121214,10.348782649496899
2302800,Canindé - CE,2015,1211,459,76998.0,752,15.727681238473727,5.961193797241487,9.76648744123224
2302800,Canindé - CE,2016,1096,515,77261.0,581,14.185682297666352,6.6657175030092795,7.519964794657072
2302800,Canindé - CE,2017,1159,580,77514.0,579,14.952137678354879,7.482519286838507,7.469618391516371
2302800,Canindé - CE,2018,1102,503,78049.0,599,14.119335289369499,6.444669374367384,7.674665915002114
2302800,Canindé - CE,2019,821,482,76997.0,339,10.6627530942764,6.259984155226827,4.402768939049573
2302800,Canindé - CE,2020,900,638,77244.0,262,11.65139039925431,8.259541194138057,3.3918492051162548
2302800,Canindé - CE,2021,1020,619,77484.0,401,13.164008053275516,7.988746063703474,5.175261989572041
2302800,Canindé - CE,2022,988,557,,431,,,
2302800,Canindé - CE,2023,1017,509,,508,,,
2302800,Canindé - CE,2024,858,563,77207.0,295,11.112981983498905,7.2920849145802835,3.8208970689186215
2302909,Capistrano - CE,2014,268,78,17523.0,190,15.29418478571021,4.451292586885807,10.842892198824403
2302909,Capistrano - CE,2015,310,107,17573.0,203,17.640698799294373,6.088886359756444,11.551812439537926
2302909,Capistrano - CE,2016,247,123,17621.0,124,14.017365643266556,6.980307587537597,7.03705805572896
2302909,Capistrano - CE,2017,250,100,17668.0,150,14.149875481095767,5.659950192438306,8.48992528865746
2302909,Capistrano - CE,2018,277,123,17793.0,154,15.56791996852695,6.912830888551677,8.655089079975271
2302909,Capistrano - CE,2019,250,109,17738.0,141,14.094035404216935,6.144999436238583,7.949035967978352
2302909,Capistrano - CE,2020,256,138,17786.0,118,14.393343078826042,7.758911503429664,6.63443157539638
2302909,Capistrano - CE,2021,225,138,17830.0,87,12.619181155356141,7.739764441951767,4.879416713404375
2302909,Capistrano - CE,2022,242,105,,137,,,
2302909,Capistrano - CE,2023,216,131,,85,,,
2302909,Capistrano - CE,2024,200,114,17760.0,86,11.26126126126126,6.418918918918919,4.842342342342342
2303006,Caridade - CE,2014,272,118,21524.0,154,12.637056309236202,5.482252369448058,7.1548039397881436
2303006,Caridade - CE,2015,263,100,21800.0,163,12.064220183486238,4.587155963302752,7.477064220183486
2303006,Caridade - CE,2016,263,119,22065.0,144,11.919329254475414,5.393156582823476,6.5261726716519375
2303006,Caridade - CE,2017,259,94,22320.0,165,11.603942652329748,4.211469534050179,7.39247311827957
2303006,Caridade - CE,2018,263,91,22427.0,172,11.726936282159896,4.057609131850002,7.669327150309894
2303006,Caridade - CE,2019,301,99,22547.0,202,13.34989133809376,4.39082804807735,8.95906329001641
2303006,Caridade - CE,2020,244,115,22782.0,129,10.710209814766042,5.047844789746291,5.662365025019753
2303006,Caridade - CE,2021,274,157,23011.0,117,11.907348659336838,6.82282386684629,5.084524792490548
2303006,Caridade - CE,2022,215,103,,112,,,
2303006,Caridade - CE,2023,207,118,,89,,,
2303006,Caridade - CE,2024,203,137,16419.0,66,12.363724952798588,8.343991716913333,4.019733235885255
2303105,Cariré - CE,2014,150,122,18637.0,28,8.048505660782315,6.546117937436283,1.502387723346032
2303105,Cariré - CE,2015,222,113,18645.0,109,11.906677393403058,6.0606060606060606,5.846071332796996
2303105,Cariré - CE,2016,224,134,18653.0,90,12.008792151396557,7.183831019139013,4.824961132257546
2303105,Cariré - CE,2017,209,126,18660.0,83,11.20042872454448,6.752411575562701,4.448017148981779
2303105,Cariré - CE,2018,225,152,18802.0,73,11.966812041272204,8.084246356770556,3.8825656845016487
2303105,Cariré - CE,2019,241,112,18448.0,129,13.063746747614918,6.071118820468344,6.992627927146574
2303105,Cariré - CE,2020,252,132,18459.0,120,13.651877133105803,7.150983260198277,6.5008938729075245
2303105,Cariré - CE,2021,225,164,18470.0,61,12.181916621548458,8.879263670817542,3.302652950730915
2303105,Cariré - CE,2022,202,149,,53,,,
2303105,Cariré - CE,2023,184,139,,45,,,
2303105,Cariré - CE,2024,163,147,18075.0,16,9.017980636237898,8.132780082987551,0.8852005532503457
2303204,Caririaçu - CE,2014,375,145,26840.0,230,13.971684053651268,5.402384500745157,8.569299552906111
2303204,Caririaçu - CE,2015,332,121,26858.0,211,12.361307617841984,4.5051753667436145,7.856132251098369
2303204,Caririaçu - CE,2016,351,151,26876.0,200,13.059979163566007,5.618395594582528,7.44158356898348
2303204,Caririaçu - CE,2017,414,196,26892.0,218,15.394912985274432,7.288412910902871,8.10650007437156
2303204,Caririaçu - CE,2018,450,188,27095.0,262,16.6082303007935,6.938549547887065,9.66968075290644
2303204,Caririaçu - CE,2019,465,161,26965.0,304,17.2445763026145,5.970702762840719,11.273873539773781
2303204,Caririaçu - CE,2020,401,215,26987.0,186,14.859006188164672,7.966798829065846,6.892207359098825
2303204,Caririaçu - CE,2021,366,213,27008.0,153,13.55154028436019,7.886552132701422,5.664988151658768
2303204,Caririaçu - CE,2022,388,188,,200,,,
2303204,Caririaçu - CE,2023,382,201,,181,,,
2303204,Caririaçu - CE,2024,370,189,27482.0,181,13.463357834218762,6.877228731533368,6.586129102685394
2303303,Cariús - CE,2014,178,103,18813.0,75,9.46154255036411,5.474937543188221,3.986605007175889
2303303,Cariús - CE,2015,204,103,18810.0,101,10.84529505582137,5.475810738968634,5.369484316852738
2303303,Cariús - CE,2016,203,114,18807.0,89,10.793853352475143,6.061572818631361,4.732280533843782
2303303,Cariús - CE,2017,215,123,18804.0,92,11.433737502659008,6.541161455009573,4.892576047649436
2303303,Cariús - CE,2018,196,104,18950.0,92,10.343007915567282,5.488126649076516,4.854881266490765
2303303,Cariús - CE,2019,195,132,18699.0,63,10.42836515321675,7.059201026792876,3.369164126423873
2303303,Cariús - CE,2020,168,142,18699.0,26,8.984437670463661,7.593988983368095,1.3904486870955668
2303303,Cariús - CE,2021,148,160,18700.0,-12,7.9144385026737964,8.556149732620321,-0.6417112299465241
2303303,Cariús - CE,2022,196,130,,66,,,
2303303,Cariús - CE,2023,144,145,,-1,,,
2303303,Cariús - CE,2024,150,157,17333.0,-7,8.654012577164945,9.057866497432643,-0.40385392026769745
2303402,Carnaubal - CE,2014,229,97,17374.0,132,13.18061471163808,5.583055139864165,7.597559571773915
2303402,Carnaubal - CE,2015,240,80,17463.0,160,13.74334306820134,4.581114356067113,9.162228712134226
2303402,Carnaubal - CE,2016,224,98,17549.0,126,12.764260071798962,5.584363781412046,7.179896290386917
2303402,Carnaubal - CE,2017,269,105,17631.0,164,15.257217401168397,5.955419431682831,9.301797969485566
2303402,Carnaubal - CE,2018,229,115,17747.0,114,12.903589339043219,6.479968445371048,6.42362089367217
2303402,Carnaubal - CE,2019,265,119,17606.0,146,15.05168692491196,6.759059411564239,8.292627513347723
2303402,Carnaubal - CE,2020,230,119,17685.0,111,13.005371783997738,6.728866270851004,6.276505513146734
2303402,Carnaubal - CE,2021,279,167,17763.0,112,15.706806282722512,9.401565050948602,6.305241231773913
2303402,Carnaubal - CE,2022,243,142,,101,,,
2303402,Carnaubal - CE,2023,227,125,,102,,,
2303402,Carnaubal - CE,2024,203,112,17758.0,91,11.431467507602207,6.307016555918459,5.124450951683748
2303501,Cascavel - CE,2014,973,339,69498.0,634,14.000402889291777,4.877838211171545,9.122564678120233
2303501,Cascavel - CE,2015,975,365,70047.0,610,13.919225662769284,5.210787042985424,8.708438619783859
2303501,Cascavel - CE,2016,960,293,70574.0,667,13.602743219882678,4.151670586901692,9.451072632980985
2303501,Cascavel - CE,2017,985,446,71079.0,539,13.857820171921384,6.274708423022271,7.583111748899112
2303501,Cascavel - CE,2018,992,420,71499.0,572,13.874319920558328,5.87420803088155,8.000111889676779
2303501,Cascavel - CE,2019,1027,439,71743.0,588,14.31498543411901,6.119063880796732,8.195921553322275
2303501,Cascavel - CE,2020,996,588,72232.0,408,13.788902425517776,8.140436371691218,5.648466053826559
2303501,Cascavel - CE,2021,921,528,72706.0,393,12.667455230654967,7.262124171320111,5.405331059334856
2303501,Cascavel - CE,2022,872,538,,334,,,
2303501,Cascavel - CE,2023,883,477,,406,,,
2303501,Cascavel - CE,2024,804,483,76365.0,321,10.528383421724612,6.3248870555882934,4.203496366136319
2303600,Catarina - CE,2014,151,76,19882.0,75,7.594809375314354,3.8225530630721254,3.7722563122422295
2303600,Catarina - CE,2015,129,63,20079.0,66,6.424622740176304,3.137606454504706,3.2870162856715974
2303600,Catarina - CE,2016,129,86,20269.0,43,6.364398835660368,4.242932557106912,2.121466278553456
2303600,Catarina - CE,2017,125,94,20451.0,31,6.112170554007139,4.596352256613368,1.5158182973937706
2303600,Catarina - CE,2018,150,74,20562.0,76,7.295010213014298,3.598871705087054,3.696138507927244
2303600,Catarina - CE,2019,134,84,20698.0,50,6.474055464296067,4.058363126872162,2.4156923374239057
2303600,Catarina - CE,2020,141,88,20871.0,53,6.755785539744143,4.216376790762302,2.539408748981841
2303600,Catarina - CE,2021,127,81,21041.0,46,6.035834798726296,3.8496269188726773,2.1862078798536193
2303600,Catarina - CE,2022,125,85,,40,,,
2303600,Catarina - CE,2023,110,97,,13,,,
2303600,Catarina - CE,2024,142,100,9577.0,42,14.827190143051059,10.441683199331733,4.385506943719327
2303659,Catunda - CE,2014,123,74,10257.0,49,11.991810470897924,7.214585161353223,4.777225309544701
2303659,Catunda - CE,2015,112,41,10294.0,71,10.88012434427822,3.982902661744706,6.897221682533514
2303659,Catunda - CE,2016,100,60,10331.0,40,9.679605072113057,5.807763043267834,3.871842028845223
2303659,Catunda - CE,2017,125,58,10365.0,67,12.0598166907863,5.595754944524844,6.464061746261457
2303659,Catunda - CE,2018,103,78,10437.0,25,9.868736226885119,7.473411899971256,2.395324326913864
2303659,Catunda - CE,2019,109,81,10342.0,28,10.53954747631019,7.832140785147941,2.707406691162251
2303659,Catunda - CE,2020,105,75,10376.0,30,10.119506553585197,7.228218966846569,2.8912875867386276
2303659,Catunda - CE,2021,89,87,10410.0,2,8.549471661863594,8.357348703170027,0.19212295869356388
2303659,Catunda - CE,2022,97,69,,28,,,
2303659,Catunda - CE,2023,81,73,,8,,,
2303659,Catunda - CE,2024,83,74,10817.0,9,7.673107146158824,6.8410834797078675,0.8320236664509568
2303709,Caucaia - CE,2014,3666,1226,349526.0,2440,10.488490126628633,3.5076074455119217,6.980882681116713
2303709,Caucaia - CE,2015,5128,1646,353932.0,3482,14.48865883842094,4.650610851802041,9.838047986618898
2303709,Caucaia - CE,2016,4761,1698,358164.0,3063,13.292793245552318,4.740844976044493,8.551948269507822
2303709,Caucaia - CE,2017,5019,1907,362223.0,3112,13.856105216951988,5.2647126217827145,8.591392595169275
2303709,Caucaia - CE,2018,5409,1813,363982.0,3596,14.86062497596035,4.981015544724739,9.879609431235611
2303709,Caucaia - CE,2019,5236,1750,361400.0,3486,14.488101826231322,4.842280022136138,9.645821804095185
2303709,Caucaia - CE,2020,4959,2154,365212.0,2805,13.578414728979332,5.897944207747829,7.680470521231504
2303709,Caucaia - CE,2021,4974,2328,368918.0,2646,13.482670945847046,6.310345388406096,7.172325557440948
2303709,Caucaia - CE,2022,4759,2063,,2696,,,
2303709,Caucaia - CE,2023,4601,1926,,2675,,,
2303709,Caucaia - CE,2024,4403,2160,375730.0,2243,11.718521278577702,5.748808985175525,5.969712293402177
2303808,Cedro - CE,2014,306,159,24986.0,147,12.246858240614744,6.3635635956135435,5.883294645001201
2303808,Cedro - CE,2015,282,142,25013.0,140,11.274137448526766,5.6770479350737615,5.597089513453004
2303808,Cedro - CE,2016,265,167,25038.0,98,10.583912453071331,6.669861810048726,3.9140506430226054
2303808,Cedro - CE,2017,284,221,25063.0,63,11.3314447592068,8.81777919642501,2.51366556278179
2303808,Cedro - CE,2018,318,217,25249.0,101,12.594558200324766,8.594399778209038,4.000158422115727
2303808,Cedro - CE,2019,318,210,25557.0,108,12.442774973588449,8.216926869350864,4.225848104237587
2303808,Cedro - CE,2020,251,233,25585.0,18,9.810435802227868,9.106898573382841,0.7035372288450265
2303808,Cedro - CE,2021,248,249,25612.0,-1,9.68296111197876,9.722005310010932,-0.03904419803217242
2303808,Cedro - CE,2022,254,213,,41,,,
2303808,Cedro - CE,2023,237,222,,15,,,
2303808,Cedro - CE,2024,213,202,22678.0,11,9.392362642208306,8.907311050357174,0.4850515918511333
2303907,Chaval - CE,2014,177,56,12888.0,121,13.733705772811918,4.3451272501551825,9.388578522656735
2303907,Chaval - CE,2015,206,76,12910.0,130,15.956622773044153,5.886909372579396,10.069713400464757
2303907,Chaval - CE,2016,199,77,12931.0,122,15.38937437166499,5.954682545820122,9.434691825844869
2303907,Chaval - CE,2017,197,87,12952.0,110,15.210006176652255,6.717109326744905,8.492896849907352
2303907,Chaval - CE,2018,201,83,13047.0,118,15.405840423085767,6.361615697095118,9.044224725990649
2303907,Chaval - CE,2019,214,91,13069.0,123,16.37462697987604,6.963042313872522,9.41158466600352
2303907,Chaval - CE,2020,180,99,13091.0,81,13.749904514551982,7.562447483003591,6.187457031548392
2303907,Chaval - CE,2021,210,125,13112.0,85,16.015863331299574,9.533251982916413,6.48261134838316
2303907,Chaval - CE,2022,168,104,,64,,,
2303907,Chaval - CE,2023,163,97,,66,,,
2303907,Chaval - CE,2024,160,88,12805.0,72,12.495119094103867,6.872315501757126,5.622803592346739
2303931,Choró - CE,2014,172,61,13246.0,111,12.985052091197343,4.605163823040918,8.379888268156424
2303931,Choró - CE,2015,196,69,13294.0,127,14.743493305250489,5.190311418685121,9.553181886565367
2303931,Choró - CE,2016,193,60,13340.0,133,14.46776611694153,4.497751124437781,9.97001499250375
2303931,Choró - CE,2017,165,78,13384.0,87,12.328153018529587,5.827854154213987,6.5002988643156
2303931,Choró - CE,2018,212,67,13476.0,145,15.731671119026416,4.971801721579103,10.759869397447313
2303931,Choró - CE,2019,146,65,13521.0,81,10.798017898084462,4.807336735448561,5.9906811626359
2303931,Choró - CE,2020,129,75,13565.0,54,9.50976778474014,5.528934758569848,3.9808330261702913
2303931,Choró - CE,2021,139,81,13608.0,58,10.214579659024103,5.952380952380952,4.262198706643151
2303931,Choró - CE,2022,141,67,,74,,,
2303931,Choró - CE,2023,130,63,,67,,,
2303931,Choró - CE,2024,124,72,12380.0,52,10.016155088852988,5.81583198707593,4.20032310177706
2303956,Chorozinho - CE,2014,324,102,19189.0,222,16.8846735108656,5.315545364531763,11.569128146333837
2303956,Chorozinho - CE,2015,319,122,19192.0,197,16.621508962067526,6.356815339724886,10.264693622342643
2303956,Chorozinho - CE,2016,261,116,19194.0,145,13.597999374804626,6.0435552776909445,7.554444097113681
2303956,Chorozinho - CE,2017,226,128,19197.0,98,11.772672813460435,6.667708496119185,5.104964317341252
2303956,Chorozinho - CE,2018,299,134,19345.0,165,15.4561902300336,6.9268544843628845,8.529335745670716
2303956,Chorozinho - CE,2019,316,118,20264.0,198,15.594157125937624,5.823134622976707,9.771022502960916
2303956,Chorozinho - CE,2020,279,139,20274.0,140,13.761467889908257,6.856071816119167,6.90539607378909
2303956,Chorozinho - CE,2021,258,173,20286.0,85,12.718130730553092,8.528048900719709,4.190081829833383
2303956,Chorozinho - CE,2022,194,148,,46,,,
2303956,Chorozinho - CE,2023,217,104,,113,,,
2303956,Chorozinho - CE,2024,228,130,20763.0,98,10.9810720994076,6.2611376005394215,4.719934498868179
2304004,Coreaú - CE,2014,294,126,22773.0,168,12.910025029640364,5.53286786984587,7.377157159794494
2304004,Coreaú - CE,2015,334,137,22889.0,197,14.59216217397003,5.985407837826029,8.606754336143998
2304004,Coreaú - CE,2016,323,140,23000.0,183,14.043478260869565,6.08695652173913,7.9565217391304355
2304004,Coreaú - CE,2017,303,139,23107.0,164,13.112909507941316,6.0154931406067425,7.097416367334574
2304004,Coreaú - CE,2018,335,150,23258.0,185,14.403646057270617,6.449393756986844,7.954252300283774
2304004,Coreaú - CE,2019,300,148,23136.0,152,12.966804979253112,6.396957123098201,6.56984785615491
2304004,Coreaú - CE,2020,317,160,23239.0,157,13.640862343474332,6.884977838977581,6.755884504496751
2304004,Coreaú - CE,2021,280,176,23340.0,104,11.996572407883463,7.540702656383891,4.455869751499571
2304004,Coreaú - CE,2022,261,168,,93,,,
2304004,Coreaú - CE,2023,257,133,,124,,,
2304004,Coreaú - CE,2024,251,135,21438.0,116,11.708181733370651,6.297229219143577,5.410952514227073
2304103,Crateús - CE,2014,1024,520,74188.0,504,13.802771337682644,7.009219819916967,6.7935515177656765
2304103,Crateús - CE,2015,1133,516,74271.0,617,15.254944729436792,6.94752999151755,8.307414737919242
2304103,Crateús - CE,2016,981,547,74350.0,434,13.194351042367183,7.357094821788836,5.837256220578346
2304103,Crateús - CE,2017,929,587,74426.0,342,12.48219708166501,7.887028726520302,4.595168355144708
2304103,Crateús - CE,2018,1088,574,74982.0,514,14.510149102451257,7.655170574271159,6.854978528180096
2304103,Crateús - CE,2019,1094,597,75074.0,497,14.57228867517383,7.9521538748434875,6.620134800330341
2304103,Crateús - CE,2020,1023,666,75159.0,357,13.611144373927274,8.861214225841216,4.749930148086057
2304103,Crateús - CE,2021,957,660,75241.0,297,12.719129198176526,8.771813240121741,3.9473159580547836
2304103,Crateús - CE,2022,928,667,,261,,,
2304103,Crateús - CE,2023,907,582,,325,,,
2304103,Crateús - CE,2024,866,624,79809.0,242,10.850906539362729,7.818667067623953,3.0322394717387766
2304202,Crato - CE,2014,2214,803,127657.0,1411,17.343349757553444,6.290293520919339,11.053056236634106
2304202,Crato - CE,2015,2151,816,128680.0,1335,16.71588436431458,6.341311781162574,10.374572583152004
2304202,Crato - CE,2016,2037,859,129662.0,1178,15.710076969351082,6.6249170921318505,9.085159877219231
2304202,Crato - CE,2017,2067,910,130604.0,1157,15.826467795779608,6.967627331475299,8.85884046430431
2304202,Crato - CE,2018,2181,805,131372.0,1376,16.60171117133027,6.127637548336024,10.474073622994245
2304202,Crato - CE,2019,2109,924,132123.0,1185,15.962398673962898,6.993483345064826,8.968915328898072
2304202,Crato - CE,2020,1981,982,133031.0,999,14.891265945531492,7.381738091121618,7.509527854409875
2304202,Crato - CE,2021,1936,912,133913.0,1024,14.457147551021933,6.810391821555786,7.646755729466146
2304202,Crato - CE,2022,1742,966,,776,,,
2304202,Crato - CE,2023,1716,872,,844,,,
2304202,Crato - CE,2024,1700,954,138232.0,746,12.298165403090456,6.901441055616645,5.396724347473812
2304236,Croatá - CE,2014,223,121,17650.0,102,12.634560906515581,6.855524079320113,5.779036827195467
2304236,Croatá - CE,2015,239,120,17728.0,119,13.48149819494585,6.768953068592058,6.712545126353791
2304236,Croatá - CE,2016,187,107,17802.0,80,10.504437703628806,6.010560611167284,4.4938770924615214
2304236,Croatá - CE,2017,186,127,17874.0,59,10.406176569318564,7.105292603782029,3.3008839655365336
2304236,Croatá - CE,2018,219,125,17994.0,94,12.170723574524843,6.946760031121485,5.223963543403357
2304236,Croatá - CE,2019,275,137,18063.0,138,15.224492055583237,7.584565133145103,7.639926922438133
2304236,Croatá - CE,2020,254,133,18133.0,121,14.00761043401533,7.334693652456847,6.6729167815584844
2304236,Croatá - CE,2021,255,151,18201.0,104,14.010219218724247,8.296247458930829,5.713971759793418
2304236,Croatá - CE,2022,212,162,,50,,,
2304236,Croatá - CE,2023,209,151,,58,,,
2304236,Croatá - CE,2024,199,135,18007.0,64,11.051257844171712,7.497084467151663,3.5541733770200477
2304251,Cruz - CE,2014,329,111,23514.0,218,13.991664540273879,4.720591987751978,9.271072552521902
2304251,Cruz - CE,2015,373,145,23677.0,228,15.753685010769944,6.1240866663851,9.629598344384847
2304251,Cruz - CE,2016,399,132,23833.0,267,16.74149288801242,5.538539000545462,11.202953887466958
2304251,Cruz - CE,2017,401,143,23983.0,258,16.720176791894257,5.962556811074512,10.757619980819747
2304251,Cruz - CE,2018,464,137,24131.0,327,19.228378434379017,5.677344494633459,13.551033939745556
2304251,Cruz - CE,2019,476,167,24827.0,309,19.17267491037983,6.726547710154267,12.446127200225561
2304251,Cruz - CE,2020,423,150,24977.0,273,16.935580734275536,6.005525083076431,10.930055651199103
2304251,Cruz - CE,2021,422,196,25121.0,226,16.79869431949365,7.802237172087098,8.996457147406552
2304251,Cruz - CE,2022,408,189,,219,,,
2304251,Cruz - CE,2023,451,175,,276,,,
2304251,Cruz - CE,2024,457,207,31847.0,250,14.349860269413131,6.499827299274656,7.850032970138475
2304269,Deputado Irapuan Pinheiro - CE,2014,83,61,9403.0,22,8.82697011592045,6.487291290013825,2.3396788259066255
2304269,Deputado Irapuan Pinheiro - CE,2015,88,61,9444.0,27,9.318085556967388,6.459127488352393,2.8589580686149936
2304269,Deputado Irapuan Pinheiro - CE,2016,76,64,9483.0,12,8.014341453126649,6.74891911842244,1.2654223347042075
2304269,Deputado Irapuan Pinheiro - CE,2017,85,75,9521.0,10,8.927633651927318,7.877323810524104,1.050309841403214
2304269,Deputado Irapuan Pinheiro - CE,2018,98,78,9585.0,20,10.224308815858112,8.137715179968701,2.0865936358894106
2304269,Deputado Irapuan Pinheiro - CE,2019,86,87,9625.0,-1,8.935064935064934,9.03896103896104,-0.1038961038961039
2304269,Deputado Irapuan Pinheiro - CE,2020,77,76,9662.0,1,7.969364520803147,7.865866280273236,0.103498240529911
2304269,Deputado Irapuan Pinheiro - CE,2021,89,80,9698.0,9,9.17714992782017,8.249123530624871,0.928026397195298
2304269,Deputado Irapuan Pinheiro - CE,2022,91,75,,16,,,
2304269,Deputado Irapuan Pinheiro - CE,2023,85,76,,9,,,
2304269,Deputado Irapuan Pinheiro - CE,2024,86,61,9172.0,25,9.376362843436546,6.650675970344527,2.725686873092019
2304277,Ereré - CE,2014,91,39,7073.0,52,12.865827795843348,5.513926198218577,7.35190159762477
2304277,Ereré - CE,2015,80,39,7104.0,41,11.26126126126126,5.489864864864865,5.771396396396397
2304277,Ereré - CE,2016,76,34,7134.0,42,10.653209980375667,4.765909728062798,5.887300252312868
2304277,Ereré - CE,2017,68,52,7163.0,16,9.493229093955048,7.259528130671506,2.2337009632835407
2304277,Ereré - CE,2018,100,46,7211.0,54,13.867702121758425,6.379142976008875,7.488559145749549
2304277,Ereré - CE,2019,74,53,7198.0,21,10.280633509308142,7.3631564323423175,2.917477076965824
2304277,Ereré - CE,2020,78,36,7225.0,42,10.795847750865052,4.982698961937716,5.813148788927336
2304277,Ereré - CE,2021,71,48,7254.0,23,9.787703336090432,6.6170388751033915,3.170664460987042
2304277,Ereré - CE,2022,70,46,,24,,,
2304277,Ereré - CE,2023,47,45,,2,,,
2304277,Ereré - CE,2024,65,49,6393.0,16,10.167370561551698,7.664633192554357,2.502737368997341
2304285,Eusébio - CE,2014,950,205,50308.0,745,18.883676552436988,4.074898624473245,14.808777927963742
2304285,Eusébio - CE,2015,1190,279,51127.0,911,23.275373090539244,5.456999237193655,17.81837385334559
2304285,Eusébio - CE,2016,1207,255,51913.0,952,23.25043823319785,4.912064415464335,18.338373817733515
2304285,Eusébio - CE,2017,1279,323,52667.0,956,24.28465642622515,6.132872576755843,18.151783849469307
2304285,Eusébio - CE,2018,1349,278,52880.0,1071,25.510590015128592,5.257186081694402,20.25340393343419
2304285,Eusébio - CE,2019,1332,290,53618.0,1042,24.842403670409194,5.408631429743743,19.433772240665448
2304285,Eusébio - CE,2020,1207,379,54337.0,828,22.21322487439498,6.9749894178920435,15.238235456502935
2304285,Eusébio - CE,2021,1200,428,55035.0,772,21.804306350504227,7.776869265013174,14.027437085491052
2304285,Eusébio - CE,2022,1148,346,,802,,,
2304285,Eusébio - CE,2023,1185,346,,839,,,
2304285,Eusébio - CE,2024,1260,380,80304.0,880,15.690376569037657,4.73201833034469,10.958358238692966
2304301,Farias Brito - CE,2014,241,107,18937.0,134,12.726408618049321,5.650314199714844,7.076094418334477
2304301,Farias Brito - CE,2015,289,94,18861.0,195,15.322623402788823,4.983829065266953,10.33879433752187
2304301,Farias Brito - CE,2016,206,124,18789.0,82,10.963861834051839,6.599606152536058,4.364255681515781
2304301,Farias Brito - CE,2017,258,124,18720.0,134,13.782051282051281,6.6239316239316235,7.158119658119658
2304301,Farias Brito - CE,2018,275,125,18882.0,150,14.56413515517424,6.6200614341701085,7.944073721004131
2304301,Farias Brito - CE,2019,259,137,19450.0,122,13.316195372750641,7.043701799485861,6.272493573264781
2304301,Farias Brito - CE,2020,230,170,19389.0,60,11.862396204033214,8.767858063850637,3.0945381401825776
2304301,Farias Brito - CE,2021,237,164,19330.0,73,12.260734609415417,8.484221417485774,3.7765131919296433
2304301,Farias Brito - CE,2022,193,153,,40,,,
2304301,Farias Brito - CE,2023,207,141,,66,,,
2304301,Farias Brito - CE,2024,190,142,18557.0,48,10.23872393166999,7.6520989384059925,2.5866249932639978
2304350,Forquilha - CE,2014,320,147,23276.0,173,13.748066678123388,6.315518130262932,7.432548547860457
2304350,Forquilha - CE,2015,331,120,23544.0,211,14.058783554196399,5.096839959225281,8.961943594971117
2304350,Forquilha - CE,2016,311,147,23801.0,164,13.066677870677703,6.176211083567917,6.890466787109785
2304350,Forquilha - CE,2017,315,123,24047.0,192,13.099347111905852,5.114983157982285,7.984363953923566
2304350,Forquilha - CE,2018,327,169,24169.0,158,13.529728164177252,6.99242831726592,6.537299846911333
2304350,Forquilha - CE,2019,323,172,24218.0,151,13.337187216120242,7.102155421587249,6.235031794532992
2304350,Forquilha - CE,2020,323,213,24452.0,110,13.209553410763945,8.710943890070343,4.498609520693604
2304350,Forquilha - CE,2021,270,204,24680.0,66,10.94003241491086,8.26580226904376,2.674230145867099
2304350,Forquilha - CE,2022,247,157,,90,,,
2304350,Forquilha - CE,2023,249,176,,73,,,
2304350,Forquilha - CE,2024,231,153,25127.0,78,9.193298045926692,6.089067536912484,3.104230509014208
2304400,Fortaleza - CE,2014,37027,16825,2571896.0,20202,14.39677187569015,6.541866389620731,7.854905486069422
2304400,Fortaleza - CE,2015,38352,16125,2591188.0,22227,14.800933008334402,6.2230143084947915,8.57791869983961
2304400,Fortaleza - CE,2016,36268,15121,2609716.0,21147,13.897297636984256,5.7941170610135355,8.103180575970718
2304400,Fortaleza - CE,2017,35362,17344,2627482.0,18018,13.458512750991252,6.600996695695727,6.857516055295526
2304400,Fortaleza - CE,2018,34650,15845,2643247.0,18805,13.108877074295364,5.994521132531315,7.11435594176405
2304400,Fortaleza - CE,2019,33524,14939,2669342.0,18585,12.558900283290788,5.596510301040482,6.962389982250308
2304400,Fortaleza - CE,2020,30828,20430,2686612.0,10398,11.474675167087767,7.604373091462407,3.87030207562536
2304400,Fortaleza - CE,2021,30431,21187,2703391.0,9244,11.256603280842468,7.8371941017781,3.4194091790643677
2304400,Fortaleza - CE,2022,29057,17509,,11548,,,
2304400,Fortaleza - CE,2023,28738,16075,,12663,,,
2304400,Fortaleza - CE,2024,27447,16697,2574412.0,10750,10.661463666266316,6.485752863178077,4.175710803088239
2304459,Fortim - CE,2014,166,80,15781.0,86,10.51897851847158,5.0693872378176295,5.449591280653951
2304459,Fortim - CE,2015,150,56,15951.0,94,9.403799134850479,3.5107516770108456,5.893047457839634
2304459,Fortim - CE,2016,181,75,16115.0,106,11.231771641327956,4.654049022649706,6.5777226186782505
2304459,Fortim - CE,2017,193,87,16272.0,106,11.86086529006883,5.346607669616519,6.514257620452311
2304459,Fortim - CE,2018,189,102,16357.0,87,11.554686067127223,6.235862321941676,5.318823745185547
2304459,Fortim - CE,2019,216,90,16480.0,126,13.106796116504855,5.461165048543689,7.645631067961165
2304459,Fortim - CE,2020,184,86,16631.0,98,11.063676267211834,5.171066081414226,5.892610185797607
2304459,Fortim - CE,2021,224,128,16776.0,96,13.35240820219361,7.629947544110634,5.7224606580829755
2304459,Fortim - CE,2022,212,116,,96,,,
2304459,Fortim - CE,2023,211,108,,103,,,
2304459,Fortim - CE,2024,200,116,18052.0,84,11.079104808331486,6.425880788832263,4.653224019499224
2304509,Frecheirinha - CE,2014,279,83,13473.0,196,20.70808283233133,6.16046908632079,14.547613746010539
2304509,Frecheirinha - CE,2015,260,100,13541.0,160,19.20094527730596,7.384978952809984,11.815966324495976
2304509,Frecheirinha - CE,2016,230,101,13606.0,129,16.90430692341614,7.423195648978392,9.481111274437747
2304509,Frecheirinha - CE,2017,271,100,13669.0,171,19.825883385763408,7.315824127587972,12.510059258175433
2304509,Frecheirinha - CE,2018,271,78,13758.0,193,19.69763046954499,5.6694286960313995,14.028201773513592
2304509,Frecheirinha - CE,2019,266,112,14072.0,154,18.902785673678228,7.959067652075044,10.943718021603184
2304509,Frecheirinha - CE,2020,267,114,14134.0,153,18.890618367058156,8.065657280316966,10.824961086741192
2304509,Frecheirinha - CE,2021,240,111,14195.0,129,16.907361747094047,7.819654808030997,9.08770693906305
2304509,Frecheirinha - CE,2022,214,122,,92,,,
2304509,Frecheirinha - CE,2023,251,103,,148,,,
2304509,Frecheirinha - CE,2024,236,122,16362.0,114,14.42366458868109,7.456301185674123,6.967363403006967
2304608,General Sampaio - CE,2014,96,37,6679.0,59,14.373409192992964,5.539751459799371,8.833657733193593
2304608,General Sampaio - CE,2015,99,39,6763.0,60,14.638474049977821,5.766671595445808,8.871802454532013
2304608,General Sampaio - CE,2016,104,52,6845.0,52,15.193571950328707,7.596785975164353,7.596785975164353
2304608,General Sampaio - CE,2017,119,48,6922.0,71,17.191563132042763,6.9344120196475005,10.257151112395261
2304608,General Sampaio - CE,2018,136,42,6956.0,94,19.551466359977,6.037952846463485,13.513513513513514
2304608,General Sampaio - CE,2019,127,41,7618.0,86,16.671042268311894,5.38199002362825,11.289052244683644
2304608,General Sampaio - CE,2020,113,66,7694.0,47,14.686768910839614,8.57811281518066,6.108656095658955
2304608,General Sampaio - CE,2021,92,51,7767.0,41,11.844985193768506,6.5662417921977605,5.278743401570748
2304608,General Sampaio - CE,2022,100,60,,40,,,
2304608,General Sampaio - CE,2023,108,64,,44,,,
2304608,General Sampaio - CE,2024,83,56,6924.0,27,11.987290583477758,8.087810514153668,3.89948006932409
2304657,Graça - CE,2014,143,97,15287.0,46,9.354353372146267,6.345260679008308,3.0090926931379602
2304657,Graça - CE,2015,167,113,15294.0,54,10.919314763959724,7.388518373218256,3.5307963907414672
2304657,Graça - CE,2016,192,109,15300.0,83,12.549019607843137,7.124183006535948,5.42483660130719
2304657,Graça - CE,2017,166,104,15307.0,62,10.844711569869995,6.794277128111322,4.050434441758672
2304657,Graça - CE,2018,169,106,15423.0,63,10.957660636711404,6.8728522336769755,4.08480840303443
2304657,Graça - CE,2019,181,121,14399.0,60,12.570317383151608,8.403361344537815,4.166956038613793
2304657,Graça - CE,2020,184,151,14407.0,33,12.771569375997778,10.48101617269383,2.2905532033039493
2304657,Graça - CE,2021,195,133,14415.0,62,13.52757544224766,9.226500173430454,4.301075268817204
2304657,Graça - CE,2022,156,114,,42,,,
2304657,Graça - CE,2023,161,151,,10,,,
2304657,Graça - CE,2024,132,141,14174.0,-9,9.31282630167913,9.947791731339072,-0.6349654296599407
2304707,Granja - CE,2014,664,223,53682.0,441,12.369136768376736,4.154092619500019,8.215044148876718
2304707,Granja - CE,2015,791,268,53918.0,523,14.670425460885047,4.970510775622241,9.699914685262806
2304707,Granja - CE,2016,748,274,54146.0,474,13.81450153289255,5.060392272744062,8.754109260148487
2304707,Granja - CE,2017,789,268,54365.0,521,14.513013887611516,4.929642233054355,9.58337165455716
2304707,Granja - CE,2018,842,267,54729.0,575,15.384896489977892,4.878583566299403,10.506312923678488
2304707,Granja - CE,2019,771,317,54748.0,454,14.082706217578725,5.790165850807335,8.292540366771389
2304707,Granja - CE,2020,751,344,54962.0,407,13.663986026709363,6.258869764564608,7.405116262144754
2304707,Granja - CE,2021,719,365,55170.0,354,13.032445169476164,6.615914446257024,6.416530723219141
2304707,Granja - CE,2022,687,295,,392,,,
2304707,Granja - CE,2023,706,329,,377,,,
2304707,Granja - CE,2024,677,342,55633.0,335,12.169036363309546,6.14743048190822,6.021605881401326
2304806,Granjeiro - CE,2014,53,22,4531.0,31,11.69719708673582,4.855440300154491,6.841756786581329
2304806,Granjeiro - CE,2015,70,8,4494.0,62,15.576323987538942,1.7801513128615931,13.796172674677347
2304806,Granjeiro - CE,2016,71,24,4459.0,47,15.922852657546535,5.382372729311506,10.540479928235031
2304806,Granjeiro - CE,2017,80,22,4425.0,58,18.07909604519774,4.971751412429379,13.107344632768362
2304806,Granjeiro - CE,2018,83,20,4469.0,63,18.572387558737972,4.475274110539271,14.097113448198701
2304806,Granjeiro - CE,2019,79,26,4844.0,53,16.308835672997525,5.36746490503716,10.941370767960363
2304806,Granjeiro - CE,2020,84,25,4814.0,59,17.449106771915247,5.19318653926049,12.255920232654757
2304806,Granjeiro - CE,2021,76,27,4784.0,49,15.88628762541806,5.6438127090301,10.24247491638796
2304806,Granjeiro - CE,2022,60,33,,27,,,
2304806,Granjeiro - CE,2023,71,26,,45,,,
2304806,Granjeiro - CE,2024,63,26,4960.0,37,12.701612903225806,5.241935483870968,7.459677419354839
2304905,Groaíras - CE,2014,143,65,10759.0,78,13.291198066734827,6.041453666697648,7.249744400037178
2304905,Groaíras - CE,2015,129,86,10847.0,43,11.892689222826588,7.928459481884392,3.964229740942196
2304905,Groaíras - CE,2016,124,62,10931.0,62,11.343884365565822,5.671942182782911,5.671942182782911
2304905,Groaíras - CE,2017,129,72,11012.0,57,11.714493280058118,6.538321830730113,5.176171449328006
2304905,Groaíras - CE,2018,129,80,11076.0,49,11.646803900325027,7.222824124232575,4.423979776092453
2304905,Groaíras - CE,2019,158,74,11068.0,84,14.275388507408746,6.685941452837008,7.589447054571739
2304905,Groaíras - CE,2020,144,102,11144.0,42,12.921751615218952,9.152907394113424,3.7688442211055273
2304905,Groaíras - CE,2021,115,121,11219.0,-6,10.250467956145823,10.785274979944738,-0.5348070237989125
2304905,Groaíras - CE,2022,111,103,,8,,,
2304905,Groaíras - CE,2023,105,112,,-7,,,
2304905,Groaíras - CE,2024,90,111,11313.0,-21,7.955449482895784,9.811721028904799,-1.8562715460090162
2304954,Guaiúba - CE,2014,326,86,25581.0,240,12.743833313787578,3.3618701379930416,9.381963175794535
2304954,Guaiúba - CE,2015,311,128,25841.0,183,12.035137959057312,4.953368677682753,7.08176928137456
2304954,Guaiúba - CE,2016,359,130,26091.0,229,13.759533938906136,4.9825610363726955,8.77697290253344
2304954,Guaiúba - CE,2017,343,137,26331.0,206,13.026470699935437,5.202992670236603,7.823478029698833
2304954,Guaiúba - CE,2018,352,134,26472.0,218,13.297068600785735,5.061952251435479,8.235116349350257
2304954,Guaiúba - CE,2019,353,141,26064.0,212,13.543585021485574,5.4097605893186005,8.133824432166973
2304954,Guaiúba - CE,2020,323,178,26290.0,145,12.286040319513122,6.7706352225180675,5.515405096995055
2304954,Guaiúba - CE,2021,306,175,26508.0,131,11.543684925305568,6.601780594537498,4.94190433076807
2304954,Guaiúba - CE,2022,264,153,,111,,,
2304954,Guaiúba - CE,2023,233,135,,98,,,
2304954,Guaiúba - CE,2024,235,146,25085.0,89,9.368148295794299,5.820211281642416,3.547937014151884
2305001,Guaraciaba do Norte - CE,2014,649,225,38995.0,424,16.643159379407617,5.76997050903962,10.873188870367995
2305001,Guaraciaba do Norte - CE,2015,638,263,39151.0,375,16.29588005414932,6.717580649280989,9.57829940486833
2305001,Guaraciaba do Norte - CE,2016,638,251,39301.0,387,16.233683621281898,6.386605938780184,9.847077682501718
2305001,Guaraciaba do Norte - CE,2017,675,261,39445.0,414,17.11243503612625,6.616808213968818,10.495626822157435
2305001,Guaraciaba do Norte - CE,2018,614,266,39713.0,348,15.460932188452144,6.698058570241482,8.76287361821066
2305001,Guaraciaba do Norte - CE,2019,713,287,40642.0,426,17.54342798090645,7.061660351360661,10.48176762954579
2305001,Guaraciaba do Norte - CE,2020,664,320,40784.0,344,16.28089446841899,7.8462142016477046,8.434680266771283
2305001,Guaraciaba do Norte - CE,2021,680,339,40921.0,341,16.617384716893525,8.284255027980743,8.333129688912782
2305001,Guaraciaba do Norte - CE,2022,597,331,,266,,,
2305001,Guaraciaba do Norte - CE,2023,562,282,,280,,,
2305001,Guaraciaba do Norte - CE,2024,574,291,44294.0,283,12.95886576059963,6.56973856504267,6.38912719555696
2305100,Guaramiranga - CE,2014,79,31,3812.0,48,20.72402938090241,8.13221406086044,12.591815320041974
2305100,Guaramiranga - CE,2015,74,41,3720.0,33,19.89247311827957,11.021505376344086,8.870967741935484
2305100,Guaramiranga - CE,2016,72,34,3632.0,38,19.823788546255507,9.361233480176212,10.462555066079295
2305100,Guaramiranga - CE,2017,75,21,3547.0,54,21.144629264166902,5.920496193966732,15.22413307020017
2305100,Guaramiranga - CE,2018,79,46,3595.0,33,21.974965229485395,12.795549374130736,9.179415855354659
2305100,Guaramiranga - CE,2019,71,30,5193.0,41,13.672251107259772,5.7770075101097635,7.89524359715001
2305100,Guaramiranga - CE,2020,74,33,5132.0,41,14.419329696024942,6.430241621200311,7.989088074824629
2305100,Guaramiranga - CE,2021,78,30,5073.0,48,15.37551744529864,5.913660555884093,9.461856889414548
2305100,Guaramiranga - CE,2022,73,50,,23,,,
2305100,Guaramiranga - CE,2023,59,45,,14,,,
2305100,Guaramiranga - CE,2024,84,47,5819.0,37,14.435470012029558,8.076989173397491,6.358480838632067
2305209,Hidrolândia - CE,2014,248,133,19970.0,115,12.418627941912868,6.659989984977466,5.758637956935403
2305209,Hidrolândia - CE,2015,227,137,20055.0,90,11.31887309897781,6.831214161057093,4.487658937920718
2305209,Hidrolândia - CE,2016,222,153,20136.0,69,11.025029797377831,7.598331346841478,3.4266984505363527
2305209,Hidrolândia - CE,2017,209,148,20215.0,61,10.338857284194905,7.321296067276775,3.01756121691813
2305209,Hidrolândia - CE,2018,263,139,20352.0,124,12.922562893081762,6.829795597484277,6.0927672955974845
2305209,Hidrolândia - CE,2019,239,127,19978.0,112,11.963159475422966,6.356992691961158,5.606166783461807
2305209,Hidrolândia - CE,2020,214,136,20053.0,78,10.671719942153294,6.782027626789009,3.8896923153642846
2305209,Hidrolândia - CE,2021,223,142,20126.0,81,11.080194772930538,7.055550034780881,4.024644738149656
2305209,Hidrolândia - CE,2022,220,127,,93,,,
2305209,Hidrolândia - CE,2023,159,123,,36,,,
2305209,Hidrolândia - CE,2024,192,162,18225.0,30,10.534979423868313,8.88888888888889,1.646090534979424
2305233,Horizonte - CE,2014,1083,284,62002.0,799,17.467178478113606,4.580497403309571,12.886681074804038
2305233,Horizonte - CE,2015,1227,311,63365.0,916,19.364002209421603,4.908072279649649,14.455929929771957
2305233,Horizonte - CE,2016,1168,307,64673.0,861,18.060086898705798,4.746957772176952,13.313129126528844
2305233,Horizonte - CE,2017,1194,337,65928.0,857,18.11066618128868,5.111636937264895,12.999029244023784
2305233,Horizonte - CE,2018,1304,321,66114.0,983,19.72350788032792,4.855250022688084,14.868257857639833
2305233,Horizonte - CE,2019,1204,348,67337.0,856,17.880214443767912,5.168035404012653,12.712179039755261
2305233,Horizonte - CE,2020,1138,470,68529.0,668,16.606108362882868,6.858410308044769,9.747698054838098
2305233,Horizonte - CE,2021,1116,554,69688.0,562,16.014234875444842,7.949718746412582,8.064516129032258
2305233,Horizonte - CE,2022,1053,416,,637,,,
2305233,Horizonte - CE,2023,1078,385,,693,,,
2305233,Horizonte - CE,2024,1036,414,79934.0,622,12.960692571371382,5.179272900142618,7.781419671228764
2305266,Ibaretama - CE,2014,200,67,13172.0,133,15.183723048891588,5.086547221378682,10.097175827512906
2305266,Ibaretama - CE,2015,205,77,13188.0,128,15.544434334243252,5.8386411889596594,9.705793145283591
2305266,Ibaretama - CE,2016,204,80,13203.0,124,15.45103385594183,6.059228963114444,9.39180489282739
2305266,Ibaretama - CE,2017,199,79,13218.0,120,15.055227719776063,5.97669844151914,9.078529278256923
2305266,Ibaretama - CE,2018,212,68,13317.0,144,15.91950138920177,5.106255162574153,10.813246226627617
2305266,Ibaretama - CE,2019,195,72,13353.0,123,14.603459896652437,5.3920467310716695,9.211413165580767
2305266,Ibaretama - CE,2020,194,93,13369.0,101,14.511182586580896,6.9563916523300175,7.554790934250878
2305266,Ibaretama - CE,2021,171,109,13385.0,62,12.775494957041463,8.143444153903625,4.63205080313784
2305266,Ibaretama - CE,2022,172,96,,76,,,
2305266,Ibaretama - CE,2023,157,82,,75,,,
2305266,Ibaretama - CE,2024,139,107,12191.0,32,11.401853826593388,8.776966614715773,2.6248872118776148
2305308,Ibiapina - CE,2014,329,154,24555.0,175,13.3984931785787,6.271635104866626,7.126858073712075
2305308,Ibiapina - CE,2015,374,156,24649.0,218,15.173029331818736,6.328857154448456,8.844172177370279
2305308,Ibiapina - CE,2016,349,161,24739.0,188,14.107280003233761,6.507942924127895,7.599337079105865
2305308,Ibiapina - CE,2017,339,175,24825.0,164,13.65558912386707,7.049345417925478,6.6062437059415915
2305308,Ibiapina - CE,2018,384,166,24995.0,218,15.363072614522904,6.641328265653131,8.721744348869773
2305308,Ibiapina - CE,2019,363,173,24997.0,190,14.521742609113094,6.920830499659959,7.600912109453135
2305308,Ibiapina - CE,2020,384,172,25082.0,212,15.309783908779202,6.8575073758073515,8.452276532971853
2305308,Ibiapina - CE,2021,381,188,25165.0,193,15.140075501688854,7.470693423405524,7.66938207828333
2305308,Ibiapina - CE,2022,372,184,,188,,,
2305308,Ibiapina - CE,2023,336,189,,147,,,
2305308,Ibiapina - CE,2024,313,181,24649.0,132,12.698283906040812,7.343097083045966,5.355186822994847
2305332,Ibicuitinga - CE,2014,157,64,12012.0,93,13.07026307026307,5.328005328005328,7.742257742257742
2305332,Ibicuitinga - CE,2015,180,63,12130.0,117,14.83924154987634,5.193734542456719,9.64550700741962
2305332,Ibicuitinga - CE,2016,152,65,12242.0,87,12.416271851004739,5.3095899362849215,7.106681914719817
2305332,Ibicuitinga - CE,2017,171,77,12350.0,94,13.846153846153847,6.234817813765182,7.611336032388664
2305332,Ibicuitinga - CE,2018,156,72,12419.0,84,12.561397858120621,5.797568242209517,6.763829615911104
2305332,Ibicuitinga - CE,2019,152,76,12525.0,76,12.135728542914173,6.067864271457086,6.067864271457086
2305332,Ibicuitinga - CE,2020,152,96,12629.0,56,12.035790640589122,7.601551983529971,4.434238657059149
2305332,Ibicuitinga - CE,2021,130,106,12730.0,24,10.212097407698352,8.326787117046347,1.8853102906520032
2305332,Ibicuitinga - CE,2022,112,106,,6,,,
2305332,Ibicuitinga - CE,2023,106,84,,22,,,
2305332,Ibicuitinga - CE,2024,101,102,11979.0,-1,8.43142165456215,8.514901076884547,-0.08347942232239754
2305357,Icapuí - CE,2014,263,78,19276.0,185,13.643909524797674,4.046482672753683,9.597426852043991
2305357,Icapuí - CE,2015,203,88,19418.0,115,10.454217736121125,4.5318776393037385,5.922340096817385
2305357,Icapuí - CE,2016,238,94,19554.0,144,12.171422726807815,4.807200572772834,7.36422215403498
2305357,Icapuí - CE,2017,248,103,19685.0,145,12.598425196850393,5.23241046482093,7.3660147320294636
2305357,Icapuí - CE,2018,236,92,19804.0,144,11.916784487982225,4.645526156332053,7.271258331650172
2305357,Icapuí - CE,2019,244,100,19934.0,144,12.240393297883013,5.016554630279924,7.22383866760309
2305357,Icapuí - CE,2020,255,119,20060.0,136,12.711864406779663,5.932203389830509,6.779661016949152
2305357,Icapuí - CE,2021,198,131,20183.0,67,9.810236337511768,6.4906109101719265,3.3196254273398402
2305357,Icapuí - CE,2022,176,129,,47,,,
2305357,Icapuí - CE,2023,150,129,,21,,,
2305357,Icapuí - CE,2024,145,139,22367.0,6,6.482764787410024,6.214512451379264,0.2682523360307596
2305407,Icó - CE,2014,934,424,67045.0,510,13.93094190469088,6.324110671936759,7.6068312327541205
2305407,Icó - CE,2015,894,406,67198.0,488,13.303967379981549,6.041846483526295,7.262120896455252
2305407,Icó - CE,2016,858,411,67345.0,447,12.740366768134235,6.102902962358007,6.6374638057762265
2305407,Icó - CE,2017,929,473,67486.0,456,13.765818095605015,7.008861097116439,6.756956998488575
2305407,Icó - CE,2018,899,414,67972.0,485,13.22603424939681,6.090743247219444,7.135291002177367
2305407,Icó - CE,2019,900,437,68018.0,463,13.231791584580552,6.424769913846335,6.807021670734217
2305407,Icó - CE,2020,810,479,68162.0,331,11.883454123998709,7.027375957278249,4.85607816672046
2305407,Icó - CE,2021,751,529,68303.0,222,10.995124665095238,7.744901395253503,3.2502232698417344
2305407,Icó - CE,2022,693,489,,204,,,
2305407,Icó - CE,2023,708,493,,215,,,
2305407,Icó - CE,2024,677,482,64802.0,195,10.447208419493226,7.438042035739637,3.0091663837535876
2305506,Iguatu - CE,2014,1318,590,100733.0,728,13.0840935939563,5.857067693804414,7.227025900151887
2305506,Iguatu - CE,2015,1412,608,101386.0,804,13.926972165782258,5.996883198863748,7.930088966918509
2305506,Iguatu - CE,2016,1242,667,102013.0,575,12.174918882887475,6.538382363032162,5.636536519855313
2305506,Iguatu - CE,2017,1265,696,102614.0,569,12.327752548385211,6.7827002163447485,5.545052332040462
2305506,Iguatu - CE,2018,1364,647,103255.0,717,13.21001404290349,6.266040385453489,6.943973657450003
2305506,Iguatu - CE,2019,1285,739,102498.0,546,12.536829986926575,7.209896778473726,5.326933208452847
2305506,Iguatu - CE,2020,1245,740,103074.0,505,12.078700739274696,7.179308069930341,4.899392669344355
2305506,Iguatu - CE,2021,1361,810,103633.0,551,13.132882383024713,7.816043152277749,5.316839230746963
2305506,Iguatu - CE,2022,1127,747,,380,,,
2305506,Iguatu - CE,2023,1112,753,,359,,,
2305506,Iguatu - CE,2024,1085,735,102251.0,350,10.611143167303986,7.188193758496249,3.422949408807738
2305605,Independência - CE,2014,294,172,25952.0,122,11.328606658446363,6.627620221948212,4.70098643649815
2305605,Independência - CE,2015,282,188,25957.0,94,10.864121431598413,7.242747621065608,3.621373810532804
2305605,Independência - CE,2016,267,165,25962.0,102,10.284261613126878,6.355442569909869,3.92881904321701
2305605,Independência - CE,2017,293,198,25967.0,95,11.283552200870334,7.625062579427735,3.6584896214426
2305605,Independência - CE,2018,321,148,26168.0,173,12.266890859064507,5.655762763680831,6.611128095383675
2305605,Independência - CE,2019,273,203,26178.0,70,10.42860417144167,7.754603101841241,2.6740010696004277
2305605,Independência - CE,2020,298,209,26187.0,89,11.379692213693819,7.981059304234926,3.398632909458892
2305605,Independência - CE,2021,297,226,26196.0,71,11.337608795235914,8.627271339135746,2.710337456100168
2305605,Independência - CE,2022,284,219,,65,,,
2305605,Independência - CE,2023,216,207,,9,,,
2305605,Independência - CE,2024,245,195,24530.0,50,9.987770077456178,7.949449653485528,2.038320423970648
2305654,Ipaporanga - CE,2014,138,78,11500.0,60,12.0,6.782608695652174,5.217391304347826
2305654,Ipaporanga - CE,2015,158,87,11499.0,71,13.740325245673537,7.565875293503782,6.174449952169754
2305654,Ipaporanga - CE,2016,140,90,11499.0,50,12.174971736672754,7.826767545003913,4.348204191668841
2305654,Ipaporanga - CE,2017,152,98,11499.0,54,13.218540742673277,8.522480215670928,4.6960605270023486
2305654,Ipaporanga - CE,2018,145,81,11587.0,64,12.514024337619746,6.990592905842754,5.5234314317769915
2305654,Ipaporanga - CE,2019,147,100,11593.0,47,12.68006555680152,8.625894936599671,4.0541706202018455
2305654,Ipaporanga - CE,2020,124,99,11596.0,25,10.693342531907554,8.537426698861676,2.155915833045878
2305654,Ipaporanga - CE,2021,138,128,11597.0,10,11.899629214452014,11.037337242390274,0.8622919720617401
2305654,Ipaporanga - CE,2022,130,87,,43,,,
2305654,Ipaporanga - CE,2023,142,99,,43,,,
2305654,Ipaporanga - CE,2024,141,107,11937.0,34,11.812013068610204,8.963726229370865,2.8482868392393397
2305704,Ipaumirim - CE,2014,169,79,12281.0,90,13.76109437342236,6.432700920120512,7.328393453301848
2305704,Ipaumirim - CE,2015,151,71,12305.0,80,12.271434376269807,5.770012190166599,6.50142218610321
2305704,Ipaumirim - CE,2016,134,80,12327.0,54,10.870446986290256,6.489819096292691,4.380627889997567
2305704,Ipaumirim - CE,2017,170,74,12349.0,96,13.766296866143007,5.992388047615192,7.773908818527816
2305704,Ipaumirim - CE,2018,146,71,12439.0,75,11.737277916231209,5.707854329126135,6.0294235871050725
2305704,Ipaumirim - CE,2019,157,87,12463.0,70,12.5972879723983,6.980662761774854,5.616625210623445
2305704,Ipaumirim - CE,2020,134,98,12485.0,36,10.732879455346415,7.8494193031637955,2.883460152182619
2305704,Ipaumirim - CE,2021,131,91,12507.0,40,10.474134484688575,7.275925481730231,3.198209002958343
2305704,Ipaumirim - CE,2022,129,93,,36,,,
2305704,Ipaumirim - CE,2023,139,86,,53,,,
2305704,Ipaumirim - CE,2024,115,78,12441.0,37,9.243629933285105,6.269592476489028,2.9740374567960774
2305803,Ipu - CE,2014,532,257,41292.0,275,12.883851593529013,6.223965901385256,6.659885692143757
2305803,Ipu - CE,2015,565,265,41391.0,300,13.65031045396342,6.402358000531516,7.247952453431905
2305803,Ipu - CE,2016,547,261,41485.0,286,13.185488730866577,6.291430637579848,6.894058093286731
2305803,Ipu - CE,2017,567,278,41576.0,289,13.637675582066578,6.686549932653453,6.951125649413123
2305803,Ipu - CE,2018,645,289,41873.0,356,15.403720774723569,6.901822176581568,8.501898598142
2305803,Ipu - CE,2019,629,297,41964.0,332,14.989038223238968,7.077494995710609,7.911543227528357
2305803,Ipu - CE,2020,674,332,42058.0,342,16.02548861096581,7.893860858814019,8.131627752151791
2305803,Ipu - CE,2021,676,368,42148.0,308,16.03872069849103,8.731137895036538,7.307582803454494
2305803,Ipu - CE,2022,593,285,,308,,,
2305803,Ipu - CE,2023,679,297,,382,,,
2305803,Ipu - CE,2024,688,335,42968.0,353,16.011915844349282,7.796499720722398,8.215416123626884
2305902,Ipueiras - CE,2014,502,276,38089.0,226,13.179658169025178,7.2461865630497,5.933471605975479
2305902,Ipueiras - CE,2015,491,306,38022.0,185,12.913576350533901,8.04797222660565,4.865604123928252
2305902,Ipueiras - CE,2016,466,285,37957.0,181,12.27705034644466,7.508496456516585,4.768553889928077
2305902,Ipueiras - CE,2017,496,265,37896.0,231,13.088452607135318,6.992822461473506,6.095630145661811
2305902,Ipueiras - CE,2018,518,282,38205.0,236,13.558434759848188,7.3812328229289355,6.177201936919252
2305902,Ipueiras - CE,2019,475,303,38166.0,172,12.445632238117696,7.93900330136771,4.506628936749987
2305902,Ipueiras - CE,2020,514,330,38114.0,184,13.485858214829197,8.658235818859211,4.827622395969985
2305902,Ipueiras - CE,2021,470,344,38064.0,126,12.347625052543085,9.03741067675494,3.3102143757881466
2305902,Ipueiras - CE,2022,448,331,,117,,,
2305902,Ipueiras - CE,2023,442,326,,116,,,
2305902,Ipueiras - CE,2024,433,343,38285.0,90,11.309912498367508,8.959122371686039,2.350790126681468
2306009,Iracema - CE,2014,191,86,14042.0,105,13.60205098988748,6.124483691781798,7.477567298105683
2306009,Iracema - CE,2015,195,115,14071.0,80,13.858290100206098,8.172837751403597,5.685452348802501
2306009,Iracema - CE,2016,200,109,14098.0,91,14.186409419775854,7.7315931337778405,6.454816285998014
2306009,Iracema - CE,2017,180,108,14125.0,72,12.743362831858407,7.646017699115045,5.097345132743363
2306009,Iracema - CE,2018,197,104,14227.0,93,13.846910803401983,7.310044281999016,6.536866521402967
2306009,Iracema - CE,2019,211,279,14297.0,-68,14.758340910680563,19.514583479051552,-4.756242568370986
2306009,Iracema - CE,2020,179,149,14326.0,30,12.494764763367304,10.400670110288985,2.094094653078319
2306009,Iracema - CE,2021,150,117,14351.0,33,10.452233293847119,8.152741969200752,2.299491324646366
2306009,Iracema - CE,2022,145,129,,16,,,
2306009,Iracema - CE,2023,156,116,,40,,,
2306009,Iracema - CE,2024,124,114,14411.0,10,8.604538199986122,7.9106238290194995,0.6939143709666227
2306108,Irauçuba - CE,2014,347,97,23376.0,250,14.844284736481862,4.149555099247091,10.69472963723477
2306108,Irauçuba - CE,2015,357,112,23543.0,245,15.163742938453044,4.757252686573504,10.40649025187954
2306108,Irauçuba - CE,2016,348,131,23704.0,217,14.681066486668916,5.526493418832264,9.154573067836653
2306108,Irauçuba - CE,2017,308,134,23858.0,174,12.909715818593344,5.616564674323079,7.293151144270265
2306108,Irauçuba - CE,2018,377,113,24003.0,264,15.706370037078699,4.70774486522518,10.998625171853519
2306108,Irauçuba - CE,2019,368,130,24156.0,238,15.23431031627753,5.381685709554563,9.852624606722967
2306108,Irauçuba - CE,2020,377,146,24305.0,231,15.51121168483851,6.006994445587328,9.504217239251183
2306108,Irauçuba - CE,2021,398,164,24450.0,234,16.278118609406953,6.70756646216769,9.570552147239264
2306108,Irauçuba - CE,2022,333,149,,184,,,
2306108,Irauçuba - CE,2023,381,173,,208,,,
2306108,Irauçuba - CE,2024,348,146,24751.0,202,14.060037978263503,5.898751565593309,8.161286412670195
2306207,Itaiçaba - CE,2014,106,41,7612.0,65,13.925380977404098,5.386232264844981,8.539148712559118
2306207,Itaiçaba - CE,2015,90,41,7656.0,49,11.755485893416928,5.355276907001045,6.400208986415883
2306207,Itaiçaba - CE,2016,91,45,7698.0,46,11.821252273317745,5.845674201091192,5.975578072226552
2306207,Itaiçaba - CE,2017,81,62,7738.0,19,10.46782114241406,8.012406306539157,2.4554148358749033
2306207,Itaiçaba - CE,2018,93,53,7787.0,40,11.94298189289842,6.806215487350713,5.136766405547707
2306207,Itaiçaba - CE,2019,99,38,7827.0,61,12.648524338827135,4.854989140155871,7.7935351986712655
2306207,Itaiçaba - CE,2020,92,55,7866.0,37,11.695906432748536,6.99211797609967,4.703788456648868
2306207,Itaiçaba - CE,2021,76,78,7904.0,-2,9.615384615384617,9.868421052631579,-0.25303643724696356
2306207,Itaiçaba - CE,2022,69,57,,12,,,
2306207,Itaiçaba - CE,2023,64,59,,5,,,
2306207,Itaiçaba - CE,2024,65,72,7779.0,-7,8.355829798174572,9.255688391824142,-0.8998585936495694
2306256,Itaitinga - CE,2014,471,119,38131.0,352,12.352154415042879,3.120820329915292,9.231334085127587
2306256,Itaitinga - CE,2015,551,229,38540.0,322,14.296834457706279,5.941878567721847,8.354955889984433
2306256,Itaitinga - CE,2016,629,194,38933.0,435,16.155960239385614,4.982919374309711,11.173040865075901
2306256,Itaitinga - CE,2017,607,217,39310.0,390,15.441363520732637,5.520223861612822,9.921139659119817
2306256,Itaitinga - CE,2018,724,248,39518.0,476,18.32076522091199,6.275621235892505,12.045143985019486
2306256,Itaitinga - CE,2019,691,227,37980.0,464,18.193786203264878,5.976829910479199,12.216956292785676
2306256,Itaitinga - CE,2020,712,302,38325.0,410,18.57795172863666,7.879973907371168,10.697977821265493
2306256,Itaitinga - CE,2021,769,343,38661.0,426,19.890846072269213,8.871989860583017,11.018856211686195
2306256,Itaitinga - CE,2022,754,254,,500,,,
2306256,Itaitinga - CE,2023,799,272,,527,,,
2306256,Itaitinga - CE,2024,813,285,70679.0,528,11.502709432787674,4.0323151148148675,7.470394317972807
2306306,Itapajé - CE,2014,759,281,50671.0,478,14.978982060744805,5.545578338694717,9.433403722050087
2306306,Itapajé - CE,2015,739,220,51113.0,519,14.458161328820456,4.304188758241543,10.153972570578913
2306306,Itapajé - CE,2016,640,260,51538.0,380,12.418021653925258,5.044821296907137,7.373200357018122
2306306,Itapajé - CE,2017,678,336,51945.0,342,13.052266820675715,6.468380017326018,6.583886803349697
2306306,Itapajé - CE,2018,687,314,52240.0,373,13.150842266462481,6.010719754977029,7.140122511485452
2306306,Itapajé - CE,2019,759,242,52675.0,517,14.409112482202183,4.594209776934029,9.814902705268153
2306306,Itapajé - CE,2020,667,396,53067.0,271,12.569016526278102,7.462264684267058,5.106751842011043
2306306,Itapajé - CE,2021,655,352,53448.0,303,12.254901960784313,6.585840443047448,5.669061517736866
2306306,Itapajé - CE,2022,580,302,,278,,,
2306306,Itapajé - CE,2023,571,318,,253,,,
2306306,Itapajé - CE,2024,572,313,49086.0,259,11.653017153567209,6.376563582284154,5.276453571283054
2306405,Itapipoca - CE,2014,2066,579,123613.0,1487,16.71345246859149,4.683973368496841,12.029479100094651
2306405,Itapipoca - CE,2015,2272,673,124950.0,1599,18.18327330932373,5.386154461784714,12.797118847539016
2306405,Itapipoca - CE,2016,2016,553,126234.0,1463,15.970340795665193,4.380753204366494,11.589587591298699
2306405,Itapipoca - CE,2017,1979,712,127465.0,1267,15.525830620170243,5.585847095281058,9.939983524889186
2306405,Itapipoca - CE,2018,2156,660,128135.0,1496,16.826003824091778,5.150817497170952,11.675186326920826
2306405,Itapipoca - CE,2019,2233,610,129358.0,1623,17.262171647675444,4.715595479212727,12.546576168462716
2306405,Itapipoca - CE,2020,2026,785,130539.0,1241,15.520265974153318,6.0135285240426235,9.506737450110695
2306405,Itapipoca - CE,2021,2066,834,131687.0,1232,15.68871642607091,6.333199176835982,9.355517249234929
2306405,Itapipoca - CE,2022,2000,744,,1256,,,
2306405,Itapipoca - CE,2023,2020,705,,1315,,,
2306405,Itapipoca - CE,2024,1831,722,137892.0,1109,13.278507817712411,5.235981782844545,8.042526034867867
2306504,Itapiúna - CE,2014,242,104,19570.0,138,12.365866121614717,5.314256515074093,7.051609606540624
2306504,Itapiúna - CE,2015,303,115,19724.0,188,15.361995538430339,5.830460352869601,9.531535185560738
2306504,Itapiúna - CE,2016,262,142,19872.0,120,13.18438003220612,7.145732689210949,6.038647342995169
2306504,Itapiúna - CE,2017,224,111,20014.0,113,11.192165484161087,5.5461177175976815,5.646047766563406
2306504,Itapiúna - CE,2018,220,134,20133.0,86,10.92733323399394,6.655739333432673,4.2715939005612675
2306504,Itapiúna - CE,2019,219,110,20382.0,109,10.74477480129526,5.3969188499656555,5.3478559513296045
2306504,Itapiúna - CE,2020,220,120,20520.0,100,10.721247563352826,5.847953216374268,4.8732943469785575
2306504,Itapiúna - CE,2021,234,140,20653.0,94,11.330073112864959,6.778676221372198,4.551396891492762
2306504,Itapiúna - CE,2022,191,123,,68,,,
2306504,Itapiúna - CE,2023,179,130,,49,,,
2306504,Itapiúna - CE,2024,164,134,18228.0,30,8.997147245995173,7.351327627825324,1.6458196181698486
2306553,Itarema - CE,2014,647,162,39955.0,485,16.193217369540733,4.054561381554248,12.138655987986484
2306553,Itarema - CE,2015,708,166,40398.0,542,17.52562008020199,4.109114312589733,13.416505767612257
2306553,Itarema - CE,2016,644,168,40822.0,476,15.77580716280437,4.115427955514184,11.660379207290188
2306553,Itarema - CE,2017,719,234,41230.0,485,17.438758185787048,5.675479020130973,11.763279165656076
2306553,Itarema - CE,2018,747,217,41445.0,530,18.023887079261673,5.235854747255399,12.788032332006273
2306553,Itarema - CE,2019,708,198,41826.0,510,16.927270119064698,4.733897575670635,12.193372543394062
2306553,Itarema - CE,2020,787,261,42215.0,526,18.642662560701172,6.18263650361246,12.460026057088713
2306553,Itarema - CE,2021,704,231,42595.0,473,16.52776147435145,5.42317173377157,11.10458974057988
2306553,Itarema - CE,2022,640,270,,370,,,
2306553,Itarema - CE,2023,655,240,,415,,,
2306553,Itarema - CE,2024,636,296,45465.0,340,13.988782580006598,6.510502584405587,7.478279995601011
2306603,Itatira - CE,2014,310,131,20077.0,179,15.440553867609703,6.524879215022165,8.915674652587539
2306603,Itatira - CE,2015,329,117,20285.0,212,16.2188809465122,5.7678087256593535,10.451072220852847
2306603,Itatira - CE,2016,268,128,20484.0,140,13.083382151923452,6.248779535247023,6.834602616676431
2306603,Itatira - CE,2017,320,108,20675.0,212,15.477629987908102,5.223700120918984,10.253929866989118
2306603,Itatira - CE,2018,331,124,20786.0,207,15.924179736361014,5.9655537380929475,9.958625998268065
2306603,Itatira - CE,2019,311,114,21647.0,197,14.3668868665404,5.266318658474616,9.100568208065782
2306603,Itatira - CE,2020,287,146,21836.0,141,13.14343286316175,6.686206264883679,6.457226598278073
2306603,Itatira - CE,2021,271,151,22018.0,120,12.308111545099464,6.858025252066491,5.450086293032973
2306603,Itatira - CE,2022,258,128,,130,,,
2306603,Itatira - CE,2023,246,143,,103,,,
2306603,Itatira - CE,2024,205,134,21087.0,71,9.7216294399393,6.354626072935932,3.3670033670033668
2306702,Jaguaretama - CE,2014,181,104,18018.0,77,10.045510045510046,5.772005772005772,4.273504273504274
2306702,Jaguaretama - CE,2015,210,122,17997.0,88,11.668611435239207,6.778907595710396,4.889703839528811
2306702,Jaguaretama - CE,2016,192,126,17977.0,66,10.680313734215941,7.008955888079212,3.67135784613673
2306702,Jaguaretama - CE,2017,193,110,17958.0,83,10.747299253814456,6.125403719790623,4.621895534023833
2306702,Jaguaretama - CE,2018,226,146,18102.0,80,12.484808308474202,8.065407137332892,4.419401171141311
2306702,Jaguaretama - CE,2019,211,130,18162.0,81,11.617663252945711,7.157802004184561,4.4598612487611495
2306702,Jaguaretama - CE,2020,219,138,18147.0,81,12.068110431476276,7.604562737642586,4.463547693833692
2306702,Jaguaretama - CE,2021,219,171,18133.0,48,12.07742789389511,9.43032041030166,2.6471074835934485
2306702,Jaguaretama - CE,2022,203,136,,67,,,
2306702,Jaguaretama - CE,2023,194,127,,67,,,
2306702,Jaguaretama - CE,2024,197,133,17625.0,64,11.177304964539006,7.546099290780142,3.631205673758865
2306801,Jaguaribara - CE,2014,141,63,10999.0,78,12.819347213383034,5.727793435766888,7.091553777616148
2306801,Jaguaribara - CE,2015,147,71,11102.0,76,13.240857503152586,6.395244100162134,6.845613402990452
2306801,Jaguaribara - CE,2016,136,59,11200.0,77,12.142857142857142,5.267857142857142,6.875
2306801,Jaguaribara - CE,2017,132,83,11295.0,49,11.686586985391767,7.34838424081452,4.338202744577247
2306801,Jaguaribara - CE,2018,150,61,11359.0,89,13.205387798221675,5.3701910379434805,7.835196760278194
2306801,Jaguaribara - CE,2019,158,64,11401.0,94,13.85843347074818,5.613542671695465,8.244890799052714
2306801,Jaguaribara - CE,2020,145,94,11492.0,51,12.617473024712844,8.179603202227636,4.437869822485207
2306801,Jaguaribara - CE,2021,117,84,11580.0,33,10.103626943005182,7.253886010362694,2.849740932642487
2306801,Jaguaribara - CE,2022,126,102,,24,,,
2306801,Jaguaribara - CE,2023,109,68,,41,,,
2306801,Jaguaribara - CE,2024,110,73,10656.0,37,10.322822822822822,6.8506006006006,3.472222222222222
2306900,Jaguaribe - CE,2014,480,203,34621.0,277,13.864417550041882,5.863493255538546,8.000924294503337
2306900,Jaguaribe - CE,2015,456,235,34561.0,221,13.194062671797692,6.799571771650125,6.394490900147565
2306900,Jaguaribe - CE,2016,425,240,34503.0,185,12.317769469321508,6.955916876793323,5.3618525925281855
2306900,Jaguaribe - CE,2017,451,253,34448.0,198,13.092196934509985,7.344403158383651,5.747793776126335
2306900,Jaguaribe - CE,2018,463,235,34729.0,228,13.331797633102019,6.766679144231046,6.565118488870972
2306900,Jaguaribe - CE,2019,427,239,34682.0,188,12.311862061011475,6.891182746093074,5.420679314918401
2306900,Jaguaribe - CE,2020,417,297,34636.0,120,12.039496477653309,8.574893174731493,3.4646033029218155
2306900,Jaguaribe - CE,2021,390,247,34592.0,143,11.274283071230343,7.1403792784458835,4.1339037927844595
2306900,Jaguaribe - CE,2022,368,294,,74,,,
2306900,Jaguaribe - CE,2023,358,280,,78,,,
2306900,Jaguaribe - CE,2024,332,293,35124.0,39,9.452226397904566,8.341874501765176,1.110351896139392
2307007,Jaguaruana - CE,2014,379,168,33324.0,211,11.373184491657664,5.041411595246669,6.331772896410995
2307007,Jaguaruana - CE,2015,413,192,33469.0,221,12.339777107173802,5.7366518270638505,6.6031252801099525
2307007,Jaguaruana - CE,2016,416,205,33607.0,211,12.378373553128812,6.099919659594727,6.278453893534085
2307007,Jaguaruana - CE,2017,362,184,33740.0,178,10.729104919976288,5.453467694131594,5.275637225844695
2307007,Jaguaruana - CE,2018,406,156,33967.0,250,11.952777695999059,4.592692907822298,7.36008478817676
2307007,Jaguaruana - CE,2019,354,164,33705.0,190,10.5028927458834,4.865746921821688,5.637145824061712
2307007,Jaguaruana - CE,2020,337,191,33834.0,146,9.96039486906662,5.645208961399775,4.3151859076668435
2307007,Jaguaruana - CE,2021,357,160,33960.0,197,10.512367491166078,4.7114252061248525,5.800942285041225
2307007,Jaguaruana - CE,2022,296,188,,108,,,
2307007,Jaguaruana - CE,2023,332,218,,114,,,
2307007,Jaguaruana - CE,2024,248,211,33070.0,37,7.499244027819777,6.3804052010886005,1.1188388267311764
2307106,Jardim - CE,2014,454,133,27069.0,321,16.77195315674757,4.913369537108871,11.8585836196387
2307106,Jardim - CE,2015,476,170,27072.0,306,17.58274231678487,6.279550827423169,11.303191489361703
2307106,Jardim - CE,2016,454,169,27074.0,285,16.768855728743443,6.242151141316392,10.526704587427052
2307106,Jardim - CE,2017,445,174,27076.0,271,16.435219382478948,6.426355443935589,10.008863938543358
2307106,Jardim - CE,2018,403,177,27284.0,226,14.770561501246153,6.487318574989005,8.283242926257147
2307106,Jardim - CE,2019,410,193,27174.0,217,15.087951718554502,7.1023772723927285,7.985574446161773
2307106,Jardim - CE,2020,435,209,27181.0,226,16.003826202126483,7.689194658033185,8.3146315440933
2307106,Jardim - CE,2021,389,214,27187.0,175,14.308309118328612,7.871409129363299,6.4368999889653145
2307106,Jardim - CE,2022,345,214,,131,,,
2307106,Jardim - CE,2023,402,185,,217,,,
2307106,Jardim - CE,2024,359,216,28707.0,143,12.505660640261956,7.524297209739784,4.981363430522173
2307205,Jati - CE,2014,119,48,7785.0,71,15.285806037251124,6.165703275529865,9.12010276172126
2307205,Jati - CE,2015,128,48,7807.0,80,16.39554246189317,6.14832842320994,10.247214038683232
2307205,Jati - CE,2016,137,44,7827.0,93,17.50351347898301,5.621566372812061,11.881947106170948
2307205,Jati - CE,2017,129,45,7847.0,84,16.439403593730088,5.734675672231425,10.70472792149866
2307205,Jati - CE,2018,128,43,7902.0,85,16.198430777018476,5.4416603391546445,10.756770437863832
2307205,Jati - CE,2019,133,39,8111.0,94,16.397484897053385,4.808285045000617,11.589199852052769
2307205,Jati - CE,2020,117,58,8130.0,59,14.391143911439114,7.134071340713406,7.257072570725707
2307205,Jati - CE,2021,89,64,8150.0,25,10.920245398773007,7.85276073619632,3.067484662576687
2307205,Jati - CE,2022,97,61,,36,,,
2307205,Jati - CE,2023,103,54,,49,,,
2307205,Jati - CE,2024,87,54,8100.0,33,10.74074074074074,6.666666666666667,4.0740740740740735
2307254,Jijoca de Jericoacoara - CE,2014,268,68,18616.0,200,14.396218306832832,3.65277180919639,10.743446497636441
2307254,Jijoca de Jericoacoara - CE,2015,277,74,18926.0,203,14.635950544224876,3.9099651273380536,10.725985416886822
2307254,Jijoca de Jericoacoara - CE,2016,290,88,19224.0,202,15.085310029130254,4.577611319184353,10.507698709945902
2307254,Jijoca de Jericoacoara - CE,2017,331,75,19510.0,256,16.96565863659662,3.8441824705279344,13.121476166068684
2307254,Jijoca de Jericoacoara - CE,2018,429,88,19587.0,341,21.90228212589983,4.492775820697402,17.40950630520243
2307254,Jijoca de Jericoacoara - CE,2019,425,85,19816.0,340,21.44731530076706,4.289463060153412,17.157852240613646
2307254,Jijoca de Jericoacoara - CE,2020,334,104,20087.0,230,16.627669637078707,5.177477970826903,11.450191666251804
2307254,Jijoca de Jericoacoara - CE,2021,357,117,20351.0,240,17.542135521595988,5.749103238170115,11.793032283425877
2307254,Jijoca de Jericoacoara - CE,2022,430,124,,306,,,
2307254,Jijoca de Jericoacoara - CE,2023,468,129,,339,,,
2307254,Jijoca de Jericoacoara - CE,2024,445,134,27662.0,311,16.087050827850483,4.844190586363965,11.242860241486515
2307304,Juazeiro do Norte - CE,2014,3254,1593,263704.0,1661,12.339592876861936,6.040863999029215,6.298728877832722
2307304,Juazeiro do Norte - CE,2015,4024,2269,266022.0,1755,15.126568479298705,8.529369751373945,6.597198727924758
2307304,Juazeiro do Norte - CE,2016,3825,1933,268248.0,1892,14.25919298559542,7.206018311413319,7.053174674182101
2307304,Juazeiro do Norte - CE,2017,3995,1765,270383.0,2230,14.775337206851022,6.527777264103142,8.247559942747879
2307304,Juazeiro do Norte - CE,2018,4237,1729,271926.0,2508,15.581444951935453,6.358347491596978,9.223097460338476
2307304,Juazeiro do Norte - CE,2019,4145,1796,274207.0,2349,15.116317234789776,6.54979632175692,8.566520913032855
2307304,Juazeiro do Norte - CE,2020,3305,1715,276264.0,1590,11.963194625430747,6.207830191411114,5.755364434019634
2307304,Juazeiro do Norte - CE,2021,3923,2198,278264.0,1725,14.098122646120231,7.898973636546588,6.199149009573643
2307304,Juazeiro do Norte - CE,2022,3689,2064,,1625,,,
2307304,Juazeiro do Norte - CE,2023,3787,1833,,1954,,,
2307304,Juazeiro do Norte - CE,2024,3655,1880,303004.0,1775,12.062547029082124,6.204538553946482,5.858008475135642
2307403,Jucás - CE,2014,352,147,24417.0,205,14.41618544456731,6.02039562599828,8.39578981856903
2307403,Jucás - CE,2015,291,149,24479.0,142,11.887740512275828,6.086849953020956,5.800890559254871
2307403,Jucás - CE,2016,278,150,24540.0,128,11.328443357783211,6.112469437652813,5.215973920130399
2307403,Jucás - CE,2017,335,174,24597.0,161,13.619547099239744,7.074033418709599,6.545513680530147
2307403,Jucás - CE,2018,369,173,24773.0,196,14.895248859645582,6.983409356961207,7.911839502684374
2307403,Jucás - CE,2019,297,161,24833.0,136,11.959892079088311,6.483308500785246,5.476583578303065
2307403,Jucás - CE,2020,286,196,24892.0,90,11.489635224168408,7.874015748031496,3.615619476136912
2307403,Jucás - CE,2021,321,222,24949.0,99,12.866247144174114,8.898152230550323,3.9680949136237924
2307403,Jucás - CE,2022,304,180,,124,,,
2307403,Jucás - CE,2023,309,191,,118,,,
2307403,Jucás - CE,2024,274,194,24591.0,80,11.142287828880484,7.889065105119759,3.2532227237607256
2307502,Lavras da Mangabeira - CE,2014,356,214,31409.0,142,11.33433092425738,6.81333375784011,4.520997166417269
2307502,Lavras da Mangabeira - CE,2015,399,193,31383.0,206,12.713889685498518,6.1498263391007875,6.564063346397731
2307502,Lavras da Mangabeira - CE,2016,383,210,31359.0,173,12.213399661979016,6.696642112312255,5.516757549666762
2307502,Lavras da Mangabeira - CE,2017,337,214,31335.0,123,10.754747087920855,6.8294239668102765,3.9253231211105795
2307502,Lavras da Mangabeira - CE,2018,409,254,31584.0,155,12.949594731509626,8.042046605876394,4.907548125633232
2307502,Lavras da Mangabeira - CE,2019,347,238,31508.0,109,11.013076044179256,7.553637171511997,3.4594388726672594
2307502,Lavras da Mangabeira - CE,2020,343,250,31492.0,93,10.891655023498032,7.938524069604979,2.9531309538930524
2307502,Lavras da Mangabeira - CE,2021,348,253,31476.0,95,11.05604269919939,8.037870123268522,3.018172575930868
2307502,Lavras da Mangabeira - CE,2022,295,245,,50,,,
2307502,Lavras da Mangabeira - CE,2023,320,239,,81,,,
2307502,Lavras da Mangabeira - CE,2024,277,225,32123.0,52,8.623104940385394,7.004327117641565,1.6187778227438285
2307601,Limoeiro do Norte - CE,2014,686,300,57782.0,386,11.872209338548338,5.191928282163995,6.6802810563843416
2307601,Limoeiro do Norte - CE,2015,800,367,58175.0,433,13.751611516974645,6.308551783412119,7.443059733562527
2307601,Limoeiro do Norte - CE,2016,722,363,58552.0,359,12.330919524525209,6.199617434075693,6.131302090449515
2307601,Limoeiro do Norte - CE,2017,764,402,58915.0,362,12.967835016549266,6.823389629126709,6.144445387422557
2307601,Limoeiro do Norte - CE,2018,742,391,59278.0,351,12.517291406592665,6.596039002665407,5.921252403927258
2307601,Limoeiro do Norte - CE,2019,708,392,59540.0,316,11.891165602955997,6.58380920389654,5.307356399059456
2307601,Limoeiro do Norte - CE,2020,715,439,59890.0,276,11.938554015695441,7.330105192853565,4.6084488228418765
2307601,Limoeiro do Norte - CE,2021,675,457,60232.0,218,11.206667552131757,7.587328994554389,3.6193385575773678
2307601,Limoeiro do Norte - CE,2022,650,455,,195,,,
2307601,Limoeiro do Norte - CE,2023,646,407,,239,,,
2307601,Limoeiro do Norte - CE,2024,602,429,62285.0,173,9.665248454684113,6.887693666211768,2.777554788472345
2307635,Madalena - CE,2014,135,90,19225.0,45,7.0221066319895975,4.6814044213263974,2.3407022106631987
2307635,Madalena - CE,2015,216,103,19425.0,113,11.119691119691119,5.302445302445302,5.8172458172458175
2307635,Madalena - CE,2016,206,109,19616.0,97,10.50163132137031,5.55668841761827,4.94494290375204
2307635,Madalena - CE,2017,244,106,19800.0,138,12.323232323232324,5.353535353535353,6.96969696969697
2307635,Madalena - CE,2018,248,103,19906.0,145,12.458555209484578,5.1743193007133526,7.284235908771225
2307635,Madalena - CE,2019,222,112,19691.0,110,11.27418617642578,5.6878777106292215,5.586308465796557
2307635,Madalena - CE,2020,196,145,19864.0,51,9.86709625453081,7.29963753523963,2.5674587192911797
2307635,Madalena - CE,2021,217,139,20031.0,78,10.833208526783485,6.9392441715341215,3.8939643552493637
2307635,Madalena - CE,2022,183,113,,70,,,
2307635,Madalena - CE,2023,211,93,,118,,,
2307635,Madalena - CE,2024,159,113,17264.0,46,9.20991658943466,6.545412418906395,2.664504170528267
2307650,Maracanaú - CE,2014,3852,925,219749.0,2927,17.529090007235528,4.2093479378745755,13.319742069360954
2307650,Maracanaú - CE,2015,4201,1169,221504.0,3032,18.96579745738226,5.277557064432244,13.688240392950014
2307650,Maracanaú - CE,2016,4139,1201,223188.0,2938,18.544903847877126,5.38111367994695,13.163790167930175
2307650,Maracanaú - CE,2017,4107,1399,224804.0,2708,18.269247878151635,6.223198875464849,12.046049002686784
2307650,Maracanaú - CE,2018,4177,1259,226128.0,2918,18.471838958466,5.567643104790207,12.904195853675793
2307650,Maracanaú - CE,2019,4068,1254,227886.0,2814,17.85103077854717,5.5027513756878434,12.348279402859324
2307650,Maracanaú - CE,2020,3706,1515,229458.0,2191,16.15110390572567,6.6025154930314045,9.548588412694263
2307650,Maracanaú - CE,2021,3638,1861,230986.0,1777,15.74987228663209,8.05676534508585,7.693106941546241
2307650,Maracanaú - CE,2022,3381,1452,,1929,,,
2307650,Maracanaú - CE,2023,3375,1381,,1994,,,
2307650,Maracanaú - CE,2024,3188,1516,249684.0,1672,12.768138927604491,6.071674596690216,6.696464330914276
2307700,Maranguape - CE,2014,1347,460,122020.0,887,11.039173905917062,3.7698737911817735,7.269300114735289
2307700,Maranguape - CE,2015,1512,570,123570.0,942,12.235979606700656,4.612770089827628,7.623209516873027
2307700,Maranguape - CE,2016,1485,593,125058.0,892,11.87449023653025,4.7417998048905305,7.13269043163972
2307700,Maranguape - CE,2017,1414,666,126486.0,748,11.179102825609158,5.265404866941796,5.913697958667362
2307700,Maranguape - CE,2018,1450,703,127098.0,747,11.408519410218885,5.531164927850949,5.877354482367937
2307700,Maranguape - CE,2019,1401,623,128978.0,778,10.862317604552715,4.830281133216517,6.0320364713361965
2307700,Maranguape - CE,2020,1276,782,130346.0,494,9.78932993724395,5.999416936461419,3.7899130007825326
2307700,Maranguape - CE,2021,1241,758,131677.0,483,9.424576805364643,5.756510248562772,3.6680665568018713
2307700,Maranguape - CE,2022,1228,659,,569,,,
2307700,Maranguape - CE,2023,1257,678,,579,,,
2307700,Maranguape - CE,2024,1181,742,108937.0,439,10.84112835859258,6.811276242231749,4.029852116360832
2307809,Marco - CE,2014,513,144,26219.0,369,19.565963614172926,5.492200312750295,14.073763301422632
2307809,Marco - CE,2015,556,146,26484.0,410,20.993807581936263,5.512762422594775,15.48104515934149
2307809,Marco - CE,2016,524,116,26738.0,408,19.59757648290822,4.3383947939262475,15.259181688981974
2307809,Marco - CE,2017,507,114,26981.0,393,18.791001074830437,4.225195507950039,14.565805566880398
2307809,Marco - CE,2018,588,146,27127.0,442,21.675821137611972,5.3820916430124965,16.293729494599475
2307809,Marco - CE,2019,541,132,27361.0,409,19.772669127590365,4.824385073644969,14.948284053945397
2307809,Marco - CE,2020,548,187,27595.0,361,19.85867004892191,6.776589961949629,13.082080086972278
2307809,Marco - CE,2021,518,160,27822.0,358,18.618359571562074,5.750844655308748,12.867514916253326
2307809,Marco - CE,2022,531,163,,368,,,
2307809,Marco - CE,2023,550,189,,361,,,
2307809,Marco - CE,2024,488,156,27064.0,332,18.031333136269584,5.764114691102572,12.26721844516701
2307908,Martinópole - CE,2014,167,60,10796.0,107,15.468692108188218,5.557613931085587,9.911078177102631
2307908,Martinópole - CE,2015,171,63,10895.0,108,15.695273061037174,5.782469022487379,9.912804038549794
2307908,Martinópole - CE,2016,149,59,10990.0,90,13.557779799818016,5.368516833484986,8.18926296633303
2307908,Martinópole - CE,2017,166,56,11082.0,110,14.979245623533657,5.053239487457137,9.926006136076522
2307908,Martinópole - CE,2018,197,59,11143.0,138,17.679260522300996,5.294803912770349,12.384456609530647
2307908,Martinópole - CE,2019,182,61,11233.0,121,16.202261194694206,5.430428202617288,10.771832992076916
2307908,Martinópole - CE,2020,182,76,11321.0,106,16.076318346435826,6.7131878809292465,9.36313046550658
2307908,Martinópole - CE,2021,177,90,11407.0,87,15.516787937231523,7.889892171473657,7.626895765757868
2307908,Martinópole - CE,2022,185,75,,110,,,
2307908,Martinópole - CE,2023,150,59,,91,,,
2307908,Martinópole - CE,2024,153,69,11232.0,84,13.621794871794872,6.143162393162393,7.478632478632479
2308005,Massapê - CE,2014,531,135,37214.0,396,14.268823561025421,3.627667007040361,10.64115655398506
2308005,Massapê - CE,2015,556,202,37560.0,354,14.802981895633652,5.378061767838125,9.424920127795527
2308005,Massapê - CE,2016,538,234,37892.0,304,14.198247651219255,6.175446004433653,8.0228016467856
2308005,Massapê - CE,2017,555,212,38210.0,343,14.524993457210154,5.548285789060455,8.976707668149698
2308005,Massapê - CE,2018,650,238,38424.0,412,16.91651051426192,6.1940453882989805,10.72246512596294
2308005,Massapê - CE,2019,612,214,38737.0,398,15.798848645997367,5.524434003665745,10.274414642331621
2308005,Massapê - CE,2020,588,264,39044.0,324,15.059932383977051,6.76160229484684,8.29833008913021
2308005,Massapê - CE,2021,530,267,39341.0,263,13.471950382552555,6.786812739889682,6.685137642662871
2308005,Massapê - CE,2022,504,229,,275,,,
2308005,Massapê - CE,2023,484,234,,250,,,
2308005,Massapê - CE,2024,419,272,39633.0,147,10.571998082406076,6.862967728912775,3.709030353493301
2308104,Mauriti - CE,2014,594,179,45881.0,415,12.946535602972908,3.901397092478368,9.04513851049454
2308104,Mauriti - CE,2015,626,126,46113.0,500,13.575347515884891,2.732418190098237,10.842929325786654
2308104,Mauriti - CE,2016,623,215,46335.0,408,13.44555951224776,4.640120858961908,8.805438653285853
2308104,Mauriti - CE,2017,725,253,46548.0,472,15.575320099682049,5.435249634785598,10.14007046489645
2308104,Mauriti - CE,2018,734,230,46854.0,504,15.665684893498955,4.908865838562343,10.756819054936612
2308104,Mauriti - CE,2019,737,250,47962.0,487,15.36633167924607,5.2124598640590465,10.153871815187024
2308104,Mauriti - CE,2020,638,296,48168.0,342,13.245308088357415,6.145158611526325,7.100149476831091
2308104,Mauriti - CE,2021,706,364,48370.0,342,14.595823857763076,7.525325615050651,7.070498242712425
2308104,Mauriti - CE,2022,657,309,,348,,,
2308104,Mauriti - CE,2023,616,295,,321,,,
2308104,Mauriti - CE,2024,593,296,47406.0,297,12.5089651099017,6.243935366831202,6.265029743070498
2308203,Meruoca - CE,2014,199,85,14529.0,114,13.696744442150184,5.850368229059123,7.846376213091059
2308203,Meruoca - CE,2015,230,64,14674.0,166,15.67398119122257,4.361455635818454,11.312525555404115
2308203,Meruoca - CE,2016,224,77,14814.0,147,15.120831645740516,5.197785878223302,9.923045767517213
2308203,Meruoca - CE,2017,246,79,14948.0,167,16.457051110516456,5.284987958255285,11.172063152261172
2308203,Meruoca - CE,2018,221,89,15030.0,132,14.703925482368597,5.921490352628077,8.782435129740518
2308203,Meruoca - CE,2019,255,75,15057.0,180,16.935644550707313,4.981071926678621,11.954572624028692
2308203,Meruoca - CE,2020,198,115,15185.0,83,13.039183404675667,7.573263088574251,5.465920316101416
2308203,Meruoca - CE,2021,207,108,15309.0,99,13.52145796590241,7.054673721340388,6.466784244562022
2308203,Meruoca - CE,2022,163,101,,62,,,
2308203,Meruoca - CE,2023,175,87,,88,,,
2308203,Meruoca - CE,2024,189,107,15749.0,82,12.000761953139882,6.794082163946918,5.206679789192965
2308302,Milagres - CE,2014,404,175,28419.0,229,14.215841514479749,6.1578521411731595,8.05798937330659
2308302,Milagres - CE,2015,398,171,28354.0,227,14.036820201735205,6.030895111800804,8.0059250899344
2308302,Milagres - CE,2016,358,160,28292.0,198,12.65375371129648,5.655308921249824,6.998444790046656
2308302,Milagres - CE,2017,352,191,28231.0,161,12.468562927278525,6.765612270199426,5.702950657079098
2308302,Milagres - CE,2018,330,177,28466.0,153,11.592777348415654,6.217944214150214,5.374833134265439
2308302,Milagres - CE,2019,380,201,27512.0,179,13.812154696132596,7.305902878743821,6.506251817388776
2308302,Milagres - CE,2020,330,191,27462.0,139,12.01660476294516,6.95506518097735,5.061539581967811
2308302,Milagres - CE,2021,336,233,27413.0,103,12.256958377412177,8.499616970050706,3.757341407361471
2308302,Milagres - CE,2022,345,202,,143,,,
2308302,Milagres - CE,2023,302,175,,127,,,
2308302,Milagres - CE,2024,302,205,26860.0,97,11.243484735666419,7.63216679076694,3.6113179448994788
2308351,Milhã - CE,2014,127,101,13188.0,26,9.629966636336064,7.658477403700334,1.9714892326357296
2308351,Milhã - CE,2015,173,114,13170.0,59,13.135914958238422,8.656036446469248,4.479878511769173
2308351,Milhã - CE,2016,159,98,13152.0,61,12.08941605839416,7.451338199513382,4.638077858880779
2308351,Milhã - CE,2017,159,109,13136.0,50,12.104141291108403,8.29780755176614,3.8063337393422656
2308351,Milhã - CE,2018,152,117,13241.0,35,11.479495506381692,8.836190620043803,2.64330488633789
2308351,Milhã - CE,2019,146,107,13155.0,39,11.098441657164576,8.133789433675409,2.9646522234891677
2308351,Milhã - CE,2020,146,114,13142.0,32,11.10942017957693,8.674478770354588,2.4349414092223403
2308351,Milhã - CE,2021,150,137,13129.0,13,11.425089496534389,10.43491507350141,0.9901744230329805
2308351,Milhã - CE,2022,146,96,,50,,,
2308351,Milhã - CE,2023,136,113,,23,,,
2308351,Milhã - CE,2024,162,115,14635.0,47,11.069354287666552,7.8578749572941575,3.211479330372395
2308377,Miraíma - CE,2014,185,60,13345.0,125,13.862869988759835,4.496065942300487,9.366804046459348
2308377,Miraíma - CE,2015,190,65,13428.0,125,14.149538278224604,4.840631516234733,9.308906761989872
2308377,Miraíma - CE,2016,164,67,13507.0,97,12.14185237284371,4.960390908417858,7.181461464425853
2308377,Miraíma - CE,2017,158,61,13583.0,97,11.632187292939705,4.490907752337481,7.141279540602223
2308377,Miraíma - CE,2018,169,62,13669.0,107,12.363742775623674,4.535810959104544,7.827931816519132
2308377,Miraíma - CE,2019,172,79,13818.0,93,12.44753220437111,5.717180489216964,6.730351715154146
2308377,Miraíma - CE,2020,170,74,13894.0,96,12.235497336979993,5.326040017273643,6.909457319706348
2308377,Miraíma - CE,2021,160,67,13965.0,93,11.457214464733262,4.797708557107054,6.659505907626208
2308377,Miraíma - CE,2022,137,70,,67,,,
2308377,Miraíma - CE,2023,145,74,,71,,,
2308377,Miraíma - CE,2024,106,66,14736.0,40,7.193268186753529,4.478827361563519,2.7144408251900107
2308401,Missão Velha - CE,2014,570,205,35150.0,365,16.216216216216218,5.832147937411095,10.38406827880512
2308401,Missão Velha - CE,2015,622,157,35240.0,465,17.65039727582293,4.45516458569807,13.195232690124858
2308401,Missão Velha - CE,2016,549,207,35326.0,342,15.540961331597124,5.859706731585801,9.681254600011323
2308401,Missão Velha - CE,2017,559,226,35409.0,333,15.78694682142958,6.382558106696037,9.404388714733543
2308401,Missão Velha - CE,2018,612,212,35662.0,400,17.161123885368177,5.944703045258258,11.21642084010992
2308401,Missão Velha - CE,2019,581,231,35393.0,350,16.415675416042717,6.526714322041082,9.888961094001639
2308401,Missão Velha - CE,2020,588,226,35480.0,362,16.57271702367531,6.369785794813979,10.202931228861331
2308401,Missão Velha - CE,2021,603,261,35566.0,342,16.95439464657257,7.338469324635888,9.61592532193668
2308401,Missão Velha - CE,2022,561,265,,296,,,
2308401,Missão Velha - CE,2023,529,192,,337,,,
2308401,Missão Velha - CE,2024,469,198,38767.0,271,12.09791833260247,5.107436737431321,6.9904815951711505
2308500,Mombaça - CE,2014,476,237,43557.0,239,10.928209013476595,5.441146084441077,5.487062929035517
2308500,Mombaça - CE,2015,534,329,43619.0,205,12.242371443636946,7.5425846534766965,4.6997867901602515
2308500,Mombaça - CE,2016,475,333,43678.0,142,10.875040065937085,7.623975456751683,3.2510646091854025
2308500,Mombaça - CE,2017,457,236,43735.0,221,10.4492969017949,5.396135817994741,5.05316108380016
2308500,Mombaça - CE,2018,530,282,44060.0,248,12.029051293690422,6.40036314117113,5.628688152519292
2308500,Mombaça - CE,2019,512,295,43797.0,217,11.690298422266366,6.735621161266753,4.9546772609996115
2308500,Mombaça - CE,2020,490,346,43858.0,144,11.17242008299512,7.889096630033289,3.2833234529618314
2308500,Mombaça - CE,2021,477,360,43917.0,117,10.861397636450578,8.197281235057039,2.664116401393538
2308500,Mombaça - CE,2022,448,346,,102,,,
2308500,Mombaça - CE,2023,427,273,,154,,,
2308500,Mombaça - CE,2024,419,331,38649.0,88,10.841160185257056,8.564257807446506,2.2769023778105515
2308609,Monsenhor Tabosa - CE,2014,242,95,16998.0,147,14.236969055182962,5.5888928109189315,8.64807624426403
2308609,Monsenhor Tabosa - CE,2015,211,107,17012.0,104,12.403009640253938,6.289677874441571,6.113331765812368
2308609,Monsenhor Tabosa - CE,2016,251,104,17025.0,147,14.74302496328928,6.108663729809104,8.634361233480176
2308609,Monsenhor Tabosa - CE,2017,240,113,17038.0,127,14.086160347458621,6.632233830261768,7.453926517196854
2308609,Monsenhor Tabosa - CE,2018,258,134,17167.0,124,15.028834391565212,7.805673676239296,7.223160715325916
2308609,Monsenhor Tabosa - CE,2019,263,128,17234.0,135,15.260531507485204,7.427178832540327,7.833352674944876
2308609,Monsenhor Tabosa - CE,2020,215,160,17249.0,55,12.46449069511276,9.275900052176938,3.1885906429358224
2308609,Monsenhor Tabosa - CE,2021,224,146,17264.0,78,12.974976830398516,8.45690454124189,4.518072289156627
2308609,Monsenhor Tabosa - CE,2022,185,142,,43,,,
2308609,Monsenhor Tabosa - CE,2023,183,122,,61,,,
2308609,Monsenhor Tabosa - CE,2024,180,109,17664.0,71,10.190217391304348,6.1707427536231885,4.019474637681159
2308708,Morada Nova - CE,2014,755,402,62091.0,353,12.159572240743426,6.474368265932261,5.685203974811164
2308708,Morada Nova - CE,2015,774,434,61903.0,340,12.503432790010176,7.010968773726637,5.492464016283541
2308708,Morada Nova - CE,2016,743,396,61722.0,347,12.03784712096173,6.415864683581219,5.621982437380512
2308708,Morada Nova - CE,2017,743,452,61548.0,291,12.07187885877689,7.3438617014362775,4.728017157340612
2308708,Morada Nova - CE,2018,702,451,62069.0,251,11.309993716670158,7.266107074384959,4.043886642285199
2308708,Morada Nova - CE,2019,772,438,61890.0,334,12.473743738891582,7.077072224915172,5.396671513976409
2308708,Morada Nova - CE,2020,682,519,61738.0,163,11.046681136415174,8.406491949852603,2.6401891865625706
2308708,Morada Nova - CE,2021,729,561,61590.0,168,11.836337067705797,9.10862152946907,2.7277155382367266
2308708,Morada Nova - CE,2022,681,488,,193,,,
2308708,Morada Nova - CE,2023,695,447,,248,,,
2308708,Morada Nova - CE,2024,612,507,65323.0,105,9.368828743321648,7.7614316550066595,1.6073970883149886
2308807,Moraújo - CE,2014,126,50,8457.0,76,14.898900319262149,5.912262031453234,8.986638287808915
2308807,Moraújo - CE,2015,134,44,8520.0,90,15.72769953051643,5.164319248826291,10.56338028169014
2308807,Moraújo - CE,2016,112,52,8579.0,60,13.055134631075884,6.061312507285232,6.993822123790651
2308807,Moraújo - CE,2017,115,46,8636.0,69,13.316350162112089,5.326540064844836,7.989810097267253
2308807,Moraújo - CE,2018,135,59,8689.0,76,15.536885717573943,6.790194498791575,8.746691218782368
2308807,Moraújo - CE,2019,145,52,8724.0,93,16.620816139385603,5.960568546538285,10.660247592847318
2308807,Moraújo - CE,2020,118,54,8779.0,64,13.441166419865588,6.15104225993849,7.290124159927099
2308807,Moraújo - CE,2021,118,77,8833.0,41,13.358994679044491,8.7173100871731,4.641684591871392
2308807,Moraújo - CE,2022,133,74,,59,,,
2308807,Moraújo - CE,2023,125,47,,78,,,
2308807,Moraújo - CE,2024,96,52,8516.0,44,11.272898074213245,6.106153123532175,5.166744950681071
2308906,Morrinhos - CE,2014,330,110,21737.0,220,15.181487785803009,5.060495928601004,10.120991857202007
2308906,Morrinhos - CE,2015,332,126,21905.0,206,15.156356996119609,5.752111390093586,9.404245606026022
2308906,Morrinhos - CE,2016,301,104,22067.0,197,13.640277337200345,4.712919744414736,8.927357592785608
2308906,Morrinhos - CE,2017,334,105,22222.0,229,15.030150301503014,4.725047250472504,10.30510305103051
2308906,Morrinhos - CE,2018,385,104,22354.0,281,17.22286839044466,4.652411201574662,12.570457188870002
2308906,Morrinhos - CE,2019,333,112,22534.0,221,14.77766929972486,4.970267151859413,9.807402147865448
2308906,Morrinhos - CE,2020,333,120,22685.0,213,14.679303504518405,5.289839100727352,9.38946440379105
2308906,Morrinhos - CE,2021,345,131,22830.0,214,15.111695137976348,5.7380639509417435,9.373631187034604
2308906,Morrinhos - CE,2022,313,120,,193,,,
2308906,Morrinhos - CE,2023,338,113,,225,,,
2308906,Morrinhos - CE,2024,335,144,23608.0,191,14.190105049135886,6.099627245001694,8.090477804134192
2309003,Mucambo - CE,2014,151,91,14346.0,60,10.525582043775268,6.343231562804963,4.182350480970306
2309003,Mucambo - CE,2015,170,128,14357.0,42,11.840913839938706,8.91551159713032,2.9254022428083863
2309003,Mucambo - CE,2016,163,109,14367.0,54,11.345444421243126,7.586830931996937,3.7586134892461893
2309003,Mucambo - CE,2017,180,126,14377.0,54,12.519997217778396,8.763998052444876,3.755999165333519
2309003,Mucambo - CE,2018,184,100,14485.0,84,12.702795995857784,6.903693476009665,5.799102519848119
2309003,Mucambo - CE,2019,163,99,14537.0,64,11.212767421063493,6.81020843365206,4.402558987411433
2309003,Mucambo - CE,2020,163,108,14549.0,55,11.203519142209087,7.42319059729191,3.780328544917176
2309003,Mucambo - CE,2021,167,171,14561.0,-4,11.468992514250395,11.743698921777352,-0.2747064075269556
2309003,Mucambo - CE,2022,180,127,,53,,,
2309003,Mucambo - CE,2023,162,119,,43,,,
2309003,Mucambo - CE,2024,136,136,14009.0,0,9.708044828324649,9.708044828324649,0.0
2309102,Mulungu - CE,2014,165,49,12364.0,116,13.345195729537368,3.963118731802006,9.38207699773536
2309102,Mulungu - CE,2015,151,62,12526.0,89,12.054925754430785,4.9497046144020445,7.105221140028741
2309102,Mulungu - CE,2016,132,55,12682.0,77,10.408452925406086,4.336855385585869,6.0715975398202175
2309102,Mulungu - CE,2017,135,70,12831.0,65,10.521393500116904,5.455537370430988,5.065856129685917
2309102,Mulungu - CE,2018,132,73,12892.0,59,10.238907849829351,5.662426310890475,4.576481538938877
2309102,Mulungu - CE,2019,138,50,10823.0,88,12.750623671810034,4.619791185438418,8.130832486371617
2309102,Mulungu - CE,2020,154,65,10941.0,89,14.075495841330774,5.940956036925327,8.134539804405447
2309102,Mulungu - CE,2021,169,75,11056.0,94,15.285817655571636,6.783646888567294,8.502170767004342
2309102,Mulungu - CE,2022,124,89,,35,,,
2309102,Mulungu - CE,2023,122,64,,58,,,
2309102,Mulungu - CE,2024,117,58,10993.0,59,10.643136541435458,5.276084781224415,5.3670517602110435
2309201,Nova Olinda - CE,2014,274,90,15048.0,184,18.208399787347155,5.980861244019139,12.227538543328018
2309201,Nova Olinda - CE,2015,271,5,15181.0,266,17.85126144522759,0.32935906725512154,17.521902377972467
2309201,Nova Olinda - CE,2016,259,102,15310.0,157,16.917047681254083,6.662312214239059,10.254735467015022
2309201,Nova Olinda - CE,2017,265,99,15433.0,166,17.170997213762718,6.414825374198148,10.75617183956457
2309201,Nova Olinda - CE,2018,267,84,15520.0,183,17.203608247422682,5.412371134020618,11.791237113402062
2309201,Nova Olinda - CE,2019,246,102,15565.0,144,15.804690009637007,6.553164150337295,9.251525859299711
2309201,Nova Olinda - CE,2020,261,122,15684.0,139,16.64116296863045,7.778627901045652,8.8625350675848
2309201,Nova Olinda - CE,2021,241,131,15798.0,110,15.255095581719205,8.292188884668946,6.9629066970502596
2309201,Nova Olinda - CE,2022,231,124,,107,,,
2309201,Nova Olinda - CE,2023,241,105,,136,,,
2309201,Nova Olinda - CE,2024,191,127,15960.0,64,11.967418546365915,7.957393483709272,4.010025062656641
2309300,Nova Russas - CE,2014,333,215,31783.0,118,10.477299185098952,6.76462259698581,3.7126765881131423
2309300,Nova Russas - CE,2015,395,285,31870.0,110,12.394101035456542,8.942579228114214,3.451521807342328
2309300,Nova Russas - CE,2016,353,251,31954.0,102,11.047130249733993,7.855041622332102,3.19208862740189
2309300,Nova Russas - CE,2017,363,237,32035.0,126,11.33135632901514,7.398158264398314,3.9331980646168256
2309300,Nova Russas - CE,2018,426,238,32262.0,188,13.204389064534126,7.377099993800756,5.827289070733371
2309300,Nova Russas - CE,2019,369,237,32328.0,132,11.414253897550111,7.331106161841128,4.083147735708983
2309300,Nova Russas - CE,2020,364,252,32408.0,112,11.231794618612689,7.775857812885707,3.455936805726981
2309300,Nova Russas - CE,2021,400,326,32487.0,74,12.312617354634162,10.034783144026841,2.27783421060732
2309300,Nova Russas - CE,2022,339,270,,69,,,
2309300,Nova Russas - CE,2023,357,289,,68,,,
2309300,Nova Russas - CE,2024,333,298,32014.0,35,10.401699256575247,9.308427562941214,1.093271693634035
2309409,Novo Oriente - CE,2014,367,178,28149.0,189,13.037763330846566,6.323492841664002,6.714270489182564
2309409,Novo Oriente - CE,2015,368,201,28220.0,167,13.040396881644224,7.122608079376329,5.917788802267895
2309409,Novo Oriente - CE,2016,355,178,28288.0,177,12.549490950226245,6.292420814479638,6.2570701357466065
2309409,Novo Oriente - CE,2017,371,210,28353.0,161,13.085035093288187,7.406623637710295,5.678411455577892
2309409,Novo Oriente - CE,2018,333,186,28557.0,147,11.660888748818152,6.513289211051581,5.147599537766572
2309409,Novo Oriente - CE,2019,379,186,28607.0,193,13.248505610514908,6.501905128115496,6.746600482399413
2309409,Novo Oriente - CE,2020,323,226,28673.0,97,11.264953091758798,7.881979562654762,3.382973529104035
2309409,Novo Oriente - CE,2021,352,264,28737.0,88,12.249016946793333,9.186762710095,3.062254236698333
2309409,Novo Oriente - CE,2022,308,251,,57,,,
2309409,Novo Oriente - CE,2023,324,226,,98,,,
2309409,Novo Oriente - CE,2024,293,224,29043.0,69,10.08848948111421,7.712701855868884,2.375787625245326
2309458,Ocara - CE,2014,307,134,24979.0,173,12.290323872052525,5.364506185195564,6.92581768685696
2309458,Ocara - CE,2015,319,131,25123.0,188,12.697528161445687,5.214345420530988,7.4831827409147
2309458,Ocara - CE,2016,241,147,25261.0,94,9.540398242349868,5.8192470606864335,3.7211511816634335
2309458,Ocara - CE,2017,261,194,25394.0,67,10.278018429550288,7.639599905489486,2.6384185240608016
2309458,Ocara - CE,2018,301,158,25557.0,143,11.777595179402905,6.18225926360684,5.595335915796064
2309458,Ocara - CE,2019,291,169,25703.0,122,11.321635606738514,6.575107964050889,4.746527642687624
2309458,Ocara - CE,2020,281,187,25833.0,94,10.877559710447876,7.238803081330082,3.638756629117795
2309458,Ocara - CE,2021,275,211,25958.0,64,10.59403652053317,8.12851529393636,2.4655212265968105
2309458,Ocara - CE,2022,255,172,,83,,,
2309458,Ocara - CE,2023,247,150,,97,,,
2309458,Ocara - CE,2024,239,162,25218.0,77,9.477357443096201,6.423982869379015,3.053374573717186
2309508,Orós - CE,2014,242,147,21447.0,95,11.283629412038978,6.854105469296405,4.429523942742574
2309508,Orós - CE,2015,273,138,21394.0,135,12.760587080489856,6.450406656071795,6.310180424418061
2309508,Orós - CE,2016,265,169,21342.0,96,12.416830662543342,7.91865804516915,4.498172617374192
2309508,Orós - CE,2017,258,181,21292.0,77,12.117227127559646,8.500845387939131,3.6163817396205147
2309508,Orós - CE,2018,245,160,21471.0,85,11.410740067998695,7.4519118811420055,3.95882818685669
2309508,Orós - CE,2019,257,174,21427.0,83,11.994212908946656,8.120595510337425,3.8736173986092313
2309508,Orós - CE,2020,200,183,21384.0,17,9.35278713056491,8.55780022446689,0.7949869060980171
2309508,Orós - CE,2021,227,255,21342.0,-28,10.63630400149939,11.948271014900197,-1.311967013400806
2309508,Orós - CE,2022,230,237,,-7,,,
2309508,Orós - CE,2023,191,192,,-1,,,
2309508,Orós - CE,2024,170,228,20019.0,-58,8.49193266396923,11.389180278735202,-2.8972476147659725
2309607,Pacajus - CE,2014,1014,270,67678.0,744,14.98271225509028,3.9894795945506663,10.993232660539615
2309607,Pacajus - CE,2015,1075,327,68800.0,748,15.625,4.752906976744186,10.872093023255813
2309607,Pacajus - CE,2016,950,337,69877.0,613,13.59531748644046,4.822759992558352,8.772557493882108
2309607,Pacajus - CE,2017,973,428,70911.0,545,13.72142544880202,6.035734935341484,7.685690513460535
2309607,Pacajus - CE,2018,983,378,71193.0,605,13.807537257876477,5.309510766507943,8.498026491368533
2309607,Pacajus - CE,2019,992,389,72203.0,603,13.739041314072821,5.387587773361218,8.351453540711605
2309607,Pacajus - CE,2020,960,474,73188.0,486,13.116904410559108,6.47647155271356,6.640432857845549
2309607,Pacajus - CE,2021,1000,533,74145.0,467,13.487086115044844,7.188616899318903,6.298469215725943
2309607,Pacajus - CE,2022,900,456,,444,,,
2309607,Pacajus - CE,2023,844,424,,420,,,
2309607,Pacajus - CE,2024,807,455,74825.0,352,10.785165385900434,6.080855329101237,4.704310056799198
2309706,Pacatuba - CE,2014,935,240,79077.0,695,11.82391845922329,3.0350165029022342,8.788901956321054
2309706,Pacatuba - CE,2015,1011,310,80378.0,701,12.578068625743363,3.856776729950982,8.72129189579238
2309706,Pacatuba - CE,2016,895,290,81627.0,605,10.96450929226849,3.5527460276624154,7.4117632646060745
2309706,Pacatuba - CE,2017,1056,349,82824.0,707,12.749927557229787,4.213754467304163,8.536173089925626
2309706,Pacatuba - CE,2018,1043,363,83157.0,680,12.542540014671044,4.365236841155886,8.177303173515158
2309706,Pacatuba - CE,2019,1057,326,83432.0,731,12.668999904113528,3.907373669575223,8.761626234538307
2309706,Pacatuba - CE,2020,995,442,84554.0,553,11.767627788159047,5.227428625493767,6.540199162665279
2309706,Pacatuba - CE,2021,1110,533,85647.0,577,12.96017373638306,6.223218559902857,6.736955176480204
2309706,Pacatuba - CE,2022,1022,413,,609,,,
2309706,Pacatuba - CE,2023,1043,408,,635,,,
2309706,Pacatuba - CE,2024,938,435,85873.0,503,10.923107379502289,5.065620160003726,5.857487219498561
2309805,Pacoti - CE,2014,158,52,11884.0,106,13.295186805789298,4.375631100639516,8.919555705149781
2309805,Pacoti - CE,2015,179,74,11910.0,105,15.029387069689335,6.213266162888329,8.816120906801007
2309805,Pacoti - CE,2016,169,77,11936.0,92,14.158847184986596,6.451072386058981,7.7077747989276135
2309805,Pacoti - CE,2017,168,89,11960.0,79,14.046822742474918,7.441471571906354,6.605351170568562
2309805,Pacoti - CE,2018,166,73,12046.0,93,13.780508052465548,6.0601029387348495,7.720405113730699
2309805,Pacoti - CE,2019,165,83,12261.0,82,13.457303645705897,6.769431530870238,6.687872114835658
2309805,Pacoti - CE,2020,142,92,12288.0,50,11.555989583333334,7.486979166666667,4.069010416666667
2309805,Pacoti - CE,2021,141,95,12313.0,46,11.451311621863072,7.715422723950297,3.735888897912775
2309805,Pacoti - CE,2022,130,102,,28,,,
2309805,Pacoti - CE,2023,139,75,,64,,,
2309805,Pacoti - CE,2024,141,64,11442.0,77,12.32302045097011,5.593427722426149,6.7295927285439605
2309904,Pacujá - CE,2014,78,57,6150.0,21,12.682926829268293,9.268292682926829,3.4146341463414633
2309904,Pacujá - CE,2015,86,58,6168.0,28,13.942931258106356,9.40337224383917,4.539559014267186
2309904,Pacujá - CE,2016,71,55,6186.0,16,11.477529906239896,8.891044293566116,2.58648561267378
2309904,Pacujá - CE,2017,88,43,6202.0,45,14.18897129958078,6.933247339567882,7.255723960012899
2309904,Pacujá - CE,2018,80,40,6246.0,40,12.808197246237592,6.404098623118796,6.404098623118796
2309904,Pacujá - CE,2019,73,55,6533.0,18,11.174039491810806,8.418796877391703,2.755242614419103
2309904,Pacujá - CE,2020,79,52,6549.0,27,12.062910367995114,7.940143533363872,4.122766834631242
2309904,Pacujá - CE,2021,71,65,6565.0,6,10.814927646610816,9.900990099009901,0.913937547600914
2309904,Pacujá - CE,2022,75,50,,25,,,
2309904,Pacujá - CE,2023,50,54,,-4,,,
2309904,Pacujá - CE,2024,62,54,6345.0,8,9.771473601260835,8.51063829787234,1.260835303388495
2310001,Palhano - CE,2014,115,50,9169.0,65,12.542261969680444,5.453157378121932,7.089104591558512
2310001,Palhano - CE,2015,127,60,9209.0,67,13.790856770550548,6.515365403409708,7.275491367140841
2310001,Palhano - CE,2016,102,54,9248.0,48,11.029411764705882,5.839100346020762,5.190311418685121
2310001,Palhano - CE,2017,94,61,9285.0,33,10.123855681206248,6.5697361335487345,3.554119547657512
2310001,Palhano - CE,2018,109,69,9348.0,40,11.660248181429182,7.381258023106547,4.278990158322636
2310001,Palhano - CE,2019,104,48,9386.0,56,11.0803324099723,5.113999573833369,5.96633283613893
2310001,Palhano - CE,2020,120,74,9422.0,46,12.736149437486732,7.853958819783485,4.882190617703248
2310001,Palhano - CE,2021,102,69,9458.0,33,10.784521040389087,7.295411292027913,3.4891097483611757
2310001,Palhano - CE,2022,95,93,,2,,,
2310001,Palhano - CE,2023,96,70,,26,,,
2310001,Palhano - CE,2024,66,70,9671.0,-4,6.824526936201013,7.2381346293041045,-0.4136076931030917
2310100,Palmácia - CE,2014,128,48,12762.0,80,10.029775897194797,3.761165961448049,6.268609935746748
2310100,Palmácia - CE,2015,127,57,12895.0,70,9.848778596355176,4.420317952694843,5.428460643660334
2310100,Palmácia - CE,2016,144,51,13022.0,93,11.058209184457072,3.9164490861618795,7.141760098295193
2310100,Palmácia - CE,2017,132,73,13145.0,59,10.0418410041841,5.553442373526055,4.488398630658045
2310100,Palmácia - CE,2018,108,66,13214.0,42,8.17314968972302,4.994702588164069,3.1784471015589526
2310100,Palmácia - CE,2019,145,61,13322.0,84,10.884251613871792,4.5788920582495125,6.305359555622279
2310100,Palmácia - CE,2020,122,57,13439.0,65,9.078056403006176,4.241387007961902,4.836669395044274
2310100,Palmácia - CE,2021,117,74,13553.0,43,8.63277503135837,5.460045746329226,3.1727292850291446
2310100,Palmácia - CE,2022,97,82,,15,,,
2310100,Palmácia - CE,2023,102,57,,45,,,
2310100,Palmácia - CE,2024,93,77,10339.0,16,8.995067221201277,7.447528774542993,1.5475384466582842
2310209,Paracuru - CE,2014,563,139,33178.0,424,16.969075893664474,4.189523178009525,12.779552715654951
2310209,Paracuru - CE,2015,561,196,33426.0,365,16.783342308382696,5.86369891701071,10.919643391371986
2310209,Paracuru - CE,2016,626,183,33665.0,443,18.59497994950245,5.435912668944007,13.159067280558443
2310209,Paracuru - CE,2017,652,198,33894.0,454,19.236443028264592,5.8417419012214555,13.394701127043135
2310209,Paracuru - CE,2018,598,208,34097.0,390,17.538199841628295,6.100243423175059,11.437956418453236
2310209,Paracuru - CE,2019,590,230,35076.0,360,16.82061808644087,6.557190101493899,10.263427984946972
2310209,Paracuru - CE,2020,581,239,35304.0,342,16.457058690233403,6.7697711307500565,9.687287559483345
2310209,Paracuru - CE,2021,565,280,35526.0,285,15.903845071215446,7.881551539717389,8.022293531498057
2310209,Paracuru - CE,2022,562,282,,280,,,
2310209,Paracuru - CE,2023,519,250,,269,,,
2310209,Paracuru - CE,2024,428,271,41447.0,157,10.326440996935846,6.538470818153304,3.7879701787825417
2310258,Paraipaba - CE,2014,443,116,31705.0,327,13.972559533196655,3.658728907112443,10.313830626084213
2310258,Paraipaba - CE,2015,511,149,31986.0,362,15.975739385981367,4.658288001000438,11.31745138498093
2310258,Paraipaba - CE,2016,431,189,32256.0,242,13.361855158730158,5.859375,7.502480158730159
2310258,Paraipaba - CE,2017,422,167,32515.0,255,12.978625249884669,5.136091034906966,7.842534214977702
2310258,Paraipaba - CE,2018,471,166,32700.0,305,14.403669724770642,5.07645259938838,9.327217125382262
2310258,Paraipaba - CE,2019,416,154,32744.0,262,12.704617639872955,4.703151722452968,8.001465917419985
2310258,Paraipaba - CE,2020,453,203,32992.0,250,13.730601357904947,6.153006789524733,7.5775945683802135
2310258,Paraipaba - CE,2021,418,233,33232.0,185,12.57823784304285,7.01131439576312,5.566923447279731
2310258,Paraipaba - CE,2022,436,213,,223,,,
2310258,Paraipaba - CE,2023,425,180,,245,,,
2310258,Paraipaba - CE,2024,411,200,33896.0,211,12.1253245220675,5.900401227283456,6.224923294784046
2310308,Parambu - CE,2014,399,180,31376.0,219,12.716726160122388,5.736868944416114,6.979857215706272
2310308,Parambu - CE,2015,400,222,31293.0,178,12.78241140191097,7.094238328060588,5.688173073850382
2310308,Parambu - CE,2016,384,224,31213.0,160,12.302566238426296,7.1764969724153405,5.126069266010957
2310308,Parambu - CE,2017,469,244,31137.0,225,15.062465876609823,7.8363361916690755,7.226129684940746
2310308,Parambu - CE,2018,424,193,31398.0,231,13.504044843620612,6.146888336836741,7.357156506783872
2310308,Parambu - CE,2019,419,212,31521.0,207,13.29272548459757,6.725674946860823,6.567050537736747
2310308,Parambu - CE,2020,397,245,31455.0,152,12.621204895883007,7.788904784612939,4.832300111270068
2310308,Parambu - CE,2021,441,289,31391.0,152,14.048612659679527,9.20646045044758,4.842152209231946
2310308,Parambu - CE,2022,422,250,,172,,,
2310308,Parambu - CE,2023,416,250,,166,,,
2310308,Parambu - CE,2024,379,245,32816.0,134,11.549244271087275,7.465870307167235,4.083373963920039
2310407,Paramoti - CE,2014,154,71,11533.0,83,13.352987080551461,6.1562472903841154,7.196739790167347
2310407,Paramoti - CE,2015,153,87,11549.0,66,13.247900251103992,7.53311975062776,5.714780500476231
2310407,Paramoti - CE,2016,136,68,11564.0,68,11.760636457973021,5.880318228986511,5.880318228986511
2310407,Paramoti - CE,2017,132,71,11578.0,61,11.40093280359302,6.132319917084126,5.268612886508897
2310407,Paramoti - CE,2018,159,64,11664.0,95,13.631687242798355,5.486968449931412,8.144718792866941
2310407,Paramoti - CE,2019,117,69,12226.0,48,9.569769344020939,5.643710125961067,3.9260592180598723
2310407,Paramoti - CE,2020,138,72,12252.0,66,11.263467189030361,5.8765915768854065,5.386875612144956
2310407,Paramoti - CE,2021,111,97,12276.0,14,9.042033235581624,7.90159661127403,1.140436624307592
2310407,Paramoti - CE,2022,130,84,,46,,,
2310407,Paramoti - CE,2023,125,89,,36,,,
2310407,Paramoti - CE,2024,119,90,10528.0,29,11.303191489361703,8.548632218844984,2.7545592705167175
2310506,Pedra Branca - CE,2014,520,274,42696.0,246,12.179126850290425,6.417462994191493,5.761663856098933
2310506,Pedra Branca - CE,2015,536,269,42746.0,267,12.539184952978056,6.292986478266973,6.246198474711084
2310506,Pedra Branca - CE,2016,499,284,42795.0,215,11.660240682322701,6.636289286131558,5.023951396191143
2310506,Pedra Branca - CE,2017,516,286,42841.0,230,12.044536775518779,6.675847902710021,5.368688872808758
2310506,Pedra Branca - CE,2018,493,311,43160.0,182,11.422613531047267,7.205746061167748,4.216867469879518
2310506,Pedra Branca - CE,2019,477,290,43258.0,187,11.02686208331407,6.7039622728743815,4.322899810439687
2310506,Pedra Branca - CE,2020,455,332,43309.0,123,10.505899466623566,7.665843127294558,2.8400563393290077
2310506,Pedra Branca - CE,2021,470,378,43359.0,92,10.839733388685163,8.717913236006366,2.121820152678798
2310506,Pedra Branca - CE,2022,397,357,,40,,,
2310506,Pedra Branca - CE,2023,425,317,,108,,,
2310506,Pedra Branca - CE,2024,418,338,42257.0,80,9.891852237499112,7.998674775776794,1.8931774617223183
2310605,Penaforte - CE,2014,155,68,8743.0,87,17.728468489076977,7.777650691982157,9.950817797094818
2310605,Penaforte - CE,2015,166,47,8817.0,119,18.82726550981059,5.330611319042759,13.496654190767835
2310605,Penaforte - CE,2016,165,51,8888.0,114,18.564356435643564,5.738073807380738,12.826282628262828
2310605,Penaforte - CE,2017,163,61,8956.0,102,18.200089325591783,6.811076373380974,11.389012952210809
2310605,Penaforte - CE,2018,190,55,9010.0,135,21.087680355160934,6.1043285238623755,14.983351831298556
2310605,Penaforte - CE,2019,206,62,9077.0,144,22.694722926076896,6.830450589401784,15.864272336675114
2310605,Penaforte - CE,2020,189,70,9143.0,119,20.67155200699989,7.656130372962922,13.015421634036969
2310605,Penaforte - CE,2021,179,64,9207.0,115,19.441729119148473,6.95123275768437,12.490496361464103
2310605,Penaforte - CE,2022,134,86,,48,,,
2310605,Penaforte - CE,2023,134,63,,71,,,
2310605,Penaforte - CE,2024,158,77,9308.0,81,16.974645466265578,8.27245380318006,8.702191663085518
2310704,Pentecoste - CE,2014,508,165,36611.0,343,13.875611155117314,4.5068422058944035,9.368768949222911
2310704,Pentecoste - CE,2015,592,184,36773.0,408,16.0987681179126,5.003671171783646,11.095096946128953
2310704,Pentecoste - CE,2016,511,189,36928.0,322,13.837738301559792,5.118067590987868,8.719670710571924
2310704,Pentecoste - CE,2017,537,208,37077.0,329,14.483372441136014,5.609946867330151,8.873425573805862
2310704,Pentecoste - CE,2018,597,231,37326.0,366,15.994213149011415,6.188715640572255,9.805497508439156
2310704,Pentecoste - CE,2019,567,202,37751.0,365,15.019469682922306,5.350851633069323,9.668618049852983
2310704,Pentecoste - CE,2020,553,267,37900.0,286,14.591029023746703,7.044854881266491,7.546174142480211
2310704,Pentecoste - CE,2021,499,303,38045.0,196,13.116046786699961,7.9642528584570895,5.151793928242871
2310704,Pentecoste - CE,2022,466,257,,209,,,
2310704,Pentecoste - CE,2023,470,251,,219,,,
2310704,Pentecoste - CE,2024,432,233,39715.0,199,10.877502203197784,5.866800956817324,5.01070124638046
2310803,Pereiro - CE,2014,240,79,16089.0,161,14.917024053701287,4.91018708434334,10.006836969357947
2310803,Pereiro - CE,2015,208,106,16115.0,102,12.90722928948185,6.5777226186782505,6.329506670803599
2310803,Pereiro - CE,2016,209,106,16139.0,103,12.949996901914616,6.567941012454303,6.382055889460314
2310803,Pereiro - CE,2017,191,116,16163.0,75,11.817113159685702,7.176885479180846,4.640227680504856
2310803,Pereiro - CE,2018,222,108,16281.0,114,13.635526073337019,6.633499170812604,7.002026902524415
2310803,Pereiro - CE,2019,228,110,16307.0,118,13.981725639296007,6.7455693873796525,7.236156251916355
2310803,Pereiro - CE,2020,193,114,16331.0,79,11.818014818443451,6.9805890637438,4.837425754699651
2310803,Pereiro - CE,2021,213,114,16356.0,99,13.022743947175348,6.969919295671313,6.052824651504035
2310803,Pereiro - CE,2022,178,132,,46,,,
2310803,Pereiro - CE,2023,196,108,,88,,,
2310803,Pereiro - CE,2024,175,115,15869.0,60,11.027790030877812,7.246833448862562,3.78095658201525
2310852,Pindoretama - CE,2014,312,119,19975.0,193,15.619524405506883,5.957446808510639,9.662077596996246
2310852,Pindoretama - CE,2015,344,137,20207.0,207,17.02380363240461,6.779828772207651,10.243974860196962
2310852,Pindoretama - CE,2016,378,138,20430.0,240,18.502202643171806,6.7547723935389135,11.747430249632892
2310852,Pindoretama - CE,2017,311,139,20644.0,172,15.064909901181942,6.733191242007363,8.331718659174578
2310852,Pindoretama - CE,2018,327,148,20748.0,179,15.760555234239446,7.133217659533449,8.627337574705995
2310852,Pindoretama - CE,2019,355,139,20567.0,216,17.26066028103272,6.758399377643798,10.502260903388924
2310852,Pindoretama - CE,2020,344,158,20769.0,186,16.563146997929607,7.607491935095575,8.955655062834031
2310852,Pindoretama - CE,2021,357,166,20964.0,191,17.029192902117916,7.918336195382561,9.110856706735357
2310852,Pindoretama - CE,2022,296,146,,150,,,
2310852,Pindoretama - CE,2023,339,136,,203,,,
2310852,Pindoretama - CE,2024,293,166,24607.0,127,11.907180883488438,6.7460478725565896,5.161133010931849
2310902,Piquet Carneiro - CE,2014,141,121,16318.0,20,8.640764799607796,7.415124402500306,1.2256403971074887
2310902,Piquet Carneiro - CE,2015,150,130,16461.0,20,9.112447603426281,7.897454589636109,1.2149930137901708
2310902,Piquet Carneiro - CE,2016,158,117,16599.0,41,9.518645701548285,7.048617386589554,2.470028314958732
2310902,Piquet Carneiro - CE,2017,136,127,16731.0,9,8.128623513238898,7.590699898392207,0.5379236148466917
2310902,Piquet Carneiro - CE,2018,146,117,16827.0,29,8.676531764426219,6.953111071492245,1.7234206929339753
2310902,Piquet Carneiro - CE,2019,159,122,16959.0,37,9.37555280382098,7.1938203903532045,2.1817324134677754
2310902,Piquet Carneiro - CE,2020,118,130,17086.0,-12,6.9062390261032425,7.608568418588318,-0.7023293924850755
2310902,Piquet Carneiro - CE,2021,163,133,17210.0,30,9.4712376525276,7.728065078442765,1.7431725740848345
2310902,Piquet Carneiro - CE,2022,134,133,,1,,,
2310902,Piquet Carneiro - CE,2023,132,148,,-16,,,
2310902,Piquet Carneiro - CE,2024,138,115,17202.0,23,8.022322985699336,6.685269154749448,1.3370538309498896
2310951,Pires Ferreira - CE,2014,95,77,10616.0,18,8.948756593820647,7.2532027128862095,1.6955538809344386
2310951,Pires Ferreira - CE,2015,111,47,10674.0,64,10.399100618324901,4.403222784335769,5.995877833989132
2310951,Pires Ferreira - CE,2016,93,65,10730.0,28,8.667287977632805,6.0577819198508855,2.6095060577819202
2310951,Pires Ferreira - CE,2017,120,51,10784.0,69,11.12759643916914,4.7292284866468846,6.398367952522255
2310951,Pires Ferreira - CE,2018,116,59,10853.0,57,10.688288952363402,5.436284898184834,5.252004054178568
2310951,Pires Ferreira - CE,2019,87,70,10951.0,17,7.9444799561683865,6.3921103095607705,1.5523696466076158
2310951,Pires Ferreira - CE,2020,93,70,11001.0,23,8.453776929370058,6.363057903826925,2.0907190255431325
2310951,Pires Ferreira - CE,2021,100,59,11052.0,41,9.048136083966703,5.338400289540354,3.709735794426348
2310951,Pires Ferreira - CE,2022,104,70,,34,,,
2310951,Pires Ferreira - CE,2023,71,71,,0,,,
2310951,Pires Ferreira - CE,2024,87,63,10952.0,24,7.943754565376188,5.752373995617239,2.191380569758948
2311009,Poranga - CE,2014,164,74,12214.0,90,13.427214671688228,6.058621254298346,7.36859341738988
2311009,Poranga - CE,2015,173,85,12224.0,88,14.152486910994764,6.953534031413613,7.198952879581151
2311009,Poranga - CE,2016,182,76,12234.0,106,14.876573483733855,6.212195520680072,8.664377963053786
2311009,Poranga - CE,2017,187,85,12243.0,102,15.274034141958671,6.942742791799395,8.331291350159274
2311009,Poranga - CE,2018,208,94,12334.0,114,16.86395329982163,7.621209664342468,9.242743635479163
2311009,Poranga - CE,2019,162,84,12336.0,78,13.132295719844358,6.809338521400778,6.3229571984435795
2311009,Poranga - CE,2020,163,100,12347.0,63,13.201587430144974,8.099133392726978,5.102454037417996
2311009,Poranga - CE,2021,150,114,12358.0,36,12.137886389383397,9.22479365593138,2.913092733452015
2311009,Poranga - CE,2022,127,108,,19,,,
2311009,Poranga - CE,2023,135,89,,46,,,
2311009,Poranga - CE,2024,114,110,12423.0,4,9.176527408838444,8.854543990984464,0.3219834178539805
2311108,Porteiras - CE,2014,261,83,15058.0,178,17.332979147297117,5.5120201886040645,11.820958958693053
2311108,Porteiras - CE,2015,229,82,15010.0,147,15.256495669553631,5.463024650233177,9.793471019320453
2311108,Porteiras - CE,2016,227,64,14965.0,163,15.16872702973605,4.276645506181089,10.89208152355496
2311108,Porteiras - CE,2017,239,85,14921.0,154,16.017693184102942,5.696669124053348,10.321024060049595
2311108,Porteiras - CE,2018,259,90,15047.0,169,17.21273343523626,5.98125872266897,11.23147471256729
2311108,Porteiras - CE,2019,234,96,14996.0,138,15.604161109629235,6.4017071218991735,9.202453987730062
2311108,Porteiras - CE,2020,232,97,14958.0,135,15.510094932477605,6.484824174354861,9.025270758122744
2311108,Porteiras - CE,2021,256,150,14920.0,106,17.158176943699733,10.05361930294906,7.10455764075067
2311108,Porteiras - CE,2022,256,106,,150,,,
2311108,Porteiras - CE,2023,225,134,,91,,,
2311108,Porteiras - CE,2024,228,124,17745.0,104,12.848689771766695,6.987883910960834,5.86080586080586
2311207,Potengi - CE,2014,124,71,10722.0,53,11.565006528632718,6.621898899459056,4.943107629173661
2311207,Potengi - CE,2015,126,63,10790.0,63,11.677479147358666,5.838739573679333,5.838739573679333
2311207,Potengi - CE,2016,121,65,10856.0,56,11.145910095799557,5.9874723655121596,5.158437730287399
2311207,Potengi - CE,2017,118,48,10918.0,70,10.807840263784577,4.396409598827624,6.411430664956952
2311207,Potengi - CE,2018,124,53,10986.0,71,11.28709266338977,4.824321864190788,6.462770799198981
2311207,Potengi - CE,2019,134,51,11045.0,83,12.132186509732911,4.6174739701222265,7.5147125396106835
2311207,Potengi - CE,2020,105,64,11106.0,41,9.45434900054025,5.762650819376914,3.691698181163335
2311207,Potengi - CE,2021,135,64,11165.0,71,12.091356918943125,5.732198835647111,6.359158083296014
2311207,Potengi - CE,2022,98,78,,20,,,
2311207,Potengi - CE,2023,107,64,,43,,,
2311207,Potengi - CE,2024,102,69,8926.0,33,11.42729105982523,7.730226305175891,3.697064754649339
2311231,Potiretama - CE,2014,88,28,6299.0,60,13.97047150341324,4.445150023813304,9.525321479599937
2311231,Potiretama - CE,2015,78,46,6318.0,32,12.345679012345679,7.280785058562836,5.064893953782843
2311231,Potiretama - CE,2016,77,36,6337.0,41,12.150860028404608,5.680921571721635,6.469938456682973
2311231,Potiretama - CE,2017,90,33,6356.0,57,14.159848961611077,5.191944619257395,8.967904342353682
2311231,Potiretama - CE,2018,83,40,6400.0,43,12.96875,6.25,6.71875
2311231,Potiretama - CE,2019,84,33,6419.0,51,13.086150490730644,5.140987692787038,7.945162797943606
2311231,Potiretama - CE,2020,72,34,6437.0,38,11.185334783284139,5.2819636476619545,5.9033711356221845
2311231,Potiretama - CE,2021,84,42,6455.0,42,13.013168086754455,6.506584043377227,6.506584043377227
2311231,Potiretama - CE,2022,86,62,,24,,,
2311231,Potiretama - CE,2023,80,39,,41,,,
2311231,Potiretama - CE,2024,69,55,6129.0,14,11.257953989231522,8.973731440691793,2.284222548539729
2311264,Quiterianópolis - CE,2014,251,97,20600.0,154,12.184466019417476,4.70873786407767,7.475728155339806
2311264,Quiterianópolis - CE,2015,260,129,20690.0,131,12.566457225712904,6.234896085065249,6.331561140647656
2311264,Quiterianópolis - CE,2016,213,123,20777.0,90,10.251720652644751,5.920007700823025,4.331712951821726
2311264,Quiterianópolis - CE,2017,253,111,20860.0,142,12.128475551294343,5.3211888782358585,6.807286673058485
2311264,Quiterianópolis - CE,2018,255,143,21000.0,112,12.142857142857142,6.809523809523809,5.333333333333333
2311264,Quiterianópolis - CE,2019,255,113,21084.0,142,12.094479225953329,5.35951432365775,6.73496490229558
2311264,Quiterianópolis - CE,2020,226,154,21166.0,72,10.677501653595389,7.275819710857035,3.401681942738354
2311264,Quiterianópolis - CE,2021,235,157,21246.0,78,11.060905582227242,7.389626282594371,3.6712792996328725
2311264,Quiterianópolis - CE,2022,233,147,,86,,,
2311264,Quiterianópolis - CE,2023,213,151,,62,,,
2311264,Quiterianópolis - CE,2024,220,153,20506.0,67,10.728567248610164,7.461230859260704,3.2673363893494587
2311306,Quixadá - CE,2014,1314,400,84684.0,914,15.516508431344764,4.723442444853809,10.793065986490953
2311306,Quixadá - CE,2015,1382,440,85351.0,942,16.191960258227788,5.155182716078311,11.036777542149478
2311306,Quixadá - CE,2016,1214,589,85991.0,625,14.117756509402147,6.849554023095441,7.2682024863067065
2311306,Quixadá - CE,2017,1267,478,86605.0,789,14.629640320997632,5.519311818024363,9.11032850297327
2311306,Quixadá - CE,2018,1423,497,87116.0,926,16.334542449148262,5.705036962211305,10.629505486936957
2311306,Quixadá - CE,2019,1378,496,87728.0,882,15.707641801933248,5.653839139157395,10.053802662775853
2311306,Quixadá - CE,2020,1216,604,88321.0,612,13.767960054800104,6.838690685114526,6.929269369685579
2311306,Quixadá - CE,2021,1186,648,88899.0,538,13.340982463244806,7.289170856815038,6.0518116064297685
2311306,Quixadá - CE,2022,1204,530,,674,,,
2311306,Quixadá - CE,2023,1146,579,,567,,,
2311306,Quixadá - CE,2024,1122,564,88483.0,558,12.680401885107873,6.374105760428557,6.306296124679316
2311355,Quixelô - CE,2014,169,112,14997.0,57,11.268920450756818,7.468160298726413,3.800760152030406
2311355,Quixelô - CE,2015,214,101,14949.0,113,14.315338818650076,6.756304769549803,7.5590340491002745
2311355,Quixelô - CE,2016,160,130,14903.0,30,10.736093404012616,8.72307589076025,2.013017513252365
2311355,Quixelô - CE,2017,172,121,14860.0,51,11.574697173620459,8.142664872139974,3.4320323014804845
2311355,Quixelô - CE,2018,212,119,14986.0,93,14.146536767649806,7.940744695048712,6.205792072601095
2311355,Quixelô - CE,2019,178,135,16178.0,43,11.002596118185188,8.344665595252811,2.6579305229323773
2311355,Quixelô - CE,2020,187,119,16147.0,68,11.581098656097108,7.369790053879978,4.21130860221713
2311355,Quixelô - CE,2021,182,144,16116.0,38,11.293124844874658,8.935219657483247,2.3579051873914123
2311355,Quixelô - CE,2022,175,125,,50,,,
2311355,Quixelô - CE,2023,152,142,,10,,,
2311355,Quixelô - CE,2024,150,112,16992.0,38,8.82768361581921,6.5913370998116765,2.236346516007533
2311405,Quixeramobim - CE,2014,980,439,76386.0,541,12.829576100332522,5.747126436781609,7.082449663550912
2311405,Quixeramobim - CE,2015,1038,280,77174.0,758,13.450125689999222,3.628164926011351,9.821960763987873
2311405,Quixeramobim - CE,2016,984,473,77931.0,511,12.626554259537283,6.069471712155625,6.557082547381658
2311405,Quixeramobim - CE,2017,999,514,78658.0,485,12.7005517557019,6.534618220651428,6.165933535050472
2311405,Quixeramobim - CE,2018,1176,484,79081.0,692,14.870828644048506,6.120307026972345,8.750521617076162
2311405,Quixeramobim - CE,2019,1174,531,81082.0,643,14.47916923608199,6.548925778841173,7.9302434572408185
2311405,Quixeramobim - CE,2020,1087,619,81778.0,468,13.29208344542542,7.569272909584485,5.722810535840935
2311405,Quixeramobim - CE,2021,1103,609,82455.0,494,13.376993511612396,7.385846825541204,5.991146686071191
2311405,Quixeramobim - CE,2022,1062,578,,484,,,
2311405,Quixeramobim - CE,2023,1071,487,,584,,,
2311405,Quixeramobim - CE,2024,963,470,85797.0,493,11.224168677226476,5.478047017961002,5.746121659265476
2311504,Quixeré - CE,2014,312,118,21410.0,194,14.572629612330687,5.511443250817375,9.061186361513311
2311504,Quixeré - CE,2015,327,109,21572.0,218,15.158538846653068,5.05284628221769,10.10569256443538
2311504,Quixeré - CE,2016,266,130,21728.0,136,12.242268041237113,5.983063328424153,6.25920471281296
2311504,Quixeré - CE,2017,272,117,21876.0,155,12.43371731577985,5.348326933625891,7.085390382153959
2311504,Quixeré - CE,2018,249,107,22008.0,142,11.314067611777535,4.861868411486732,6.452199200290804
2311504,Quixeré - CE,2019,260,141,22149.0,119,11.738678947130797,6.365975890559393,5.372703056571402
2311504,Quixeré - CE,2020,274,144,22293.0,130,12.290853631184676,6.459426725878078,5.831426905306599
2311504,Quixeré - CE,2021,248,183,22432.0,65,11.055634807417974,8.157988587731811,2.8976462196861625
2311504,Quixeré - CE,2022,268,134,,134,,,
2311504,Quixeré - CE,2023,268,130,,138,,,
2311504,Quixeré - CE,2024,222,145,21607.0,77,10.2744480955246,6.710788170500301,3.563659925024298
2311603,Redenção - CE,2014,447,158,27182.0,289,16.44470605547789,5.812670149363549,10.63203590611434
2311603,Redenção - CE,2015,468,207,27272.0,261,17.160457612202993,7.590202405397478,9.570255206805514
2311603,Redenção - CE,2016,418,198,27358.0,220,15.278894656042109,7.2373711528620515,8.041523503180057
2311603,Redenção - CE,2017,425,238,27441.0,187,15.487773769177508,8.673153310739405,6.814620458438104
2311603,Redenção - CE,2018,364,186,27633.0,178,13.17265588245938,6.731082401476495,6.441573480982883
2311603,Redenção - CE,2019,408,184,29053.0,224,14.043300175541251,6.333253020342133,7.710047155199119
2311603,Redenção - CE,2020,423,229,29146.0,194,14.513140739724147,7.856995814176903,6.6561449255472445
2311603,Redenção - CE,2021,394,217,29238.0,177,13.475613927081195,7.42184827963609,6.053765647445105
2311603,Redenção - CE,2022,325,208,,117,,,
2311603,Redenção - CE,2023,360,209,,151,,,
2311603,Redenção - CE,2024,333,205,28359.0,128,11.742304030466519,7.22874572446137,4.513558306005148
2311702,Reriutaba - CE,2014,250,137,19145.0,113,13.058239749281798,7.155915382606424,5.902324366675372
2311702,Reriutaba - CE,2015,250,144,19015.0,106,13.147515119642389,7.572968708914015,5.574546410728372
2311702,Reriutaba - CE,2016,236,131,18889.0,105,12.494044152681456,6.935253322039282,5.558790830642172
2311702,Reriutaba - CE,2017,237,133,18769.0,104,12.627204432841387,7.086152698598753,5.541051734242634
2311702,Reriutaba - CE,2018,242,142,18945.0,100,12.77381894959092,7.495381367115334,5.278437582475587
2311702,Reriutaba - CE,2019,247,138,18491.0,109,13.35784976475042,7.4630901519658215,5.894759612784598
2311702,Reriutaba - CE,2020,226,154,18385.0,72,12.292629861299973,8.376393799292902,3.9162360620070715
2311702,Reriutaba - CE,2021,260,177,18279.0,83,14.22397286503638,9.683243065813228,4.540729799223152
2311702,Reriutaba - CE,2022,219,159,,60,,,
2311702,Reriutaba - CE,2023,232,139,,93,,,
2311702,Reriutaba - CE,2024,222,145,19059.0,77,11.648040295923185,7.607954247337216,4.0400860485859695
2311801,Russas - CE,2014,947,388,74243.0,559,12.755411284565549,5.226081920181027,7.529329364384521
2311801,Russas - CE,2015,1036,409,75018.0,627,13.810018928790424,5.452024847369965,8.35799408142046
2311801,Russas - CE,2016,911,455,75762.0,456,12.02449776933027,6.005649270082627,6.018848499247644
2311801,Russas - CE,2017,989,505,76475.0,484,12.932330827067668,6.603465184700882,6.328865642366787
2311801,Russas - CE,2018,995,490,76884.0,505,12.941574319754436,6.373237604703189,6.568336715051246
2311801,Russas - CE,2019,928,481,78194.0,447,11.867918254597539,6.151367112566182,5.716551142031358
2311801,Russas - CE,2020,899,485,78882.0,414,11.3967698587764,6.14842422859461,5.24834563018179
2311801,Russas - CE,2021,910,561,79550.0,349,11.439346323067253,7.0521684475172846,4.387177875549968
2311801,Russas - CE,2022,877,530,,347,,,
2311801,Russas - CE,2023,793,432,,361,,,
2311801,Russas - CE,2024,751,467,74582.0,284,10.069453755597866,6.261564452548872,3.807889303048993
2311900,Saboeiro - CE,2014,173,76,15793.0,97,10.95422022414994,4.81225859558032,6.14196162856962
2311900,Saboeiro - CE,2015,194,99,15753.0,95,12.315114581349585,6.284517234812417,6.030597346537167
2311900,Saboeiro - CE,2016,212,82,15715.0,130,13.490295895641108,5.217944638880051,8.272351256761056
2311900,Saboeiro - CE,2017,230,115,15678.0,115,14.670238550835565,7.3351192754177825,7.3351192754177825
2311900,Saboeiro - CE,2018,225,121,15808.0,104,14.233299595141702,7.654352226720648,6.578947368421052
2311900,Saboeiro - CE,2019,195,122,15819.0,73,12.32694860610658,7.712244768948733,4.6147038371578475
2311900,Saboeiro - CE,2020,175,135,15788.0,40,11.084367874334937,8.550798074486952,2.533569799847986
2311900,Saboeiro - CE,2021,202,139,15757.0,63,12.81969918131624,8.82147616932157,3.9982230119946687
2311900,Saboeiro - CE,2022,155,123,,32,,,
2311900,Saboeiro - CE,2023,179,83,,96,,,
2311900,Saboeiro - CE,2024,144,104,14036.0,40,10.259333143345684,7.409518381305215,2.849814762040467
2311959,Salitre - CE,2014,231,69,16070.0,162,14.374611076540138,4.293714996888612,10.080896079651524
2311959,Salitre - CE,2015,277,71,16161.0,206,17.140028463585175,4.393292494276345,12.74673596930883
2311959,Salitre - CE,2016,247,83,16248.0,164,15.201870999507632,5.108321024126046,10.093549975381585
2311959,Salitre - CE,2017,272,87,16331.0,185,16.655440573143103,5.327291653909742,11.328148919233358
2311959,Salitre - CE,2018,299,94,16435.0,205,18.192881046547004,5.71950106480073,12.473379981746273
2311959,Salitre - CE,2019,267,95,16554.0,172,16.129032258064516,5.738794249124079,10.390238008940436
2311959,Salitre - CE,2020,278,130,16635.0,148,16.71175232942591,7.814848211602044,8.896904117823865
2311959,Salitre - CE,2021,358,125,16714.0,233,21.41916955845399,7.478760320689243,13.940409237764747
2311959,Salitre - CE,2022,317,122,,195,,,
2311959,Salitre - CE,2023,309,100,,209,,,
2311959,Salitre - CE,2024,288,98,17220.0,190,16.72473867595819,5.691056910569106,11.033681765389082
2312007,Santana do Acaraú - CE,2014,464,164,31369.0,300,14.791673308042974,5.228091427842775,9.563581880200196
2312007,Santana do Acaraú - CE,2015,432,138,31596.0,294,13.672616786935055,4.367641473604254,9.3049753133308
2312007,Santana do Acaraú - CE,2016,416,164,31814.0,252,13.076004274847552,5.154963223737977,7.921041051109575
2312007,Santana do Acaraú - CE,2017,438,148,32023.0,290,13.677669175280268,4.621678168816163,9.055991006464104
2312007,Santana do Acaraú - CE,2018,414,160,32216.0,254,12.850757387633475,4.966476285075739,7.884281102557734
2312007,Santana do Acaraú - CE,2019,431,154,32452.0,277,13.281153703931961,4.745470232959447,8.535683470972513
2312007,Santana do Acaraú - CE,2020,412,219,32654.0,193,12.617137257303852,6.706682182887242,5.91045507441661
2312007,Santana do Acaraú - CE,2021,393,257,32851.0,136,11.963106145931631,7.823201729018904,4.139904416912727
2312007,Santana do Acaraú - CE,2022,387,193,,194,,,
2312007,Santana do Acaraú - CE,2023,373,170,,203,,,
2312007,Santana do Acaraú - CE,2024,365,170,32043.0,195,11.390943419779672,5.305370907842587,6.085572511937085
2312106,Santana do Cariri - CE,2014,199,104,17457.0,95,11.399438620610644,5.957495560520135,5.441943060090509
2312106,Santana do Cariri - CE,2015,221,94,17468.0,127,12.651705976643003,5.381268605449966,7.270437371193038
2312106,Santana do Cariri - CE,2016,242,93,17479.0,149,13.845185651353052,5.320670518908405,8.524515132444646
2312106,Santana do Cariri - CE,2017,209,104,17489.0,105,11.950368803247756,5.946595002573046,6.00377380067471
2312106,Santana do Cariri - CE,2018,221,97,17622.0,124,12.5411417546249,5.50448303257292,7.03665872205198
2312106,Santana do Cariri - CE,2019,233,103,17700.0,130,13.163841807909604,5.8192090395480225,7.344632768361582
2312106,Santana do Cariri - CE,2020,224,102,17712.0,122,12.646793134598013,5.7588075880758804,6.887985546522131
2312106,Santana do Cariri - CE,2021,244,119,17726.0,125,13.765090827033736,6.713302493512355,7.051788333521381
2312106,Santana do Cariri - CE,2022,218,118,,100,,,
2312106,Santana do Cariri - CE,2023,209,105,,104,,,
2312106,Santana do Cariri - CE,2024,196,99,17388.0,97,11.272141706924316,5.693581780538302,5.5785599263860135
2312205,Santa Quitéria - CE,2014,554,224,43359.0,330,12.777047441131023,5.16617080652229,7.610876634608732
2312205,Santa Quitéria - CE,2015,569,272,43359.0,297,13.122996379067784,6.273207407919925,6.849788971147858
2312205,Santa Quitéria - CE,2016,509,246,43359.0,263,11.73920062732074,5.673562582162873,6.0656380451578675
2312205,Santa Quitéria - CE,2017,495,270,43360.0,225,11.416051660516604,6.226937269372693,5.189114391143911
2312205,Santa Quitéria - CE,2018,532,275,43695.0,257,12.175306099096005,6.293626273028951,5.881679826067056
2312205,Santa Quitéria - CE,2019,565,268,43703.0,297,12.928174267212777,6.132302130288538,6.795872136924239
2312205,Santa Quitéria - CE,2020,544,295,43711.0,249,12.445379881494361,6.748873281325067,5.696506600169294
2312205,Santa Quitéria - CE,2021,484,326,43719.0,158,11.070701525652463,7.456712184633683,3.613989341018779
2312205,Santa Quitéria - CE,2022,462,315,,147,,,
2312205,Santa Quitéria - CE,2023,433,267,,166,,,
2312205,Santa Quitéria - CE,2024,412,274,41647.0,138,9.892669339928446,6.579105337719404,3.3135640022090427
2312304,São Benedito - CE,2014,746,250,45917.0,496,16.2467060130235,5.444606572729055,10.802099440294445
2312304,São Benedito - CE,2015,784,312,46171.0,472,16.980355634489182,6.757488466786511,10.222867167702672
2312304,São Benedito - CE,2016,764,317,46414.0,447,16.460550695910715,6.8298358253975096,9.630714870513208
2312304,São Benedito - CE,2017,760,260,46648.0,500,16.29223117818556,5.5736580346424285,10.71857314354313
2312304,São Benedito - CE,2018,779,302,46949.0,477,16.592472683124242,6.432511874587319,10.159960808536923
2312304,São Benedito - CE,2019,808,317,47903.0,491,16.86741957706198,6.617539611297832,10.24987996576415
2312304,São Benedito - CE,2020,770,280,48131.0,490,15.998005443477178,5.817456524900791,10.180548918576385
2312304,São Benedito - CE,2021,738,413,48354.0,325,15.262439508623899,8.541175497373537,6.721264011250362
2312304,São Benedito - CE,2022,759,393,,366,,,
2312304,São Benedito - CE,2023,678,393,,285,,,
2312304,São Benedito - CE,2024,641,398,49829.0,243,12.863994862429507,7.987316622850147,4.876678239579361
2312403,São Gonçalo do Amarante - CE,2014,774,192,46783.0,582,16.5444712823034,4.104054891734177,12.440416390569224
2312403,São Gonçalo do Amarante - CE,2015,870,249,47297.0,621,18.39440133623697,5.264604520371271,13.129796815865701
2312403,São Gonçalo do Amarante - CE,2016,886,273,47791.0,613,18.539055470695317,5.712372622460296,12.826682848235023
2312403,São Gonçalo do Amarante - CE,2017,900,289,48265.0,611,18.64705272972133,5.987775820988293,12.659276908733036
2312403,São Gonçalo do Amarante - CE,2018,897,281,48516.0,616,18.488745980707396,5.791903701871547,12.696842278835849
2312403,São Gonçalo do Amarante - CE,2019,870,329,48422.0,541,17.967039775308745,6.79443228284664,11.172607492462104
2312403,São Gonçalo do Amarante - CE,2020,811,329,48869.0,482,16.595387669074466,6.7322842701917365,9.863103398882727
2312403,São Gonçalo do Amarante - CE,2021,833,397,49306.0,436,16.89449559891291,8.051758406684785,8.842737192228126
2312403,São Gonçalo do Amarante - CE,2022,812,342,,470,,,
2312403,São Gonçalo do Amarante - CE,2023,856,281,,575,,,
2312403,São Gonçalo do Amarante - CE,2024,774,352,57499.0,422,13.461103671368198,6.121845597314736,7.339258074053462
2312502,São João do Jaguaribe - CE,2014,73,54,7774.0,19,9.390275276562903,6.946231026498586,2.444044250064317
2312502,São João do Jaguaribe - CE,2015,75,62,7721.0,13,9.713767646677892,8.030047921253724,1.6837197254241678
2312502,São João do Jaguaribe - CE,2016,74,67,7670.0,7,9.647979139504564,8.735332464146024,0.9126466753585397
2312502,São João do Jaguaribe - CE,2017,80,57,7621.0,23,10.497310064296025,7.479333420810917,3.017976643485107
2312502,São João do Jaguaribe - CE,2018,79,56,7691.0,23,10.271746196853465,7.281237810427773,2.9905083864256925
2312502,São João do Jaguaribe - CE,2019,91,62,7645.0,29,11.903204708960105,8.109875735775017,3.7933289731850883
2312502,São João do Jaguaribe - CE,2020,59,84,7601.0,-25,7.762136560978818,11.05117747664781,-3.289040915668991
2312502,São João do Jaguaribe - CE,2021,49,75,7557.0,-26,6.484054518989017,9.924573243350537,-3.440518724361519
2312502,São João do Jaguaribe - CE,2022,32,86,,-54,,,
2312502,São João do Jaguaribe - CE,2023,42,72,,-30,,,
2312502,São João do Jaguaribe - CE,2024,34,66,5792.0,-32,5.870165745856354,11.395027624309392,-5.524861878453039
2312601,São Luís do Curu - CE,2014,205,77,12713.0,128,16.12522614646425,6.056792259891449,10.0684338865728
2312601,São Luís do Curu - CE,2015,169,61,12760.0,108,13.244514106583074,4.7805642633228835,8.463949843260188
2312601,São Luís do Curu - CE,2016,146,82,12805.0,64,11.401796173369778,6.403748535728231,4.998047637641546
2312601,São Luís do Curu - CE,2017,152,59,12849.0,93,11.829714374659506,4.591797027005993,7.2379173476535135
2312601,São Luís do Curu - CE,2018,164,81,12938.0,83,12.675838614932756,6.260627608594837,6.41521100633792
2312601,São Luís do Curu - CE,2019,153,71,13000.0,82,11.76923076923077,5.461538461538462,6.3076923076923075
2312601,São Luís do Curu - CE,2020,153,106,13044.0,47,11.729530818767248,8.126341613002147,3.6031892057651027
2312601,São Luís do Curu - CE,2021,147,113,13086.0,34,11.233379183860615,8.635182637933669,2.5981965459269447
2312601,São Luís do Curu - CE,2022,117,77,,40,,,
2312601,São Luís do Curu - CE,2023,85,81,,4,,,
2312601,São Luís do Curu - CE,2024,89,80,10962.0,9,8.118956394818465,7.297938332421091,0.8210180623973727
2312700,Senador Pompeu - CE,2014,298,179,26600.0,119,11.203007518796992,6.729323308270677,4.473684210526315
2312700,Senador Pompeu - CE,2015,303,207,26547.0,96,11.413719064301052,7.797491241948243,3.6162278223528084
2312700,Senador Pompeu - CE,2016,306,232,26496.0,74,11.54891304347826,8.756038647342995,2.7928743961352653
2312700,Senador Pompeu - CE,2017,318,229,26447.0,89,12.024048096192384,8.65882708813854,3.3652210080538434
2312700,Senador Pompeu - CE,2018,307,220,26664.0,87,11.513651365136512,8.25082508250825,3.2628262826282626
2312700,Senador Pompeu - CE,2019,285,190,25496.0,95,11.178224035142767,7.452149356761844,3.726074678380922
2312700,Senador Pompeu - CE,2020,281,231,25456.0,50,11.038654934003771,9.074481458202388,1.9641734758013827
2312700,Senador Pompeu - CE,2021,291,220,25418.0,71,11.448579746636243,8.655283657250767,2.793296089385475
2312700,Senador Pompeu - CE,2022,263,233,,30,,,
2312700,Senador Pompeu - CE,2023,249,211,,38,,,
2312700,Senador Pompeu - CE,2024,225,228,25143.0,-3,8.948812790836415,9.068130294714235,-0.11931750387781888
2312809,Senador Sá - CE,2014,84,29,7290.0,55,11.522633744855968,3.978052126200274,7.544581618655693
2312809,Senador Sá - CE,2015,88,32,7367.0,56,11.945160852450115,4.343694855436405,7.601465997013709
2312809,Senador Sá - CE,2016,111,32,7442.0,79,14.915345337274927,4.29991937651169,10.615425960763236
2312809,Senador Sá - CE,2017,77,31,7513.0,46,10.248901903367496,4.12618128577133,6.122720617596167
2312809,Senador Sá - CE,2018,97,35,7553.0,62,12.842579107639349,4.633920296570898,8.20865881106845
2312809,Senador Sá - CE,2019,109,40,7623.0,69,14.298832480650663,5.247277974550702,9.05155450609996
2312809,Senador Sá - CE,2020,113,63,7691.0,50,14.692497724613185,8.191392536731245,6.50110518788194
2312809,Senador Sá - CE,2021,108,46,7758.0,62,13.921113689095128,5.929363237947924,7.991750451147204
2312809,Senador Sá - CE,2022,103,38,,65,,,
2312809,Senador Sá - CE,2023,119,52,,67,,,
2312809,Senador Sá - CE,2024,105,44,7519.0,61,13.96462295518021,5.851842000265992,8.112780954914218
2312908,Sobral - CE,2014,3457,980,199750.0,2477,17.30663329161452,4.90613266583229,12.400500625782229
2312908,Sobral - CE,2015,3448,1057,201756.0,2391,17.089950236919844,5.23900156624834,11.850948670671505
2312908,Sobral - CE,2016,3267,1028,203682.0,2239,16.039708958081714,5.047083198318948,10.992625759762767
2312908,Sobral - CE,2017,3273,1192,205529.0,2081,15.924760009536367,5.7996681733478,10.125091836188567
2312908,Sobral - CE,2018,3382,1217,206644.0,2165,16.36631114380287,5.889355606743965,10.476955537058904
2312908,Sobral - CE,2019,3259,1147,208935.0,2112,15.598152535477542,5.489745614664847,10.108406920812694
2312908,Sobral - CE,2020,2744,1389,210711.0,1355,13.022575945252028,6.591967196776627,6.430608748475399
2312908,Sobral - CE,2021,2793,1545,212437.0,1248,13.147427237251515,7.272744390101536,5.874682847149979
2312908,Sobral - CE,2022,2749,1209,,1540,,,
2312908,Sobral - CE,2023,2727,1158,,1569,,,
2312908,Sobral - CE,2024,2451,1240,215286.0,1211,11.384855494551434,5.759780013563352,5.625075480988081
2313005,Solonópole - CE,2014,174,146,18060.0,28,9.634551495016611,8.084163898117387,1.550387596899225
2313005,Solonópole - CE,2015,194,121,18094.0,73,10.721786227478722,6.687299657344976,4.034486570133746
2313005,Solonópole - CE,2016,199,135,18127.0,64,10.978098968389695,7.44745407403321,3.5306448943564845
2313005,Solonópole - CE,2017,199,151,18158.0,48,10.95935675735213,8.315893820905387,2.6434629364467455
2313005,Solonópole - CE,2018,182,118,18291.0,64,9.950248756218905,6.451260182603466,3.4989885736154394
2313005,Solonópole - CE,2019,209,156,18324.0,53,11.405806592447064,8.513425016371972,2.892381576075093
2313005,Solonópole - CE,2020,161,144,18357.0,17,8.770496268453451,7.84441902271613,0.9260772457373209
2313005,Solonópole - CE,2021,213,173,18389.0,40,11.583011583011583,9.407798140192508,2.175213442819077
2313005,Solonópole - CE,2022,161,144,,17,,,
2313005,Solonópole - CE,2023,177,136,,41,,,
2313005,Solonópole - CE,2024,151,162,18736.0,-11,8.05935098206661,8.646456020495304,-0.5871050384286933
2313104,Tabuleiro do Norte - CE,2014,402,185,30143.0,217,13.336429685167369,6.137411671034735,7.199018014132634
2313104,Tabuleiro do Norte - CE,2015,403,201,30263.0,202,13.316591216997653,6.641773783167565,6.674817433830089
2313104,Tabuleiro do Norte - CE,2016,361,218,30378.0,143,11.883599973665152,7.176245967476463,4.707354006188689
2313104,Tabuleiro do Norte - CE,2017,369,231,30489.0,138,12.102725573157532,7.576503001082357,4.5262225720751745
2313104,Tabuleiro do Norte - CE,2018,383,226,30695.0,157,12.477602215344518,7.362762664929141,5.114839550415377
2313104,Tabuleiro do Norte - CE,2019,399,229,30697.0,170,12.998012835130467,7.460012379059843,5.538000456070626
2313104,Tabuleiro do Norte - CE,2020,369,220,30807.0,149,11.977797253870873,7.141234135099166,4.836563118771708
2313104,Tabuleiro do Norte - CE,2021,355,265,32079.0,90,11.066429751550858,8.260856011721064,2.805573739829795
2313104,Tabuleiro do Norte - CE,2022,320,260,,60,,,
2313104,Tabuleiro do Norte - CE,2023,314,217,,97,,,
2313104,Tabuleiro do Norte - CE,2024,302,238,32044.0,64,9.424541255773311,7.427287479715391,1.9972537760579203
2313203,Tamboril - CE,2014,303,132,25635.0,171,11.81977764774722,5.149210064365126,6.670567583382095
2313203,Tamboril - CE,2015,332,168,25597.0,164,12.970269953510176,6.563269133101535,6.4070008204086415
2313203,Tamboril - CE,2016,267,191,25560.0,76,10.446009389671362,7.472613458528952,2.97339593114241
2313203,Tamboril - CE,2017,290,169,25525.0,121,11.361410381978454,6.620959843290891,4.740450538687561
2313203,Tamboril - CE,2018,330,203,25731.0,127,12.824997085227935,7.88931638879173,4.935680696436205
2313203,Tamboril - CE,2019,326,186,26251.0,140,12.418574530494075,7.085444364024228,5.333130166469848
2313203,Tamboril - CE,2020,310,206,26225.0,104,11.820781696854146,7.855100095328884,3.9656816015252625
2313203,Tamboril - CE,2021,329,252,26199.0,77,12.557731211114929,9.618687736173136,2.939043474941792
2313203,Tamboril - CE,2022,331,226,,105,,,
2313203,Tamboril - CE,2023,286,208,,78,,,
2313203,Tamboril - CE,2024,254,183,25331.0,71,10.027239350992854,7.224349611148395,2.8028897398444594
2313252,Tarrafas - CE,2014,67,45,8923.0,22,7.508685419701894,5.043146923680376,2.4655384960215176
2313252,Tarrafas - CE,2015,70,39,8899.0,31,7.866052365434318,4.382514889313406,3.483537476120912
2313252,Tarrafas - CE,2016,101,49,8875.0,52,11.380281690140844,5.52112676056338,5.859154929577465
2313252,Tarrafas - CE,2017,109,52,8852.0,57,12.313601446000904,5.87437867148667,6.439222774514234
2313252,Tarrafas - CE,2018,98,41,8926.0,57,10.979161998655613,4.593322876988572,6.38583912166704
2313252,Tarrafas - CE,2019,101,67,8592.0,34,11.75512104283054,7.797951582867784,3.9571694599627563
2313252,Tarrafas - CE,2020,100,59,8573.0,41,11.66452816983553,6.882071620202963,4.782456549632568
2313252,Tarrafas - CE,2021,89,60,8555.0,29,10.403272939801285,7.01344243132671,3.389830508474576
2313252,Tarrafas - CE,2022,77,65,,12,,,
2313252,Tarrafas - CE,2023,79,50,,29,,,
2313252,Tarrafas - CE,2024,65,47,7626.0,18,8.523472331497508,6.163126147390507,2.3603461841070024
2313302,Tauá - CE,2014,741,349,57478.0,392,12.891889070600927,6.071888374682487,6.820000695918438
2313302,Tauá - CE,2015,743,385,57701.0,358,12.876726573196304,6.672328035909256,6.204398537287049
2313302,Tauá - CE,2016,774,385,57914.0,389,13.364644127499394,6.647788099595953,6.716856027903443
2313302,Tauá - CE,2017,726,391,58119.0,335,12.491612037371599,6.727576179906743,5.764035857464857
2313302,Tauá - CE,2018,768,450,58517.0,318,13.124391202556522,7.690072970247962,5.43431823230856
2313302,Tauá - CE,2019,768,417,58859.0,351,13.04813197641822,7.084727909070831,5.96340406734739
2313302,Tauá - CE,2020,724,456,59062.0,268,12.25830483221022,7.720700281060581,4.53760455114964
2313302,Tauá - CE,2021,760,509,59259.0,251,12.82505610962048,8.589412578680031,4.235643530940448
2313302,Tauá - CE,2022,691,471,,220,,,
2313302,Tauá - CE,2023,615,387,,228,,,
2313302,Tauá - CE,2024,681,446,64255.0,235,10.59839701190569,6.9410940782818455,3.6573029336238427
2313351,Tejuçuoca - CE,2014,278,72,18301.0,206,15.19042675263647,3.934211245287143,11.256215507349326
2313351,Tejuçuoca - CE,2015,279,82,18510.0,197,15.072933549432738,4.430037817396002,10.642895732036736
2313351,Tejuçuoca - CE,2016,286,83,18709.0,203,15.28676038270351,4.436367523651718,10.850392859051794
2313351,Tejuçuoca - CE,2017,260,81,18902.0,179,13.75515818431912,4.285260818960956,9.469897365358163
2313351,Tejuçuoca - CE,2018,287,82,18998.0,205,15.106853352984524,4.316243815138436,10.79060953784609
2313351,Tejuçuoca - CE,2019,251,100,19187.0,151,13.081774117892323,5.211862198363475,7.869911919528848
2313351,Tejuçuoca - CE,2020,257,115,19371.0,142,13.267255175261988,5.936709514222291,7.330545661039698
2313351,Tejuçuoca - CE,2021,229,88,19551.0,141,11.712955859035343,4.501048539716638,7.211907319318705
2313351,Tejuçuoca - CE,2022,253,97,,156,,,
2313351,Tejuçuoca - CE,2023,199,83,,116,,,
2313351,Tejuçuoca - CE,2024,214,101,17626.0,113,12.141155111766707,5.7301713377964365,6.410983773970271
2313401,Tianguá - CE,2014,1279,345,72803.0,934,17.567957364394324,4.738815708143895,12.82914165625043
2313401,Tianguá - CE,2015,1349,400,73468.0,949,18.36173572167474,5.4445472858931785,12.917188435781565
2313401,Tianguá - CE,2016,1449,423,74107.0,1026,19.552808776498846,5.707962810530719,13.844845965968126
2313401,Tianguá - CE,2017,1472,391,74719.0,1081,19.700477790120317,5.232939413000709,14.467538377119608
2313401,Tianguá - CE,2018,1514,435,75140.0,1079,20.149055097151983,5.789193505456481,14.359861591695502
2313401,Tianguá - CE,2019,1454,393,75946.0,1061,19.14518210307324,5.174729413003977,13.97045269006926
2313401,Tianguá - CE,2020,1390,505,76537.0,885,18.16115081594523,6.598115943922548,11.563034872022682
2313401,Tianguá - CE,2021,1432,557,77111.0,875,18.570631946155544,7.223353347771394,11.347278598384149
2313401,Tianguá - CE,2022,1373,488,,885,,,
2313401,Tianguá - CE,2023,1397,497,,900,,,
2313401,Tianguá - CE,2024,1359,495,86137.0,864,15.777192147393107,5.746659391434576,10.030532755958532
2313500,Trairi - CE,2014,746,205,53998.0,541,13.815326493573835,3.7964369050705584,10.018889588503278
2313500,Trairi - CE,2015,706,238,54418.0,468,12.97364842515344,4.373552868536146,8.600095556617296
2313500,Trairi - CE,2016,754,224,54820.0,530,13.754104341481211,4.086099963516964,9.668004377964246
2313500,Trairi - CE,2017,849,247,55207.0,602,15.378484612458564,4.474070317169924,10.90441429528864
2313500,Trairi - CE,2018,893,261,55535.0,632,16.079949581345097,4.699738903394256,11.380210677950842
2313500,Trairi - CE,2019,788,299,55918.0,489,14.092063378518544,5.347115419006402,8.744947959512142
2313500,Trairi - CE,2020,830,332,56291.0,498,14.74480822866888,5.897923291467553,8.846884937201327
2313500,Trairi - CE,2021,828,362,56653.0,466,14.615289569837431,6.3897763578274756,8.225513212009956
2313500,Trairi - CE,2022,818,351,,467,,,
2313500,Trairi - CE,2023,845,332,,513,,,
2313500,Trairi - CE,2024,811,367,61516.0,444,13.183562000130047,5.9659275635607,7.217634436569348
2313559,Tururu - CE,2014,273,65,15413.0,208,17.712320768182703,4.217219230519691,13.495101537663013
2313559,Tururu - CE,2015,298,73,15594.0,225,19.109914069513913,4.681287674746698,14.42862639476722
2313559,Tururu - CE,2016,277,70,15768.0,207,17.56722475900558,4.4393708777270415,13.127853881278538
2313559,Tururu - CE,2017,251,95,15935.0,156,15.751490429871353,5.961719485409477,9.789770944461877
2313559,Tururu - CE,2018,256,82,16015.0,174,15.985014049328756,5.120199812675617,10.864814236653139
2313559,Tururu - CE,2019,226,89,16271.0,137,13.88974248663266,5.469854342081003,8.419888144551656
2313559,Tururu - CE,2020,244,110,16431.0,134,14.849978698801046,6.6946625281480125,8.155316170653034
2313559,Tururu - CE,2021,262,125,16588.0,137,15.794550277308899,7.535567880395466,8.258982396913432
2313559,Tururu - CE,2022,253,102,,151,,,
2313559,Tururu - CE,2023,262,102,,160,,,
2313559,Tururu - CE,2024,188,113,15457.0,75,12.162774147635375,7.31060361001488,4.852170537620495
2313609,Ubajara - CE,2014,497,164,33505.0,333,14.833606924339652,4.894791822116102,9.938815102223549
2313609,Ubajara - CE,2015,471,198,33792.0,273,13.938210227272728,5.859375,8.078835227272728
2313609,Ubajara - CE,2016,533,162,34068.0,371,15.645180227779734,4.755195491370201,10.889984736409534
2313609,Ubajara - CE,2017,448,200,34332.0,248,13.04905044856111,5.825468950250495,7.2235814983106135
2313609,Ubajara - CE,2018,531,201,34530.0,330,15.377932232841008,5.821025195482189,9.556907037358819
2313609,Ubajara - CE,2019,574,222,34792.0,352,16.498045527707518,6.380777190158657,10.117268337548863
2313609,Ubajara - CE,2020,507,260,35047.0,247,14.466288127371815,7.4186092960881105,7.047678831283705
2313609,Ubajara - CE,2021,492,273,35295.0,219,13.93965150871228,7.734806629834255,6.204844878878028
2313609,Ubajara - CE,2022,459,242,,217,,,
2313609,Ubajara - CE,2023,498,226,,272,,,
2313609,Ubajara - CE,2024,474,228,34312.0,246,13.81440895313593,6.644905572394498,7.169503380741431
2313708,Umari - CE,2014,88,52,7662.0,36,11.485251892456278,6.786739754633255,4.698512137823023
2313708,Umari - CE,2015,95,43,7665.0,52,12.393998695368557,5.609915198956295,6.784083496412263
2313708,Umari - CE,2016,73,51,7668.0,22,9.520083463745435,6.651017214397496,2.8690662493479393
2313708,Umari - CE,2017,92,43,7671.0,49,11.99322122278712,5.605527310650502,6.387693912136618
2313708,Umari - CE,2018,85,60,7729.0,25,10.997541725967137,7.76297063009445,3.2345710958726874
2313708,Umari - CE,2019,86,52,7733.0,34,11.121169015905858,6.724427777059356,4.396741238846501
2313708,Umari - CE,2020,83,65,7736.0,18,10.729058945191314,8.402275077559462,2.326783867631851
2313708,Umari - CE,2021,85,76,7740.0,9,10.981912144702841,9.819121447028422,1.1627906976744187
2313708,Umari - CE,2022,73,75,,-2,,,
2313708,Umari - CE,2023,65,62,,3,,,
2313708,Umari - CE,2024,63,73,6993.0,-10,9.00900900900901,10.43901043901044,-1.43000143000143
2313757,Umirim - CE,2014,183,91,19437.0,92,9.415033184133355,4.681792457683798,4.733240726449555
2313757,Umirim - CE,2015,252,102,19521.0,150,12.909174734900875,5.225142154602736,7.68403258029814
2313757,Umirim - CE,2016,234,81,19602.0,153,11.937557392102846,4.132231404958678,7.805325987144169
2313757,Umirim - CE,2017,268,90,19679.0,178,13.618578179785558,4.57340312007724,9.045175059708319
2313757,Umirim - CE,2018,313,109,19811.0,204,15.799303417293423,5.501993841805058,10.297309575488365
2313757,Umirim - CE,2019,289,123,19825.0,166,14.577553593947037,6.204287515762926,8.37326607818411
2313757,Umirim - CE,2020,282,139,19903.0,143,14.168718283675828,6.983871778123901,7.184846505551927
2313757,Umirim - CE,2021,233,144,19976.0,89,11.663996796155386,7.208650380456548,4.4553464156988385
2313757,Umirim - CE,2022,260,111,,149,,,
2313757,Umirim - CE,2023,228,102,,126,,,
2313757,Umirim - CE,2024,218,100,17804.0,118,12.244439451808583,5.616715344866322,6.62772410694226
2313807,Uruburetama - CE,2014,337,87,20991.0,250,16.05449954742509,4.144633414320423,11.909866133104664
2313807,Uruburetama - CE,2015,363,103,21206.0,260,17.117796849948128,4.857115910591342,12.260680939356787
2313807,Uruburetama - CE,2016,358,141,21411.0,217,16.72037737611508,6.5854000280229785,10.134977348092102
2313807,Uruburetama - CE,2017,322,108,21609.0,214,14.901198574667962,4.997917534360684,9.90328104030728
2313807,Uruburetama - CE,2018,391,127,21725.0,264,17.997698504027618,5.8457997698504025,12.151898734177214
2313807,Uruburetama - CE,2019,375,132,21850.0,243,17.162471395881006,6.0411899313501145,11.121281464530894
2313807,Uruburetama - CE,2020,339,138,22040.0,201,15.381125226860254,6.261343012704175,9.11978221415608
2313807,Uruburetama - CE,2021,325,146,22223.0,179,14.624488142914997,6.569770058047968,8.054718084867028
2313807,Uruburetama - CE,2022,316,143,,173,,,
2313807,Uruburetama - CE,2023,293,127,,166,,,
2313807,Uruburetama - CE,2024,286,143,21279.0,143,13.440481225621506,6.720240612810753,6.720240612810753
2313906,Uruoca - CE,2014,190,48,13435.0,142,14.142165984369186,3.572757722366952,10.569408262002232
2313906,Uruoca - CE,2015,199,65,13519.0,134,14.720023670389823,4.808047932539389,9.911975737850433
2313906,Uruoca - CE,2016,181,79,13600.0,102,13.308823529411764,5.8088235294117645,7.5
2313906,Uruoca - CE,2017,186,78,13677.0,108,13.59947356876508,5.703005044966001,7.896468523799079
2313906,Uruoca - CE,2018,183,82,13763.0,101,13.296519654145172,5.958003342294558,7.338516311850614
2313906,Uruoca - CE,2019,201,71,13840.0,130,14.523121387283236,5.130057803468208,9.39306358381503
2313906,Uruoca - CE,2020,162,73,13915.0,89,11.64211282788358,5.246137261947539,6.39597556593604
2313906,Uruoca - CE,2021,163,109,13988.0,54,11.652845295967973,7.7923934801258214,3.86045181584215
2313906,Uruoca - CE,2022,166,86,,80,,,
2313906,Uruoca - CE,2023,143,74,,69,,,
2313906,Uruoca - CE,2024,145,68,14243.0,77,10.1804395141473,4.774275082496666,5.406164431650635
2313955,Varjota - CE,2014,251,105,18081.0,146,13.881975554449422,5.807200929152149,8.074774625297273
2313955,Varjota - CE,2015,270,111,18136.0,159,14.887516541685045,6.1204234671371855,8.76709307454786
2313955,Varjota - CE,2016,305,99,18188.0,206,16.7692984385309,5.443149329228063,11.326149109302836
2313955,Varjota - CE,2017,282,104,18239.0,178,15.461373978836559,5.702066999287242,9.759306979549317
2313955,Varjota - CE,2018,335,119,18368.0,216,18.238240418118465,6.478658536585366,11.759581881533101
2313955,Varjota - CE,2019,278,124,18420.0,154,15.09229098805646,6.731813246471226,8.360477741585234
2313955,Varjota - CE,2020,257,151,18471.0,106,13.913702560770938,8.1749769909588,5.7387255698121376
2313955,Varjota - CE,2021,249,144,18520.0,105,13.444924406047516,7.775377969762419,5.669546436285097
2313955,Varjota - CE,2022,241,136,,105,,,
2313955,Varjota - CE,2023,209,142,,67,,,
2313955,Varjota - CE,2024,217,153,18660.0,64,11.629153269024652,8.19935691318328,3.4297963558413715
2314003,Várzea Alegre - CE,2014,532,247,39861.0,285,13.346378665863877,6.196532952008228,7.149845713855648
2314003,Várzea Alegre - CE,2015,511,221,40062.0,290,12.75522939443862,5.516449503269931,7.238779891168688
2314003,Várzea Alegre - CE,2016,445,264,40255.0,181,11.054527387902123,6.558191529002609,4.496335858899515
2314003,Várzea Alegre - CE,2017,408,261,40440.0,147,10.089020771513354,6.454005934718102,3.635014836795252
2314003,Várzea Alegre - CE,2018,485,265,40704.0,220,11.915290880503145,6.510416666666667,5.404874213836478
2314003,Várzea Alegre - CE,2019,495,256,40721.0,239,12.155890081284841,6.286682547088726,5.869207534196115
2314003,Várzea Alegre - CE,2020,455,310,40903.0,145,11.123878444123903,7.578906192699802,3.544972251424101
2314003,Várzea Alegre - CE,2021,441,322,41078.0,119,10.735673596572374,7.838745800671893,2.8969277959004818
2314003,Várzea Alegre - CE,2022,400,340,,60,,,
2314003,Várzea Alegre - CE,2023,431,325,,106,,,
2314003,Várzea Alegre - CE,2024,379,320,40771.0,59,9.29582301145422,7.848715999117019,1.4471070123372005
2314102,Viçosa do Ceará - CE,2014,884,291,58332.0,593,15.154632105876706,4.988685455667558,10.165946650209147
2314102,Viçosa do Ceará - CE,2015,955,297,58922.0,658,16.207868028919588,5.040562099046197,11.167305929873393
2314102,Viçosa do Ceará - CE,2016,905,272,59487.0,633,15.21340797148957,4.572427589221174,10.640980382268395
2314102,Viçosa do Ceará - CE,2017,922,354,60030.0,568,15.358987173080125,5.897051474262869,9.461935698817259
2314102,Viçosa do Ceará - CE,2018,1021,319,60355.0,702,16.916576919890645,5.285394747742524,11.631182172148124
2314102,Viçosa do Ceará - CE,2019,963,324,60889.0,639,15.815664569955164,5.321158173069027,10.494506396886138
2314102,Viçosa do Ceará - CE,2020,989,436,61410.0,553,16.10486891385768,7.099820876078814,9.005048037778863
2314102,Viçosa do Ceará - CE,2021,974,423,61916.0,551,15.730990374055173,6.831836681956199,8.899153692098974
2314102,Viçosa do Ceará - CE,2022,861,374,,487,,,
2314102,Viçosa do Ceará - CE,2023,835,385,,450,,,
2314102,Viçosa do Ceará - CE,2024,848,376,62609.0,472,13.54437860371512,6.005526362024629,7.538852241690492
